1.019,0.801,-1.568,1.341,-0.193,0.019,0.602,0.730,-1.155,1.085,-0.298,-0.010,-0.833,-1.311,0.860,0.861,-16.544,32.343,-0.596,1.869,0.672,0.894,-11.891,20.378,-0.784,-2.258,-0.714,-1.186
1.019,0.801,-1.568,1.341,-0.193,0.019,0.602,0.730,-1.155,1.085,-0.298,-0.010,-0.833,-1.311,0.860,0.861,-15.910,31.077,-0.596,1.869,0.672,0.894,-13.978,24.553,-0.784,-2.258,-0.714,-1.186
1.019,0.801,-1.568,1.341,-0.193,0.019,0.602,0.730,-1.155,1.085,-0.298,-0.010,-0.833,-1.311,0.860,0.861,-15.196,29.647,-0.596,1.869,0.672,0.894,-16.039,28.675,-0.784,-2.258,-0.714,-1.186
1.019,0.801,-1.568,1.341,-0.193,0.019,0.602,0.730,-1.155,1.085,-0.298,-0.010,-0.833,-1.311,0.860,0.861,-14.400,28.057,-0.596,1.869,0.672,0.894,-18.071,32.738,-0.784,-2.258,-0.714,-1.186
1.019,0.801,-1.568,1.341,-0.193,0.019,0.602,0.730,-1.155,1.085,-0.298,-0.010,-0.833,-1.311,0.860,0.861,-13.526,26.309,-0.596,1.869,0.672,0.894,-20.070,36.735,-0.784,-2.258,-0.714,-1.186
1.019,0.801,-1.568,1.341,-0.193,0.019,0.602,0.730,-1.155,1.085,-0.298,-0.010,-0.833,-1.311,0.860,0.861,-12.574,24.404,-0.596,1.869,0.672,0.894,-22.032,40.661,-0.784,-2.258,-0.714,-1.186
1.019,0.801,-1.568,1.341,-0.193,0.019,0.602,0.730,-1.155,1.085,-0.298,-0.010,-0.833,-1.311,0.860,0.861,-11.546,22.348,-0.596,1.869,0.672,0.894,-23.956,44.509,-0.784,-2.258,-0.714,-1.186
1.019,0.801,-1.568,1.341,-0.193,0.019,0.602,0.730,-1.155,1.085,-0.298,-0.010,-0.833,-1.311,0.860,0.861,-10.443,20.142,-0.596,1.869,0.672,0.894,-25.838,48.273,-0.784,-2.258,-0.714,-1.186
1.134,0.820,-0.806,0.778,0.112,-0.041,0.599,1.059,-1.088,1.009,0.029,0.058,-0.933,-1.351,0.914,0.841,3.600,-8.599,-0.604,1.941,0.696,0.953,-27.161,51.959,-0.788,-2.266,-0.703,-1.185
1.134,0.820,-0.806,0.778,0.112,-0.041,0.599,1.059,-1.088,1.009,0.029,0.058,-0.933,-1.351,0.914,0.841,4.847,-11.094,-0.604,1.941,0.696,0.953,-28.951,55.538,-0.788,-2.266,-0.703,-1.185
1.134,0.820,-0.806,0.778,0.112,-0.041,0.599,1.059,-1.088,1.009,0.029,0.058,-0.933,-1.351,0.914,0.841,6.164,-13.727,-0.604,1.941,0.696,0.953,-30.690,59.017,-0.788,-2.266,-0.703,-1.185
1.134,0.820,-0.806,0.778,0.112,-0.041,0.599,1.059,-1.088,1.009,0.029,0.058,-0.933,-1.351,0.914,0.841,7.548,-16.495,-0.604,1.941,0.696,0.953,-32.376,62.390,-0.788,-2.266,-0.703,-1.185
0.969,1.175,-1.121,0.876,0.174,-0.054,0.698,0.782,-1.152,0.968,0.055,0.050,-0.731,-1.340,0.852,0.905,8.570,-18.740,-0.584,1.848,0.687,0.953,-34.129,65.446,-0.788,-2.266,-0.717,-1.189
0.969,1.175,-1.121,0.876,0.174,-0.054,0.698,0.782,-1.152,0.968,0.055,0.050,-0.731,-1.340,0.852,0.905,10.082,-21.763,-0.584,1.848,0.687,0.953,-35.702,68.591,-0.788,-2.266,-0.717,-1.189
0.842,0.664,5.740,-11.594,0.116,-0.063,0.556,0.822,-1.315,-0.978,0.011,0.056,-0.849,-1.332,0.881,0.898,17.530,-35.299,-0.607,1.878,0.748,0.979,-22.858,41.853,-0.778,-2.215,-0.824,-1.179
1.177,0.431,2.941,-6.354,0.056,-0.050,0.656,0.717,-13.176,27.351,0.025,0.037,-0.900,-1.314,0.871,0.902,13.418,-27.953,-0.590,1.834,0.714,0.946,-9.506,23.522,-0.781,-2.305,-0.811,-1.195
1.043,0.466,3.299,-3.339,-0.017,-0.006,0.812,0.472,-5.642,9.830,-0.005,-0.010,-0.994,-1.405,1.024,0.579,5.755,-5.862,-0.607,1.944,0.799,0.610,3.011,-4.632,-0.748,-2.297,-0.851,-1.264
0.861,0.642,5.050,-3.848,-0.157,0.011,0.584,0.778,-7.588,2.417,-0.451,0.021,-1.052,-1.196,0.847,0.835,6.749,-3.732,-0.570,1.796,0.684,0.913,0.208,-21.352,-0.743,-2.029,-0.911,-1.146
0.861,0.642,5.050,-3.848,-0.157,0.011,0.584,0.778,-7.588,2.417,-0.451,0.021,-1.052,-1.196,0.847,0.835,8.538,-7.311,-0.570,1.796,0.684,0.913,-1.039,-18.857,-0.743,-2.029,-0.911,-1.146
1.042,0.826,3.972,0.233,-0.159,0.019,0.801,0.685,-5.578,-0.818,-0.586,0.092,-1.086,-1.459,0.864,0.962,5.998,2.831,-0.542,1.753,0.635,1.115,2.520,-24.549,-0.870,-2.067,-0.943,-1.024
0.999,0.783,2.012,1.072,-0.197,0.013,0.582,0.624,-2.499,-2.140,-0.375,0.014,-0.978,-1.372,0.834,0.821,1.704,3.770,-0.609,1.929,0.722,0.812,4.757,-17.965,-0.740,-2.040,-0.823,-1.247
0.999,0.783,2.012,1.072,-0.197,0.013,0.582,0.624,-2.499,-2.140,-0.375,0.014,-0.978,-1.372,0.834,0.821,3.628,-0.077,-0.609,1.929,0.722,0.812,3.728,-15.908,-0.740,-2.040,-0.823,-1.247
0.999,0.783,2.012,1.072,-0.197,0.013,0.582,0.624,-2.499,-2.140,-0.375,0.014,-0.978,-1.372,0.834,0.821,5.591,-4.003,-0.609,1.929,0.722,0.812,2.776,-14.004,-0.740,-2.040,-0.823,-1.247
0.885,0.744,2.232,-0.259,-0.182,0.024,0.643,0.887,-1.484,-0.968,-0.296,-0.031,-0.786,-1.362,0.884,0.868,5.673,-5.979,-0.586,1.856,0.705,0.936,3.936,-10.224,-0.757,-2.201,-0.828,-1.272
0.999,0.586,1.754,-1.128,0.051,-0.034,0.623,0.730,-1.908,1.891,-0.000,0.045,-0.840,-1.419,0.888,0.848,2.388,-2.323,-0.584,1.842,0.659,0.934,2.347,-4.762,-0.779,-2.230,-0.798,-1.233
1.019,0.604,1.528,-1.847,-0.002,-0.037,0.695,0.797,-1.514,3.112,-0.102,0.022,-0.859,-1.252,0.892,0.847,0.441,-1.190,-0.595,1.883,0.699,0.923,2.144,-2.608,-0.798,-2.315,-0.730,-1.274
0.855,0.722,-1.108,1.587,-0.137,0.020,0.629,0.598,-1.227,1.474,-0.291,-0.016,-1.037,-1.361,0.873,0.870,-4.759,5.286,-0.569,1.852,0.653,0.904,2.511,-3.873,-0.772,-2.207,-0.812,-1.185
0.855,0.722,-1.108,1.587,-0.137,0.020,0.629,0.598,-1.227,1.474,-0.291,-0.016,-1.037,-1.361,0.873,0.870,-2.648,1.065,-0.569,1.852,0.653,0.904,1.960,-2.771,-0.772,-2.207,-0.812,-1.185
0.895,0.764,-0.177,1.075,-0.202,0.023,0.464,0.781,-0.732,2.160,-0.287,-0.015,-0.864,-1.341,0.858,0.883,0.409,-1.066,-0.576,1.846,0.636,0.915,2.067,-2.194,-0.781,-2.247,-0.822,-1.169
1.135,0.684,-0.803,-0.500,-0.223,0.019,0.598,0.847,-0.394,2.392,-0.364,0.009,-1.034,-1.288,0.903,0.902,-0.940,-2.829,-0.598,1.877,0.657,1.005,2.715,-1.509,-0.799,-2.282,-0.824,-1.181
0.977,0.722,-2.634,2.494,-0.183,0.023,0.758,0.848,0.084,1.259,-0.332,-0.015,-0.950,-1.319,0.964,0.858,-3.602,0.037,-0.584,1.850,0.657,0.934,2.220,-1.904,-0.785,-2.250,-0.811,-1.186
1.000,0.724,-1.082,-1.399,-0.182,0.016,0.646,0.848,-0.970,3.132,-0.259,-0.011,-0.944,-1.472,0.929,0.907,-3.535,1.036,-0.594,1.876,0.681,0.943,0.909,-0.424,-0.788,-2.273,-0.805,-1.194
1.021,0.722,-0.814,-2.214,-0.246,0.010,0.610,0.848,-0.272,3.099,-0.320,-0.010,-0.941,-1.365,0.900,0.812,-5.641,4.820,-0.591,1.830,0.627,0.921,2.871,-0.352,-0.779,-2.250,-0.809,-1.196
1.092,0.682,-1.267,-2.277,-0.188,0.024,0.688,0.691,0.298,2.935,-0.304,-0.018,-0.900,-1.365,0.877,0.888,-8.747,10.135,-0.587,1.874,0.674,0.919,3.383,-0.607,-0.791,-2.269,-0.815,-1.202
1.196,0.645,-2.671,2.333,-0.070,-0.015,0.571,0.783,-0.625,2.555,-0.171,0.007,-0.947,-1.367,0.925,0.848,-11.045,18.241,-0.590,1.876,0.695,0.936,1.513,-0.880,-0.787,-2.251,-0.816,-1.223
0.977,0.879,-2.766,3.539,-0.002,-0.002,0.931,0.822,-0.755,2.101,-0.131,0.018,-0.854,-1.415,0.903,0.909,-10.175,17.605,-0.594,1.906,0.734,0.916,1.367,-1.414,-0.791,-2.281,-0.808,-1.209
0.841,0.645,-2.733,3.764,-0.159,0.004,0.658,0.730,-0.456,2.355,-0.299,-0.017,-0.897,-1.323,0.858,0.882,-8.582,16.174,-0.582,1.829,0.691,0.982,1.807,-0.828,-0.781,-2.239,-0.814,-1.209
0.703,0.626,-3.350,3.217,-0.236,0.015,0.641,0.781,-0.676,2.774,-0.318,0.000,-0.900,-1.361,0.873,0.859,-8.853,12.969,-0.580,1.810,0.678,0.932,1.536,-0.679,-0.779,-2.232,-0.819,-1.229
0.915,0.859,-2.776,2.010,-0.211,0.015,0.753,0.769,-0.035,3.200,-0.301,-0.006,-0.865,-1.306,0.876,0.931,-6.629,8.605,-0.603,1.895,0.752,0.960,1.545,0.191,-0.789,-2.266,-0.794,-1.204
0.915,0.859,-2.776,2.010,-0.211,0.015,0.753,0.769,-0.035,3.200,-0.301,-0.006,-0.865,-1.306,0.876,0.931,-6.629,8.605,-0.603,1.895,0.752,0.960,2.012,-0.744,-0.789,-2.266,-0.794,-1.204
0.915,0.762,-2.797,1.020,-0.150,0.034,0.773,0.783,-0.059,3.212,-0.309,-0.014,-0.866,-1.416,0.863,0.820,-5.360,5.591,-0.583,1.851,0.704,0.946,2.233,-0.725,-0.780,-2.242,-0.815,-1.204
0.988,0.684,-2.236,0.673,-0.195,0.020,0.658,0.717,-1.229,3.428,-0.299,-0.004,-1.177,-1.377,0.851,0.887,-3.373,3.795,-0.592,1.848,0.655,0.950,0.505,0.001,-0.783,-2.251,-0.813,-1.206
0.883,0.642,-1.650,0.924,-0.170,0.014,0.628,0.823,-0.369,1.880,-0.232,-0.011,-0.946,-1.325,0.870,0.879,-2.523,3.615,-0.586,1.882,0.689,0.937,0.938,-1.010,-0.789,-2.266,-0.812,-1.194
0.852,0.724,-1.137,1.037,-0.177,0.022,0.586,0.744,0.138,1.441,-0.346,-0.008,-0.951,-1.325,0.882,0.873,-1.991,2.930,-0.589,1.874,0.651,0.931,1.429,-2.422,-0.788,-2.266,-0.813,-1.200
1.061,0.605,-1.487,0.060,-0.196,0.019,0.599,0.850,0.292,1.905,-0.299,-0.006,-0.946,-1.360,0.856,0.859,-1.124,1.226,-0.588,1.856,0.702,0.955,2.350,-3.474,-0.786,-2.242,-0.811,-1.183
0.988,0.802,-0.535,0.519,-0.142,0.022,0.676,0.850,0.171,-0.844,-0.203,0.003,-0.946,-1.287,0.935,0.868,-0.564,1.457,-0.599,1.889,0.633,0.954,1.233,-5.140,-0.792,-2.278,-0.816,-1.202
0.936,0.881,-0.690,0.463,-0.159,0.025,0.608,1.048,-1.089,0.319,-0.295,0.007,-1.101,-1.360,0.899,0.893,-0.731,1.759,-0.591,1.877,0.667,0.953,0.116,-5.033,-0.787,-2.258,-0.808,-1.198
1.123,0.841,-0.253,0.083,-0.183,0.018,0.612,0.666,-1.537,1.280,-0.324,-0.001,-0.946,-1.360,0.888,0.844,0.035,0.636,-0.589,1.858,0.718,0.922,-0.120,-4.183,-0.789,-2.272,-0.817,-1.202
1.061,0.701,-0.178,0.187,-0.172,0.015,0.858,0.848,-0.154,-1.609,-0.329,0.003,-0.946,-1.324,0.920,0.910,0.061,0.543,-0.593,1.877,0.670,0.950,0.380,-4.960,-0.788,-2.260,-0.821,-1.189
1.135,0.663,-0.021,0.086,-0.171,0.021,0.558,0.808,-0.437,-2.179,-0.346,0.017,-0.955,-1.342,0.897,0.879,-0.057,0.720,-0.588,1.866,0.678,0.922,0.363,-6.131,-0.784,-2.245,-0.810,-1.203
0.883,0.682,0.125,0.164,-0.206,0.021,0.798,0.822,-1.800,0.391,-0.329,-0.013,-0.900,-1.379,0.852,0.883,-0.293,0.529,-0.589,1.874,0.661,0.936,-0.427,-5.003,-0.789,-2.265,-0.815,-1.202
0.915,0.781,0.067,0.020,-0.228,0.025,0.435,0.769,-1.192,-1.941,-0.335,-0.011,-0.903,-1.379,0.876,0.852,-0.066,0.353,-0.589,1.864,0.650,0.931,-0.103,-4.738,-0.785,-2.252,-0.818,-1.200
0.648,0.567,0.792,0.300,-0.213,0.024,0.521,0.861,-1.876,-1.632,-0.267,-0.011,-1.033,-1.400,0.914,0.869,0.430,0.252,-0.589,1.861,0.656,0.956,-1.876,-3.950,-0.788,-2.258,-0.810,-1.185
0.988,0.622,0.428,-0.126,-0.206,0.028,0.713,0.783,-2.206,1.144,-0.303,-0.010,-0.950,-1.380,0.885,0.893,0.402,0.313,-0.588,1.866,0.669,0.928,-1.359,-2.487,-0.785,-2.260,-0.810,-1.191
0.988,0.622,0.428,-0.126,-0.206,0.028,0.713,0.783,-2.206,1.144,-0.303,-0.010,-0.950,-1.380,0.885,0.893,0.402,0.313,-0.588,1.866,0.669,0.928,0.214,-5.632,-0.785,-2.260,-0.810,-1.191
0.946,0.745,-0.367,0.020,-0.202,0.020,0.671,0.755,-1.161,-2.182,-0.323,-0.007,-0.950,-1.326,0.888,0.916,-0.872,0.552,-0.590,1.863,0.629,0.940,-1.057,-3.576,-0.786,-2.260,-0.810,-1.192
0.779,0.861,-0.043,-0.272,-0.203,0.014,0.743,0.808,-1.296,-1.567,-0.298,0.004,-0.954,-1.340,0.847,0.865,-0.194,0.164,-0.590,1.863,0.699,0.956,-0.720,-2.511,-0.786,-2.260,-0.812,-1.197
0.949,0.762,0.178,0.321,-0.214,0.016,0.586,0.769,-1.488,-0.589,-0.268,-0.011,-0.943,-1.403,0.920,0.879,-0.325,0.102,-0.589,1.857,0.704,0.918,-2.073,-0.600,-0.785,-2.262,-0.812,-1.201
0.904,0.801,-0.346,-0.204,-0.185,0.031,0.730,0.795,-1.451,0.397,-0.294,-0.016,-0.951,-1.287,0.850,0.875,-0.778,0.151,-0.590,1.876,0.744,0.918,-1.920,0.324,-0.789,-2.252,-0.809,-1.205
1.029,0.783,-0.235,0.020,-0.177,0.022,0.539,1.088,-0.683,-0.959,-0.329,-0.008,-0.904,-1.403,0.864,0.882,-0.737,0.317,-0.590,1.859,0.680,0.918,0.232,-1.129,-0.787,-2.256,-0.805,-1.200
1.010,0.781,-0.318,-0.341,-0.200,0.020,0.671,0.531,-0.708,-1.380,-0.309,-0.008,-0.943,-1.396,0.950,0.843,-0.683,0.134,-0.589,1.861,0.650,0.931,-0.547,-2.269,-0.789,-2.267,-0.816,-1.205
0.988,0.645,-0.041,-0.182,-0.208,0.021,0.658,0.926,-2.317,2.675,-0.257,-0.001,-0.947,-1.431,0.907,0.898,-0.175,0.209,-0.590,1.860,0.687,0.956,-0.111,-0.658,-0.784,-2.262,-0.813,-1.198
0.967,0.722,0.097,0.164,-0.193,0.025,0.595,0.834,-0.686,-0.167,-0.366,-0.004,-0.858,-1.402,0.850,0.882,-0.559,0.395,-0.588,1.862,0.713,0.948,2.387,-5.114,-0.788,-2.268,-0.811,-1.201
0.915,0.703,0.125,0.020,-0.148,0.009,0.683,0.795,0.718,-2.518,-0.258,-0.003,-0.812,-1.326,0.872,0.855,0.107,0.328,-0.590,1.867,0.718,0.908,2.264,-4.896,-0.787,-2.259,-0.813,-1.199
0.988,0.645,0.041,0.155,-0.026,-0.010,0.803,0.995,-1.148,-0.228,-0.140,0.026,-0.947,-1.404,0.881,0.903,-0.630,0.142,-0.597,1.898,0.691,0.957,-2.596,0.593,-0.795,-2.272,-0.809,-1.198
0.988,0.645,0.041,0.155,-0.026,-0.010,0.803,0.995,-1.148,-0.228,-0.140,0.026,-0.947,-1.404,0.881,0.903,-0.630,0.142,-0.597,1.898,0.691,0.957,-0.535,-3.529,-0.795,-2.272,-0.809,-1.198
1.208,0.663,-0.151,-0.126,-0.197,0.027,0.713,0.862,0.922,-0.775,-0.318,-0.008,-0.854,-1.320,0.851,0.849,-0.491,0.388,-0.578,1.840,0.717,0.954,1.677,0.531,-0.781,-2.228,-0.813,-1.201
0.776,0.605,-0.234,0.165,-0.171,0.008,0.599,0.691,-1.153,2.247,-0.320,-0.000,-0.950,-1.304,0.898,0.863,-0.712,0.640,-0.599,1.890,0.658,0.955,-2.939,4.022,-0.789,-2.268,-0.818,-1.200
0.977,0.722,-0.096,-0.282,-0.173,0.021,0.671,0.876,0.013,-0.036,-0.314,-0.013,-0.947,-1.364,0.846,0.923,-0.456,0.094,-0.588,1.858,0.686,0.934,-0.926,2.583,-0.779,-2.245,-0.815,-1.194
0.936,0.663,-0.317,0.154,-0.176,0.014,0.785,0.795,1.712,0.981,-0.274,0.004,-0.900,-1.403,0.881,0.875,-0.363,0.483,-0.591,1.872,0.699,0.956,-0.375,4.204,-0.794,-2.259,-0.809,-1.204
0.695,0.644,-0.124,-0.350,-0.174,0.028,0.496,0.873,-0.698,2.108,-0.314,-0.004,-0.940,-1.363,0.895,0.860,-0.475,0.072,-0.592,1.863,0.718,0.950,-2.857,5.211,-0.783,-2.244,-0.808,-1.188
1.152,0.801,-0.041,-0.193,-0.219,0.032,0.582,0.741,0.418,-0.434,-0.268,-0.003,-0.768,-1.267,0.936,0.889,-0.543,-0.073,-0.586,1.865,0.690,0.945,-1.500,2.838,-0.784,-2.268,-0.812,-1.189
0.831,0.565,0.041,0.019,-0.095,-0.004,0.769,0.769,0.348,-0.462,-0.206,0.029,-0.858,-1.265,0.868,0.833,-0.398,0.428,-0.592,1.872,0.695,0.931,-4.092,6.874,-0.789,-2.268,-0.815,-1.192
0.820,0.722,-0.066,-0.261,-0.176,0.008,0.749,0.850,0.161,-0.162,-0.273,-0.012,-0.950,-1.359,0.879,0.881,-0.384,-0.052,-0.586,1.848,0.698,0.946,-7.548,14.455,-0.781,-2.249,-0.821,-1.192
0.946,0.684,0.125,-0.271,-0.171,0.027,0.653,0.769,-0.858,2.236,-0.288,-0.015,-0.897,-1.380,0.846,0.852,-0.348,0.239,-0.591,1.870,0.655,0.934,-7.650,16.615,-0.788,-2.267,-0.815,-1.209
1.009,0.781,0.239,0.097,-0.200,0.020,0.628,0.783,-1.622,2.582,-0.324,-0.023,-0.904,-1.326,0.951,0.872,-0.316,0.513,-0.593,1.864,0.722,0.957,-8.772,16.360,-0.789,-2.274,-0.813,-1.201
1.145,0.546,-0.365,-0.641,-0.199,0.019,0.598,1.009,-2.354,3.004,-0.243,-0.013,-1.032,-1.380,0.901,0.894,-0.482,-0.041,-0.587,1.866,0.664,0.927,-8.683,13.609,-0.783,-2.252,-0.813,-1.186
1.135,0.369,0.007,-0.049,-0.184,0.023,0.641,0.875,-1.656,2.721,-0.299,-0.017,-0.944,-1.418,0.855,0.858,-0.459,0.311,-0.588,1.863,0.683,0.912,-6.696,11.949,-0.788,-2.262,-0.817,-1.202
0.884,0.743,0.293,-0.272,-0.183,0.024,0.842,0.887,-1.659,2.522,-0.273,-0.012,-0.853,-1.281,0.869,0.889,-0.001,-0.030,-0.589,1.864,0.728,0.964,-5.834,9.845,-0.787,-2.260,-0.819,-1.196
0.978,0.764,-0.228,-0.213,-0.156,0.011,0.598,0.783,-1.566,1.357,-0.311,-0.011,-0.906,-1.364,0.866,0.873,-0.587,0.341,-0.592,1.875,0.731,0.954,-4.238,5.500,-0.788,-2.262,-0.817,-1.185
1.020,0.565,0.293,-0.126,-0.173,0.021,0.622,0.783,-1.747,0.440,-0.335,-0.019,-0.906,-1.296,0.889,0.883,0.231,0.521,-0.587,1.858,0.664,0.921,-4.362,3.754,-0.785,-2.257,-0.812,-1.181
0.946,0.584,0.292,0.307,-0.171,0.014,0.569,0.772,-1.484,-0.132,-0.273,-0.004,-0.942,-1.378,0.882,0.908,0.063,0.742,-0.591,1.877,0.682,0.944,-3.252,1.855,-0.788,-2.261,-0.815,-1.181
0.873,0.841,0.078,0.610,-0.190,0.006,0.700,0.439,-1.463,-0.344,-0.258,-0.003,-1.036,-1.324,0.893,0.867,-0.531,1.249,-0.590,1.870,0.673,0.934,-3.191,1.070,-0.789,-2.268,-0.816,-1.192
1.081,0.802,-0.001,0.093,-0.218,0.017,0.713,0.730,-1.330,-0.206,-0.314,-0.007,-0.952,-1.408,0.922,0.893,-0.440,1.370,-0.587,1.859,0.651,0.962,-2.626,0.994,-0.786,-2.251,-0.818,-1.200
1.187,0.722,-0.092,0.611,-0.211,0.015,0.641,0.716,-1.089,0.084,-0.294,-0.008,-1.041,-1.365,0.875,0.829,-0.561,1.400,-0.590,1.869,0.654,0.926,-2.005,0.920,-0.787,-2.252,-0.818,-1.213
0.915,0.601,-0.045,0.691,-0.219,0.018,0.586,0.798,-1.011,0.012,-0.309,0.002,-0.903,-1.325,0.819,0.882,-0.460,1.287,-0.590,1.864,0.669,0.947,-2.003,1.055,-0.789,-2.261,-0.818,-1.216
0.873,0.764,0.208,0.613,-0.194,0.020,0.713,0.873,-1.438,-0.006,-0.308,-0.019,-0.853,-1.357,0.869,0.863,-0.137,1.440,-0.589,1.876,0.739,0.942,-2.592,1.064,-0.786,-2.262,-0.812,-1.199
1.226,0.803,0.076,0.917,-0.216,0.025,0.599,0.769,-0.873,-0.219,-0.294,-0.024,-0.945,-1.277,0.882,0.855,-0.337,1.228,-0.589,1.856,0.631,0.934,-1.891,0.171,-0.787,-2.262,-0.808,-1.191
0.839,0.487,-0.020,0.310,-0.154,0.009,0.543,0.652,-0.630,-0.383,-0.196,0.004,-0.808,-1.241,0.891,0.869,-0.306,0.728,-0.589,1.878,0.648,0.925,-1.120,0.315,-0.788,-2.265,-0.811,-1.197
0.999,0.819,-0.395,0.310,-0.190,0.003,0.341,0.887,-0.776,-0.260,-0.309,-0.004,-0.997,-1.286,0.893,0.832,-0.817,0.432,-0.593,1.870,0.683,0.927,-1.313,0.459,-0.788,-2.262,-0.813,-1.195
1.051,0.667,-0.481,0.455,-0.205,0.020,0.501,0.889,-0.876,-0.082,-0.324,0.004,-0.947,-1.340,0.887,0.888,-0.991,0.495,-0.585,1.849,0.629,0.948,-1.718,0.377,-0.782,-2.242,-0.818,-1.189
0.946,0.706,-0.399,0.403,-0.208,0.016,0.455,0.755,-0.863,0.025,-0.305,-0.019,-0.947,-1.350,0.914,0.885,-0.803,0.676,-0.589,1.860,0.632,0.950,-1.219,0.234,-0.788,-2.261,-0.816,-1.193
0.988,0.743,-0.317,0.454,-0.214,0.023,0.644,0.677,-1.221,0.963,-0.309,-0.020,-0.860,-1.394,0.880,0.891,-0.654,0.471,-0.590,1.862,0.709,0.906,-1.521,2.073,-0.785,-2.252,-0.813,-1.189
0.842,0.663,-0.538,0.180,-0.189,0.025,0.656,0.781,-0.932,1.086,-0.299,-0.017,-0.944,-1.379,0.956,0.881,-0.883,0.435,-0.589,1.870,0.673,0.940,-1.572,1.990,-0.787,-2.264,-0.809,-1.201
1.082,0.821,-0.318,0.468,-0.209,0.023,0.658,0.663,-0.651,1.096,-0.298,-0.009,-0.854,-1.365,0.865,0.848,-0.707,0.712,-0.589,1.865,0.687,0.958,-1.254,1.904,-0.788,-2.259,-0.808,-1.198
0.862,0.724,0.291,0.534,-0.145,0.035,0.510,0.834,-0.640,0.570,-0.278,-0.013,-0.978,-1.379,0.849,0.876,-0.499,0.879,-0.590,1.861,0.720,0.930,-1.192,1.302,-0.787,-2.262,-0.809,-1.193
0.831,0.644,0.318,0.377,-0.129,0.011,0.471,0.873,-0.786,1.019,-0.218,0.001,-0.947,-1.300,0.858,0.860,0.009,0.767,-0.588,1.860,0.627,0.904,-1.447,1.376,-0.787,-2.257,-0.812,-1.201
1.124,0.702,-0.124,0.085,-0.105,-0.007,0.671,0.903,-1.371,1.258,-0.273,-0.012,-0.859,-1.433,0.936,0.907,-0.608,0.486,-0.592,1.870,0.673,0.943,-1.429,1.623,-0.787,-2.264,-0.815,-1.198
1.019,0.783,-0.017,0.389,-0.239,0.030,0.700,0.915,-1.071,1.443,-0.299,-0.009,-0.853,-1.286,0.891,0.863,-0.756,0.825,-0.588,1.864,0.648,0.936,-1.825,2.168,-0.790,-2.262,-0.816,-1.196
1.019,0.783,-0.017,0.389,-0.239,0.030,0.700,0.915,-1.071,1.443,-0.299,-0.009,-0.853,-1.286,0.891,0.863,-0.756,0.825,-0.588,1.864,0.648,0.936,-1.825,2.168,-0.790,-2.262,-0.816,-1.196
0.874,0.722,-0.235,0.626,-0.215,0.017,0.644,0.809,-1.000,1.660,-0.283,-0.006,-0.947,-1.287,0.943,0.871,-0.838,1.144,-0.593,1.876,0.698,0.941,-1.935,2.405,-0.788,-2.260,-0.816,-1.200
1.114,0.743,-0.125,0.548,-0.200,0.034,0.513,0.613,-1.096,0.937,-0.288,-0.007,-0.853,-1.404,0.909,0.866,-0.349,0.545,-0.590,1.866,0.700,0.918,-1.609,1.178,-0.787,-2.261,-0.807,-1.194
1.177,0.821,-0.126,0.837,-0.143,0.009,0.488,0.727,-0.718,1.002,-0.257,-0.009,-0.988,-1.364,0.908,0.877,-0.466,0.553,-0.591,1.876,0.653,0.919,-1.361,1.077,-0.787,-2.256,-0.815,-1.194
0.779,0.820,0.071,0.469,-0.163,0.012,0.718,0.823,-0.777,1.008,-0.247,0.010,-0.854,-1.419,0.877,0.872,-0.137,1.213,-0.590,1.865,0.698,0.950,-1.685,1.433,-0.789,-2.265,-0.810,-1.196
0.800,0.687,-0.505,0.534,-0.211,0.023,0.858,0.769,-0.855,1.216,-0.303,-0.010,-0.854,-1.297,0.826,0.894,-0.637,0.655,-0.589,1.866,0.724,0.927,-1.488,1.312,-0.786,-2.255,-0.807,-1.191
0.946,0.684,-0.095,0.245,-0.162,0.018,0.657,0.781,-0.648,0.780,-0.221,-0.001,-0.857,-1.365,0.909,0.873,-0.476,0.645,-0.588,1.865,0.705,0.971,-1.453,1.012,-0.788,-2.259,-0.810,-1.202
0.967,0.703,-0.231,0.613,-0.148,0.022,0.628,0.691,-0.932,1.140,-0.282,-0.006,-0.947,-1.365,0.874,0.883,-0.392,1.035,-0.590,1.870,0.699,0.940,-1.762,1.121,-0.788,-2.261,-0.814,-1.198
0.758,0.603,0.072,0.469,-0.184,0.009,0.713,0.918,-0.942,0.784,-0.248,-0.023,-0.847,-1.311,0.867,0.886,-0.316,0.535,-0.584,1.848,0.714,0.929,-1.448,1.103,-0.783,-2.249,-0.813,-1.200
0.988,0.821,0.041,0.597,-0.204,0.013,0.725,0.834,-0.911,1.219,-0.262,-0.015,-0.954,-1.365,0.946,0.860,-0.218,0.738,-0.592,1.869,0.668,0.941,-1.400,1.066,-0.788,-2.260,-0.811,-1.201
0.766,0.817,-0.095,0.677,-0.165,0.005,0.662,1.036,-0.495,1.148,-0.262,0.004,-0.947,-1.365,0.860,0.859,-0.444,0.852,-0.591,1.872,0.716,0.917,-1.367,1.384,-0.786,-2.255,-0.816,-1.197
0.767,0.722,-0.179,0.692,-0.214,0.022,0.598,0.752,-0.855,0.932,-0.288,-0.007,-0.718,-1.379,0.962,0.891,-0.599,0.915,-0.587,1.861,0.652,0.945,-1.492,1.425,-0.787,-2.252,-0.811,-1.199
0.767,0.722,-0.179,0.692,-0.214,0.022,0.598,0.752,-0.855,0.932,-0.288,-0.007,-0.718,-1.379,0.962,0.891,-0.599,0.915,-0.587,1.861,0.652,0.945,-1.492,1.425,-0.787,-2.252,-0.811,-1.199
0.988,0.705,-0.179,0.534,-0.309,0.016,0.628,0.811,-0.786,0.996,-0.299,-0.017,-0.853,-1.301,0.912,0.905,-0.368,0.611,-0.592,1.867,0.652,0.946,-1.308,1.287,-0.789,-2.266,-0.811,-1.195
0.789,0.722,-0.095,0.483,-0.214,0.016,0.713,0.730,-0.563,0.848,-0.314,-0.013,-0.900,-1.301,0.854,0.874,-0.436,0.857,-0.588,1.863,0.743,0.954,-1.220,0.971,-0.784,-2.253,-0.818,-1.197
0.915,0.663,-0.315,0.258,-0.197,0.013,0.713,0.716,-0.856,1.210,-0.275,-0.011,-0.895,-1.390,0.879,0.871,-0.422,1.391,-0.591,1.864,0.717,0.923,-1.399,1.194,-0.788,-2.264,-0.811,-1.201
0.988,0.743,-0.147,0.021,-0.191,0.017,0.853,0.837,-0.271,0.997,-0.288,0.001,-0.859,-1.301,0.865,0.879,-0.162,0.596,-0.589,1.861,0.681,0.923,-1.221,1.331,-0.785,-2.257,-0.810,-1.189
0.850,0.665,-0.095,0.534,-0.159,0.004,0.615,0.808,-0.791,0.997,-0.252,0.008,-1.032,-1.326,0.847,0.880,-1.504,2.962,-0.594,1.876,0.694,0.919,-1.295,1.301,-0.790,-2.267,-0.809,-1.198
1.061,0.667,-0.283,0.469,-0.216,0.017,0.713,0.836,-0.786,1.437,-0.308,-0.003,-1.122,-1.341,0.910,0.850,-3.499,7.142,-0.586,1.859,0.682,0.938,-1.434,1.468,-0.784,-2.250,-0.809,-1.194
0.842,0.957,0.395,0.310,-0.211,0.023,0.696,0.876,-0.925,0.865,-0.308,0.005,-0.953,-1.404,0.917,0.860,-5.329,11.387,-0.586,1.858,0.701,0.940,-1.533,1.462,-0.786,-2.250,-0.814,-1.199
0.999,0.822,-0.682,1.665,-0.163,0.012,0.628,0.993,-0.862,1.349,-0.282,-0.004,-0.991,-1.355,0.869,0.876,-7.264,14.632,-0.591,1.874,0.698,0.950,-1.406,1.552,-0.787,-2.263,-0.815,-1.204
0.978,0.722,-1.069,1.928,-0.241,0.013,0.756,0.795,-0.779,1.217,-0.319,-0.006,-0.853,-1.419,0.939,0.869,-9.251,18.505,-0.587,1.862,0.691,0.934,-1.291,1.269,-0.785,-2.255,-0.816,-1.203
0.946,0.743,-4.240,6.853,-0.176,0.000,0.730,0.769,-0.862,0.997,-0.263,-0.004,-0.987,-1.311,0.902,0.886,-10.690,18.987,-0.592,1.875,0.659,0.908,-1.342,1.463,-0.788,-2.261,-0.812,-1.200
0.937,0.722,-2.905,3.979,-0.244,0.024,0.798,0.742,-0.710,1.285,-0.293,-0.003,-0.944,-1.320,0.908,0.911,-9.049,16.298,-0.575,1.830,0.711,0.958,-1.057,1.172,-0.788,-2.256,-0.819,-1.196
1.039,0.684,-3.435,6.228,-0.173,0.020,0.755,0.914,-0.488,1.289,-0.283,-0.006,-0.988,-1.358,0.942,0.926,-7.285,11.713,-0.596,1.895,0.669,0.979,-0.907,1.231,-0.786,-2.256,-0.813,-1.198
1.039,0.684,-3.435,6.228,-0.173,0.020,0.755,0.914,-0.488,1.289,-0.283,-0.006,-0.988,-1.358,0.942,0.926,-9.284,15.711,-0.596,1.895,0.669,0.979,-0.907,1.231,-0.786,-2.256,-0.813,-1.198
1.082,0.703,-3.403,5.335,-0.179,0.021,0.553,0.744,-0.635,0.856,-0.299,-0.017,-0.985,-1.295,0.881,0.859,-7.632,12.546,-0.574,1.842,0.725,0.894,-1.168,1.145,-0.788,-2.265,-0.812,-1.186
0.935,0.663,-2.606,0.987,-0.124,0.010,0.713,0.769,-0.709,1.005,-0.283,-0.016,-0.815,-1.326,0.878,0.850,-5.649,3.843,-0.598,1.899,0.675,0.951,-0.902,1.185,-0.787,-2.258,-0.813,-1.195
0.935,0.722,-2.437,1.595,-0.199,0.013,0.798,0.730,-0.417,1.224,-0.303,-0.002,-0.947,-1.326,0.913,0.869,-5.044,5.417,-0.589,1.860,0.749,0.908,-0.739,1.086,-0.788,-2.255,-0.814,-1.201
0.977,0.802,-3.450,2.440,-0.249,0.011,0.453,0.769,-0.121,1.083,-0.283,-0.006,-0.932,-1.373,0.889,0.877,-6.528,3.730,-0.587,1.848,0.598,0.959,-0.602,1.354,-0.785,-2.260,-0.807,-1.194
1.072,0.721,-2.014,0.431,-0.205,0.013,0.796,0.798,-0.026,1.078,-0.309,-0.014,-0.854,-1.286,0.914,0.850,-2.897,1.654,-0.593,1.849,0.659,0.950,-0.068,1.119,-0.787,-2.257,-0.816,-1.183
0.958,0.934,-5.511,4.079,-0.052,-0.005,0.598,0.798,-0.031,1.063,-0.171,0.007,-0.950,-1.340,0.924,0.876,-2.644,-2.969,-0.592,1.879,0.683,0.935,-0.050,1.080,-0.791,-2.272,-0.815,-1.190
0.958,0.934,-5.511,4.079,-0.052,-0.005,0.598,0.798,-0.031,1.063,-0.171,0.007,-0.950,-1.340,0.838,0.870,-0.521,0.180,-0.593,1.913,0.656,0.955,-0.250,1.348,-0.792,-2.271,-0.812,-1.194
1.125,0.702,-2.452,-0.461,-0.185,-0.011,0.509,0.876,-0.049,1.073,-0.212,0.001,-1.085,-1.404,0.888,0.860,-3.068,-0.749,-0.599,1.845,0.671,0.965,-0.619,1.156,-0.784,-2.256,-0.813,-1.199
0.852,0.800,-3.341,3.937,-0.226,0.019,0.686,0.784,-0.477,1.073,-0.344,-0.011,-0.990,-1.404,0.835,0.835,-2.847,1.299,-0.580,1.836,0.709,0.936,-0.877,1.239,-0.780,-2.244,-0.813,-1.208
1.062,0.641,-2.300,0.368,-0.170,0.027,0.671,0.612,-0.677,1.134,-0.314,0.001,-0.991,-1.365,0.928,0.864,-0.278,-3.918,-0.592,1.897,0.698,0.929,-1.254,0.889,-0.788,-2.260,-0.810,-1.207
0.810,0.702,-3.818,2.157,-0.183,0.018,0.671,0.862,-0.372,0.934,-0.304,-0.013,-0.858,-1.389,0.871,0.822,-2.594,-1.361,-0.595,1.862,0.653,0.930,-1.150,1.079,-0.784,-2.251,-0.799,-1.192
0.915,0.743,-2.436,2.454,-0.191,0.025,0.671,0.794,-0.309,1.212,-0.304,-0.002,-0.853,-1.341,0.864,0.883,0.083,-2.098,-0.591,1.843,0.661,0.924,-0.919,1.612,-0.787,-2.257,-0.816,-1.192
0.988,0.743,-2.830,2.758,-0.184,0.023,0.501,0.758,-0.626,0.634,-0.303,-0.010,-0.904,-1.390,0.957,0.890,-0.598,-1.217,-0.587,1.883,0.676,0.926,-1.281,0.955,-0.787,-2.261,-0.812,-1.193
0.988,0.662,-2.410,1.099,-0.174,-0.022,0.616,0.783,-0.787,0.644,-0.162,-0.004,-0.860,-1.389,0.927,0.831,-0.960,-3.122,-0.594,1.883,0.754,0.956,-1.011,0.987,-0.790,-2.267,-0.810,-1.193
0.988,0.662,-2.410,1.099,-0.174,-0.022,0.616,0.783,-0.787,0.644,-0.162,-0.004,-0.860,-1.389,0.927,0.831,-2.136,-0.769,-0.594,1.883,0.754,0.956,-1.011,0.987,-0.790,-2.267,-0.810,-1.193
0.873,0.762,-2.464,1.837,-0.211,0.015,0.615,0.660,-0.195,1.219,-0.305,-0.007,-0.900,-1.324,0.866,0.917,-0.160,-1.887,-0.586,1.839,0.683,0.951,-0.915,1.265,-0.780,-2.234,-0.814,-1.192
0.977,0.722,-2.333,1.962,-0.132,0.018,0.616,0.716,-0.049,1.224,-0.247,0.002,-0.904,-1.352,0.921,0.882,0.164,-2.758,-0.587,1.882,0.622,0.943,-0.777,1.386,-0.789,-2.266,-0.814,-1.197
1.073,0.724,-2.775,2.152,-0.183,0.010,0.569,0.876,-0.633,1.063,-0.299,-0.012,-0.897,-1.243,0.924,0.925,-1.414,-0.793,-0.588,1.827,0.664,0.935,-1.100,1.344,-0.784,-2.249,-0.814,-1.195
0.978,0.703,-2.358,2.875,-0.185,0.031,0.657,0.795,-0.564,1.363,-0.329,-0.008,-0.994,-1.379,0.875,0.873,0.092,-0.494,-0.580,1.874,0.675,0.930,-1.179,1.517,-0.787,-2.261,-0.818,-1.196
0.812,0.881,-2.430,2.627,-0.277,0.003,0.583,0.862,-0.862,0.997,-0.329,-0.008,-0.900,-1.365,0.895,0.906,0.170,-1.614,-0.600,1.859,0.689,0.955,-1.282,1.319,-0.787,-2.255,-0.823,-1.193
0.988,0.762,-1.897,1.680,-0.198,0.019,0.612,0.823,-0.708,1.216,-0.283,-0.006,-0.857,-1.351,0.926,0.841,0.288,-1.778,-0.585,1.844,0.684,0.892,-1.682,1.455,-0.787,-2.262,-0.810,-1.195
0.842,0.900,-2.656,2.197,-0.205,0.015,0.743,0.875,-0.342,1.149,-0.294,-0.013,-0.763,-1.325,0.880,0.894,-0.532,-2.153,-0.595,1.863,0.714,0.967,-1.535,1.136,-0.786,-2.255,-0.808,-1.200
0.915,0.841,-2.660,2.267,-0.157,0.039,0.612,0.784,-1.002,0.670,-0.319,-0.011,-1.039,-1.351,0.869,0.832,-0.607,-2.156,-0.582,1.875,0.685,0.891,-1.569,1.434,-0.787,-2.260,-0.811,-1.192
0.978,0.839,-2.830,2.915,-0.160,0.005,0.586,0.848,-1.148,1.136,-0.278,0.003,-0.859,-1.311,0.910,0.909,-1.220,-0.619,-0.593,1.853,0.656,0.982,-1.610,1.264,-0.787,-2.256,-0.816,-1.191
1.156,0.703,-1.730,2.344,-0.242,0.031,0.658,0.822,-0.784,1.073,-0.227,0.006,-0.945,-1.297,0.929,0.876,0.041,-1.796,-0.586,1.858,0.666,0.944,-1.581,1.400,-0.786,-2.251,-0.818,-1.193
1.019,0.565,-1.927,2.524,-0.108,0.007,0.556,0.822,-1.078,1.287,-0.196,-0.004,-0.947,-1.405,0.901,0.861,-0.259,-1.555,-0.591,1.871,0.645,0.923,-1.771,1.299,-0.789,-2.273,-0.816,-1.197
1.072,0.841,-1.862,1.099,0.014,-0.020,0.628,0.834,-0.710,0.849,-0.189,0.019,-0.851,-1.246,0.914,0.890,-0.048,-1.944,-0.595,1.897,0.665,0.928,-1.696,1.342,-0.791,-2.276,-0.812,-1.188
0.758,0.743,-2.131,1.613,-0.145,0.008,0.692,0.812,-0.932,1.149,-0.247,-0.006,-0.853,-1.418,0.881,0.868,-0.958,-2.341,-0.584,1.859,0.698,0.930,-1.243,1.438,-0.784,-2.248,-0.809,-1.193
0.938,0.783,-2.545,3.098,-0.162,0.019,0.641,0.783,-0.785,0.999,-0.242,-0.013,-0.947,-1.376,0.920,0.851,-1.154,-0.464,-0.587,1.870,0.709,0.949,-1.405,1.120,-0.788,-2.264,-0.813,-1.191
1.023,0.724,-1.104,2.218,-0.158,0.011,0.713,0.901,-1.009,1.300,-0.279,-0.018,-1.031,-1.365,0.903,0.875,0.644,-0.244,-0.589,1.873,0.700,0.963,-1.660,1.359,-0.787,-2.259,-0.816,-1.194
1.023,0.724,-1.104,2.218,-0.158,0.011,0.713,0.901,-1.009,1.300,-0.279,-0.018,-1.031,-1.365,0.903,0.875,0.772,-0.501,-0.589,1.873,0.700,0.963,-1.660,1.359,-0.787,-2.259,-0.816,-1.194
0.915,1.036,-2.449,1.709,-0.174,0.025,0.871,0.662,-1.214,1.148,-0.221,-0.001,-0.994,-1.311,0.891,0.853,-1.681,-1.364,-0.585,1.864,0.723,0.906,-2.604,3.307,-0.787,-2.263,-0.809,-1.199
0.915,1.036,-2.449,1.709,-0.174,0.025,0.871,0.662,-1.214,1.148,-0.221,-0.001,-0.994,-1.311,0.891,0.853,-1.382,-1.962,-0.585,1.864,0.723,0.906,-4.765,7.629,-0.787,-2.263,-0.809,-1.199
0.914,0.703,-2.097,1.825,-0.185,0.010,0.628,0.926,-0.691,0.936,-0.297,-0.012,-0.853,-1.390,0.855,0.877,-1.019,-2.003,-0.586,1.863,0.685,0.943,-6.553,11.696,-0.785,-2.250,-0.820,-1.198
0.884,0.624,-2.461,1.706,-0.226,0.012,0.352,0.781,-1.453,2.539,-0.314,-0.013,-0.898,-1.365,0.852,0.891,-0.821,-1.311,-0.589,1.850,0.651,0.932,-8.182,15.706,-0.788,-2.261,-0.815,-1.200
1.061,0.587,-1.679,1.796,-0.185,0.031,0.671,0.730,-1.881,5.101,-0.273,-0.014,-0.945,-1.300,0.868,0.882,0.089,-0.788,-0.586,1.890,0.665,0.918,-8.010,16.581,-0.784,-2.254,-0.815,-1.201
1.051,0.643,-1.759,1.219,-0.213,0.008,0.487,0.716,-3.125,6.637,-0.274,-0.020,-0.854,-1.365,0.887,0.864,0.143,-2.421,-0.589,1.843,0.655,0.943,-7.707,17.390,-0.786,-2.259,-0.814,-1.191
1.229,0.546,-0.416,1.348,-0.182,0.024,0.602,0.798,-3.996,6.837,-0.339,-0.004,-1.042,-1.258,0.878,0.876,1.163,-2.538,-0.590,1.881,0.707,0.906,-8.930,14.315,-0.786,-2.253,-0.807,-1.192
0.915,0.704,-0.487,0.397,-0.175,0.014,0.598,0.705,-2.768,4.796,-0.303,-0.010,-0.947,-1.352,0.903,0.886,1.528,-3.516,-0.586,1.858,0.685,0.920,-5.169,9.557,-0.787,-2.262,-0.811,-1.177
0.915,0.704,-0.487,0.397,-0.175,0.014,0.598,0.705,-2.768,4.796,-0.303,-0.010,-0.947,-1.352,0.903,0.886,2.403,-5.265,-0.586,1.858,0.685,0.920,-7.168,13.555,-0.787,-2.262,-0.811,-1.177
0.977,0.722,-0.193,0.682,-0.182,0.024,0.615,0.744,-2.635,4.241,-0.350,-0.001,-0.947,-1.339,0.932,0.861,2.856,-5.073,-0.592,1.864,0.704,0.943,-6.071,10.775,-0.791,-2.251,-0.811,-1.182
1.020,0.643,0.031,0.095,-0.249,0.019,0.756,0.730,-1.791,0.869,-0.315,-0.002,-0.816,-1.405,0.910,0.836,3.396,-3.437,-0.591,1.870,0.722,0.936,-4.600,4.169,-0.788,-2.259,-0.814,-1.186
0.904,0.761,1.600,-1.014,-0.093,0.010,0.713,0.808,-4.421,5.820,-0.252,0.009,-0.851,-1.381,0.911,0.918,3.730,-4.301,-0.589,1.871,0.676,0.946,-5.922,6.604,-0.789,-2.256,-0.813,-1.192
0.852,0.565,-0.256,0.234,-0.068,-0.002,0.603,0.901,-1.808,2.092,-0.129,0.032,-1.040,-1.405,0.933,0.851,0.932,-1.742,-0.601,1.886,0.660,0.926,-0.152,-0.746,-0.791,-2.295,-0.824,-1.214
0.853,0.623,0.573,-0.340,-0.157,0.012,0.484,0.769,-2.888,2.819,-0.272,0.010,-0.900,-1.405,0.933,0.845,2.066,-3.460,-0.586,1.880,0.662,0.931,-2.062,0.458,-0.790,-2.241,-0.821,-1.215
1.146,0.762,-0.057,1.040,-0.206,0.021,0.599,0.794,-1.819,0.756,-0.284,-0.014,-0.991,-1.391,0.916,0.877,-0.021,0.696,-0.585,1.836,0.626,0.926,-0.667,-2.780,-0.779,-2.242,-0.815,-1.192
1.010,0.745,0.912,0.154,-0.171,0.021,0.586,0.808,-2.417,1.778,-0.314,-0.004,-0.995,-1.325,0.892,0.906,2.007,-1.423,-0.590,1.887,0.690,0.938,-1.185,-1.387,-0.794,-2.278,-0.820,-1.193
0.851,0.762,0.021,-0.730,-0.228,0.017,0.686,0.769,-3.220,2.815,-0.319,-0.006,-0.898,-1.285,0.876,0.829,0.159,-2.329,-0.586,1.844,0.664,0.917,-1.902,0.868,-0.784,-2.244,-0.816,-1.199
0.978,0.743,0.756,0.297,-0.135,0.006,0.553,0.859,-3.889,3.217,-0.300,0.018,-0.851,-1.351,0.858,0.901,1.404,-0.829,-0.597,1.873,0.684,0.960,-3.199,0.328,-0.782,-2.252,-0.815,-1.185
0.946,0.779,-0.243,1.186,-0.141,0.030,0.623,0.716,-1.639,-0.147,-0.222,0.002,-0.993,-1.405,0.891,0.877,1.291,-2.225,-0.587,1.903,0.695,0.961,-1.417,-1.057,-0.795,-2.277,-0.815,-1.194
0.988,0.585,-1.219,2.108,-0.203,0.022,0.737,0.823,-1.379,-0.076,-0.333,-0.008,-0.898,-1.405,0.876,0.846,0.043,-1.504,-0.587,1.848,0.690,0.930,-2.019,-1.161,-0.781,-2.226,-0.797,-1.191
1.041,0.701,0.201,-2.627,-0.189,0.018,0.883,0.875,-3.686,3.776,-0.263,-0.010,-0.950,-1.423,0.912,0.883,-0.862,-0.751,-0.588,1.873,0.745,0.965,-0.593,-1.330,-0.790,-2.267,-0.806,-1.189
0.936,0.721,-1.345,0.883,-0.198,-0.001,0.641,0.916,-1.783,1.699,-0.243,-0.019,-0.863,-1.298,0.869,0.794,-1.739,1.814,-0.604,1.852,0.682,0.865,0.977,-2.925,-0.782,-2.261,-0.820,-1.193
0.851,0.643,-1.453,2.266,-0.169,0.034,0.608,0.755,-2.535,0.458,-0.320,-0.011,-0.904,-1.382,0.882,0.926,0.499,-1.669,-0.582,1.875,0.643,0.970,-1.387,-0.341,-0.791,-2.251,-0.813,-1.190
0.915,0.780,1.166,-1.988,-0.144,0.030,0.586,0.649,-3.817,3.819,-0.293,-0.014,-0.900,-1.323,0.876,0.919,1.931,-4.493,-0.578,1.876,0.597,0.948,-2.779,1.183,-0.786,-2.252,-0.816,-1.192
1.093,0.883,-0.471,-2.763,-0.262,0.005,0.598,0.809,-3.190,3.790,-0.324,-0.023,-1.076,-1.283,0.915,0.919,0.443,-3.265,-0.597,1.852,0.665,0.957,-1.217,0.234,-0.785,-2.256,-0.808,-1.193
0.957,0.762,-1.762,0.660,-0.184,0.023,0.556,0.876,-2.881,4.020,-0.293,0.011,-0.944,-1.376,0.881,0.899,-2.407,0.912,-0.577,1.861,0.652,0.941,-0.398,-0.440,-0.786,-2.243,-0.818,-1.194
0.957,0.762,-1.762,0.660,-0.184,0.023,0.556,0.876,-2.881,4.020,-0.293,0.011,-0.944,-1.376,0.881,0.899,-0.444,-3.014,-0.577,1.861,0.652,0.941,-1.350,1.464,-0.786,-2.243,-0.818,-1.194
0.935,0.761,-0.486,-0.833,-0.175,0.022,0.701,0.702,-2.458,3.304,-0.303,-0.010,-0.854,-1.352,0.930,0.912,2.036,-4.749,-0.584,1.861,0.664,0.936,-1.268,1.657,-0.788,-2.266,-0.825,-1.192
0.851,0.762,-1.750,2.511,-0.224,0.019,0.581,0.758,-0.815,1.409,-0.308,-0.004,-0.895,-1.271,0.849,0.837,0.035,-0.651,-0.593,1.870,0.671,0.914,0.849,-0.893,-0.788,-2.260,-0.815,-1.202
0.978,0.705,0.178,-0.324,-0.172,0.007,0.428,0.716,-2.093,3.032,-0.284,-0.022,-0.947,-1.257,0.889,0.831,-2.590,5.618,-0.595,1.845,0.669,0.895,1.005,-2.106,-0.784,-2.259,-0.813,-1.198
0.957,0.684,-0.488,-2.178,-0.179,0.029,0.713,0.784,-1.832,3.867,-0.302,-0.003,-0.947,-1.325,0.869,0.894,-1.275,2.845,-0.575,1.872,0.636,0.936,1.059,-1.816,-0.784,-2.250,-0.813,-1.190
0.976,0.663,-0.981,1.323,-0.250,0.019,0.683,0.716,-1.464,1.459,-0.314,-0.013,-1.034,-1.404,0.819,0.869,-1.915,4.094,-0.594,1.850,0.692,0.948,1.302,-2.245,-0.790,-2.270,-0.815,-1.207
0.758,0.663,-1.570,0.787,-0.195,0.019,0.628,0.873,-1.745,1.891,-0.288,-0.015,-0.947,-1.365,0.853,0.865,-2.318,1.092,-0.576,1.869,0.667,0.946,0.059,-2.070,-0.787,-2.257,-0.816,-1.196
0.915,0.642,0.199,-0.639,-0.234,0.020,0.667,0.784,-1.682,3.060,-0.289,-0.015,-0.858,-1.379,0.904,0.865,0.011,-1.878,-0.588,1.835,0.673,0.900,-0.865,-0.374,-0.787,-2.258,-0.803,-1.195
1.313,0.603,-0.269,1.922,-0.232,0.021,0.640,0.851,-1.342,2.020,-0.293,-0.008,-0.858,-1.325,0.974,0.890,1.619,-2.452,-0.602,1.887,0.683,0.947,-0.626,-0.393,-0.786,-2.254,-0.812,-1.200
1.083,0.624,-0.990,-0.628,-0.215,0.024,0.603,0.769,-1.579,2.915,-0.264,-0.020,-0.900,-1.404,0.900,0.863,-3.114,3.005,-0.579,1.840,0.686,0.943,-0.218,-0.344,-0.788,-2.261,-0.812,-1.198
0.977,0.919,0.440,-0.678,-0.223,0.012,0.697,0.755,-1.768,2.216,-0.264,-0.026,-0.859,-1.379,0.900,0.891,-3.636,6.157,-0.600,1.848,0.723,0.877,0.273,-0.770,-0.786,-2.258,-0.808,-1.197
1.145,0.724,1.063,-0.237,-0.140,0.021,0.569,0.691,-2.032,2.643,-0.216,0.003,-0.854,-1.379,0.877,0.895,-5.178,12.236,-0.584,1.894,0.677,0.982,0.018,-0.478,-0.789,-2.251,-0.832,-1.206
1.009,0.603,-0.119,0.075,-0.189,0.019,0.641,0.858,-1.250,2.349,-0.196,0.004,-0.994,-1.325,0.851,0.834,-7.364,15.370,-0.594,1.859,0.640,0.906,0.232,-1.004,-0.788,-2.283,-0.815,-1.194
0.936,0.783,-1.263,3.820,-0.171,0.035,0.556,0.903,-1.990,1.831,-0.318,-0.003,-0.940,-1.337,0.890,0.940,-9.441,18.027,-0.578,1.872,0.658,0.937,-0.705,-1.773,-0.780,-2.242,-0.812,-1.195
0.935,0.722,-0.707,3.637,-0.177,0.015,0.769,0.809,-1.397,2.438,-0.298,-0.012,-0.991,-1.365,0.901,0.885,-6.496,16.853,-0.582,1.824,0.707,0.947,0.640,-1.235,-0.788,-2.249,-0.814,-1.195
1.187,0.764,-1.784,2.696,-0.119,0.010,0.706,0.890,-1.504,2.753,-0.157,0.020,-0.762,-1.404,0.895,0.850,-6.187,10.426,-0.594,1.889,0.700,0.911,-0.035,0.112,-0.788,-2.271,-0.804,-1.201
0.936,0.762,-2.170,2.393,-0.174,0.022,0.747,0.769,-0.831,3.005,-0.232,-0.011,-0.904,-1.340,0.870,0.896,-6.736,8.899,-0.593,1.867,0.670,0.936,0.160,0.166,-0.787,-2.256,-0.794,-1.201
0.904,0.563,-1.636,1.474,-0.199,0.026,0.615,0.717,-1.090,2.565,-0.283,-0.028,-0.951,-1.326,0.909,0.868,-5.502,6.627,-0.579,1.846,0.690,0.920,0.663,-0.304,-0.784,-2.250,-0.794,-1.214
1.114,0.703,-1.375,1.310,-0.199,0.027,0.522,0.901,-1.420,2.729,-0.253,-0.016,-0.945,-1.477,0.960,0.901,-3.786,4.403,-0.589,1.860,0.688,0.959,0.767,-1.283,-0.789,-2.269,-0.808,-1.224
0.852,0.682,-1.133,1.415,-0.199,0.013,0.767,0.809,-1.338,2.542,-0.342,-0.004,-0.900,-1.359,0.907,0.889,-2.862,3.884,-0.588,1.862,0.681,0.941,-0.084,-0.810,-0.784,-2.253,-0.807,-1.194
0.988,0.703,-1.706,0.926,-0.204,0.027,0.689,0.848,-1.143,2.258,-0.276,-0.016,-1.020,-1.268,0.944,0.880,-3.916,3.556,-0.589,1.860,0.774,0.938,0.888,-2.264,-0.788,-2.264,-0.811,-1.197
0.988,0.724,-0.928,1.207,-0.178,0.014,0.731,0.730,-0.479,0.566,-0.278,-0.013,-0.981,-1.363,0.910,0.887,-2.057,2.819,-0.585,1.868,0.647,0.941,1.218,-3.839,-0.785,-2.253,-0.811,-1.194
0.937,0.781,-0.814,0.603,-0.197,0.019,0.513,0.705,-0.459,0.854,-0.299,-0.012,-0.911,-1.369,0.868,0.838,-1.729,2.014,-0.595,1.863,0.694,0.942,1.713,-4.394,-0.788,-2.259,-0.818,-1.196
0.863,0.663,-0.565,0.323,-0.226,0.012,0.658,0.861,-0.619,1.147,-0.318,-0.006,-0.819,-1.339,0.864,0.862,-1.382,1.212,-0.583,1.869,0.673,0.942,1.559,-4.294,-0.787,-2.254,-0.820,-1.198
0.873,0.684,-0.627,0.001,-0.174,0.015,0.746,0.730,-0.459,-1.279,-0.288,-0.007,-1.031,-1.380,0.899,0.880,-1.088,0.395,-0.587,1.860,0.685,0.934,1.324,-5.393,-0.785,-2.258,-0.813,-1.195
1.093,0.624,-0.162,-0.224,-0.171,0.014,0.676,0.755,0.127,-0.536,-0.261,-0.007,-0.942,-1.342,0.914,0.881,-0.348,0.271,-0.589,1.875,0.678,0.948,1.114,-3.491,-0.788,-2.264,-0.818,-1.181
1.020,0.605,0.266,0.082,-0.222,0.011,0.573,0.811,-0.942,0.312,-0.320,-0.016,-0.939,-1.303,0.948,0.888,-0.134,0.381,-0.589,1.876,0.652,0.913,-0.049,-2.101,-0.788,-2.265,-0.812,-1.196
1.020,0.605,0.266,0.082,-0.222,0.011,0.573,0.811,-0.942,0.312,-0.320,-0.016,-0.939,-1.303,0.948,0.888,-0.134,0.381,-0.589,1.876,0.652,0.913,1.198,-4.595,-0.788,-2.265,-0.812,-1.196
1.091,0.783,-0.263,0.019,-0.209,0.015,0.733,0.876,-1.546,0.832,-0.288,-0.007,-0.858,-1.434,0.893,0.888,-0.432,0.186,-0.590,1.867,0.655,0.957,-0.484,-0.595,-0.788,-2.260,-0.801,-1.204
0.978,0.684,0.209,-0.076,-0.221,0.020,0.721,0.906,-0.724,-0.333,-0.334,-0.003,-0.951,-1.325,0.891,0.867,0.177,0.192,-0.592,1.866,0.671,0.926,0.203,-3.711,-0.786,-2.263,-0.816,-1.192
0.894,0.684,0.176,-0.076,-0.225,0.010,0.670,0.873,-0.602,-1.244,-0.305,-0.013,-0.905,-1.418,0.872,0.878,-0.226,0.639,-0.587,1.863,0.669,0.955,0.696,-3.280,-0.786,-2.260,-0.810,-1.198
1.010,0.743,-0.144,-0.112,-0.215,0.024,0.543,0.930,-0.573,0.395,-0.274,-0.014,-0.942,-1.342,0.953,0.870,-0.439,0.350,-0.590,1.866,0.687,0.923,-0.586,-0.141,-0.786,-2.256,-0.807,-1.186
0.800,0.684,-0.262,0.176,-0.201,0.015,0.746,0.769,0.114,-1.086,-0.275,-0.019,-0.946,-1.402,0.890,0.827,-0.569,0.220,-0.591,1.860,0.652,0.916,-1.146,1.370,-0.786,-2.270,-0.823,-1.195
0.800,0.684,-0.262,0.176,-0.201,0.015,0.746,0.769,0.114,-1.086,-0.275,-0.019,-0.946,-1.402,0.890,0.827,-0.569,0.220,-0.591,1.860,0.652,0.916,0.484,-1.891,-0.786,-2.270,-0.823,-1.195
0.915,0.743,-0.094,-0.270,-0.146,0.007,0.683,0.776,-0.600,0.387,-0.284,-0.008,-0.904,-1.326,0.841,0.879,-0.389,-0.283,-0.592,1.866,0.703,0.938,1.265,-3.391,-0.788,-2.263,-0.808,-1.192
1.039,0.762,-0.011,0.257,-0.194,0.020,0.747,0.783,-2.410,1.969,-0.264,-0.012,-0.863,-1.380,0.887,0.909,-0.426,0.285,-0.585,1.860,0.657,0.919,-0.623,-1.791,-0.787,-2.264,-0.803,-1.197
0.945,0.722,-0.042,-0.350,-0.133,-0.000,0.641,0.794,-1.204,0.556,-0.238,-0.007,-0.900,-1.419,0.888,0.859,-0.601,-0.028,-0.591,1.862,0.667,0.945,1.018,-3.830,-0.785,-2.261,-0.809,-1.197
0.873,0.644,-0.316,0.113,-0.119,0.010,0.713,1.057,-0.553,-0.671,-0.202,0.026,-0.854,-1.365,0.827,0.885,-0.671,0.069,-0.591,1.877,0.734,0.939,0.994,-6.090,-0.789,-2.266,-0.807,-1.179
0.851,0.841,-0.179,-0.072,-0.208,0.016,0.488,0.769,-1.316,1.279,-0.320,-0.019,-0.937,-1.325,0.899,0.906,-0.466,-0.047,-0.584,1.862,0.626,0.943,1.579,-2.818,-0.787,-2.256,-0.802,-1.195
1.050,0.625,-0.095,-0.125,-0.205,-0.003,0.658,0.794,-0.211,0.215,-0.243,-0.006,-0.934,-1.388,0.928,0.859,-0.305,0.256,-0.591,1.873,0.669,0.913,-0.387,1.407,-0.791,-2.262,-0.816,-1.196
0.912,0.820,0.177,-0.362,-0.181,0.015,0.801,0.730,0.850,-2.137,-0.299,-0.017,-0.942,-1.321,0.882,0.855,-0.141,0.231,-0.588,1.859,0.704,0.968,-1.546,2.992,-0.782,-2.256,-0.816,-1.200
1.008,0.820,0.008,-0.192,-0.094,-0.004,0.654,0.730,-0.174,0.038,-0.258,-0.003,-0.946,-1.350,0.907,0.891,-0.489,0.341,-0.593,1.872,0.676,0.935,-1.108,1.490,-0.789,-2.270,-0.807,-1.199
0.884,0.743,-0.146,-0.299,-0.081,-0.012,0.723,0.887,-0.325,-0.081,-0.215,-0.002,-0.947,-1.364,0.898,0.854,-0.443,0.272,-0.599,1.890,0.670,0.946,-0.313,0.831,-0.787,-2.276,-0.811,-1.202
0.732,0.703,-0.074,0.098,-0.160,0.004,0.785,1.006,-0.336,-0.073,-0.297,-0.007,-1.033,-1.380,0.887,0.892,-0.632,0.647,-0.588,1.868,0.672,0.950,-1.056,1.101,-0.780,-2.242,-0.808,-1.198
0.977,0.783,-0.179,-0.942,-0.183,0.023,0.815,0.812,-0.697,1.394,-0.303,-0.016,-0.947,-1.380,0.921,0.900,-0.525,0.181,-0.587,1.851,0.678,0.934,-1.344,3.996,-0.793,-2.270,-0.816,-1.197
1.019,0.625,0.125,-0.060,-0.163,0.012,0.586,0.820,0.462,0.163,-0.221,-0.001,-0.943,-1.326,0.841,0.845,-0.217,0.390,-0.596,1.886,0.634,0.917,-0.645,1.218,-0.784,-2.255,-0.819,-1.201
1.019,0.625,0.125,-0.060,-0.163,0.012,0.586,0.820,0.462,0.163,-0.221,-0.001,-0.943,-1.326,0.841,0.845,-0.217,0.390,-0.596,1.886,0.634,0.917,1.485,-3.043,-0.784,-2.255,-0.819,-1.201
0.999,0.762,0.022,0.085,-0.158,0.004,0.573,0.691,0.310,0.029,-0.268,-0.005,-0.854,-1.286,0.900,0.882,-0.226,0.406,-0.585,1.849,0.684,0.920,0.647,0.885,-0.786,-2.254,-0.810,-1.198
0.999,0.762,0.022,0.085,-0.158,0.004,0.573,0.691,0.310,0.029,-0.268,-0.005,-0.854,-1.286,0.900,0.882,-0.226,0.406,-0.585,1.849,0.684,0.920,2.808,-3.437,-0.786,-2.254,-0.810,-1.198
0.915,0.428,-0.196,0.019,-0.209,0.022,0.568,0.848,0.206,-1.288,-0.277,0.009,-0.941,-1.325,0.861,0.899,-0.397,0.586,-0.589,1.865,0.649,0.964,-1.936,1.833,-0.785,-2.247,-0.810,-1.183
0.894,0.683,0.379,-0.416,-0.260,-0.006,0.683,0.744,1.178,0.121,-0.277,-0.013,-0.900,-1.392,0.877,0.855,-0.206,0.169,-0.589,1.853,0.634,0.940,-3.087,9.311,-0.787,-2.262,-0.809,-1.198
1.030,0.624,-0.011,-0.284,-0.208,0.022,0.684,0.730,0.561,-0.102,-0.313,-0.015,-0.904,-1.457,0.876,0.886,-0.436,0.180,-0.593,1.872,0.640,0.932,-5.930,14.332,-0.790,-2.262,-0.813,-1.204
0.769,0.703,-0.094,-0.047,-0.185,0.031,0.654,0.687,-0.272,2.851,-0.324,0.007,-0.947,-1.405,0.857,0.875,-0.519,0.366,-0.588,1.863,0.691,0.923,-7.727,18.188,-0.786,-2.258,-0.810,-1.193
0.851,0.663,-0.043,-0.125,-0.211,0.009,0.555,0.769,-0.998,2.849,-0.304,0.003,-0.994,-1.326,0.893,0.850,-0.484,0.472,-0.591,1.858,0.646,0.914,-7.747,15.803,-0.786,-2.261,-0.806,-1.203
1.201,0.781,0.124,0.243,-0.224,0.021,0.688,0.719,-1.340,3.622,-0.233,-0.014,-0.950,-1.351,0.952,0.863,-0.037,0.841,-0.591,1.864,0.703,0.903,-7.394,13.082,-0.787,-2.253,-0.816,-1.188
0.988,0.625,0.091,-0.047,-0.182,0.024,0.671,0.848,-0.911,2.522,-0.314,-0.020,-0.907,-1.426,0.888,0.889,-0.405,0.141,-0.588,1.860,0.692,0.963,-6.211,10.800,-0.787,-2.266,-0.814,-1.190
0.815,0.527,0.040,-0.126,-0.219,-0.013,0.700,0.979,-1.386,2.522,-0.273,-0.006,-0.950,-1.257,0.904,0.877,-0.092,0.032,-0.591,1.864,0.686,0.925,-5.326,9.412,-0.787,-2.255,-0.817,-1.185
1.026,0.685,-0.129,0.178,-0.185,0.031,0.688,0.730,-1.488,1.366,-0.259,-0.014,-0.853,-1.323,0.867,0.857,-0.737,0.399,-0.589,1.867,0.717,0.903,-4.425,6.616,-0.787,-2.255,-0.812,-1.178
0.946,0.722,0.208,-0.048,-0.309,-0.007,0.599,0.795,-1.312,1.358,-0.275,-0.017,-0.947,-1.333,0.915,0.882,-0.196,0.230,-0.589,1.861,0.640,0.933,-4.687,5.533,-0.787,-2.260,-0.821,-1.190
0.957,0.663,0.332,0.156,-0.161,0.013,0.671,0.901,-1.146,0.406,-0.329,-0.008,-0.853,-1.316,0.937,0.925,0.208,0.906,-0.588,1.860,0.705,0.928,-3.182,2.510,-0.787,-2.259,-0.812,-1.171
1.030,0.663,0.248,0.457,-0.204,0.007,0.540,0.834,-0.807,-0.284,-0.292,-0.000,-0.853,-1.263,0.860,0.876,0.195,0.699,-0.588,1.862,0.678,0.943,-2.503,0.765,-0.787,-2.259,-0.809,-1.202
0.977,0.430,0.078,0.388,-0.018,-0.014,0.747,0.691,-1.294,-0.208,-0.124,0.022,-0.859,-1.298,0.889,0.879,-0.332,0.770,-0.600,1.898,0.743,0.952,-3.344,0.892,-0.792,-2.272,-0.814,-1.200
1.022,0.643,-0.130,0.532,-0.158,0.018,0.726,0.733,-1.041,0.232,-0.224,-0.007,-0.950,-1.340,0.848,0.855,-0.797,1.264,-0.590,1.873,0.702,0.911,-2.287,1.449,-0.783,-2.246,-0.817,-1.213
0.904,0.881,-0.045,0.534,-0.224,0.027,0.628,0.705,-0.933,0.247,-0.320,-0.008,-0.944,-1.419,0.868,0.881,-0.610,1.241,-0.578,1.826,0.697,0.925,-2.234,1.354,-0.780,-2.239,-0.820,-1.249
0.977,0.663,0.292,0.455,-0.224,0.018,0.615,0.730,-1.074,0.005,-0.283,-0.014,-1.034,-1.378,0.931,0.869,-0.004,1.053,-0.589,1.871,0.675,0.941,-2.249,0.555,-0.790,-2.272,-0.814,-1.211
0.955,0.720,0.172,0.399,-0.236,0.015,0.676,0.845,-1.074,-0.026,-0.309,-0.006,-0.950,-1.342,0.884,0.888,-0.211,1.013,-0.590,1.864,0.650,0.925,-1.844,-0.036,-0.784,-2.253,-0.818,-1.195
0.873,0.682,0.076,0.490,-0.139,0.012,0.585,0.795,-0.628,-0.283,-0.304,0.009,-1.039,-1.342,0.867,0.873,-0.230,0.797,-0.586,1.860,0.702,0.937,-1.469,0.087,-0.788,-2.261,-0.817,-1.190
0.915,0.526,-0.178,0.245,-0.131,0.006,0.900,0.848,-0.785,-0.058,-0.324,0.004,-0.900,-1.326,0.886,0.882,-0.594,0.770,-0.599,1.887,0.715,0.930,-1.134,0.145,-0.786,-2.255,-0.816,-1.192
0.977,0.722,-0.263,0.244,-0.209,0.017,0.641,0.716,-0.932,0.692,-0.309,-0.008,-0.947,-1.380,0.857,0.857,-0.522,0.581,-0.580,1.846,0.713,0.935,-1.346,0.865,-0.783,-2.242,-0.815,-1.181
0.945,0.508,0.315,0.390,-0.147,0.023,0.383,0.794,-1.003,0.853,-0.247,-0.004,-0.945,-1.365,0.921,0.884,-0.465,0.586,-0.588,1.855,0.635,0.966,-1.542,1.707,-0.791,-2.268,-0.809,-1.186
0.945,0.508,0.315,0.390,-0.147,0.023,0.383,0.794,-1.003,0.853,-0.247,-0.004,-0.945,-1.365,0.921,0.884,-0.465,0.586,-0.588,1.855,0.635,0.966,-1.542,1.707,-0.791,-2.268,-0.809,-1.186
0.996,0.941,-0.150,0.403,-0.089,-0.019,0.686,0.548,-0.717,1.178,-0.134,0.028,-0.905,-1.286,0.919,0.878,-0.417,0.972,-0.588,1.869,0.689,0.934,-1.096,2.077,-0.793,-2.278,-0.810,-1.195
0.915,0.684,-0.148,0.179,-0.070,-0.022,0.815,0.984,-0.640,0.459,-0.153,0.013,-0.904,-1.404,0.909,0.880,-0.354,0.645,-0.600,1.896,0.667,0.943,-1.151,1.254,-0.796,-2.285,-0.815,-1.197
1.029,0.682,-0.148,0.389,-0.207,0.023,0.428,0.808,-0.638,0.734,-0.324,-0.023,-0.858,-1.325,0.903,0.871,-0.403,0.851,-0.579,1.835,0.591,0.927,-1.282,1.257,-0.776,-2.224,-0.819,-1.195
0.999,0.781,-0.095,0.323,-0.198,0.021,0.756,0.845,-0.713,1.002,-0.324,-0.009,-0.943,-1.419,0.890,0.866,-0.216,0.565,-0.590,1.867,0.729,0.971,-1.373,1.574,-0.792,-2.278,-0.816,-1.202
1.061,0.663,0.094,0.481,-0.183,0.024,0.611,0.730,-0.559,0.925,-0.289,-0.004,-0.857,-1.419,0.955,0.884,-0.321,0.872,-0.596,1.891,0.747,0.912,-1.197,1.419,-0.792,-2.276,-0.815,-1.198
0.977,0.684,-0.451,0.166,-0.197,0.027,0.674,0.593,-0.574,1.376,-0.309,-0.008,-1.034,-1.404,0.928,0.866,-0.168,0.274,-0.587,1.856,0.709,0.936,-1.377,2.124,-0.782,-2.247,-0.813,-1.207
0.904,0.565,-0.179,0.535,-0.193,0.011,0.586,0.795,-0.792,1.356,-0.320,-0.026,-0.947,-1.341,0.867,0.862,-0.418,0.747,-0.585,1.857,0.651,0.931,-1.432,2.221,-0.787,-2.260,-0.819,-1.200
0.977,0.665,0.292,0.560,-0.208,0.008,0.756,0.717,-0.932,1.297,-0.327,-0.015,-0.857,-1.326,0.902,0.881,-0.492,1.123,-0.592,1.872,0.707,0.950,-1.278,2.188,-0.786,-2.250,-0.816,-1.197
1.072,0.720,-0.065,0.454,-0.175,0.020,0.615,0.984,-0.940,1.433,-0.329,-0.008,-0.900,-1.263,0.857,0.856,-0.388,1.245,-0.588,1.856,0.695,0.925,-1.244,1.602,-0.786,-2.262,-0.811,-1.196
0.916,0.743,0.260,0.548,-0.220,0.018,0.628,0.862,-0.633,0.998,-0.319,-0.000,-0.856,-1.403,0.905,0.874,-0.137,0.781,-0.590,1.869,0.692,0.918,-1.049,1.147,-0.785,-2.256,-0.814,-1.192
1.115,0.703,-0.095,0.166,-0.164,0.011,0.572,0.808,-0.709,1.224,-0.221,-0.015,-0.904,-1.365,0.850,0.887,-0.485,0.505,-0.589,1.867,0.679,0.938,-1.225,1.137,-0.786,-2.259,-0.808,-1.193
0.988,0.646,0.008,0.522,-0.053,-0.012,0.717,0.823,-0.786,1.153,-0.113,0.022,-0.777,-1.419,0.911,0.855,-0.524,0.808,-0.595,1.882,0.641,0.918,-1.569,1.098,-0.790,-2.270,-0.807,-1.189
1.082,0.703,-0.263,0.601,-0.081,0.001,0.586,0.851,-0.932,0.998,-0.135,0.025,-0.947,-1.325,0.918,0.889,-0.418,0.928,-0.593,1.879,0.686,0.903,-1.320,1.256,-0.791,-2.269,-0.812,-1.193
0.938,0.841,-0.063,0.323,-0.223,0.025,0.628,0.873,-1.289,1.144,-0.254,-0.008,-1.080,-1.355,0.908,0.875,-0.402,0.610,-0.580,1.836,0.686,0.939,-1.692,1.251,-0.780,-2.239,-0.815,-1.194
0.978,0.645,-0.179,0.469,-0.149,0.023,0.572,0.758,-1.001,0.998,-0.273,-0.001,-1.033,-1.325,0.901,0.878,-0.570,1.142,-0.581,1.839,0.686,0.927,-1.224,1.232,-0.782,-2.246,-0.812,-1.201
1.018,0.604,-0.095,0.456,-0.197,0.013,0.567,0.955,-0.647,0.930,-0.268,-0.022,-0.900,-1.405,0.864,0.881,-0.423,0.589,-0.596,1.888,0.692,0.918,-1.198,1.449,-0.787,-2.257,-0.816,-1.194
0.926,0.605,0.125,0.403,-0.197,0.015,0.731,0.794,-0.710,1.215,-0.288,-0.005,-0.854,-1.375,0.870,0.878,-0.338,0.960,-0.578,1.835,0.697,0.924,-1.166,1.575,-0.780,-2.236,-0.810,-1.201
1.019,0.722,-0.011,0.180,-0.186,0.025,0.586,0.822,-0.710,0.856,-0.309,0.008,-0.950,-1.365,0.878,0.867,-0.670,0.721,-0.591,1.865,0.704,0.918,-1.273,1.113,-0.792,-2.274,-0.823,-1.193
0.915,0.235,0.072,0.534,-0.182,0.024,0.644,0.716,-1.008,1.005,-0.350,-0.001,-0.950,-1.349,0.870,0.862,-0.215,0.504,-0.586,1.859,0.685,0.950,-1.635,1.231,-0.785,-2.249,-0.819,-1.189
1.210,0.724,-0.011,0.311,-0.212,0.017,0.821,0.845,-0.856,1.074,-0.268,-0.013,-0.944,-1.373,0.924,0.887,-0.354,0.299,-0.587,1.860,0.714,0.928,-1.320,1.227,-0.788,-2.262,-0.810,-1.187
1.030,0.643,-0.397,0.480,-0.162,0.032,0.857,1.011,-0.856,1.351,-0.297,-0.020,-0.900,-1.326,0.864,0.897,-0.995,1.230,-0.588,1.866,0.714,0.964,-1.359,1.294,-0.785,-2.257,-0.812,-1.196
0.883,0.605,-0.144,0.468,-0.237,0.015,0.635,0.873,-0.932,1.149,-0.324,-0.009,-0.856,-1.325,0.862,0.875,-0.496,0.604,-0.590,1.863,0.648,0.936,-1.399,1.386,-0.787,-2.261,-0.816,-1.189
1.093,0.604,0.009,0.522,-0.185,0.017,0.641,0.769,-0.781,1.149,-0.278,-0.026,-0.811,-1.335,0.888,0.855,-0.457,0.783,-0.589,1.864,0.701,0.957,-1.272,1.620,-0.786,-2.256,-0.815,-1.201
0.968,0.662,-0.362,0.455,-0.268,0.029,0.658,0.848,-0.856,1.002,-0.345,-0.003,-0.854,-1.247,0.911,0.888,-1.334,2.615,-0.589,1.863,0.654,0.935,-1.322,1.070,-0.788,-2.261,-0.808,-1.197
0.821,0.724,0.073,0.548,-0.254,0.004,0.598,0.887,-0.563,1.077,-0.305,-0.007,-0.944,-1.354,0.886,0.870,-3.442,7.312,-0.590,1.866,0.690,0.937,-1.334,1.127,-0.786,-2.259,-0.809,-1.191
0.800,0.703,0.344,0.613,-0.178,0.029,0.730,0.688,-0.493,0.852,-0.309,0.002,-0.947,-1.404,0.920,0.860,-5.683,11.510,-0.588,1.860,0.702,0.935,-1.126,1.268,-0.786,-2.258,-0.811,-1.202
0.872,0.722,-0.986,2.100,-0.131,0.018,0.726,0.848,-0.557,1.073,-0.288,0.001,-0.856,-1.311,0.812,0.861,-7.189,15.531,-0.590,1.865,0.718,0.932,-1.398,1.237,-0.788,-2.261,-0.815,-1.197
1.019,0.605,-1.825,3.729,-0.197,0.013,0.572,0.900,-0.784,0.924,-0.288,-0.009,-0.994,-1.354,0.834,0.871,-7.827,15.254,-0.589,1.864,0.626,0.933,-1.277,1.180,-0.789,-2.261,-0.812,-1.198
0.957,0.722,-3.633,5.391,-0.171,0.021,0.785,0.769,-0.630,0.997,-0.264,-0.012,-0.950,-1.419,0.895,0.863,-9.376,15.459,-0.581,1.845,0.674,0.962,-1.304,1.258,-0.783,-2.248,-0.811,-1.198
0.935,0.684,-5.111,9.642,-0.197,0.027,0.772,0.795,-0.563,1.144,-0.361,0.002,-0.994,-1.311,0.882,0.890,-7.838,13.511,-0.597,1.873,0.698,0.933,-0.825,1.182,-0.787,-2.268,-0.818,-1.201
0.967,0.663,-3.225,4.728,-0.098,0.019,0.730,0.808,-0.344,1.073,-0.284,-0.014,-0.857,-1.326,0.865,0.881,-6.536,8.235,-0.577,1.840,0.693,0.961,-0.659,1.211,-0.786,-2.253,-0.812,-1.205
0.853,0.743,-1.531,1.247,-0.229,0.025,0.713,0.705,-0.928,1.218,-0.308,-0.003,-0.993,-1.357,0.902,0.861,-6.168,7.611,-0.582,1.835,0.649,0.942,-0.980,1.303,-0.787,-2.265,-0.808,-1.205
0.967,0.624,-4.662,6.123,-0.241,0.016,0.526,0.727,-0.417,1.284,-0.345,0.005,-0.900,-1.326,0.854,0.895,-7.257,9.947,-0.615,1.891,0.648,0.943,-0.984,1.393,-0.785,-2.257,-0.802,-1.195
0.904,0.682,-2.305,2.544,-0.146,0.034,0.773,0.942,-0.350,0.932,-0.283,0.013,-0.850,-1.418,0.964,0.902,-1.656,2.589,-0.574,1.890,0.685,0.946,-0.310,1.282,-0.789,-2.267,-0.811,-1.209
0.999,0.605,-2.115,-0.854,-0.229,0.025,0.615,0.808,0.163,0.988,-0.283,-0.006,-0.912,-1.326,0.866,0.872,-3.977,1.790,-0.582,1.815,0.713,0.944,-0.024,1.094,-0.785,-2.252,-0.800,-1.198
0.946,0.584,-6.249,5.164,-0.218,0.010,0.593,0.783,0.461,0.924,-0.289,-0.018,-0.854,-1.380,0.894,0.838,-7.381,5.643,-0.602,1.860,0.640,0.909,0.151,1.297,-0.785,-2.252,-0.799,-1.199
0.862,0.682,-3.144,4.190,-0.159,0.031,0.585,0.744,-0.168,1.433,-0.294,-0.011,-1.033,-1.356,0.926,0.898,-1.057,2.621,-0.579,1.889,0.710,0.955,0.075,1.655,-0.787,-2.254,-0.822,-1.193
1.270,0.722,-3.333,0.619,-0.196,0.033,0.658,0.638,-0.327,1.154,-0.305,-0.013,-0.857,-1.365,0.924,0.884,-2.036,-3.039,-0.595,1.867,0.689,0.931,-0.467,1.408,-0.789,-2.256,-0.816,-1.210
0.871,0.645,-4.021,2.225,-0.160,0.019,0.736,0.823,-0.494,1.007,-0.398,0.011,-0.857,-1.404,0.833,0.875,-2.171,0.380,-0.585,1.876,0.695,0.927,-0.921,1.246,-0.786,-2.257,-0.801,-1.204
1.009,0.721,-4.076,2.694,-0.207,0.008,0.696,0.876,-0.270,0.996,-0.304,-0.005,-0.909,-1.349,0.900,0.859,-3.250,-0.588,-0.595,1.836,0.665,0.948,-0.586,1.273,-0.787,-2.259,-0.797,-1.200
0.904,0.643,-1.873,0.158,-0.210,0.015,0.772,0.954,-0.354,0.931,-0.273,-0.020,-0.950,-1.310,0.908,0.908,0.334,-5.085,-0.594,1.857,0.689,0.966,-1.198,1.433,-0.787,-2.260,-0.820,-1.201
0.882,0.662,-3.205,1.403,-0.190,0.025,0.683,1.007,-0.378,1.065,-0.304,-0.007,-0.904,-1.358,0.831,0.860,-2.136,-2.780,-0.596,1.847,0.712,0.935,-0.947,1.059,-0.787,-2.259,-0.809,-1.205
0.882,0.662,-3.205,1.403,-0.190,0.025,0.683,1.007,-0.378,1.065,-0.304,-0.007,-0.904,-1.358,0.831,0.860,-3.585,0.118,-0.596,1.847,0.712,0.935,-0.947,1.059,-0.787,-2.259,-0.809,-1.205
1.082,0.722,-2.397,1.744,-0.249,0.017,0.598,0.730,-0.272,1.078,-0.345,-0.006,-0.951,-1.419,0.829,0.878,-0.068,-2.340,-0.591,1.867,0.681,0.935,-0.876,1.391,-0.786,-2.266,-0.818,-1.196
0.884,0.584,-2.964,2.615,-0.211,0.009,0.688,0.809,-0.354,0.998,-0.252,-0.016,-0.940,-1.364,0.917,0.901,-0.549,-0.874,-0.589,1.864,0.725,0.964,-1.277,1.203,-0.788,-2.257,-0.817,-1.201
0.978,0.861,-2.694,2.170,-0.210,0.015,0.713,0.755,-1.283,0.931,-0.289,-0.020,-0.990,-1.326,0.866,0.832,-1.786,-1.062,-0.591,1.862,0.744,0.933,-1.814,1.005,-0.786,-2.260,-0.802,-1.195
0.904,0.742,-2.506,1.741,-0.170,0.027,0.815,0.677,-0.329,0.932,-0.278,-0.013,-0.947,-1.325,0.912,0.864,-0.554,-2.481,-0.589,1.864,0.682,0.920,-1.262,1.144,-0.789,-2.262,-0.808,-1.179
0.747,0.684,-2.896,2.045,-0.153,0.003,0.756,0.848,-0.640,1.078,-0.257,-0.009,-0.854,-1.298,0.875,0.851,0.225,-4.340,-0.595,1.841,0.704,0.938,-1.366,1.302,-0.786,-2.266,-0.813,-1.183
0.747,0.684,-2.896,2.045,-0.153,0.003,0.756,0.848,-0.640,1.078,-0.257,-0.009,-0.854,-1.298,0.875,0.851,-0.803,-2.283,-0.595,1.841,0.704,0.938,-1.366,1.302,-0.786,-2.266,-0.813,-1.183
0.830,0.663,-1.322,0.808,-0.184,0.023,0.599,0.848,-1.145,0.996,-0.299,-0.017,-0.866,-1.446,0.879,0.879,1.085,-2.838,-0.589,1.848,0.704,0.959,-1.632,1.102,-0.785,-2.250,-0.816,-1.182
0.830,0.663,-1.322,0.808,-0.184,0.023,0.599,0.848,-1.145,0.996,-0.299,-0.017,-0.866,-1.446,0.879,0.879,0.211,-1.090,-0.589,1.848,0.704,0.959,-1.632,1.102,-0.785,-2.250,-0.816,-1.182
0.968,0.665,-2.160,2.954,-0.250,0.019,0.454,0.730,-0.709,0.856,-0.252,-0.008,-0.947,-1.339,0.900,0.888,-0.162,-0.836,-0.594,1.845,0.604,0.969,-1.081,1.316,-0.786,-2.261,-0.806,-1.195
0.925,0.663,-1.808,2.893,-0.208,0.016,0.747,0.716,-0.635,0.932,-0.299,-0.020,-0.900,-1.324,0.905,0.867,0.611,-0.706,-0.589,1.851,0.668,0.914,-1.717,1.287,-0.785,-2.257,-0.807,-1.206
1.019,0.665,-1.203,0.996,-0.208,0.016,0.700,0.758,-0.781,1.008,-0.309,-0.003,-0.939,-1.271,0.893,0.897,-0.222,-1.585,-0.595,1.851,0.697,0.969,-1.414,1.159,-0.786,-2.253,-0.812,-1.195
0.925,0.761,-2.335,1.838,-0.190,0.025,0.599,0.798,-1.002,0.894,-0.298,-0.009,-0.950,-1.299,0.865,0.886,-0.766,-2.145,-0.591,1.859,0.697,0.927,-1.776,1.620,-0.787,-2.262,-0.818,-1.195
1.082,0.646,-1.354,2.947,-0.205,0.021,0.684,0.834,-1.142,1.014,-0.272,-0.023,-0.950,-1.314,0.923,0.867,0.917,-0.390,-0.589,1.871,0.640,0.959,-1.960,1.307,-0.786,-2.257,-0.817,-1.200
0.946,0.802,-0.907,1.780,-0.210,0.015,0.743,0.797,-0.570,0.856,-0.330,-0.018,-0.856,-1.405,0.911,0.919,0.952,-2.843,-0.591,1.855,0.677,0.935,-1.323,1.095,-0.787,-2.260,-0.814,-1.189
0.999,0.586,-2.622,3.501,-0.178,0.017,0.641,0.769,-0.870,0.927,-0.340,-0.007,-0.944,-1.311,0.870,0.862,-0.699,-0.236,-0.587,1.870,0.673,0.931,-1.799,1.176,-0.785,-2.260,-0.812,-1.197
1.166,0.644,-1.570,2.502,-0.224,0.027,0.729,0.716,-0.786,1.073,-0.334,0.005,-0.850,-1.325,0.913,0.849,0.065,-1.245,-0.593,1.852,0.714,0.912,-1.413,1.585,-0.788,-2.254,-0.807,-1.183
0.978,0.663,-2.035,1.447,-0.268,0.013,0.658,0.730,-0.412,1.219,-0.350,-0.001,-0.906,-1.379,0.928,0.853,-0.971,-2.299,-0.593,1.850,0.654,0.951,-1.006,1.329,-0.788,-2.259,-0.812,-1.194
1.008,0.705,-2.073,2.690,-0.158,0.031,0.701,0.809,-0.920,1.067,-0.310,-0.009,-0.900,-1.244,0.892,0.867,-0.646,-0.647,-0.588,1.872,0.682,0.908,-1.043,1.263,-0.785,-2.257,-0.807,-1.189
0.978,0.781,-1.787,2.465,-0.185,0.023,0.747,0.968,-0.715,0.932,-0.289,-0.010,-0.994,-1.405,0.879,0.891,-0.708,-0.874,-0.594,1.871,0.637,0.939,-1.218,1.387,-0.786,-2.257,-0.824,-1.197
0.999,0.761,-2.380,2.491,-0.196,0.019,0.666,0.746,-1.008,0.793,-0.314,0.001,-1.035,-1.284,0.946,0.842,-1.088,-0.332,-0.588,1.851,0.673,0.942,-1.812,0.702,-0.786,-2.255,-0.814,-1.194
0.926,0.643,-2.251,1.425,-0.214,0.030,0.773,0.719,-0.633,1.073,-0.298,-0.020,-0.900,-1.324,0.919,0.888,-0.996,-2.087,-0.585,1.849,0.681,0.923,-2.334,3.207,-0.787,-2.263,-0.812,-1.196
0.986,0.703,-2.019,1.655,-0.174,0.015,0.689,0.823,-0.932,0.856,-0.255,-0.026,-0.806,-1.273,0.947,0.839,-1.162,-1.275,-0.588,1.865,0.636,0.916,-4.414,7.373,-0.787,-2.263,-0.807,-1.202
0.936,0.840,-1.839,1.796,-0.224,0.018,0.628,0.744,-0.861,0.793,-0.289,-0.004,-0.900,-1.351,0.923,0.893,-0.181,-1.581,-0.592,1.856,0.655,0.940,-6.351,11.845,-0.787,-2.260,-0.818,-1.193
1.008,0.724,-0.707,1.234,-0.181,0.002,0.743,0.822,-3.126,6.205,-0.319,-0.011,-0.994,-1.298,0.853,0.864,-0.271,-0.801,-0.592,1.852,0.689,0.944,-7.130,14.727,-0.787,-2.258,-0.819,-1.195
0.988,0.663,-1.953,2.052,-0.206,0.028,0.671,0.637,-1.715,3.977,-0.314,-0.013,-0.854,-1.365,0.896,0.841,-0.973,-0.471,-0.591,1.869,0.699,0.896,-6.842,14.806,-0.787,-2.262,-0.806,-1.196
0.926,0.585,-1.659,2.500,-0.231,0.034,0.628,1.005,-1.537,3.044,-0.309,0.008,-0.947,-1.391,0.923,0.869,0.021,-1.277,-0.590,1.851,0.657,0.963,-8.681,17.423,-0.787,-2.255,-0.815,-1.191
0.747,0.684,-0.637,1.219,-0.159,0.025,0.627,0.862,-5.631,9.622,-0.329,-0.008,-0.947,-1.311,0.899,0.882,1.078,-2.753,-0.584,1.867,0.692,0.916,-11.855,19.837,-0.789,-2.254,-0.818,-1.185
1.020,0.624,-0.779,0.895,-0.211,0.009,0.798,0.773,-2.119,3.809,-0.261,0.003,-0.950,-1.365,0.877,0.848,0.653,-2.518,-0.591,1.857,0.699,0.906,-3.531,7.260,-0.787,-2.266,-0.814,-1.200
0.810,0.506,-0.413,0.759,-0.159,0.025,0.742,0.772,-3.205,3.776,-0.329,0.009,-0.856,-1.324,0.883,0.848,1.779,-3.035,-0.586,1.865,0.714,0.956,-4.502,6.462,-0.787,-2.249,-0.815,-1.191
0.820,0.465,0.099,-0.116,-0.229,0.020,0.628,0.848,-4.194,3.705,-0.314,0.001,-0.853,-1.339,0.908,0.871,2.106,-3.218,-0.593,1.864,0.657,0.966,-6.002,4.217,-0.792,-2.254,-0.816,-1.179
0.971,0.626,0.529,-0.137,-0.225,0.016,0.736,0.769,-3.685,3.487,-0.297,-0.020,-0.944,-1.289,0.911,0.907,3.001,-3.401,-0.587,1.864,0.723,0.954,-4.233,1.311,-0.788,-2.244,-0.813,-1.148
0.966,0.743,1.010,0.106,-0.184,0.023,0.607,0.688,-2.753,2.640,-0.283,-0.001,-0.947,-1.384,0.903,0.852,2.973,-2.702,-0.585,1.868,0.674,0.957,-2.392,0.638,-0.790,-2.261,-0.813,-1.188
0.937,0.703,0.501,-0.735,-0.286,0.019,0.653,0.848,-1.393,2.296,-0.320,-0.016,-0.993,-1.351,0.856,0.819,0.940,-1.640,-0.594,1.829,0.674,0.944,-0.370,-2.292,-0.784,-2.263,-0.813,-1.202
0.937,0.703,0.501,-0.735,-0.286,0.019,0.653,0.848,-1.393,2.296,-0.320,-0.016,-0.993,-1.351,0.856,0.819,2.187,-4.135,-0.594,1.829,0.674,0.944,-2.159,1.288,-0.784,-2.263,-0.813,-1.202
1.020,0.702,-0.692,2.813,-0.228,0.019,0.598,0.968,-1.009,-0.997,-0.252,-0.005,-0.900,-1.352,0.890,0.846,0.725,-0.574,-0.588,1.852,0.628,0.955,-2.644,0.772,-0.785,-2.258,-0.814,-1.206
1.020,0.702,-0.692,2.813,-0.228,0.019,0.598,0.968,-1.009,-0.997,-0.252,-0.005,-0.900,-1.352,0.890,0.846,2.109,-3.341,-0.588,1.852,0.628,0.955,-4.330,4.145,-0.785,-2.258,-0.814,-1.206
0.946,0.761,0.525,-1.473,-0.207,0.016,0.858,0.730,-3.086,5.155,-0.232,-0.019,-0.900,-1.433,0.940,0.868,1.202,-3.685,-0.597,1.874,0.668,0.905,-1.788,2.042,-0.782,-2.265,-0.810,-1.231
0.811,0.664,0.266,1.418,-0.152,0.030,0.756,0.808,-2.555,1.750,-0.321,-0.010,-0.851,-1.380,0.890,0.904,0.319,1.682,-0.585,1.859,0.706,0.959,-1.007,-2.026,-0.791,-2.261,-0.817,-1.187
0.915,0.584,0.111,0.082,-0.205,0.027,0.527,0.794,-2.124,2.605,-0.309,-0.003,-0.945,-1.380,0.854,0.887,0.815,-1.246,-0.577,1.869,0.652,0.945,-0.298,-2.503,-0.787,-2.235,-0.823,-1.195
0.988,0.585,0.608,-1.630,-0.203,0.027,0.513,0.691,-3.695,3.723,-0.324,-0.009,-0.900,-1.325,0.835,0.828,-0.780,1.221,-0.593,1.869,0.676,0.888,-0.279,-3.862,-0.786,-2.262,-0.799,-1.173
1.030,0.762,-1.456,1.742,-0.207,0.014,0.713,0.719,-1.799,-0.089,-0.372,-0.017,-0.900,-1.295,0.912,0.845,-2.208,1.769,-0.587,1.866,0.681,0.937,0.615,-4.956,-0.789,-2.247,-0.811,-1.198
0.946,0.722,1.205,0.306,-0.197,0.013,0.823,0.769,-1.909,3.630,-0.350,-0.001,-0.900,-1.364,0.902,0.933,-0.211,1.168,-0.589,1.864,0.723,1.008,0.019,-2.189,-0.789,-2.257,-0.816,-1.196
0.946,0.722,1.205,0.306,-0.197,0.013,0.823,0.769,-1.909,3.630,-0.350,-0.001,-0.900,-1.364,0.902,0.933,1.579,-2.412,-0.589,1.864,0.723,1.008,-1.228,0.306,-0.789,-2.257,-0.816,-1.196
0.999,0.527,-1.946,2.315,-0.221,0.024,0.717,0.864,-0.894,0.556,-0.284,-0.008,-0.947,-1.275,0.896,0.886,-0.567,-2.783,-0.588,1.864,0.728,0.952,-0.703,0.079,-0.788,-2.250,-0.783,-1.194
0.999,0.527,-1.946,2.315,-0.221,0.024,0.717,0.864,-0.894,0.556,-0.284,-0.008,-0.947,-1.275,0.905,0.891,0.329,-4.767,-0.587,1.865,0.728,0.946,-0.683,0.258,-0.788,-2.249,-0.781,-1.194
0.966,0.684,-1.566,-0.555,-0.260,0.006,0.698,0.651,-2.664,2.535,-0.334,-0.017,-0.905,-1.365,0.867,0.838,-2.836,0.260,-0.605,1.860,0.717,0.924,-0.368,-1.201,-0.786,-2.267,-0.809,-1.212
1.102,0.762,-0.754,-1.635,-0.210,0.015,0.543,0.744,-2.805,3.767,-0.323,-0.007,-0.905,-1.379,0.899,0.862,-1.032,-2.726,-0.589,1.846,0.650,0.923,-0.737,0.621,-0.788,-2.259,-0.811,-1.199
0.999,0.701,-0.167,-0.666,-0.151,0.038,0.658,0.848,-2.857,3.431,-0.298,-0.001,-0.951,-1.404,0.906,0.904,0.065,0.178,-0.574,1.885,0.650,0.958,-1.485,-0.065,-0.786,-2.251,-0.818,-1.197
1.052,0.645,-0.627,1.321,-0.221,0.005,0.645,0.769,-1.707,1.736,-0.242,0.002,-0.896,-1.336,0.943,0.882,-0.797,3.687,-0.600,1.854,0.680,0.985,0.944,-2.832,-0.790,-2.276,-0.821,-1.199
0.796,0.684,-0.588,-0.148,-0.171,0.021,0.671,0.957,-1.899,2.151,-0.293,-0.008,-0.907,-1.257,0.929,0.862,-3.137,0.189,-0.582,1.865,0.697,0.910,-0.589,-2.198,-0.785,-2.248,-0.798,-1.189
1.083,0.801,-0.317,1.133,-0.122,0.003,0.815,0.808,-1.578,2.276,-0.175,0.009,-0.989,-1.297,0.938,0.884,-1.082,4.424,-0.595,1.893,0.689,0.916,1.043,-2.313,-0.788,-2.274,-0.816,-1.195
0.946,0.645,-1.615,2.428,-0.181,0.028,0.671,0.951,-0.725,2.569,-0.329,-0.008,-0.856,-1.405,0.859,0.879,-1.965,4.706,-0.578,1.857,0.680,0.934,1.132,-2.256,-0.781,-2.237,-0.806,-1.198
0.957,0.624,-1.446,-0.753,-0.160,0.019,0.700,0.914,-2.240,2.234,-0.324,-0.023,-0.947,-1.323,0.897,0.833,-2.059,-0.628,-0.577,1.845,0.702,0.942,-0.159,-1.732,-0.779,-2.237,-0.813,-1.197
1.010,0.723,0.583,-0.529,-0.106,-0.008,0.670,0.663,-2.322,2.918,-0.229,0.003,-0.943,-1.445,0.939,0.887,0.576,0.209,-0.598,1.850,0.650,0.957,-0.198,-1.086,-0.795,-2.289,-0.797,-1.189
0.988,0.526,-0.482,-0.406,-0.235,0.021,0.713,0.848,-1.614,2.969,-0.287,-0.015,-0.941,-1.362,0.930,0.900,-1.272,2.664,-0.583,1.839,0.674,0.934,0.471,-1.527,-0.777,-2.234,-0.820,-1.207
1.019,0.663,-0.603,0.032,-0.095,0.012,0.572,0.848,-2.449,3.050,-0.264,-0.044,-0.951,-1.300,0.875,0.882,-2.566,4.319,-0.583,1.868,0.676,0.942,-0.811,-0.472,-0.789,-2.264,-0.811,-1.192
1.051,0.918,0.406,-1.995,-0.205,0.023,0.713,0.689,-2.178,2.364,-0.319,-0.014,-0.956,-1.325,0.903,0.838,-3.252,6.019,-0.593,1.876,0.661,0.923,0.052,-1.340,-0.792,-2.272,-0.813,-1.195
0.999,0.822,0.268,-0.563,-0.199,0.013,0.507,0.688,-1.822,2.689,-0.298,-0.002,-0.875,-1.365,0.834,0.866,-6.153,12.191,-0.588,1.857,0.660,0.937,0.148,-1.489,-0.782,-2.247,-0.812,-1.202
0.933,0.681,-1.846,3.472,-0.188,0.024,0.611,0.744,-1.556,2.106,-0.252,-0.008,-0.859,-1.379,0.888,0.863,-8.508,16.948,-0.588,1.875,0.716,0.945,0.029,-1.344,-0.790,-2.271,-0.824,-1.191
1.103,0.762,-0.906,2.382,-0.159,0.037,0.569,0.836,-2.217,2.005,-0.263,-0.010,-0.900,-1.419,0.944,0.863,-7.632,15.122,-0.578,1.852,0.611,0.933,-0.430,-2.067,-0.785,-2.254,-0.814,-1.198
0.882,0.841,-1.184,3.094,-0.251,0.016,0.671,0.848,-1.458,2.447,-0.273,-0.012,-0.850,-1.325,0.907,0.903,-5.677,14.269,-0.601,1.889,0.708,0.943,0.783,-0.697,-0.787,-2.258,-0.811,-1.199
0.790,0.818,-1.946,2.161,-0.226,0.026,0.569,0.769,-2.005,2.479,-0.317,-0.011,-0.942,-1.325,0.862,0.860,-6.185,9.931,-0.578,1.832,0.649,0.896,-0.151,0.117,-0.787,-2.264,-0.805,-1.188
0.790,0.818,-1.946,2.161,-0.226,0.026,0.569,0.769,-2.005,2.479,-0.317,-0.011,-0.942,-1.325,0.862,0.860,-6.185,9.931,-0.578,1.832,0.649,0.896,0.232,-0.650,-0.787,-2.264,-0.805,-1.188
0.925,0.684,-1.231,1.318,-0.275,-0.002,0.628,0.730,-1.450,2.777,-0.276,-0.008,-0.911,-1.380,0.878,0.906,-3.409,4.602,-0.588,1.852,0.721,0.943,-0.126,0.230,-0.786,-2.255,-0.815,-1.223
0.873,0.703,-1.393,1.490,-0.202,0.028,0.773,0.716,-1.784,2.259,-0.295,-0.013,-0.933,-1.363,0.934,0.884,-3.139,4.705,-0.592,1.878,0.640,0.941,-0.407,-0.520,-0.786,-2.255,-0.807,-1.202
0.977,0.624,-1.824,1.596,-0.193,0.017,0.730,0.769,-1.313,2.259,-0.335,-0.006,-0.855,-1.380,0.875,0.878,-3.782,4.665,-0.586,1.860,0.659,0.932,-0.444,-0.836,-0.788,-2.266,-0.808,-1.197
1.020,0.821,-0.621,0.821,-0.183,0.029,0.607,0.716,-1.115,1.192,-0.274,-0.014,-0.945,-1.325,0.909,0.848,-2.151,2.571,-0.584,1.859,0.669,0.925,0.229,-1.403,-0.785,-2.264,-0.812,-1.192
0.977,0.781,-0.790,0.518,-0.197,0.027,0.569,0.848,-0.725,0.221,-0.257,-0.014,-0.951,-1.286,0.855,0.880,-1.502,1.601,-0.595,1.864,0.706,0.926,0.701,-2.641,-0.785,-2.258,-0.816,-1.201
1.103,0.646,-0.973,0.100,-0.211,0.023,0.527,0.677,-0.847,0.889,-0.294,-0.009,-0.861,-1.342,0.885,0.855,-1.266,0.872,-0.589,1.868,0.728,0.935,0.799,-3.352,-0.787,-2.257,-0.826,-1.199
1.135,0.764,-0.547,0.019,-0.176,0.023,0.743,0.675,-0.911,1.301,-0.278,-0.013,-0.900,-1.379,0.912,0.895,-1.037,0.640,-0.583,1.866,0.734,0.942,1.011,-3.299,-0.786,-2.260,-0.807,-1.198
0.883,1.074,-0.691,-0.348,-0.158,0.010,0.841,0.716,-1.072,-0.373,-0.288,-0.015,-0.904,-1.288,0.913,0.882,-1.242,0.314,-0.594,1.858,0.735,0.924,0.370,-4.011,-0.788,-2.260,-0.815,-1.192
1.059,1.153,-0.099,-0.124,-0.184,0.023,0.686,0.822,-0.040,-0.589,-0.267,-0.000,-0.946,-1.287,0.941,0.894,0.200,0.108,-0.585,1.868,0.711,0.931,1.158,-3.826,-0.787,-2.260,-0.808,-1.174
1.040,0.781,0.184,-0.188,-0.207,0.021,0.696,0.916,0.068,-0.144,-0.314,-0.009,-0.997,-1.310,0.933,0.888,-0.175,0.123,-0.592,1.854,0.715,0.952,0.933,-2.417,-0.788,-2.253,-0.813,-1.208
1.061,0.605,0.348,0.083,-0.154,0.024,0.694,0.783,-0.783,0.795,-0.284,-0.003,-0.904,-1.364,0.887,0.878,0.330,0.591,-0.588,1.867,0.651,0.924,1.361,-3.511,-0.787,-2.259,-0.805,-1.199
0.938,0.626,0.346,-0.349,-0.224,0.027,0.740,0.769,-0.461,-0.338,-0.335,-0.006,-0.905,-1.364,0.940,0.873,0.025,0.392,-0.588,1.863,0.682,0.938,1.770,-6.043,-0.786,-2.257,-0.810,-1.195
1.053,0.743,-0.149,-0.205,-0.192,0.017,0.713,0.862,-0.271,-1.472,-0.323,-0.007,-0.871,-1.495,0.792,0.850,-0.090,0.252,-0.589,1.865,0.657,0.930,2.407,-6.715,-0.787,-2.255,-0.814,-1.201
0.946,0.741,0.124,-0.218,-0.207,0.018,0.769,0.753,-1.812,0.668,-0.264,-0.012,-0.900,-1.403,0.825,0.879,0.048,0.214,-0.588,1.864,0.708,0.948,0.563,-3.184,-0.787,-2.263,-0.809,-1.196
1.030,0.744,-0.094,-0.059,-0.056,-0.012,0.671,0.769,-1.010,-0.059,-0.211,0.009,-0.947,-1.357,0.851,0.883,-0.350,0.363,-0.591,1.870,0.692,0.957,-0.352,-0.738,-0.791,-2.276,-0.820,-1.202
0.977,0.643,0.208,0.019,-0.159,0.019,0.697,0.758,0.211,0.320,-0.352,-0.020,-0.943,-1.380,0.922,0.831,0.013,0.411,-0.593,1.876,0.691,0.934,0.189,-0.001,-0.787,-2.251,-0.809,-1.192
1.093,0.662,0.075,-0.059,-0.160,0.005,0.480,0.808,0.412,-0.964,-0.232,0.002,-0.908,-1.348,0.811,0.857,-0.303,0.427,-0.582,1.832,0.662,0.935,0.042,-2.124,-0.780,-2.243,-0.812,-1.196
0.998,0.605,0.414,-0.283,-0.163,0.011,0.798,0.755,0.107,-1.873,-0.255,-0.008,-0.993,-1.326,0.826,0.868,-0.416,0.162,-0.599,1.881,0.694,0.915,-1.601,0.898,-0.793,-2.275,-0.809,-1.191
0.929,0.781,-0.095,-0.152,-0.189,0.025,0.609,0.689,-1.114,0.693,-0.294,-0.016,-0.950,-1.326,0.930,0.860,-0.455,0.343,-0.580,1.844,0.675,0.947,-1.845,1.524,-0.776,-2.236,-0.806,-1.198
1.081,0.721,-0.210,-0.112,-0.234,0.018,0.743,0.876,-1.943,2.537,-0.239,-0.020,-0.938,-1.403,0.935,0.872,-0.737,0.421,-0.589,1.867,0.759,0.939,-0.446,-0.549,-0.788,-2.278,-0.810,-1.197
0.954,0.722,-0.095,-0.205,-0.200,0.020,0.598,0.901,0.732,-2.765,-0.282,-0.006,-0.858,-1.326,0.934,0.875,-0.601,-0.206,-0.594,1.884,0.743,0.933,1.722,-3.977,-0.789,-2.272,-0.803,-1.205
0.904,0.590,-0.179,-0.271,-0.122,0.015,0.737,0.822,0.265,-0.436,-0.227,0.019,-0.989,-1.287,0.910,0.879,-0.462,-0.100,-0.586,1.858,0.646,0.955,0.507,-0.345,-0.786,-2.240,-0.815,-1.195
0.937,0.722,-0.179,-0.284,0.076,-0.040,0.743,1.074,0.462,-2.072,0.040,0.046,-1.121,-1.364,0.834,0.869,-0.595,-0.101,-0.601,1.889,0.715,0.921,-1.983,2.374,-0.791,-2.285,-0.805,-1.196
0.915,0.724,0.178,-0.125,0.162,-0.047,0.773,0.730,-0.504,1.472,-0.039,0.053,-0.996,-1.365,0.866,0.881,-0.071,-0.146,-0.599,1.919,0.734,0.954,-1.661,3.655,-0.793,-2.282,-0.811,-1.196
0.841,0.781,-0.346,-0.047,-0.033,-0.019,0.844,0.780,-1.126,3.403,-0.155,0.027,-0.996,-1.326,0.846,0.877,-0.628,0.290,-0.590,1.855,0.742,0.945,0.513,1.025,-0.778,-2.237,-0.810,-1.200
1.040,0.781,-0.179,0.177,-0.168,0.014,0.671,0.848,0.727,-1.151,-0.263,-0.017,-0.900,-1.295,0.825,0.864,-0.809,0.283,-0.580,1.835,0.671,0.916,1.595,-1.996,-0.777,-2.237,-0.817,-1.198
1.111,0.683,0.209,-0.178,-0.174,0.015,0.598,0.783,-0.865,2.171,-0.304,-0.018,-0.904,-1.480,0.956,0.879,0.175,0.378,-0.593,1.881,0.696,0.911,-2.041,3.429,-0.786,-2.261,-0.818,-1.188
1.111,0.683,0.209,-0.178,-0.174,0.015,0.598,0.783,-0.865,2.171,-0.304,-0.018,-0.904,-1.480,0.956,0.879,0.175,0.378,-0.593,1.881,0.696,0.911,0.047,-0.746,-0.786,-2.261,-0.818,-1.188
1.103,0.742,0.074,0.098,-0.142,0.015,0.683,0.901,0.668,-0.317,-0.272,-0.009,-0.858,-1.302,0.865,0.883,-0.157,0.485,-0.593,1.872,0.675,0.940,3.113,-4.365,-0.780,-2.265,-0.805,-1.196
1.051,0.704,-0.078,0.177,-0.210,0.016,0.695,0.716,-1.008,3.068,-0.294,-0.016,-0.939,-1.349,0.920,0.856,-0.676,0.370,-0.589,1.861,0.676,0.932,-0.132,0.990,-0.783,-2.241,-0.813,-1.189
0.957,0.648,0.342,-0.271,-0.189,0.002,0.706,0.780,0.202,-0.003,-0.262,0.002,-0.943,-1.326,0.930,0.889,-0.323,-0.122,-0.587,1.860,0.667,0.933,1.717,-5.195,-0.781,-2.240,-0.819,-1.207
0.851,0.563,0.293,-0.284,-0.148,0.010,0.658,0.769,-0.337,-1.506,-0.217,0.008,-0.987,-1.280,0.884,0.834,-0.187,0.322,-0.591,1.871,0.679,0.928,4.221,-6.274,-0.794,-2.285,-0.809,-1.197
1.093,0.722,0.224,-0.205,-0.212,0.023,0.802,0.837,-2.154,2.024,-0.268,-0.008,-0.854,-1.365,0.879,0.863,-0.094,0.001,-0.586,1.846,0.706,0.935,-2.004,1.812,-0.777,-2.220,-0.815,-1.205
0.966,0.684,-0.095,-0.192,-0.228,0.012,0.543,0.823,0.195,0.247,-0.331,-0.018,-0.947,-1.341,0.904,0.841,-0.050,0.115,-0.593,1.864,0.697,0.927,-0.877,5.414,-0.791,-2.290,-0.812,-1.209
0.904,0.722,0.007,0.098,-0.218,0.017,0.658,0.769,1.303,-2.603,-0.334,0.002,-0.940,-1.419,0.912,0.877,-0.436,0.471,-0.588,1.870,0.671,0.921,-4.245,8.249,-0.791,-2.251,-0.810,-1.199
0.946,0.684,-0.178,-0.271,-0.213,0.022,0.642,0.850,-0.503,0.011,-0.300,-0.015,-0.950,-1.341,0.930,0.874,-0.412,0.258,-0.589,1.870,0.740,0.947,-9.359,16.053,-0.784,-2.234,-0.802,-1.195
1.126,0.784,-0.094,0.164,-0.229,0.019,0.616,0.637,-0.913,3.551,-0.314,-0.020,-0.857,-1.364,0.967,0.892,-0.530,0.099,-0.592,1.864,0.684,0.936,-8.174,17.320,-0.785,-2.265,-0.819,-1.203
1.126,0.784,-0.094,0.164,-0.229,0.019,0.616,0.637,-0.913,3.551,-0.314,-0.020,-0.857,-1.364,0.967,0.892,-0.530,0.099,-0.592,1.864,0.684,0.936,-8.174,17.320,-0.785,-2.265,-0.819,-1.203
1.061,0.703,0.344,-0.139,-0.212,0.017,0.696,0.822,-1.555,2.878,-0.328,-0.008,-0.850,-1.325,0.864,0.877,-0.054,0.409,-0.589,1.865,0.679,0.921,-6.843,11.060,-0.787,-2.258,-0.811,-1.192
0.829,0.720,-0.044,-0.181,-0.215,0.024,0.700,0.730,-1.237,3.100,-0.317,-0.009,-0.908,-1.325,0.887,0.871,-0.205,0.298,-0.589,1.866,0.683,0.909,-5.460,10.938,-0.790,-2.254,-0.814,-1.181
0.915,0.724,0.256,0.466,-0.249,0.009,0.889,0.691,-1.192,1.735,-0.335,0.002,-0.854,-1.323,0.866,0.869,0.019,0.320,-0.591,1.863,0.702,0.924,-5.031,7.346,-0.786,-2.263,-0.818,-1.176
0.999,0.590,0.075,-0.059,-0.217,0.025,0.403,0.730,-1.418,0.540,-0.303,-0.026,-0.944,-1.383,0.909,0.876,-0.317,0.322,-0.590,1.872,0.631,0.910,-4.162,5.113,-0.787,-2.259,-0.823,-1.171
0.915,0.583,0.338,0.087,-0.184,0.011,0.656,0.797,-1.250,0.219,-0.227,-0.008,-0.947,-1.366,0.850,0.854,0.094,0.471,-0.589,1.858,0.664,0.936,-3.823,1.918,-0.785,-2.260,-0.808,-1.170
1.082,0.663,0.674,0.233,-0.135,-0.002,0.514,0.887,-0.983,0.292,-0.175,0.001,-0.771,-1.298,0.906,0.892,0.439,0.383,-0.593,1.881,0.640,0.942,-2.893,2.338,-0.791,-2.273,-0.812,-1.186
0.915,0.605,-0.005,0.599,-0.219,0.024,0.570,0.823,-1.107,-0.509,-0.299,-0.017,-0.947,-1.375,0.876,0.907,-0.550,1.237,-0.582,1.844,0.681,0.894,-2.886,0.726,-0.780,-2.240,-0.817,-1.202
1.050,0.743,0.123,0.313,-0.191,0.023,0.713,0.822,-1.294,0.004,-0.320,-0.011,-0.947,-1.329,0.903,0.918,-0.325,1.021,-0.591,1.873,0.731,0.966,-2.910,0.924,-0.789,-2.266,-0.813,-1.203
1.042,0.702,0.078,0.753,-0.172,0.029,0.520,0.862,-0.049,0.231,-0.307,0.002,-0.947,-1.382,0.914,0.865,-0.628,1.292,-0.589,1.864,0.664,0.905,-2.027,1.466,-0.787,-2.256,-0.821,-1.217
0.997,0.684,-0.357,0.682,-0.220,0.024,0.801,0.783,-1.372,-0.060,-0.303,-0.018,-0.944,-1.342,0.931,0.855,-0.487,1.307,-0.589,1.863,0.689,0.946,-2.494,0.583,-0.787,-2.260,-0.816,-1.235
1.103,0.487,0.112,0.390,-0.250,0.016,0.658,0.645,-1.295,-0.572,-0.319,-0.008,-0.847,-1.325,0.942,0.874,-0.032,1.185,-0.590,1.869,0.694,0.929,-2.401,-0.291,-0.787,-2.260,-0.806,-1.187
0.935,0.644,-0.139,0.613,-0.145,0.035,0.513,0.688,-0.569,-0.382,-0.293,-0.014,-0.997,-1.326,0.884,0.886,-0.409,1.015,-0.589,1.871,0.646,0.939,-1.091,-0.201,-0.787,-2.257,-0.815,-1.191
0.957,0.684,0.171,0.325,-0.176,0.014,0.615,0.766,-0.488,0.267,-0.293,-0.008,-0.857,-1.326,0.896,0.876,-0.199,0.852,-0.590,1.862,0.673,0.910,-0.843,0.463,-0.785,-2.262,-0.811,-1.181
0.946,0.743,-0.515,0.599,-0.211,0.015,0.585,0.727,-0.710,-0.058,-0.248,-0.001,-0.861,-1.337,0.872,0.883,-1.218,0.820,-0.589,1.860,0.712,0.919,-1.188,0.116,-0.787,-2.259,-0.807,-1.184
0.852,0.703,-0.262,0.484,-0.228,0.025,0.582,0.744,-0.710,0.109,-0.273,-0.006,-0.940,-1.379,0.880,0.859,-0.868,0.668,-0.589,1.865,0.693,0.924,-1.358,0.864,-0.786,-2.254,-0.816,-1.185
0.946,0.745,-0.211,0.547,-0.174,0.015,0.609,0.862,-0.345,0.416,-0.237,-0.004,-0.900,-1.379,0.875,0.903,-0.743,0.845,-0.594,1.886,0.661,0.933,-1.383,1.823,-0.791,-2.268,-0.809,-1.194
0.935,0.703,-0.095,0.613,-0.188,0.018,0.785,0.903,-0.856,1.135,-0.271,0.004,-0.904,-1.338,0.892,0.870,-0.563,0.919,-0.592,1.865,0.720,0.951,-1.564,2.169,-0.790,-2.270,-0.813,-1.192
0.935,0.703,-0.095,0.613,-0.188,0.018,0.785,0.903,-0.856,1.135,-0.271,0.004,-0.904,-1.338,0.892,0.870,-0.563,0.919,-0.592,1.865,0.720,0.951,-1.564,2.169,-0.790,-2.270,-0.813,-1.192
1.041,0.861,-0.156,0.389,-0.202,0.020,0.641,0.887,-0.274,0.624,-0.307,-0.003,-0.989,-1.365,0.942,0.855,-0.520,0.925,-0.594,1.869,0.730,0.947,-1.162,1.255,-0.787,-2.265,-0.815,-1.192
0.924,0.743,-0.148,0.454,-0.199,0.019,0.743,0.797,-0.417,0.734,-0.318,-0.014,-0.907,-1.391,0.883,0.879,-0.132,0.948,-0.586,1.858,0.635,0.926,-0.910,0.978,-0.785,-2.253,-0.809,-1.198
0.946,0.724,0.073,0.165,-0.222,0.012,0.572,0.873,-0.711,0.858,-0.268,-0.011,-0.993,-1.365,0.892,0.886,-0.081,1.042,-0.590,1.871,0.642,0.921,-1.030,1.226,-0.788,-2.264,-0.819,-1.203
1.019,0.783,0.094,0.402,-0.228,0.019,0.612,0.677,-0.709,1.134,-0.294,-0.005,-0.897,-1.338,0.892,0.852,-0.290,0.792,-0.590,1.866,0.682,0.943,-1.019,1.738,-0.787,-2.262,-0.818,-1.199
1.040,0.684,0.260,0.482,-0.174,0.014,0.730,0.730,-0.489,1.734,-0.259,-0.013,-0.860,-1.314,0.878,0.883,-0.013,1.013,-0.590,1.868,0.678,0.954,-1.151,2.298,-0.789,-2.263,-0.821,-1.197
1.000,0.802,0.041,0.309,-0.209,0.023,0.585,0.848,-0.635,1.445,-0.303,-0.002,-0.950,-1.271,0.860,0.891,-0.142,0.632,-0.587,1.858,0.677,0.931,-1.628,2.486,-0.784,-2.255,-0.812,-1.194
0.896,0.606,-0.415,0.257,-0.174,0.022,0.513,0.914,-0.489,0.927,-0.294,-0.016,-0.854,-1.379,0.880,0.876,-0.287,0.693,-0.588,1.862,0.687,0.940,-1.224,1.369,-0.786,-2.256,-0.816,-1.201
0.873,0.803,-0.061,0.259,-0.211,0.023,0.713,0.612,-0.272,0.997,-0.288,-0.015,-0.854,-1.339,0.894,0.860,-0.254,0.726,-0.589,1.864,0.739,0.911,-1.326,1.111,-0.786,-2.258,-0.815,-1.189
1.019,0.683,0.073,0.245,-0.229,0.019,0.613,0.836,-0.709,1.002,-0.298,-0.001,-0.900,-1.417,0.938,0.847,-0.220,0.569,-0.591,1.862,0.644,0.938,-1.143,1.416,-0.787,-2.254,-0.815,-1.188
0.997,0.665,-0.095,0.180,-0.211,0.015,0.530,0.651,-1.003,0.932,-0.304,-0.005,-0.947,-1.379,0.878,0.877,-0.495,0.596,-0.590,1.872,0.682,0.929,-1.416,1.490,-0.787,-2.257,-0.802,-1.197
0.915,0.703,0.041,0.548,-0.213,0.022,0.713,0.862,-1.077,1.237,-0.304,-0.005,-0.950,-1.325,0.872,0.875,-0.341,0.536,-0.591,1.865,0.717,0.938,-1.553,1.532,-0.787,-2.260,-0.802,-1.197
0.999,0.722,0.125,0.520,-0.198,0.019,0.713,1.087,-0.048,0.931,-0.314,-0.013,-0.846,-1.325,0.891,0.858,-0.428,0.793,-0.589,1.865,0.678,0.933,-1.159,1.393,-0.787,-2.258,-0.808,-1.201
0.997,0.684,-0.062,0.613,-0.155,0.032,0.529,0.798,-0.711,1.218,-0.273,-0.012,-0.854,-1.325,0.889,0.869,-0.319,0.782,-0.589,1.867,0.661,0.926,-1.207,1.264,-0.787,-2.262,-0.818,-1.194
0.894,0.565,0.125,0.469,-0.185,0.011,0.586,0.716,-0.563,1.083,-0.284,-0.006,-0.857,-1.325,0.883,0.878,-0.049,0.939,-0.594,1.876,0.643,0.961,-0.964,1.586,-0.786,-2.258,-0.810,-1.195
1.072,0.723,-0.010,0.772,-0.200,0.006,0.653,0.662,-0.416,1.220,-0.298,-0.009,-0.896,-1.324,0.884,0.860,-0.342,1.155,-0.587,1.861,0.680,0.915,-1.041,1.459,-0.785,-2.260,-0.810,-1.201
1.019,0.764,-0.449,0.311,-0.161,0.019,0.543,0.730,-0.488,1.073,-0.299,-0.017,-0.900,-1.405,0.865,0.858,-0.621,0.660,-0.586,1.856,0.644,0.946,-1.086,1.200,-0.788,-2.262,-0.813,-1.198
1.019,0.568,-0.262,0.339,-0.075,-0.011,0.671,0.783,-0.635,1.073,-0.226,0.006,-0.991,-1.472,0.931,0.868,-0.518,0.805,-0.591,1.870,0.701,0.957,-0.862,1.405,-0.788,-2.262,-0.808,-1.193
1.061,0.665,0.091,0.337,-0.070,-0.023,0.599,0.741,-0.562,1.078,-0.181,0.010,-0.941,-1.379,0.927,0.882,-0.245,0.464,-0.597,1.888,0.723,0.944,-1.154,1.421,-0.791,-2.275,-0.817,-1.195
1.008,0.724,0.040,0.180,-0.083,-0.007,0.606,0.954,-0.781,0.997,-0.160,0.012,-0.851,-1.325,0.956,0.866,-0.328,0.742,-0.589,1.861,0.652,0.945,-1.201,1.352,-0.785,-2.255,-0.810,-1.198
1.061,0.605,0.208,0.338,0.048,-0.036,0.643,0.687,-0.415,1.024,-0.076,0.037,-0.853,-1.325,0.938,0.874,-0.280,0.885,-0.597,1.889,0.661,0.930,-1.004,1.181,-0.796,-2.284,-0.809,-1.194
0.957,0.605,0.040,0.548,-0.005,-0.022,0.609,0.783,-0.783,1.139,-0.165,0.021,-0.944,-1.378,0.863,0.875,-0.356,0.875,-0.593,1.878,0.729,0.934,-1.283,1.385,-0.787,-2.262,-0.807,-1.194
0.988,0.703,0.074,0.679,-0.114,-0.003,0.740,0.769,-0.562,0.946,-0.217,-0.000,-0.900,-1.405,0.903,0.865,-1.172,2.713,-0.583,1.844,0.687,0.935,-1.238,1.043,-0.777,-2.229,-0.812,-1.199
0.946,0.802,-0.094,0.389,-0.008,-0.027,0.730,0.823,-0.416,1.073,-0.135,0.025,-0.938,-1.405,0.886,0.875,-3.356,7.161,-0.600,1.899,0.698,0.938,-1.269,1.452,-0.797,-2.290,-0.811,-1.198
0.946,0.821,-0.044,0.469,-0.069,0.005,0.713,0.755,-0.195,1.081,-0.283,-0.014,-0.950,-1.351,0.905,0.880,-5.467,11.380,-0.590,1.870,0.691,0.940,-0.873,1.314,-0.778,-2.234,-0.815,-1.187
0.946,0.821,-0.044,0.469,-0.069,0.005,0.713,0.755,-0.195,1.081,-0.283,-0.014,-0.950,-1.351,0.905,0.880,-7.598,15.641,-0.590,1.870,0.691,0.940,-0.873,1.314,-0.778,-2.234,-0.815,-1.187
0.998,0.666,-0.986,1.942,-0.206,0.020,0.497,1.074,-0.781,1.295,-0.325,-0.007,-0.854,-1.351,0.905,0.894,-9.800,19.631,-0.576,1.827,0.657,0.924,-1.135,1.360,-0.779,-2.234,-0.811,-1.188
1.112,0.605,-3.685,5.149,-0.119,0.010,0.671,0.716,-0.489,1.295,-0.286,-0.004,-0.947,-1.337,0.939,0.853,-9.538,15.331,-0.588,1.856,0.708,0.926,-0.960,1.487,-0.781,-2.242,-0.815,-1.190
0.744,0.746,-4.046,6.482,-0.092,0.012,0.654,0.622,-0.414,0.671,-0.211,0.015,-0.857,-1.377,0.836,0.893,-9.113,14.881,-0.591,1.874,0.669,0.931,-0.892,1.145,-0.791,-2.276,-0.814,-1.190
0.936,0.663,-3.401,7.023,-0.178,0.017,0.569,0.875,-0.265,1.218,-0.296,-0.008,-0.906,-1.285,0.931,0.870,-7.088,13.482,-0.585,1.863,0.661,0.940,-0.444,1.312,-0.785,-2.254,-0.817,-1.195
1.061,0.822,-2.661,2.025,-0.026,-0.022,0.658,0.651,-0.252,1.295,-0.256,0.007,-0.900,-1.350,0.842,0.866,-4.054,3.181,-0.594,1.882,0.660,0.927,-0.370,1.234,-0.790,-2.266,-0.808,-1.202
0.821,0.762,-3.361,3.124,-0.057,-0.025,0.729,0.808,0.112,1.210,-0.206,0.043,-0.939,-1.365,0.898,0.903,-5.166,4.557,-0.609,1.907,0.731,0.940,0.009,1.083,-0.796,-2.289,-0.803,-1.189
0.914,0.685,-2.192,3.253,0.011,-0.019,0.693,0.769,0.114,1.072,-0.155,0.008,-1.080,-1.340,0.924,0.906,-2.368,3.339,-0.593,1.879,0.694,0.923,0.022,1.388,-0.783,-2.244,-0.810,-1.195
1.160,0.663,-3.432,2.409,-0.120,-0.005,0.731,0.744,0.033,1.036,-0.205,0.008,-0.947,-1.355,0.854,0.866,-4.011,0.914,-0.596,1.850,0.711,0.929,-0.538,1.190,-0.795,-2.279,-0.811,-1.191
1.042,0.663,-4.062,2.792,-0.212,0.016,0.543,0.876,0.339,1.218,-0.273,-0.012,-0.951,-1.316,0.855,0.872,-4.427,1.122,-0.589,1.864,0.687,0.906,-0.209,1.326,-0.777,-2.240,-0.810,-1.185
0.957,0.663,-3.057,3.789,-0.141,0.011,0.717,0.719,0.340,1.068,-0.232,-0.003,-0.946,-1.322,0.905,0.868,-1.612,2.691,-0.574,1.860,0.717,0.935,-0.042,1.235,-0.782,-2.250,-0.817,-1.194
1.008,0.664,-3.131,0.766,-0.043,-0.028,0.368,0.769,-0.104,0.938,-0.125,0.035,-0.910,-1.317,0.873,0.886,-2.104,-4.091,-0.611,1.902,0.622,0.903,-0.646,1.364,-0.793,-2.279,-0.817,-1.194
1.008,0.664,-3.131,0.766,-0.043,-0.028,0.368,0.769,-0.104,0.938,-0.125,0.035,-0.910,-1.317,0.873,0.878,-2.379,-4.458,-0.611,1.905,0.635,0.897,-0.646,1.364,-0.792,-2.276,-0.817,-1.194
0.980,0.605,-3.404,2.582,-0.198,0.013,0.543,0.836,-0.214,1.212,-0.339,-0.018,-0.989,-1.296,0.903,0.888,-2.670,-0.116,-0.576,1.795,0.648,0.978,-0.829,1.361,-0.781,-2.237,-0.810,-1.198
0.916,0.703,-2.532,2.068,-0.198,0.018,0.666,0.741,-0.295,0.973,-0.253,-0.008,-0.950,-1.376,0.918,0.923,-0.731,-2.104,-0.589,1.889,0.605,0.942,-0.916,1.282,-0.791,-2.272,-0.821,-1.192
0.999,0.721,-3.041,0.727,-0.187,0.016,0.713,0.822,-0.167,1.141,-0.273,0.002,-0.846,-1.355,0.878,0.866,-2.387,-2.121,-0.586,1.847,0.733,0.926,-0.739,1.445,-0.786,-2.256,-0.809,-1.189
1.061,0.663,-2.328,2.778,-0.205,0.021,0.823,0.862,-0.600,0.842,-0.339,-0.004,-0.813,-1.326,0.892,0.860,-0.768,1.097,-0.582,1.854,0.701,0.934,-1.127,0.843,-0.789,-2.268,-0.799,-1.193
0.883,0.781,-2.266,2.660,-0.163,0.026,0.570,0.798,-0.293,1.148,-0.294,-0.016,-0.858,-1.444,0.895,0.853,0.020,-0.590,-0.588,1.885,0.647,0.952,-1.222,1.190,-0.785,-2.251,-0.821,-1.197
1.028,0.684,-2.626,2.532,-0.244,0.016,0.785,0.876,-0.481,0.936,-0.303,-0.010,-0.900,-1.365,0.904,0.897,0.221,-1.078,-0.594,1.852,0.650,0.946,-1.407,1.345,-0.787,-2.260,-0.815,-1.194
1.159,0.645,-3.074,2.306,-0.193,0.013,0.730,0.769,-0.865,1.073,-0.242,0.022,-0.857,-1.391,0.881,0.861,-1.274,-1.965,-0.586,1.870,0.682,0.927,-1.546,1.448,-0.787,-2.263,-0.808,-1.184
0.841,0.606,-1.946,0.441,-0.197,0.020,0.696,0.798,-0.573,0.997,-0.268,-0.011,-0.951,-1.285,0.871,0.859,-0.359,-2.404,-0.593,1.870,0.684,0.925,-1.472,1.252,-0.786,-2.263,-0.799,-1.181
1.042,0.605,-0.849,0.426,-0.212,0.017,0.599,0.914,-0.564,1.219,-0.374,-0.033,-0.905,-1.381,0.901,0.863,-0.340,-0.254,-0.589,1.858,0.689,0.930,-0.935,1.151,-0.787,-2.263,-0.813,-1.173
0.965,0.663,-1.994,3.021,-0.215,0.031,0.743,0.666,-0.496,1.083,-0.313,-0.005,-0.812,-1.267,0.866,0.864,-0.287,0.195,-0.584,1.891,0.678,0.914,-0.815,1.284,-0.785,-2.253,-0.806,-1.194
1.146,0.663,-2.692,3.423,-0.193,0.026,0.569,0.862,-0.855,1.083,-0.283,-0.012,-0.997,-1.341,0.913,0.846,-1.075,0.638,-0.591,1.858,0.635,0.942,-1.053,1.230,-0.786,-2.256,-0.810,-1.191
0.977,0.663,-0.499,1.298,-0.173,0.019,0.526,0.720,-0.633,0.944,-0.298,-0.007,-0.950,-1.383,0.913,0.884,0.797,-1.116,-0.583,1.872,0.674,0.915,-1.415,1.394,-0.786,-2.260,-0.816,-1.195
1.093,0.820,-2.284,2.724,-0.134,-0.001,0.628,0.742,-0.786,1.008,-0.201,0.003,-0.857,-1.364,0.949,0.869,-0.345,-1.182,-0.595,1.864,0.693,0.942,-1.347,1.126,-0.788,-2.265,-0.810,-1.200
1.041,0.643,-1.721,1.914,-0.160,0.023,0.598,0.862,-0.418,0.870,-0.296,-0.008,-0.991,-1.380,0.945,0.856,1.077,-2.260,-0.579,1.875,0.705,0.921,-0.903,0.783,-0.786,-2.257,-0.816,-1.198
1.228,0.722,-2.345,2.401,-0.229,0.019,0.658,0.716,-0.418,1.073,-0.320,-0.008,-0.818,-1.420,0.929,0.903,-0.126,-2.218,-0.591,1.824,0.661,0.946,-0.575,1.068,-0.783,-2.246,-0.810,-1.197
0.904,0.722,-2.209,1.770,-0.203,0.025,0.657,0.496,-0.407,1.007,-0.283,-0.014,-0.947,-1.352,0.899,0.853,-0.098,-3.045,-0.586,1.899,0.644,0.897,-0.696,1.537,-0.790,-2.271,-0.809,-1.199
1.072,0.860,-1.997,2.830,-0.225,0.018,0.659,0.769,-0.351,1.008,-0.304,-0.002,-0.897,-1.267,0.898,0.897,-0.045,-1.180,-0.593,1.843,0.663,0.958,-0.499,1.232,-0.785,-2.258,-0.812,-1.190
1.030,0.647,-1.348,1.219,-0.134,0.027,0.743,0.822,-0.431,1.084,-0.318,-0.011,-0.993,-1.379,0.882,0.901,0.190,-2.242,-0.588,1.873,0.689,0.962,-0.585,1.574,-0.788,-2.266,-0.811,-1.197
1.008,0.665,-2.164,3.212,-0.241,0.027,0.586,0.833,-0.194,0.864,-0.309,-0.000,-0.857,-1.311,0.937,0.883,0.386,-0.630,-0.589,1.866,0.676,0.940,-0.476,0.952,-0.787,-2.258,-0.814,-1.191
0.988,0.762,-1.861,0.859,-0.185,0.017,0.730,0.808,-0.707,1.358,-0.268,-0.016,-0.900,-1.422,0.915,0.874,0.333,-3.634,-0.590,1.857,0.696,0.923,-0.800,1.434,-0.787,-2.267,-0.811,-1.199
0.936,0.722,-2.334,0.933,-0.258,0.005,0.658,0.784,-0.193,1.002,-0.301,-0.009,-0.857,-1.364,0.922,0.848,-1.092,-2.578,-0.591,1.843,0.634,0.934,-0.493,1.215,-0.786,-2.249,-0.806,-1.193
1.093,0.685,-2.448,2.894,-0.250,0.032,0.687,0.794,-0.224,1.072,-0.277,-0.013,-0.900,-1.352,0.921,0.869,-0.708,-0.179,-0.588,1.874,0.726,0.925,-1.006,1.684,-0.787,-2.257,-0.801,-1.185
0.833,0.703,-2.170,2.672,-0.014,-0.007,0.658,0.730,-0.433,1.083,-0.154,0.035,-0.900,-1.574,0.877,0.864,-0.842,-0.811,-0.594,1.888,0.698,0.931,-0.960,1.264,-0.790,-2.271,-0.820,-1.196
0.981,0.802,-2.450,2.249,-0.030,-0.024,0.553,0.730,-0.577,1.143,-0.160,0.033,-0.950,-1.339,0.856,0.874,-1.408,-0.877,-0.599,1.887,0.649,0.937,-1.190,1.221,-0.793,-2.271,-0.814,-1.196
0.981,0.802,-2.450,2.249,-0.030,-0.024,0.553,0.730,-0.577,1.143,-0.160,0.033,-0.950,-1.339,0.856,0.874,-1.194,-1.305,-0.599,1.887,0.649,0.937,-2.165,3.169,-0.793,-2.271,-0.814,-1.196
0.977,0.624,-2.099,1.707,-0.133,0.006,0.657,0.862,-0.353,1.224,-0.228,0.009,-0.857,-1.324,0.895,0.856,-1.022,-1.027,-0.579,1.849,0.718,0.929,-4.035,7.301,-0.783,-2.248,-0.814,-1.197
1.019,0.881,-2.100,2.004,0.008,-0.033,0.455,0.744,-0.337,1.154,-0.058,0.041,-0.947,-1.365,0.926,0.902,-0.857,-1.557,-0.605,1.911,0.688,0.939,-5.987,11.790,-0.796,-2.288,-0.816,-1.203
0.873,0.839,-1.669,1.873,0.045,-0.047,0.556,0.798,0.175,1.360,0.007,0.051,-0.941,-1.324,0.890,0.891,0.146,-1.575,-0.605,1.919,0.674,0.938,-7.636,16.306,-0.791,-2.277,-0.818,-1.198
0.852,0.626,-1.880,1.439,0.113,-0.042,0.742,0.769,-1.653,5.049,0.010,0.042,-0.950,-1.405,0.898,0.874,-0.380,-1.556,-0.579,1.859,0.703,0.936,-7.832,16.677,-0.782,-2.253,-0.808,-1.200
0.915,0.702,-1.734,1.991,0.038,-0.046,0.601,0.769,-1.565,4.030,-0.041,0.062,-0.904,-1.338,0.879,0.835,-0.382,-1.732,-0.600,1.877,0.680,0.916,-9.835,18.999,-0.797,-2.293,-0.803,-1.197
0.800,0.783,-1.220,1.462,0.019,-0.020,0.498,0.769,-5.104,9.193,-0.001,0.045,-0.939,-1.364,0.885,0.900,0.669,-2.310,-0.588,1.883,0.667,0.956,-11.303,19.608,-0.782,-2.236,-0.809,-1.194
1.019,0.644,-0.560,0.453,-0.042,-0.013,0.730,0.783,-3.489,6.710,-0.100,0.032,-0.850,-1.379,0.853,0.854,0.957,-3.409,-0.593,1.855,0.737,0.919,-6.225,12.807,-0.790,-2.280,-0.820,-1.191
1.061,0.623,-0.560,1.193,-0.146,0.016,0.561,0.710,-1.986,2.903,-0.226,0.019,-0.986,-1.339,0.952,0.881,1.724,-3.351,-0.585,1.866,0.623,0.949,-4.522,7.431,-0.786,-2.262,-0.819,-1.185
0.853,0.703,-0.118,-0.259,-0.219,0.026,0.742,0.876,-4.018,5.047,-0.353,-0.019,-0.988,-1.350,0.842,0.889,2.242,-3.391,-0.580,1.841,0.763,0.927,-6.324,5.972,-0.789,-2.219,-0.817,-1.150
0.926,0.661,0.545,-0.656,-0.239,0.014,0.510,0.809,-3.923,3.222,-0.246,-0.022,-0.947,-1.332,0.893,0.858,3.163,-4.471,-0.593,1.869,0.651,0.942,-4.471,2.470,-0.779,-2.278,-0.810,-1.176
1.164,0.841,1.152,-0.792,-0.150,0.016,0.743,0.716,-3.257,3.645,-0.230,0.010,-0.900,-1.252,0.910,0.891,3.326,-3.813,-0.590,1.873,0.686,0.931,-3.094,1.091,-0.791,-2.276,-0.813,-1.182
0.941,0.605,1.201,0.429,-0.033,-0.020,0.743,0.744,-1.280,0.345,-0.159,0.041,-0.947,-1.297,0.874,0.863,3.786,-3.964,-0.595,1.866,0.699,0.945,-1.260,1.731,-0.790,-2.255,-0.821,-1.199
0.935,0.722,0.460,-0.082,-0.023,-0.009,0.483,0.876,-2.324,1.980,-0.128,0.027,-0.943,-1.297,0.910,0.885,3.868,-5.145,-0.597,1.907,0.671,0.906,-3.548,2.961,-0.795,-2.268,-0.812,-1.195
0.977,0.565,0.931,0.055,-0.120,0.010,0.700,0.716,-2.703,2.717,-0.320,0.008,-1.173,-1.298,0.891,0.830,3.590,-4.939,-0.594,1.872,0.721,0.925,-3.799,4.266,-0.784,-2.242,-0.816,-1.202
0.915,0.860,0.775,0.516,-0.198,0.018,0.713,0.836,-4.040,3.583,-0.205,0.005,-0.855,-1.403,0.889,0.853,1.289,-0.529,-0.592,1.872,0.720,0.928,-0.917,-4.018,-0.790,-2.262,-0.814,-1.239
1.135,0.663,0.026,-0.037,-0.215,0.024,0.628,0.677,-2.955,2.750,-0.303,-0.018,-0.947,-1.380,0.934,0.870,-0.009,-1.513,-0.593,1.867,0.675,0.923,-1.913,0.579,-0.782,-2.243,-0.810,-1.235
0.946,0.563,1.275,0.711,-0.190,0.017,0.513,0.983,-2.692,2.996,-0.303,-0.002,-0.853,-1.363,0.840,0.868,2.687,-0.008,-0.590,1.866,0.684,0.942,-1.426,-0.543,-0.786,-2.261,-0.811,-1.185
0.884,0.569,-0.257,2.679,-0.235,0.008,0.574,0.741,-1.230,0.193,-0.221,-0.004,-0.947,-1.364,0.901,0.908,-0.770,2.459,-0.600,1.863,0.641,0.959,0.262,-3.979,-0.790,-2.263,-0.820,-1.203
0.904,0.584,-0.330,0.786,-0.131,0.020,0.755,0.694,-2.591,2.292,-0.256,-0.016,-0.945,-1.333,0.910,0.847,-0.502,-0.310,-0.585,1.869,0.710,0.905,-1.205,-2.069,-0.785,-2.256,-0.808,-1.182
1.008,0.506,-0.074,-0.367,-0.210,0.015,0.798,0.823,-2.501,1.695,-0.310,-0.014,-0.900,-1.284,0.928,0.907,-0.323,-1.322,-0.584,1.855,0.673,0.919,-0.873,-1.874,-0.784,-2.256,-0.799,-1.156
1.072,0.801,-0.314,0.349,-0.199,0.013,0.726,0.798,-1.875,1.426,-0.295,-0.005,-0.954,-1.336,0.861,0.854,-0.647,-0.375,-0.594,1.872,0.711,0.899,0.742,-2.653,-0.789,-2.263,-0.817,-1.193
0.957,0.801,0.100,-0.490,-0.202,0.033,0.703,0.719,-1.978,3.039,-0.287,-0.005,-0.944,-1.364,0.888,0.864,-0.241,-1.460,-0.586,1.873,0.667,0.954,0.136,-1.238,-0.786,-2.251,-0.815,-1.183
0.841,0.861,-0.378,1.545,-0.199,0.019,0.684,0.772,-1.913,1.359,-0.329,-0.010,-1.032,-1.393,0.872,0.888,1.242,-1.249,-0.587,1.860,0.699,0.950,-1.924,-1.409,-0.787,-2.259,-0.814,-1.194
1.019,0.605,-0.629,-0.348,-0.252,0.018,0.700,0.914,-1.824,1.800,-0.222,-0.017,-0.900,-1.446,0.854,0.807,-0.571,-2.068,-0.585,1.849,0.752,0.934,0.668,-1.557,-0.785,-2.262,-0.808,-1.196
1.092,0.643,-0.759,0.075,-0.247,0.017,0.683,0.811,-2.249,1.939,-0.309,-0.006,-0.900,-1.352,0.921,0.864,-1.106,0.344,-0.597,1.861,0.704,0.917,-0.221,-2.138,-0.788,-2.253,-0.810,-1.209
0.904,0.741,-0.953,-0.177,-0.171,0.020,0.925,0.730,-2.273,2.592,-0.258,-0.009,-0.939,-1.405,0.830,0.880,-1.452,0.608,-0.586,1.873,0.705,0.924,-0.027,-1.198,-0.789,-2.255,-0.811,-1.204
1.072,0.722,-1.949,2.139,-0.225,0.018,0.760,0.651,-1.619,0.551,-0.298,-0.001,-0.813,-1.525,0.833,0.848,-0.475,-0.972,-0.589,1.844,0.659,0.928,0.064,-1.777,-0.788,-2.255,-0.812,-1.204
1.072,0.684,0.722,-2.549,-0.209,0.023,0.684,0.744,-2.493,3.861,-0.320,-0.002,-0.861,-1.365,0.868,0.899,1.828,-4.397,-0.587,1.877,0.700,0.937,-0.708,0.910,-0.787,-2.253,-0.810,-1.207
0.957,0.565,-2.247,-0.495,-0.214,0.009,0.628,0.808,-1.152,1.966,-0.263,-0.010,-0.946,-1.207,0.921,0.878,-5.500,-0.030,-0.606,1.839,0.670,0.959,0.057,-2.237,-0.788,-2.273,-0.803,-1.193
1.051,0.646,0.089,-0.102,-0.182,0.030,0.598,0.769,-2.007,3.256,-0.287,0.001,-0.858,-1.339,0.902,0.871,0.088,1.872,-0.583,1.853,0.658,0.931,-0.016,-0.735,-0.785,-2.245,-0.814,-1.191
0.957,0.743,0.331,-0.235,-0.157,0.027,0.442,0.594,-1.269,2.477,-0.386,0.008,-0.861,-1.325,0.856,0.877,-0.485,0.505,-0.582,1.896,0.661,0.930,0.869,-1.086,-0.785,-2.249,-0.816,-1.200
0.914,0.663,-1.123,0.634,-0.203,0.010,0.582,0.823,-1.679,2.085,-0.299,-0.012,-0.857,-1.272,0.967,0.875,-2.503,3.529,-0.597,1.848,0.716,0.936,0.024,-2.502,-0.786,-2.260,-0.813,-1.200
0.831,0.645,-0.443,0.433,-0.196,0.019,0.652,0.716,-1.670,2.066,-0.281,-0.015,-0.857,-1.365,0.868,0.883,-1.508,2.316,-0.587,1.870,0.701,0.923,-0.216,-2.340,-0.784,-2.257,-0.808,-1.191
0.765,0.527,0.204,-0.294,-0.172,0.019,0.758,0.702,-1.823,2.017,-0.318,-0.006,-0.854,-1.378,0.928,0.841,-0.502,0.794,-0.582,1.869,0.716,0.944,0.191,-1.101,-0.788,-2.261,-0.809,-1.193
1.082,0.645,-1.404,1.435,-0.246,0.018,0.906,0.691,-1.421,1.871,-0.278,-0.013,-0.904,-1.430,0.925,0.867,-1.714,1.857,-0.596,1.851,0.750,0.954,0.125,-1.093,-0.786,-2.264,-0.815,-1.201
0.926,0.839,-1.383,0.891,-0.179,0.029,0.671,0.766,-1.405,1.931,-0.299,-0.017,-1.031,-1.353,0.907,0.869,-3.080,6.440,-0.579,1.874,0.717,0.926,0.218,-0.675,-0.786,-2.263,-0.802,-1.196
0.977,0.566,0.416,-1.137,-0.237,0.001,0.497,0.780,-1.305,2.971,-0.319,-0.006,-0.997,-1.416,0.906,0.887,-5.339,10.862,-0.593,1.862,0.648,0.956,0.985,-0.145,-0.788,-2.257,-0.808,-1.197
1.093,0.781,-0.974,1.752,-0.167,0.025,0.514,0.744,-2.049,2.189,-0.285,-0.011,-0.900,-1.365,0.930,0.892,-8.384,17.059,-0.584,1.868,0.648,0.940,-0.174,-1.146,-0.788,-2.259,-0.816,-1.198
1.093,0.781,-0.974,1.752,-0.167,0.025,0.514,0.744,-2.049,2.189,-0.285,-0.011,-0.900,-1.365,0.930,0.892,-8.384,17.059,-0.584,1.868,0.648,0.940,-0.045,-1.403,-0.788,-2.259,-0.816,-1.198
0.936,0.663,-1.000,3.865,-0.211,0.023,0.658,0.769,-0.999,2.207,-0.299,-0.012,-0.935,-1.458,0.886,0.887,-6.088,16.151,-0.595,1.853,0.687,0.957,0.588,-1.110,-0.788,-2.258,-0.809,-1.198
0.915,0.684,-1.862,2.894,-0.208,0.028,0.569,0.889,-2.952,2.316,-0.314,-0.013,-0.988,-1.300,0.867,0.877,-6.202,11.860,-0.582,1.848,0.691,0.906,-0.226,-0.456,-0.786,-2.258,-0.796,-1.197
0.988,0.624,-2.317,2.445,-0.213,0.022,0.501,0.795,-0.991,3.210,-0.252,-0.013,-1.001,-1.326,0.933,0.865,-6.688,9.397,-0.592,1.861,0.662,0.923,0.150,0.081,-0.787,-2.264,-0.815,-1.200
1.008,0.836,-1.590,1.807,-0.178,0.024,0.853,0.873,-0.445,2.910,-0.262,-0.018,-0.871,-1.374,0.985,0.876,-4.989,7.415,-0.585,1.872,0.667,0.928,1.400,0.060,-0.786,-2.259,-0.803,-1.197
0.999,0.684,-1.111,1.586,0.015,-0.013,0.885,0.769,-1.701,2.730,-0.160,0.020,-0.916,-1.326,0.914,0.862,-3.090,4.774,-0.597,1.893,0.703,0.952,-0.347,0.272,-0.790,-2.269,-0.811,-1.200
0.999,0.684,-1.111,1.586,0.015,-0.013,0.885,0.769,-1.701,2.730,-0.160,0.020,-0.916,-1.326,0.914,0.862,-3.090,4.774,-0.597,1.893,0.703,0.952,0.287,-0.995,-0.790,-2.269,-0.811,-1.200
1.020,0.626,-1.520,1.327,-0.033,-0.025,0.628,0.769,-2.195,2.788,-0.165,0.030,-0.905,-1.357,0.894,0.876,-3.523,4.077,-0.597,1.886,0.716,0.928,0.410,-2.532,-0.791,-2.274,-0.814,-1.197
0.915,0.663,-0.543,0.823,-0.221,0.011,0.700,0.795,-0.765,0.707,-0.330,-0.010,-0.936,-1.396,0.933,0.884,-1.055,1.981,-0.594,1.866,0.700,0.949,0.516,-1.838,-0.790,-2.266,-0.812,-1.201
0.915,0.663,-0.543,0.823,-0.221,0.011,0.700,0.795,-0.765,0.707,-0.330,-0.010,-0.936,-1.396,0.933,0.884,-1.055,1.981,-0.594,1.866,0.700,0.949,1.390,-3.586,-0.790,-2.266,-0.812,-1.201
1.020,0.802,-0.219,0.040,-0.212,0.030,0.599,0.823,-0.096,-0.175,-0.314,-0.013,-0.947,-1.309,0.934,0.877,-0.901,0.721,-0.584,1.869,0.703,0.940,1.009,-3.431,-0.785,-2.252,-0.814,-1.195
1.196,0.783,-0.425,0.037,-0.267,-0.003,0.658,0.795,-0.321,-0.252,-0.298,-0.009,-0.896,-1.364,0.986,0.884,-0.663,0.581,-0.588,1.845,0.674,0.927,0.595,-4.066,-0.786,-2.268,-0.806,-1.198
0.904,0.447,0.182,-0.125,-0.210,0.015,0.628,0.848,0.802,-1.459,-0.314,-0.007,-0.946,-1.349,0.858,0.858,0.199,0.332,-0.588,1.854,0.638,0.941,1.963,-2.804,-0.785,-2.260,-0.810,-1.191
0.999,0.603,0.513,-0.221,-0.182,0.023,0.577,0.873,-0.007,-1.006,-0.303,-0.010,-0.859,-1.326,0.908,0.862,0.524,0.165,-0.587,1.852,0.633,0.927,1.490,-4.550,-0.788,-2.259,-0.814,-1.194
0.938,0.682,0.376,-0.590,-0.226,0.026,0.581,0.809,0.619,-1.606,-0.268,-0.005,-0.827,-1.370,0.901,0.876,0.265,-0.108,-0.590,1.874,0.696,0.947,1.803,-4.980,-0.788,-2.261,-0.814,-1.198
0.957,0.547,0.209,0.178,-0.187,0.030,0.687,0.651,-0.241,0.058,-0.305,-0.015,-0.938,-1.364,0.921,0.856,0.217,0.678,-0.587,1.859,0.656,0.933,0.953,-2.614,-0.788,-2.260,-0.815,-1.201
0.957,0.547,0.209,0.178,-0.187,0.030,0.687,0.651,-0.241,0.058,-0.305,-0.015,-0.938,-1.364,0.921,0.856,0.217,0.678,-0.587,1.859,0.656,0.933,2.337,-5.382,-0.788,-2.260,-0.815,-1.201
1.123,0.567,-0.058,-0.138,-0.110,0.008,0.586,0.717,-0.402,-1.224,-0.354,-0.005,-0.947,-1.326,0.931,0.889,-0.396,0.149,-0.589,1.868,0.696,0.932,-1.992,-0.702,-0.787,-2.254,-0.813,-1.195
0.885,0.605,-0.094,-0.271,-0.184,0.009,0.683,0.666,-0.993,0.452,-0.275,-0.008,-0.900,-1.349,0.940,0.877,-0.334,0.538,-0.593,1.865,0.678,0.939,-1.426,-0.159,-0.788,-2.265,-0.818,-1.197
0.831,0.605,0.159,-0.428,-0.156,0.018,0.661,0.794,-0.127,0.396,-0.294,-0.016,-0.854,-1.374,0.913,0.907,-0.242,0.137,-0.585,1.858,0.664,0.954,-0.406,-0.172,-0.784,-2.254,-0.818,-1.206
0.957,0.743,0.208,0.098,-0.161,0.024,0.815,0.820,-0.891,1.495,-0.237,-0.004,-0.903,-1.341,0.966,0.888,-0.352,0.406,-0.589,1.878,0.654,0.963,-1.107,1.378,-0.790,-2.268,-0.813,-1.197
0.938,0.625,-0.144,0.098,-0.244,-0.007,0.573,0.808,-0.380,-0.097,-0.329,-0.002,-0.904,-1.356,0.901,0.865,-0.585,0.330,-0.592,1.853,0.691,0.932,0.014,-1.487,-0.786,-2.254,-0.812,-1.201
1.134,0.663,0.075,0.520,-0.222,0.011,0.560,0.734,-1.232,1.655,-0.294,-0.016,-0.904,-1.349,0.908,0.883,-0.064,0.014,-0.590,1.864,0.681,0.935,-1.502,0.437,-0.788,-2.263,-0.807,-1.191
0.913,0.684,-0.127,-0.126,-0.209,0.023,0.701,0.730,-0.424,0.185,-0.309,-0.019,-0.951,-1.379,0.891,0.872,-0.576,0.204,-0.589,1.863,0.721,0.945,-1.265,-0.146,-0.786,-2.256,-0.802,-1.181
0.915,0.724,-0.294,0.032,-0.190,0.011,0.543,0.929,-0.702,2.235,-0.335,-0.006,-0.955,-1.389,0.850,0.831,-0.799,0.081,-0.591,1.855,0.620,0.930,1.187,-2.130,-0.786,-2.260,-0.811,-1.203
0.977,0.663,0.072,-0.060,-0.127,0.018,0.713,0.769,1.100,-2.132,-0.251,-0.005,-0.900,-1.433,0.911,0.881,-0.334,0.247,-0.588,1.871,0.665,0.943,2.909,-4.688,-0.786,-2.265,-0.817,-1.199
0.988,0.683,-0.232,-0.112,-0.171,0.008,0.569,0.756,-0.927,-0.931,-0.288,-0.007,-0.850,-1.311,0.907,0.860,-0.634,0.086,-0.593,1.873,0.684,0.953,0.803,-4.591,-0.789,-2.262,-0.811,-1.191
0.883,0.644,0.073,0.321,-0.195,0.019,0.484,0.901,-1.479,1.568,-0.279,-0.023,-0.951,-1.405,0.790,0.859,-0.304,0.843,-0.586,1.855,0.649,0.971,0.456,-1.799,-0.783,-2.263,-0.810,-1.202
0.915,0.742,-0.044,-0.337,-0.209,0.023,0.569,0.719,0.267,-1.735,-0.329,-0.002,-0.985,-1.350,0.850,0.846,-0.469,0.070,-0.592,1.856,0.668,0.938,1.005,-2.454,-0.785,-2.253,-0.818,-1.202
0.916,0.624,0.040,-0.350,-0.161,0.013,0.671,0.794,0.071,-1.196,-0.324,-0.001,-0.900,-1.325,0.810,0.885,-0.378,-0.021,-0.586,1.865,0.744,0.957,-0.473,-1.534,-0.789,-2.250,-0.815,-1.190
1.061,0.722,-0.447,-0.126,-0.136,0.007,0.675,0.795,-0.538,-0.783,-0.220,-0.004,-0.947,-1.365,0.878,0.897,-0.598,0.112,-0.592,1.863,0.709,0.948,-1.501,-0.258,-0.787,-2.262,-0.815,-1.198
0.869,0.743,-0.060,-0.271,-0.161,0.011,0.785,0.783,0.758,-0.249,-0.271,-0.008,-0.854,-1.404,0.877,0.886,-0.299,0.132,-0.596,1.877,0.680,0.908,1.572,0.255,-0.785,-2.272,-0.812,-1.211
0.946,0.625,-0.094,-0.284,-0.167,0.027,0.599,0.809,-0.009,-0.218,-0.278,-0.013,-0.947,-1.272,0.833,0.882,-0.381,0.085,-0.581,1.843,0.602,0.943,-1.344,0.884,-0.785,-2.253,-0.817,-1.200
0.946,0.783,0.175,-0.338,-0.239,0.028,0.615,0.937,-0.575,0.371,-0.361,0.002,-0.944,-1.404,0.898,0.872,-0.231,0.113,-0.589,1.870,0.665,0.937,-1.169,3.331,-0.790,-2.257,-0.821,-1.189
1.041,0.628,0.075,0.086,-0.184,0.011,0.671,0.688,0.256,0.039,-0.304,-0.002,-0.854,-1.325,0.874,0.847,-0.332,0.231,-0.591,1.866,0.707,0.917,-0.602,2.506,-0.785,-2.250,-0.812,-1.195
1.041,0.628,0.075,0.086,-0.184,0.011,0.671,0.688,0.256,0.039,-0.304,-0.002,-0.854,-1.325,0.874,0.847,-0.332,0.231,-0.591,1.866,0.707,0.917,1.559,-1.816,-0.785,-2.250,-0.812,-1.195
0.977,0.626,-0.095,0.019,-0.069,-0.008,0.746,0.822,-0.416,1.856,-0.166,0.003,-0.900,-1.365,0.848,0.889,-0.550,0.191,-0.590,1.864,0.702,0.941,-3.281,7.938,-0.784,-2.260,-0.813,-1.191
1.083,0.762,0.040,-0.337,-0.044,-0.015,0.580,0.769,0.607,0.129,-0.143,0.027,-0.904,-1.315,0.911,0.878,-0.287,0.100,-0.596,1.887,0.714,0.938,-3.764,9.428,-0.794,-2.277,-0.805,-1.198
0.831,0.741,-0.262,0.019,-0.158,0.018,0.556,0.730,-0.781,1.041,-0.242,0.010,-0.908,-1.375,0.862,0.896,-0.481,0.388,-0.584,1.851,0.655,0.928,-7.915,15.469,-0.785,-2.259,-0.808,-1.192
1.030,0.663,0.040,0.006,-0.185,0.010,0.828,0.705,-0.760,2.686,-0.244,-0.008,-0.859,-1.337,0.900,0.844,-0.351,0.511,-0.598,1.885,0.708,0.922,-7.761,17.052,-0.792,-2.283,-0.808,-1.192
1.041,0.722,0.343,-0.126,-0.195,0.020,0.740,0.808,-1.261,3.715,-0.315,-0.021,-0.942,-1.351,0.910,0.864,-0.354,0.210,-0.589,1.880,0.685,0.940,-8.442,17.264,-0.789,-2.272,-0.808,-1.205
0.915,0.683,0.225,-0.205,-0.185,0.031,0.609,0.719,-1.931,3.284,-0.358,0.009,-0.993,-1.311,0.885,0.880,-0.099,0.169,-0.584,1.841,0.636,0.944,-8.509,14.628,-0.780,-2.248,-0.816,-1.193
1.030,0.722,0.293,0.098,-0.228,0.019,0.683,0.808,-1.382,3.032,-0.308,-0.010,-0.910,-1.311,0.930,0.855,0.121,0.663,-0.593,1.859,0.665,0.933,-5.685,11.009,-0.789,-2.259,-0.818,-1.187
0.980,0.743,0.124,-0.126,-0.170,0.014,0.644,0.837,-1.174,2.534,-0.294,-0.008,-0.994,-1.351,0.884,0.872,-0.305,0.200,-0.585,1.862,0.707,0.979,-5.304,7.873,-0.787,-2.255,-0.828,-1.192
0.842,0.663,0.040,-0.126,-0.205,0.017,0.645,0.848,-1.187,1.200,-0.283,-0.014,-0.766,-1.338,0.874,0.848,-0.255,0.381,-0.591,1.868,0.673,0.922,-4.878,6.074,-0.787,-2.261,-0.816,-1.192
1.019,0.663,0.293,0.098,-0.208,0.030,0.687,0.730,-1.570,1.062,-0.284,-0.022,-0.720,-1.405,0.954,0.888,0.072,0.858,-0.589,1.874,0.706,0.946,-4.296,4.829,-0.787,-2.259,-0.810,-1.195
0.967,0.624,0.676,-0.280,-0.176,0.014,0.772,0.833,-1.947,0.144,-0.307,-0.003,-1.125,-1.324,0.900,0.886,0.284,0.244,-0.590,1.858,0.689,0.932,-4.340,2.513,-0.786,-2.263,-0.816,-1.186
0.967,0.584,0.502,0.312,-0.216,0.021,0.552,0.794,-1.375,-0.365,-0.288,-0.013,-0.857,-1.474,0.876,0.834,-0.043,0.923,-0.591,1.853,0.689,0.952,-3.293,0.655,-0.786,-2.256,-0.809,-1.198
0.892,0.765,-0.047,0.608,-0.171,0.021,0.703,0.848,-1.151,-0.447,-0.288,-0.015,-0.857,-1.284,0.894,0.887,-0.704,1.121,-0.587,1.866,0.704,0.936,-2.871,0.501,-0.786,-2.263,-0.812,-1.198
0.915,0.841,-0.221,0.682,-0.202,0.020,0.471,0.837,-1.156,0.084,-0.305,-0.007,-0.900,-1.356,0.853,0.836,-0.649,1.580,-0.588,1.864,0.663,0.927,-2.247,0.908,-0.787,-2.257,-0.808,-1.225
0.915,0.841,-0.221,0.682,-0.202,0.020,0.471,0.837,-1.156,0.084,-0.305,-0.007,-0.900,-1.356,0.853,0.836,-0.649,1.580,-0.588,1.864,0.663,0.927,-2.247,0.908,-0.787,-2.257,-0.808,-1.225
1.061,0.726,0.162,0.904,-0.208,0.029,0.811,0.781,-1.588,0.085,-0.305,-0.015,-0.944,-1.364,0.923,0.893,-0.515,1.540,-0.591,1.869,0.676,0.960,-2.566,0.978,-0.786,-2.258,-0.810,-1.213
0.810,0.685,0.123,0.389,-0.186,0.011,0.713,0.290,-1.310,-0.284,-0.364,-0.023,-0.943,-1.365,0.899,0.877,-0.077,0.855,-0.589,1.853,0.725,0.921,-2.436,0.319,-0.786,-2.262,-0.808,-1.192
1.096,0.663,-0.008,0.772,-0.211,0.021,0.713,0.826,-0.854,-0.140,-0.318,-0.006,-0.900,-1.365,0.899,0.893,-0.449,1.113,-0.589,1.870,0.693,0.926,-1.299,0.166,-0.788,-2.258,-0.812,-1.180
0.927,0.624,0.084,0.323,-0.241,0.029,0.642,1.074,-0.631,-0.161,-0.292,-0.014,-0.854,-1.325,0.860,0.865,-0.386,0.985,-0.590,1.865,0.640,0.941,-1.055,0.354,-0.786,-2.253,-0.811,-1.193
0.935,0.604,-0.094,0.548,-0.221,0.026,0.641,0.783,-0.708,0.274,-0.253,-0.008,-0.904,-1.365,0.838,0.867,-0.628,1.110,-0.590,1.866,0.625,0.948,-1.217,0.892,-0.786,-2.263,-0.810,-1.187
0.883,0.642,-0.178,0.021,-0.226,0.026,0.397,0.795,-0.932,0.668,-0.277,-0.019,-0.990,-1.284,0.925,0.866,-0.901,0.313,-0.591,1.863,0.612,0.908,-1.383,1.759,-0.787,-2.262,-0.815,-1.204
0.968,0.644,-0.179,0.404,-0.201,0.028,0.598,0.848,-1.155,0.882,-0.299,-0.017,-0.947,-1.351,0.919,0.869,-1.020,0.492,-0.589,1.869,0.662,0.927,-1.609,2.109,-0.787,-2.262,-0.813,-1.196
0.978,0.584,-0.179,0.323,-0.218,0.017,0.455,0.940,-0.632,1.148,-0.278,-0.013,-0.854,-1.325,0.884,0.879,-0.272,0.542,-0.590,1.866,0.623,0.940,-1.249,2.047,-0.786,-2.258,-0.811,-1.189
1.039,0.682,-0.095,0.165,-0.223,0.019,0.628,0.808,-0.709,0.871,-0.269,-0.027,-0.860,-1.325,0.901,0.871,-0.402,0.233,-0.589,1.872,0.673,0.957,-1.326,1.682,-0.785,-2.265,-0.822,-1.197
1.041,0.587,0.073,0.180,-0.252,0.018,0.599,0.730,-0.493,1.181,-0.309,-0.006,-0.861,-1.379,0.863,0.871,-0.046,0.784,-0.590,1.868,0.678,0.938,-1.101,1.460,-0.787,-2.262,-0.815,-1.198
0.727,0.663,0.104,0.469,-0.223,0.012,0.700,0.716,-0.635,1.020,-0.255,-0.012,-0.947,-1.355,0.899,0.882,-0.004,0.981,-0.589,1.866,0.689,0.914,-0.836,1.666,-0.787,-2.259,-0.808,-1.198
0.727,0.663,0.104,0.469,-0.223,0.012,0.700,0.716,-0.635,1.020,-0.255,-0.012,-0.947,-1.355,0.899,0.882,-0.004,0.981,-0.589,1.866,0.689,0.914,-0.836,1.666,-0.787,-2.259,-0.808,-1.198
1.019,0.701,0.125,0.403,-0.172,0.015,0.582,0.836,-0.928,1.445,-0.292,-0.000,-0.987,-1.261,0.890,0.880,-0.369,0.664,-0.591,1.864,0.659,0.922,-1.528,2.220,-0.787,-2.262,-0.811,-1.197
0.935,0.819,-0.095,0.677,-0.225,0.006,0.771,0.719,-0.932,1.728,-0.230,0.001,-0.847,-1.325,0.913,0.903,-0.482,0.971,-0.595,1.874,0.710,0.948,-1.688,2.460,-0.790,-2.272,-0.816,-1.204
0.935,0.663,0.093,0.245,-0.184,0.023,0.598,0.862,-0.634,0.787,-0.258,-0.036,-0.904,-1.365,0.848,0.877,-0.409,0.813,-0.586,1.859,0.646,0.933,-1.082,1.075,-0.787,-2.261,-0.815,-1.197
0.946,0.551,0.073,0.403,-0.196,0.026,0.696,0.676,-1.007,1.078,-0.297,-0.007,-0.947,-1.325,0.890,0.872,-0.045,0.931,-0.593,1.869,0.672,0.937,-1.441,1.085,-0.789,-2.271,-0.815,-1.193
1.082,0.626,-0.061,0.323,-0.194,0.020,0.671,0.809,-0.570,0.921,-0.272,-0.023,-0.943,-1.405,0.864,0.878,-0.043,0.715,-0.586,1.860,0.670,0.919,-1.124,1.195,-0.784,-2.259,-0.808,-1.198
0.835,0.563,-0.094,0.693,-0.177,0.002,0.615,0.862,-0.633,1.218,-0.217,0.011,-0.858,-1.351,0.873,0.894,-0.245,0.912,-0.591,1.863,0.671,0.933,-1.466,1.189,-0.790,-2.269,-0.818,-1.196
0.988,0.566,-0.448,0.469,-0.144,0.009,0.526,0.794,-0.996,1.002,-0.210,0.007,-0.950,-1.339,0.901,0.840,-0.710,0.659,-0.593,1.875,0.618,0.939,-1.444,0.989,-0.788,-2.258,-0.814,-1.199
0.946,0.802,-0.147,0.469,-0.170,0.015,0.684,0.823,-0.715,1.078,-0.379,-0.034,-0.947,-1.313,0.930,0.845,-0.414,1.002,-0.582,1.847,0.673,0.910,-1.305,1.402,-0.781,-2.239,-0.806,-1.196
0.915,0.705,-0.146,0.323,-0.145,0.008,0.628,0.808,-1.148,1.007,-0.256,0.007,-0.950,-1.339,0.876,0.875,-0.340,0.663,-0.590,1.872,0.626,0.943,-1.474,0.999,-0.788,-2.262,-0.820,-1.196
0.988,0.665,0.091,0.299,-0.147,0.016,0.598,0.701,-0.563,1.142,-0.319,-0.006,-0.861,-1.351,0.903,0.858,-0.383,0.487,-0.591,1.873,0.636,0.944,-1.221,1.526,-0.784,-2.253,-0.815,-1.195
1.092,0.646,0.074,0.455,-0.222,0.025,0.798,0.809,-0.786,1.002,-0.295,-0.024,-0.900,-1.390,0.904,0.856,-0.252,0.883,-0.581,1.842,0.693,0.919,-1.436,1.574,-0.783,-2.246,-0.813,-1.201
1.177,0.722,0.041,0.389,-0.176,0.000,0.582,0.755,-0.716,1.066,-0.218,0.011,-0.947,-1.303,0.981,0.862,-0.329,0.670,-0.594,1.883,0.652,0.927,-1.259,1.567,-0.791,-2.275,-0.818,-1.193
0.853,0.783,-0.094,0.483,-0.080,-0.005,0.539,0.794,-0.856,1.210,-0.245,0.010,-0.810,-1.405,0.914,0.856,-0.587,0.867,-0.598,1.888,0.633,0.928,-1.504,1.382,-0.789,-2.260,-0.813,-1.194
1.021,0.603,-0.212,0.324,-0.147,0.001,0.658,0.666,-0.714,0.943,-0.272,0.004,-0.990,-1.405,0.864,0.855,-0.624,0.743,-0.584,1.849,0.649,0.946,-1.348,0.911,-0.787,-2.262,-0.814,-1.195
1.091,0.665,0.125,0.311,-0.136,0.012,0.671,0.716,-0.710,0.996,-0.247,-0.006,-0.897,-1.365,0.906,0.874,-0.248,0.644,-0.590,1.869,0.634,0.915,-1.312,1.062,-0.787,-2.260,-0.808,-1.192
0.884,0.781,-0.078,0.230,-0.215,-0.000,0.658,0.848,-1.160,1.073,-0.144,0.015,-0.904,-1.299,0.869,0.879,-0.652,0.565,-0.594,1.877,0.662,0.910,-1.606,1.305,-0.788,-2.267,-0.814,-1.198
0.809,0.684,-0.312,0.309,-0.112,-0.000,0.562,0.744,-0.713,1.354,-0.196,0.018,-0.858,-1.325,0.900,0.875,-0.535,0.657,-0.586,1.856,0.610,0.917,-1.190,1.488,-0.783,-2.255,-0.809,-1.199
0.873,0.663,0.074,0.483,-0.084,-0.006,0.713,0.716,-0.493,0.932,-0.133,0.023,-0.900,-1.337,0.892,0.874,-0.344,0.856,-0.598,1.886,0.671,0.928,-1.205,1.324,-0.791,-2.271,-0.813,-1.195
0.904,0.525,0.124,0.469,-0.116,-0.037,0.550,0.784,-0.856,0.899,-0.221,-0.001,-0.947,-1.361,0.883,0.875,-1.481,2.749,-0.588,1.860,0.692,0.937,-1.434,1.262,-0.782,-2.246,-0.812,-1.188
0.978,0.900,0.174,0.455,-0.162,0.010,0.654,0.716,-0.785,0.930,-0.324,-0.015,-0.947,-1.391,0.866,0.876,-3.471,6.976,-0.593,1.872,0.693,0.935,-1.372,1.117,-0.787,-2.263,-0.811,-1.205
0.999,0.722,0.628,0.484,-0.185,0.031,1.001,0.730,-0.781,1.002,-0.324,-0.007,-0.857,-1.379,0.891,0.882,-5.217,11.254,-0.583,1.857,0.708,0.928,-1.575,1.132,-0.785,-2.254,-0.813,-1.199
0.843,0.721,-1.119,1.865,-0.177,0.008,0.599,0.822,-1.003,1.506,-0.222,-0.001,-0.947,-1.325,0.862,0.871,-7.669,14.858,-0.587,1.857,0.679,0.929,-1.574,1.365,-0.787,-2.263,-0.807,-1.195
1.157,0.505,-1.910,4.566,-0.155,0.017,0.645,0.584,-0.707,1.083,-0.252,-0.021,-0.947,-1.353,0.887,0.856,-8.423,17.919,-0.588,1.859,0.652,0.925,-1.078,1.262,-0.785,-2.252,-0.818,-1.197
0.999,0.898,-1.799,2.555,-0.156,0.036,0.717,0.929,-0.413,1.083,-0.303,-0.003,-0.944,-1.246,0.795,0.901,-10.111,17.034,-0.582,1.861,0.636,0.945,-1.090,1.355,-0.788,-2.258,-0.812,-1.193
0.956,0.469,-4.253,8.143,-0.198,0.019,1.045,0.755,-0.491,1.206,-0.299,-0.004,-0.897,-1.325,0.922,0.863,-9.343,18.687,-0.592,1.853,0.725,0.940,-1.024,1.485,-0.787,-2.255,-0.803,-1.198
0.978,0.743,-2.687,3.292,-0.222,0.025,0.658,0.747,-0.489,1.213,-0.304,-0.010,-0.947,-1.365,0.884,0.841,-5.084,5.936,-0.596,1.874,0.681,0.926,-0.788,1.345,-0.786,-2.261,-0.815,-1.205
0.978,0.743,-2.687,3.292,-0.222,0.025,0.658,0.747,-0.489,1.213,-0.304,-0.010,-0.947,-1.365,0.884,0.841,-7.083,9.933,-0.596,1.874,0.681,0.926,-0.788,1.345,-0.786,-2.261,-0.815,-1.205
0.999,0.663,-3.725,4.821,-0.169,0.027,0.598,0.744,-1.146,0.932,-0.303,-0.016,-0.854,-1.380,0.890,0.855,-5.509,5.896,-0.579,1.853,0.704,0.925,-0.919,1.220,-0.785,-2.260,-0.796,-1.192
0.820,0.663,-2.689,0.679,-0.138,0.029,0.646,0.848,0.051,0.932,-0.307,-0.001,-0.951,-1.350,0.855,0.881,-1.861,-1.199,-0.588,1.895,0.603,0.912,-0.067,1.186,-0.786,-2.262,-0.810,-1.198
0.873,0.722,-3.370,1.409,-0.204,0.015,0.399,0.822,0.030,1.087,-0.308,-0.004,-0.951,-1.356,0.907,0.870,-3.862,-1.487,-0.591,1.847,0.643,0.971,0.247,1.420,-0.787,-2.264,-0.812,-1.200
0.852,0.487,-4.202,2.693,-0.207,0.028,0.590,0.795,0.399,0.932,-0.283,-0.012,-0.905,-1.325,0.903,0.870,-4.203,0.720,-0.589,1.862,0.679,0.930,0.377,1.290,-0.786,-2.262,-0.802,-1.188
0.885,0.684,-4.011,3.332,-0.152,0.039,0.628,0.916,-0.048,1.148,-0.328,-0.008,-0.945,-1.296,0.913,0.885,-3.689,0.380,-0.583,1.894,0.638,0.891,-0.136,1.610,-0.786,-2.254,-0.814,-1.188
0.873,0.643,-2.969,0.400,-0.182,0.016,0.726,0.755,-0.189,1.072,-0.339,-0.010,-0.993,-1.297,0.855,0.903,-1.983,-3.129,-0.588,1.871,0.641,0.949,-0.826,1.446,-0.788,-2.254,-0.811,-1.196
0.873,0.643,-2.969,0.400,-0.182,0.016,0.726,0.755,-0.189,1.072,-0.339,-0.010,-0.993,-1.297,0.855,0.903,-3.669,0.244,-0.588,1.871,0.641,0.949,-0.826,1.446,-0.788,-2.254,-0.811,-1.196
0.913,0.722,-3.914,1.986,-0.159,0.025,0.671,0.862,-0.329,1.440,-0.324,-0.001,-0.908,-1.325,0.871,0.844,-4.863,2.940,-0.584,1.866,0.699,0.927,-0.632,1.561,-0.786,-2.264,-0.815,-1.196
1.010,0.584,-4.214,2.741,-0.132,0.006,0.697,0.769,-0.436,0.780,-0.206,0.005,-0.856,-1.355,0.860,0.847,-1.656,-3.981,-0.590,1.866,0.704,0.904,-1.015,0.873,-0.786,-2.259,-0.818,-1.197
1.022,0.629,-4.078,3.735,-0.080,-0.005,0.586,0.680,-0.130,1.065,-0.198,0.028,-0.947,-1.389,0.870,0.881,-1.825,-1.845,-0.592,1.871,0.668,0.932,-0.694,1.400,-0.790,-2.264,-0.804,-1.198
1.019,0.760,-0.863,-0.615,-0.203,0.019,0.628,0.834,-0.517,0.868,-0.292,-0.019,-1.034,-1.380,0.872,0.883,1.887,-6.002,-0.590,1.850,0.687,0.924,-1.128,0.961,-0.782,-2.245,-0.820,-1.204
1.165,0.662,-1.926,1.201,-0.149,-0.005,0.700,0.797,-0.784,1.142,-0.303,-0.010,-0.994,-1.262,0.873,0.845,-0.333,-0.361,-0.591,1.862,0.694,0.907,-1.357,1.316,-0.789,-2.268,-0.816,-1.203
0.844,0.703,-2.844,2.200,-0.185,0.023,0.543,0.716,0.141,1.002,-0.275,-0.017,-0.854,-1.404,0.937,0.883,-1.489,-1.283,-0.589,1.869,0.621,0.969,-1.625,1.195,-0.787,-2.256,-0.809,-1.188
1.061,0.762,-1.906,2.870,-0.031,-0.020,0.552,0.716,-0.842,1.224,-0.094,0.026,-1.031,-1.309,0.853,0.899,1.610,-3.032,-0.597,1.879,0.663,0.967,-1.326,1.076,-0.792,-2.280,-0.819,-1.169
1.030,0.624,-1.215,1.870,-0.004,-0.030,0.688,0.769,-1.003,1.006,-0.084,0.044,-0.993,-1.418,0.945,0.866,1.902,-1.592,-0.597,1.893,0.681,0.962,-1.466,1.152,-0.792,-2.271,-0.810,-1.199
0.841,0.705,-1.976,2.219,-0.148,0.001,0.683,0.742,-0.787,1.002,-0.154,0.027,-0.900,-1.458,0.910,0.862,-0.111,-1.549,-0.593,1.858,0.656,0.956,-1.167,1.136,-0.787,-2.259,-0.808,-1.179
1.134,0.839,-2.339,2.354,-0.204,0.015,0.877,0.705,-0.571,1.366,-0.227,0.003,-0.897,-1.340,0.883,0.882,-0.163,-1.924,-0.580,1.826,0.764,0.930,-1.216,1.680,-0.780,-2.242,-0.810,-1.179
0.842,0.584,-1.229,1.213,-0.153,0.010,0.726,0.676,-0.499,1.002,-0.301,-0.006,-0.955,-1.310,0.879,0.848,-1.062,0.438,-0.581,1.866,0.675,0.909,-1.120,1.345,-0.790,-2.278,-0.814,-1.185
0.938,0.584,-1.178,1.387,-0.179,0.022,0.628,0.795,-0.569,0.931,-0.303,-0.005,-0.857,-1.453,0.963,0.871,0.164,-0.337,-0.591,1.874,0.669,0.947,-1.281,1.316,-0.784,-2.243,-0.819,-1.200
0.913,0.546,-2.026,3.010,-0.182,0.024,0.612,0.638,-0.563,1.007,-0.272,0.010,-1.035,-1.379,0.859,0.851,0.328,-2.000,-0.587,1.873,0.686,0.919,-1.304,1.112,-0.787,-2.253,-0.810,-1.207
1.051,0.645,-1.776,2.750,-0.107,-0.008,0.628,0.691,-0.564,1.243,-0.169,0.012,-0.900,-1.392,0.909,0.858,0.589,-0.700,-0.593,1.858,0.648,0.900,-1.195,1.639,-0.787,-2.261,-0.812,-1.193
0.966,0.820,-2.147,2.032,-0.140,0.037,0.756,0.848,-0.197,0.994,-0.324,-0.009,-0.944,-1.405,0.884,0.868,-0.177,-2.201,-0.583,1.879,0.672,0.910,-0.741,1.092,-0.786,-2.250,-0.814,-1.207
0.946,0.585,-1.957,1.610,-0.200,0.020,0.864,0.744,-0.564,0.936,-0.296,-0.005,-0.853,-1.325,0.983,0.842,-0.297,-2.136,-0.586,1.827,0.690,0.955,-0.907,1.032,-0.784,-2.253,-0.808,-1.192
0.925,0.741,-1.653,3.097,-0.172,0.013,0.805,0.823,-0.640,0.997,-0.238,-0.007,-0.988,-1.325,0.832,0.882,0.606,-0.801,-0.592,1.873,0.716,0.927,-0.950,0.933,-0.788,-2.263,-0.819,-1.189
0.977,0.841,-1.645,2.644,-0.126,-0.000,0.684,0.769,-0.492,0.988,-0.209,0.015,-0.941,-1.405,0.888,0.884,-0.191,-2.036,-0.595,1.890,0.661,0.951,-1.172,1.055,-0.790,-2.267,-0.808,-1.195
0.820,0.742,-1.577,2.442,-0.186,0.024,0.815,0.823,-0.268,1.276,-0.324,-0.004,-0.853,-1.351,0.875,0.882,0.347,-1.757,-0.585,1.827,0.707,0.920,-1.067,1.451,-0.785,-2.249,-0.816,-1.194
0.981,0.740,-1.976,1.487,-0.173,0.021,0.688,0.848,-0.483,0.793,-0.318,-0.006,-0.944,-1.405,0.878,0.921,0.647,-2.581,-0.591,1.899,0.719,0.950,-0.996,1.281,-0.789,-2.260,-0.807,-1.187
1.049,0.722,-1.994,1.448,-0.243,0.028,0.556,0.784,-0.634,1.154,-0.329,-0.008,-0.897,-1.325,0.887,0.821,-1.204,-2.820,-0.588,1.858,0.655,0.926,-0.971,1.261,-0.786,-2.253,-0.802,-1.191
0.935,0.683,-1.893,2.295,-0.217,0.017,0.718,0.783,-0.411,1.212,-0.268,-0.011,-0.947,-1.364,0.829,0.879,-0.172,-1.513,-0.592,1.876,0.700,0.961,-0.967,1.424,-0.788,-2.261,-0.812,-1.195
0.853,0.644,-2.050,1.912,-0.170,0.020,0.769,0.741,-0.272,1.170,-0.298,-0.001,-0.904,-1.311,0.914,0.895,-0.722,-0.447,-0.588,1.866,0.695,0.915,-0.477,1.211,-0.786,-2.259,-0.822,-1.192
0.822,0.644,-2.560,2.336,-0.236,0.023,0.764,0.823,0.035,0.865,-0.298,-0.009,-0.993,-1.392,0.842,0.854,-1.507,-0.342,-0.590,1.858,0.675,0.941,-1.296,1.307,-0.786,-2.263,-0.817,-1.201
0.842,0.724,-2.120,1.792,-0.192,0.025,0.844,0.890,-0.279,1.159,-0.324,-0.015,-0.903,-1.352,0.892,0.866,-1.119,-1.470,-0.590,1.860,0.685,0.938,-1.589,3.302,-0.787,-2.264,-0.814,-1.196
0.988,0.584,-1.903,1.840,-0.171,0.021,0.602,0.820,-0.349,0.926,-0.299,-0.017,-0.952,-1.311,0.864,0.847,-0.698,-0.913,-0.589,1.869,0.749,0.942,-4.072,7.351,-0.785,-2.258,-0.820,-1.199
0.904,0.642,-1.409,1.798,-0.196,0.019,0.598,0.833,-0.556,0.908,-0.309,-0.014,-1.034,-1.351,0.883,0.886,-0.216,-2.125,-0.590,1.856,0.702,0.949,-6.087,11.816,-0.786,-2.261,-0.815,-1.201
1.009,0.703,-1.656,1.495,-0.105,-0.014,0.628,0.730,-0.945,2.468,-0.144,0.002,-0.853,-1.405,0.900,0.878,-0.072,-1.741,-0.596,1.853,0.684,0.934,-6.905,15.104,-0.789,-2.270,-0.812,-1.198
1.061,0.665,-2.025,2.194,-0.070,-0.009,0.713,0.808,-0.319,2.467,-0.148,0.042,-0.944,-1.325,0.926,0.850,0.253,-1.348,-0.594,1.912,0.741,0.931,-8.767,19.281,-0.791,-2.279,-0.811,-1.196
0.895,0.584,-1.445,1.890,-0.193,0.019,0.771,0.929,-2.328,6.055,-0.276,-0.018,-0.947,-1.379,0.878,0.900,0.147,-0.858,-0.581,1.816,0.680,0.928,-7.184,15.334,-0.771,-2.238,-0.803,-1.191
0.873,0.684,-0.930,1.139,-0.238,0.036,0.858,0.848,-3.064,7.415,-0.289,-0.008,-1.039,-1.324,0.876,0.841,0.942,-2.285,-0.584,1.867,0.689,0.933,-6.750,15.191,-0.779,-2.236,-0.812,-1.189
0.800,0.703,-0.486,0.825,-0.229,0.025,0.556,0.680,-2.954,6.125,-0.197,-0.011,-0.947,-1.351,0.924,0.882,1.422,-2.748,-0.595,1.879,0.679,0.942,-5.739,11.796,-0.790,-2.274,-0.808,-1.187
1.061,0.703,-0.268,0.090,-0.214,0.016,0.687,0.848,-2.768,5.938,-0.310,-0.019,-0.860,-1.352,0.938,0.883,1.497,-2.696,-0.588,1.849,0.737,0.933,-3.232,6.263,-0.786,-2.255,-0.815,-1.168
0.935,0.861,0.173,-0.483,-0.230,0.013,0.657,0.691,-3.357,4.913,-0.328,-0.000,-0.860,-1.310,0.888,0.860,2.139,-3.030,-0.590,1.865,0.718,0.946,-4.028,3.148,-0.788,-2.242,-0.820,-1.169
1.154,0.783,0.623,0.319,-0.208,0.016,0.713,0.808,-3.268,1.871,-0.303,-0.005,-0.945,-1.332,0.895,0.883,3.143,-2.249,-0.589,1.858,0.686,0.945,-3.010,0.391,-0.787,-2.250,-0.821,-1.170
0.999,0.721,1.171,-0.019,-0.219,0.032,0.730,0.901,-2.266,2.046,-0.284,-0.014,-0.947,-1.377,0.920,0.859,3.537,-2.990,-0.586,1.866,0.698,0.911,-2.432,0.300,-0.785,-2.262,-0.820,-1.196
0.852,0.724,0.592,-0.627,-0.204,0.029,0.453,0.862,-2.689,3.855,-0.288,-0.015,-0.902,-1.377,0.877,0.874,2.667,-4.411,-0.589,1.884,0.644,0.947,-1.801,2.619,-0.785,-2.263,-0.808,-1.211
0.937,0.800,0.459,1.374,-0.182,0.024,0.599,0.783,-1.066,-0.086,-0.324,-0.007,-0.944,-1.318,0.890,0.835,1.608,-2.464,-0.588,1.866,0.678,0.925,-0.593,-1.295,-0.786,-2.263,-0.809,-1.207
0.914,0.761,0.283,0.366,-0.228,0.014,0.671,0.823,-2.488,3.163,-0.268,-0.019,-0.859,-1.283,0.939,0.912,0.876,-0.852,-0.590,1.853,0.730,0.894,-2.607,2.097,-0.786,-2.252,-0.812,-1.215
0.946,0.743,0.924,-0.142,-0.211,0.023,0.671,0.598,-2.231,3.281,-0.310,-0.014,-0.947,-1.364,0.928,0.832,1.974,-1.485,-0.587,1.863,0.692,0.935,-1.042,0.254,-0.783,-2.270,-0.809,-1.246
1.009,0.604,0.384,-0.813,-0.216,0.015,0.716,0.901,-2.970,3.551,-0.279,-0.013,-0.947,-1.452,0.937,0.850,0.980,-2.424,-0.590,1.862,0.675,0.957,-1.399,-0.388,-0.787,-2.254,-0.806,-1.247
1.061,0.663,-0.255,0.904,-0.174,0.014,0.568,0.730,-3.181,2.826,-0.299,-0.009,-0.859,-1.325,0.905,0.872,1.724,-0.811,-0.591,1.878,0.729,0.908,-2.366,-0.485,-0.786,-2.259,-0.815,-1.185
0.977,0.701,0.139,0.283,-0.178,0.021,0.599,0.716,-1.983,2.693,-0.288,-0.015,-0.853,-1.290,0.909,0.860,0.887,-1.768,-0.588,1.862,0.684,0.947,-0.196,-2.076,-0.786,-2.255,-0.817,-1.199
0.820,0.563,-0.326,0.274,-0.224,0.026,0.628,0.741,-2.012,2.393,-0.278,-0.013,-0.944,-1.271,0.891,0.848,-0.686,-0.034,-0.591,1.865,0.662,0.919,-0.677,-1.942,-0.788,-2.263,-0.799,-1.190
1.093,0.584,-0.103,0.082,-0.170,0.027,0.676,0.982,-2.655,1.794,-0.251,-0.021,-0.854,-1.299,0.896,0.881,-0.191,-1.380,-0.588,1.869,0.708,0.959,-1.717,-0.984,-0.789,-2.254,-0.816,-1.164
1.053,0.684,-0.111,-0.658,-0.215,0.010,0.726,0.794,-3.396,2.966,-0.329,0.000,-0.856,-1.339,0.949,0.864,1.080,-1.727,-0.590,1.858,0.721,0.912,-0.674,0.388,-0.786,-2.255,-0.815,-1.194
0.818,0.780,-1.456,2.529,-0.181,0.030,0.713,0.719,-1.951,1.439,-0.307,-0.003,-0.991,-1.363,0.877,0.916,0.891,-0.882,-0.589,1.863,0.716,0.947,-2.116,0.932,-0.788,-2.264,-0.809,-1.191
0.957,0.644,0.189,-2.221,-0.200,0.020,0.556,0.875,-3.114,4.521,-0.306,-0.003,-0.854,-1.393,0.896,0.867,-2.087,-0.056,-0.595,1.856,0.685,0.946,0.379,-0.867,-0.784,-2.253,-0.785,-1.194
0.957,0.644,0.189,-2.221,-0.200,0.020,0.556,0.875,-3.114,4.521,-0.306,-0.003,-0.854,-1.393,0.896,0.867,-0.205,-3.820,-0.595,1.856,0.685,0.946,-0.724,1.340,-0.784,-2.253,-0.785,-1.194
0.946,0.742,-1.390,0.625,-0.125,0.017,0.803,0.783,-2.249,0.891,-0.180,0.008,-0.986,-1.405,0.873,0.890,-2.100,3.110,-0.584,1.893,0.737,0.961,-0.056,-4.482,-0.788,-2.245,-0.816,-1.197
1.103,0.665,0.226,0.622,-0.197,0.013,0.616,0.795,-2.185,3.091,-0.283,-0.004,-0.905,-1.367,0.864,0.857,-1.272,3.954,-0.596,1.873,0.635,0.955,0.242,-2.500,-0.790,-2.262,-0.820,-1.194
1.103,0.665,0.226,0.622,-0.197,0.013,0.616,0.795,-2.185,3.091,-0.283,-0.004,-0.905,-1.367,0.864,0.857,0.727,-0.043,-0.596,1.873,0.635,0.955,-0.632,-0.751,-0.790,-2.262,-0.820,-1.194
0.966,0.821,-1.790,4.137,-0.180,0.029,0.726,0.769,-1.484,0.314,-0.283,-0.006,-0.900,-1.379,0.842,0.866,0.159,1.885,-0.582,1.877,0.736,0.962,0.002,-1.768,-0.791,-2.266,-0.810,-1.197
0.904,0.645,0.291,-1.747,-0.241,0.022,0.644,0.719,-2.838,3.663,-0.315,-0.010,-0.947,-1.365,0.909,0.927,-0.100,-4.016,-0.589,1.859,0.693,0.930,-2.052,0.769,-0.789,-2.255,-0.811,-1.187
0.904,0.645,0.291,-1.747,-0.241,0.022,0.644,0.719,-2.838,3.663,-0.315,-0.010,-0.947,-1.365,0.909,0.927,1.987,-8.191,-0.589,1.859,0.693,0.930,-2.686,2.036,-0.789,-2.255,-0.811,-1.187
0.937,0.682,-1.659,2.552,-0.195,0.026,0.644,0.820,-1.261,1.393,-0.284,-0.022,-0.955,-1.351,0.904,0.899,-0.721,-0.317,-0.589,1.859,0.706,0.972,0.451,-0.972,-0.787,-2.253,-0.818,-1.207
0.988,0.687,0.241,-2.915,-0.200,0.026,0.815,0.788,-2.341,3.555,-0.311,-0.009,-0.947,-1.402,0.847,0.914,1.141,-3.913,-0.578,1.879,0.735,0.945,-1.141,0.010,-0.786,-2.255,-0.805,-1.210
0.894,0.802,-0.668,0.620,-0.197,0.013,0.785,0.624,-1.410,2.075,-0.284,-0.022,-0.864,-1.326,0.899,0.833,-2.683,3.676,-0.592,1.865,0.666,0.928,-0.168,-2.282,-0.789,-2.268,-0.804,-1.185
1.126,0.683,-0.913,3.180,-0.232,0.020,0.527,0.827,-1.061,2.213,-0.340,0.001,-0.905,-1.325,0.923,0.867,-0.001,0.506,-0.591,1.854,0.655,0.891,0.053,-1.035,-0.788,-2.254,-0.815,-1.190
0.977,0.743,0.717,-3.553,-0.203,0.019,0.641,0.916,-1.877,3.110,-0.284,-0.014,-1.039,-1.393,0.900,0.889,0.419,-1.419,-0.582,1.884,0.637,0.958,-0.109,-0.842,-0.783,-2.254,-0.819,-1.199
0.967,0.820,-0.108,-1.044,-0.202,0.020,0.516,0.809,-2.200,2.534,-0.310,-0.014,-0.854,-1.365,0.849,0.844,-5.552,8.739,-0.596,1.850,0.631,0.949,-0.410,-1.395,-0.789,-2.270,-0.809,-1.203
1.093,0.646,-1.677,2.232,-0.156,0.024,0.671,0.876,-1.882,1.743,-0.296,-0.015,-0.773,-1.325,0.896,0.877,-7.042,12.468,-0.593,1.872,0.661,0.927,-0.284,-2.086,-0.786,-2.257,-0.802,-1.190
0.988,0.663,0.256,0.795,-0.189,0.037,0.586,0.887,-1.906,2.083,-0.294,-0.008,-0.900,-1.337,0.897,0.846,-6.597,16.094,-0.581,1.867,0.683,0.946,-0.710,-1.725,-0.786,-2.258,-0.814,-1.191
1.019,0.843,-1.652,3.951,-0.191,0.021,0.743,0.837,-2.035,1.683,-0.307,-0.004,-0.993,-1.362,0.933,0.882,-8.684,18.569,-0.590,1.880,0.687,0.885,-0.327,-1.584,-0.787,-2.261,-0.812,-1.197
1.019,0.843,-1.652,3.951,-0.191,0.021,0.743,0.837,-2.035,1.683,-0.307,-0.004,-0.993,-1.362,0.933,0.882,-8.684,18.569,-0.590,1.880,0.687,0.885,-0.114,-2.012,-0.787,-2.261,-0.812,-1.197
0.925,0.860,-1.209,3.045,-0.202,0.022,0.586,0.898,-2.480,2.450,-0.273,-0.006,-0.942,-1.325,0.870,0.899,-6.895,16.929,-0.586,1.857,0.639,0.958,1.293,-1.104,-0.786,-2.262,-0.813,-1.200
1.000,0.663,-1.976,2.416,-0.211,0.023,0.658,0.795,-1.070,3.116,-0.283,-0.012,-0.855,-1.272,0.912,0.886,-6.945,9.056,-0.587,1.862,0.688,0.933,0.021,0.380,-0.787,-2.263,-0.792,-1.197
1.030,0.663,-1.850,1.595,-0.225,0.018,0.887,0.834,-1.314,2.648,-0.389,-0.025,-1.023,-1.349,0.950,0.864,-5.749,7.129,-0.593,1.879,0.733,0.954,0.548,0.009,-0.785,-2.260,-0.800,-1.203
1.115,0.781,-1.378,1.355,-0.187,0.022,0.642,0.783,-1.170,2.312,-0.350,-0.001,-0.944,-1.434,0.905,0.860,-3.846,5.484,-0.581,1.851,0.695,0.921,0.696,-1.108,-0.786,-2.260,-0.796,-1.207
0.958,0.665,-1.299,1.398,-0.142,0.015,0.671,0.703,-1.367,2.425,-0.288,-0.007,-0.913,-1.325,0.935,0.874,-3.094,4.520,-0.593,1.873,0.717,0.921,-0.468,-0.821,-0.787,-2.267,-0.813,-1.201
1.093,0.682,-1.913,1.484,-0.213,0.022,0.586,0.887,-0.699,0.872,-0.298,-0.009,-0.860,-1.360,0.917,0.870,-4.070,4.347,-0.585,1.854,0.711,0.945,0.762,-2.500,-0.784,-2.254,-0.811,-1.201
0.904,0.780,-1.091,1.030,-0.182,0.018,0.655,0.741,-0.757,1.955,-0.320,0.005,-0.861,-1.397,0.869,0.839,-2.247,2.653,-0.583,1.848,0.711,0.938,1.387,-3.054,-0.787,-2.263,-0.814,-1.198
1.050,0.663,-0.909,0.711,-0.118,0.001,0.713,0.716,-0.528,0.989,-0.145,0.015,-0.863,-1.342,0.946,0.858,-1.195,1.824,-0.596,1.882,0.646,0.946,0.072,-2.404,-0.791,-2.268,-0.816,-1.200
0.790,0.663,-0.690,0.100,-0.157,0.024,0.769,0.873,-0.534,1.558,-0.116,0.023,-0.891,-1.305,0.927,0.883,-1.587,0.763,-0.588,1.865,0.727,0.953,1.667,-3.413,-0.792,-2.273,-0.807,-1.202
1.010,0.643,-0.260,-0.142,-0.221,0.011,0.525,0.823,-0.685,-1.188,-0.269,-0.011,-0.987,-1.402,0.882,0.879,-0.558,0.542,-0.580,1.831,0.680,0.931,1.890,-5.499,-0.781,-2.243,-0.811,-1.192
0.873,0.838,-0.447,-0.045,-0.273,0.036,0.497,0.769,0.066,-1.013,-0.299,-0.017,-0.941,-1.326,0.906,0.878,-0.337,0.295,-0.593,1.875,0.658,0.956,0.737,-4.673,-0.781,-2.242,-0.810,-1.197
0.802,0.822,0.208,-0.411,-0.228,0.012,0.628,0.848,-0.300,-0.114,-0.348,-0.013,-0.859,-1.403,0.912,0.864,0.311,0.320,-0.586,1.848,0.629,0.946,0.815,-1.621,-0.788,-2.262,-0.809,-1.198
1.019,0.743,-0.065,-0.046,-0.208,0.016,0.756,0.848,0.391,-0.376,-0.295,-0.019,-0.859,-1.402,0.882,0.870,0.368,0.218,-0.589,1.868,0.702,0.947,1.421,-2.641,-0.784,-2.252,-0.816,-1.198
1.011,0.722,-0.033,0.147,-0.186,0.025,0.567,0.809,-0.579,-0.228,-0.258,-0.009,-0.956,-1.388,0.907,0.854,-0.033,0.202,-0.587,1.862,0.663,0.920,0.067,-2.379,-0.789,-2.266,-0.815,-1.204
0.957,0.663,0.293,-0.125,-0.102,0.006,0.930,0.797,-0.889,-0.528,-0.257,-0.001,-0.864,-1.303,0.890,0.866,0.139,0.077,-0.591,1.871,0.718,0.925,-0.780,-1.432,-0.787,-2.259,-0.807,-1.196
1.081,0.703,0.293,0.034,-0.163,0.022,0.671,0.691,-0.593,-0.060,-0.291,-0.004,-0.942,-1.326,0.902,0.902,0.199,0.263,-0.590,1.856,0.704,0.961,0.172,-1.570,-0.785,-2.260,-0.812,-1.196
0.904,0.706,-0.045,-0.189,-0.230,0.033,0.814,0.808,-0.849,-0.302,-0.321,-0.010,-0.987,-1.341,0.841,0.885,-0.243,0.128,-0.588,1.866,0.707,0.952,0.001,-1.797,-0.788,-2.265,-0.812,-1.199
1.041,0.525,0.124,-0.350,-0.208,0.016,0.570,0.809,-0.865,0.834,-0.317,-0.011,-0.946,-1.318,0.894,0.863,-0.171,0.259,-0.587,1.859,0.726,0.952,-0.537,-0.098,-0.784,-2.253,-0.814,-1.191
1.019,0.685,0.124,-0.060,-0.204,0.022,0.628,0.783,-0.636,0.179,-0.320,-0.008,-0.956,-1.387,0.846,0.891,-0.211,0.224,-0.589,1.875,0.715,0.918,0.192,-0.648,-0.786,-2.262,-0.809,-1.193
0.904,0.644,-0.093,-0.204,-0.203,0.033,0.573,0.638,-0.360,-0.502,-0.316,-0.004,-0.951,-1.271,0.873,0.823,-0.465,0.311,-0.589,1.858,0.669,0.948,0.303,-1.709,-0.786,-2.258,-0.814,-1.188
0.862,0.722,-0.226,-0.192,-0.151,0.011,0.641,0.794,-0.431,-0.671,-0.238,-0.010,-0.946,-1.341,0.869,0.882,-0.598,-0.034,-0.589,1.869,0.646,0.958,-0.374,-1.508,-0.786,-2.256,-0.808,-1.199
1.084,0.605,-0.212,0.019,-0.226,0.012,0.684,0.795,-2.043,2.205,-0.282,-0.004,-0.913,-1.365,0.888,0.878,-0.664,0.251,-0.590,1.872,0.705,0.950,-0.688,-1.217,-0.789,-2.265,-0.812,-1.189
0.958,0.666,-0.313,0.031,-0.192,0.004,0.667,0.795,0.919,-2.152,-0.221,0.007,-0.905,-1.364,0.889,0.879,-0.676,0.423,-0.585,1.846,0.679,0.938,1.665,-3.909,-0.781,-2.255,-0.809,-1.198
0.977,0.706,0.012,-0.428,-0.095,-0.017,0.781,0.977,0.076,-0.814,-0.091,0.042,-0.818,-1.404,0.881,0.899,-0.385,0.175,-0.599,1.883,0.731,0.941,-2.251,2.467,-0.797,-2.281,-0.814,-1.194
0.883,0.665,-0.234,-0.126,-0.187,0.024,0.644,0.730,-0.640,0.348,-0.130,0.010,-0.895,-1.341,0.834,0.871,-0.580,0.418,-0.585,1.852,0.665,0.933,-0.743,0.985,-0.782,-2.256,-0.811,-1.203
0.883,0.665,-0.234,-0.126,-0.187,0.024,0.644,0.730,-0.640,0.348,-0.130,0.010,-0.895,-1.341,0.834,0.871,-0.580,0.418,-0.585,1.852,0.665,0.933,1.220,-2.941,-0.782,-2.256,-0.811,-1.203
1.030,0.582,-0.096,-0.141,-0.211,0.023,0.628,0.795,0.266,-0.170,-0.258,-0.022,-1.069,-1.295,0.827,0.864,-0.556,0.226,-0.576,1.824,0.653,0.995,2.084,-4.091,-0.775,-2.249,-0.805,-1.204
0.915,0.682,-0.233,-0.046,-0.188,0.024,0.611,0.689,-1.388,1.759,-0.304,-0.018,-0.992,-1.326,0.929,0.880,-0.476,0.349,-0.591,1.876,0.664,0.940,-0.023,-0.803,-0.790,-2.261,-0.814,-1.192
0.904,0.956,-0.338,-0.205,-0.128,0.023,0.713,0.769,-0.828,1.369,-0.210,0.009,-0.905,-1.356,0.855,0.871,-0.370,0.235,-0.586,1.850,0.696,0.930,1.290,-2.569,-0.783,-2.258,-0.807,-1.197
1.041,0.841,0.177,0.098,-0.167,0.001,0.785,0.557,0.508,-0.821,-0.287,0.001,-0.941,-1.095,0.845,0.875,-0.190,0.605,-0.593,1.879,0.645,0.935,2.538,-5.964,-0.790,-2.280,-0.807,-1.196
1.019,0.565,-0.178,-0.283,-0.171,0.021,0.641,0.848,-0.981,2.084,-0.309,-0.020,-0.905,-1.390,0.882,0.876,-0.528,-0.163,-0.583,1.849,0.735,0.944,0.787,-1.210,-0.785,-2.238,-0.809,-1.197
1.240,0.762,-0.179,-0.114,-0.169,0.022,0.782,0.744,-0.345,0.207,-0.223,-0.009,-0.946,-1.326,0.874,0.935,-0.832,-0.115,-0.594,1.877,0.676,0.967,-1.515,3.622,-0.793,-2.276,-0.819,-1.196
0.935,0.993,-0.043,0.098,-0.196,0.019,0.628,0.701,0.716,0.346,-0.258,-0.009,-0.900,-1.316,0.871,0.906,-0.713,0.271,-0.586,1.859,0.676,0.908,0.759,1.996,-0.780,-2.244,-0.802,-1.199
1.135,0.706,0.209,-0.256,-0.123,0.004,0.675,0.609,-1.924,0.892,-0.295,-0.016,-0.861,-1.278,0.867,0.917,-0.184,0.268,-0.589,1.855,0.694,0.949,-0.024,-1.795,-0.783,-2.251,-0.807,-1.191
0.988,0.546,-0.095,-0.074,-0.171,0.021,0.501,0.794,0.314,-1.408,-0.241,-0.011,-0.946,-1.326,0.848,0.862,-0.436,-0.011,-0.589,1.849,0.655,0.934,-1.261,2.054,-0.786,-2.263,-0.803,-1.195
1.117,0.862,-0.061,-0.139,-0.238,0.022,0.713,0.703,1.258,-0.722,-0.371,-0.005,-0.939,-1.434,0.945,0.833,-0.516,0.264,-0.589,1.869,0.678,0.941,-2.761,7.359,-0.788,-2.245,-0.809,-1.198
0.926,0.958,0.159,0.176,-0.192,0.018,0.713,0.795,0.175,-0.182,-0.334,-0.017,-1.067,-1.310,0.894,0.881,-0.113,0.510,-0.587,1.862,0.717,0.940,-6.320,14.472,-0.788,-2.262,-0.811,-1.190
0.935,0.800,-0.065,-0.250,-0.110,-0.007,0.700,0.744,-0.586,4.216,-0.216,0.021,-0.997,-1.326,0.904,0.866,-0.433,0.390,-0.593,1.866,0.659,0.926,-8.156,20.815,-0.786,-2.277,-0.810,-1.193
1.041,0.609,0.125,-0.137,-0.212,0.015,0.785,0.740,-1.788,3.313,-0.269,-0.005,-0.900,-1.357,0.914,0.863,-0.449,0.224,-0.592,1.879,0.711,0.914,-8.962,17.387,-0.786,-2.262,-0.809,-1.201
0.884,0.760,-0.062,0.178,-0.245,0.016,0.516,0.759,-2.466,4.038,-0.310,0.002,-0.942,-1.326,0.839,0.859,-0.462,0.354,-0.580,1.838,0.652,0.955,-8.610,16.553,-0.778,-2.233,-0.816,-1.194
0.800,0.703,-0.095,-0.442,-0.196,0.019,0.730,0.954,-1.692,3.093,-0.313,-0.013,-0.988,-1.354,0.857,0.884,-0.157,0.306,-0.594,1.876,0.694,0.931,-6.667,12.692,-0.788,-2.266,-0.809,-1.186
0.941,0.705,-0.094,-0.060,-0.119,0.016,0.743,0.930,-1.243,2.220,-0.283,-0.006,-0.854,-1.325,0.901,0.919,-0.272,0.088,-0.587,1.872,0.679,0.962,-5.281,8.804,-0.787,-2.260,-0.813,-1.184
0.977,0.565,0.040,0.087,-0.202,0.016,0.538,0.848,-0.955,1.566,-0.328,-0.008,-0.940,-1.324,0.863,0.848,-0.444,0.529,-0.589,1.858,0.686,0.944,-4.217,6.573,-0.785,-2.245,-0.816,-1.183
1.039,0.837,0.293,-0.137,-0.193,0.026,0.455,0.915,-1.924,-0.301,-0.318,-0.006,-0.731,-1.288,0.878,0.863,0.043,0.492,-0.590,1.862,0.669,0.935,-4.387,2.219,-0.786,-2.259,-0.803,-1.181
0.935,0.587,0.507,-0.214,-0.226,0.026,0.657,0.797,-1.101,0.210,-0.288,-0.007,-0.811,-1.298,0.868,0.865,0.372,0.465,-0.588,1.859,0.722,0.942,-3.029,1.917,-0.787,-2.258,-0.808,-1.179
1.144,0.703,0.461,0.088,-0.207,0.018,0.585,0.809,-1.484,-0.393,-0.262,-0.010,-0.981,-1.394,0.893,0.883,0.415,0.636,-0.589,1.869,0.675,0.930,-3.137,0.913,-0.787,-2.252,-0.811,-1.196
0.956,0.584,0.123,0.382,-0.193,0.026,0.713,0.876,-1.073,-0.572,-0.340,-0.020,-0.900,-1.383,0.897,0.851,-0.418,1.005,-0.588,1.864,0.642,0.903,-2.849,0.626,-0.787,-2.257,-0.812,-1.202
0.956,0.584,0.123,0.382,-0.193,0.026,0.713,0.876,-1.073,-0.572,-0.340,-0.020,-0.900,-1.383,0.897,0.851,-0.418,1.005,-0.588,1.864,0.642,0.903,-2.849,0.626,-0.787,-2.257,-0.812,-1.202
1.039,0.684,0.087,0.532,-0.169,0.015,0.669,0.812,-1.295,-0.061,-0.112,0.022,-0.908,-1.322,0.901,0.896,-0.553,0.915,-0.594,1.866,0.707,0.941,-2.245,0.874,-0.794,-2.274,-0.815,-1.242
1.039,0.684,0.087,0.532,-0.169,0.015,0.669,0.812,-1.295,-0.061,-0.112,0.022,-0.908,-1.322,0.901,0.896,-0.553,0.915,-0.594,1.866,0.707,0.941,-2.245,0.874,-0.794,-2.274,-0.815,-1.242
1.103,0.841,0.208,0.604,-0.182,0.024,0.598,0.663,-1.662,-0.361,-0.215,0.000,-0.900,-1.342,0.877,0.874,-0.495,1.031,-0.580,1.849,0.708,0.941,-2.728,0.576,-0.781,-2.244,-0.812,-1.198
1.123,0.766,0.029,1.351,-0.226,0.020,0.673,0.705,-0.776,-0.938,-0.278,-0.019,-0.861,-1.284,0.934,0.892,-0.177,1.491,-0.587,1.864,0.679,0.935,-1.732,0.222,-0.791,-2.276,-0.808,-1.191
0.852,0.724,-0.093,0.679,-0.168,0.011,0.658,0.848,-0.495,-0.221,-0.273,-0.004,-0.947,-1.400,0.878,0.860,-0.585,1.432,-0.589,1.866,0.710,0.958,-0.764,-0.154,-0.786,-2.254,-0.815,-1.193
0.852,0.743,-0.130,0.627,-0.157,0.011,0.569,0.794,-0.718,-0.507,-0.340,0.001,-0.904,-1.358,0.831,0.875,-0.330,1.255,-0.594,1.877,0.692,0.940,-1.016,0.150,-0.787,-2.252,-0.810,-1.187
0.976,0.645,-0.128,0.256,-0.225,0.018,0.653,0.944,-0.640,-0.140,-0.330,-0.010,-0.908,-1.325,0.897,0.881,-0.732,0.533,-0.586,1.853,0.710,0.927,-1.164,0.413,-0.788,-2.263,-0.803,-1.188
0.841,0.724,-0.095,0.179,-0.228,0.025,0.602,0.744,-0.795,0.536,-0.307,-0.009,-0.937,-1.498,0.943,0.874,-0.608,0.641,-0.589,1.869,0.716,0.958,-1.430,1.472,-0.787,-2.258,-0.805,-1.193
0.851,0.802,0.041,0.311,-0.194,0.020,0.783,0.609,-0.864,1.388,-0.269,-0.008,-0.987,-1.365,0.888,0.884,-0.729,0.358,-0.589,1.865,0.726,0.942,-1.294,2.066,-0.788,-2.256,-0.815,-1.196
1.019,0.571,-0.148,0.389,-0.196,0.019,0.661,0.806,-1.009,1.130,-0.310,-0.014,-0.864,-1.326,0.984,0.883,-0.538,0.868,-0.588,1.863,0.686,0.943,-1.471,2.189,-0.786,-2.259,-0.808,-1.201
0.862,0.663,-0.095,0.679,-0.199,0.026,0.471,0.624,-0.709,1.009,-0.299,-0.017,-0.951,-1.330,0.867,0.881,-0.648,0.911,-0.589,1.868,0.646,0.953,-1.196,1.136,-0.785,-2.266,-0.815,-1.192
1.021,0.586,0.125,0.468,-0.145,0.008,0.585,0.626,-0.563,1.164,-0.351,0.004,-0.909,-1.332,0.937,0.907,-0.074,0.831,-0.590,1.866,0.672,0.948,-0.952,1.344,-0.786,-2.259,-0.815,-1.196
0.946,0.528,-0.313,0.600,-0.194,0.020,0.539,0.848,-0.346,1.082,-0.299,-0.017,-0.867,-1.380,0.890,0.882,-0.432,0.727,-0.589,1.865,0.681,0.952,-0.974,1.412,-0.787,-2.258,-0.814,-1.197
0.946,0.528,-0.313,0.600,-0.194,0.020,0.539,0.848,-0.346,1.082,-0.299,-0.017,-0.867,-1.380,0.890,0.882,-0.432,0.727,-0.589,1.865,0.681,0.952,-0.974,1.412,-0.787,-2.258,-0.814,-1.197
1.115,0.644,-0.263,0.323,-0.200,0.034,0.700,0.890,-0.939,1.375,-0.308,-0.004,-0.940,-1.395,0.901,0.876,-0.422,0.789,-0.590,1.862,0.678,0.937,-1.855,2.303,-0.787,-2.258,-0.815,-1.196
1.022,0.584,-0.095,0.389,-0.201,0.014,0.585,0.742,-1.078,1.373,-0.284,-0.008,-0.906,-1.326,0.896,0.878,-0.261,0.857,-0.589,1.862,0.683,0.938,-1.799,2.275,-0.785,-2.256,-0.812,-1.196
1.022,0.584,-0.095,0.389,-0.201,0.014,0.585,0.742,-1.078,1.373,-0.284,-0.008,-0.906,-1.326,0.896,0.878,-0.261,0.857,-0.589,1.862,0.683,0.938,-1.799,2.275,-0.785,-2.256,-0.812,-1.196
0.796,0.743,-0.095,0.402,-0.159,0.017,0.556,1.008,-0.786,0.864,-0.361,0.010,-0.990,-1.341,0.911,0.897,-0.478,0.584,-0.589,1.865,0.687,0.949,-1.405,0.963,-0.787,-2.264,-0.814,-1.193
1.060,0.995,0.158,0.599,-0.199,0.005,0.527,0.808,-0.779,1.073,-0.307,-0.009,-0.858,-1.301,0.878,0.872,-0.089,0.743,-0.589,1.866,0.653,0.934,-1.155,1.228,-0.786,-2.256,-0.804,-1.195
1.060,0.995,0.158,0.599,-0.199,0.005,0.527,0.808,-0.779,1.073,-0.307,-0.009,-0.858,-1.301,0.878,0.872,-0.089,0.743,-0.589,1.866,0.653,0.934,-1.155,1.228,-0.786,-2.256,-0.804,-1.195
1.093,0.603,-0.193,0.323,-0.226,0.012,0.713,0.915,-0.570,1.143,-0.277,-0.003,-0.910,-1.326,0.942,0.880,-0.452,0.671,-0.589,1.865,0.730,0.935,-1.168,1.335,-0.787,-2.260,-0.807,-1.195
1.020,0.764,-0.262,0.310,-0.177,0.015,0.513,0.703,-0.786,0.932,-0.309,-0.014,-0.951,-1.365,0.883,0.872,-0.475,0.823,-0.591,1.867,0.689,0.960,-1.484,1.155,-0.788,-2.259,-0.808,-1.200
1.135,0.624,-0.399,0.522,-0.201,0.028,0.641,0.744,-0.793,0.784,-0.328,-0.014,-0.904,-1.419,0.900,0.893,-0.625,0.511,-0.590,1.865,0.669,0.937,-1.589,1.330,-0.786,-2.257,-0.811,-1.200
1.080,0.706,0.259,0.825,-0.199,0.019,0.620,0.674,-0.862,1.140,-0.278,-0.019,-0.900,-1.349,0.917,0.886,-0.281,0.612,-0.587,1.859,0.717,0.939,-1.299,0.876,-0.787,-2.252,-0.807,-1.196
0.904,0.663,-0.178,0.323,-0.202,0.020,0.518,0.781,-0.640,0.715,-0.325,-0.017,-0.892,-1.310,0.898,0.883,-0.382,0.819,-0.588,1.863,0.626,0.949,-1.194,1.237,-0.785,-2.264,-0.824,-1.199
1.009,0.722,-0.043,0.468,-0.195,0.020,0.931,0.834,-0.716,1.073,-0.324,-0.007,-0.947,-1.263,0.883,0.851,-0.726,0.642,-0.589,1.866,0.700,0.952,-1.366,1.056,-0.787,-2.263,-0.812,-1.200
0.957,0.624,0.377,0.402,-0.188,0.026,0.513,0.730,-0.790,0.851,-0.288,-0.007,-0.950,-1.396,0.919,0.861,-0.042,0.641,-0.592,1.864,0.600,0.950,-1.258,1.173,-0.786,-2.262,-0.810,-1.191
0.946,0.741,-0.094,0.703,-0.177,0.021,0.657,0.730,-0.704,1.144,-0.313,-0.018,-0.857,-1.349,0.897,0.895,-0.249,1.003,-0.587,1.867,0.708,0.920,-1.379,1.139,-0.787,-2.261,-0.812,-1.195
1.051,0.762,-0.178,0.482,-0.189,0.025,0.597,0.769,-0.780,1.218,-0.335,-0.011,-0.854,-1.341,0.854,0.882,-0.454,0.950,-0.589,1.865,0.700,0.933,-1.471,1.114,-0.787,-2.262,-0.810,-1.204
0.999,0.841,-0.145,0.548,-0.159,0.017,0.615,0.820,-1.230,1.154,-0.262,-0.002,-0.900,-1.364,0.883,0.887,-0.696,0.612,-0.590,1.865,0.626,0.933,-1.260,1.441,-0.787,-2.261,-0.812,-1.200
0.935,0.762,0.175,0.483,-0.235,0.029,0.713,0.862,-0.790,1.083,-0.288,-0.015,-0.900,-1.365,0.896,0.861,-0.088,0.819,-0.588,1.868,0.725,0.930,-1.252,1.200,-0.784,-2.251,-0.801,-1.197
0.957,0.412,-0.094,0.469,-0.240,0.035,0.696,0.822,-0.932,1.224,-0.289,-0.010,-1.115,-1.326,0.852,0.899,-1.269,3.172,-0.589,1.874,0.692,0.948,-1.383,1.114,-0.787,-2.265,-0.805,-1.198
0.873,0.724,-0.094,0.179,-0.166,0.019,0.727,0.797,-0.776,1.051,-0.195,-0.001,-0.939,-1.341,0.879,0.864,-3.427,7.126,-0.590,1.866,0.681,0.925,-1.239,1.186,-0.786,-2.258,-0.811,-1.196
0.957,0.684,-0.262,0.456,-0.153,0.021,0.556,0.823,-0.634,1.231,-0.264,0.007,-0.951,-1.344,0.881,0.890,-5.641,11.197,-0.591,1.864,0.668,0.920,-1.255,1.409,-0.788,-2.269,-0.801,-1.194
0.967,0.843,-0.866,2.112,-0.212,0.017,0.785,0.744,-0.487,1.139,-0.276,-0.008,-0.867,-1.355,0.879,0.889,-7.268,15.469,-0.590,1.861,0.715,0.932,-1.417,1.322,-0.790,-2.266,-0.816,-1.195
0.946,0.488,-1.952,7.076,-0.254,0.017,0.639,0.823,-0.710,1.205,-0.269,-0.013,-0.896,-1.295,0.909,0.889,-8.140,15.235,-0.588,1.866,0.717,0.917,-1.438,1.230,-0.786,-2.255,-0.809,-1.204
0.873,0.703,-3.496,4.425,-0.171,0.021,0.541,0.837,-0.563,1.186,-0.313,0.001,-0.947,-1.341,0.907,0.867,-8.472,13.291,-0.586,1.867,0.679,0.942,-0.925,1.130,-0.787,-2.264,-0.812,-1.199
1.032,0.685,-1.884,3.305,-0.213,0.022,0.574,0.677,-0.566,1.237,-0.298,-0.001,-0.989,-1.341,0.897,0.879,-8.463,15.221,-0.585,1.843,0.633,0.937,-0.872,1.219,-0.786,-2.255,-0.821,-1.195
1.103,0.663,-4.712,8.037,-0.221,0.011,0.598,0.769,-0.268,1.219,-0.307,-0.003,-1.039,-1.365,0.874,0.867,-9.413,16.169,-0.603,1.886,0.677,0.933,-1.021,1.394,-0.786,-2.260,-0.809,-1.191
0.978,0.645,-2.548,0.965,-0.190,0.010,0.731,0.822,-0.561,0.991,-0.318,-0.006,-0.854,-1.309,0.890,0.846,-4.003,1.106,-0.584,1.820,0.758,0.921,-0.822,1.213,-0.786,-2.252,-0.814,-1.206
0.894,0.684,-1.937,0.450,-0.121,-0.004,0.574,0.957,-0.561,1.295,-0.290,-0.004,-0.854,-1.320,0.844,0.907,-5.141,5.973,-0.605,1.882,0.675,0.943,-1.078,1.247,-0.787,-2.260,-0.798,-1.190
0.999,0.743,-3.680,5.090,-0.224,0.012,0.713,0.730,-0.418,1.288,-0.284,-0.022,-1.033,-1.326,0.890,0.851,-5.291,7.529,-0.612,1.914,0.700,0.936,-0.924,1.439,-0.786,-2.262,-0.808,-1.187
0.882,0.667,-2.667,1.123,-0.220,0.011,0.574,0.915,0.030,1.134,-0.267,-0.003,-0.946,-1.279,0.909,0.927,-2.691,-2.089,-0.572,1.846,0.661,0.974,0.012,1.137,-0.786,-2.254,-0.813,-1.192
0.727,0.683,-4.179,2.130,-0.262,0.005,0.743,0.799,0.319,1.149,-0.294,-0.008,-0.910,-1.304,0.861,0.834,-3.600,-0.254,-0.590,1.844,0.762,0.937,0.060,1.207,-0.784,-2.259,-0.811,-1.194
0.878,0.878,-3.634,3.004,-0.242,0.016,0.622,0.862,0.218,0.926,-0.333,-0.001,-0.946,-1.358,0.837,0.877,-2.339,0.100,-0.598,1.874,0.699,0.892,0.051,1.094,-0.789,-2.253,-0.807,-1.196
0.737,0.626,-2.761,1.167,-0.222,0.025,0.628,0.677,0.010,1.008,-0.387,0.024,-0.955,-1.326,0.829,0.860,-1.132,-1.826,-0.588,1.846,0.680,0.960,-0.395,1.140,-0.786,-2.265,-0.824,-1.198
0.977,0.665,-2.572,0.064,-0.204,0.021,0.684,0.473,-0.013,1.085,-0.312,-0.005,-0.993,-1.340,0.873,0.855,-1.476,-4.979,-0.593,1.857,0.705,0.914,-0.759,1.347,-0.786,-2.256,-0.812,-1.189
0.977,0.665,-2.572,0.064,-0.204,0.021,0.684,0.473,-0.013,1.085,-0.312,-0.005,-0.993,-1.340,0.873,0.855,-3.107,-1.718,-0.593,1.857,0.705,0.914,-0.759,1.347,-0.786,-2.256,-0.812,-1.189
1.011,0.584,-1.567,0.505,-0.217,0.029,0.521,0.716,-0.168,0.862,-0.309,-0.006,-0.954,-1.326,0.925,0.866,0.434,-4.005,-0.586,1.873,0.669,0.916,-1.237,1.136,-0.787,-2.260,-0.821,-1.207
0.873,0.605,-3.230,2.209,-0.149,0.024,0.543,0.638,-0.010,1.435,-0.288,-0.002,-0.947,-1.358,0.912,0.875,-2.251,-1.193,-0.586,1.879,0.659,0.955,-0.718,1.586,-0.788,-2.257,-0.811,-1.200
0.999,0.684,-2.503,2.621,-0.135,0.032,0.586,0.701,-0.130,1.139,-0.284,-0.008,-0.904,-1.303,0.913,0.888,1.300,-4.702,-0.586,1.890,0.676,0.954,-0.831,1.185,-0.786,-2.251,-0.822,-1.202
1.061,0.841,-2.153,0.895,-0.130,0.034,0.743,0.940,-0.211,0.932,-0.303,-0.005,-0.989,-1.419,0.872,0.884,-0.225,-3.928,-0.576,1.871,0.671,0.943,-1.353,1.141,-0.782,-2.241,-0.815,-1.196
1.019,0.743,-3.469,2.851,-0.237,0.015,0.774,0.769,-0.708,1.496,-0.283,-0.012,-0.900,-1.387,0.888,0.887,-0.918,-3.958,-0.600,1.862,0.739,0.946,-1.413,1.007,-0.788,-2.263,-0.814,-1.201
0.924,0.565,-3.162,2.118,-0.193,0.024,0.713,0.758,-0.853,0.932,-0.273,-0.012,-0.863,-1.303,0.906,0.877,-1.534,-0.788,-0.586,1.885,0.678,0.917,-2.076,1.180,-0.786,-2.252,-0.806,-1.191
1.042,0.780,-2.306,2.085,-0.173,0.020,0.671,0.775,-1.011,1.067,-0.299,-0.017,-0.951,-1.340,0.885,0.909,-0.015,-2.141,-0.585,1.855,0.653,0.933,-1.543,1.493,-0.786,-2.257,-0.805,-1.184
0.904,0.722,-0.684,0.224,-0.182,0.024,0.671,0.876,-0.927,1.148,-0.298,-0.009,-0.997,-1.405,0.836,0.849,1.726,-4.643,-0.582,1.880,0.684,0.929,-1.634,1.385,-0.787,-2.252,-0.816,-1.190
0.904,0.722,-0.684,0.224,-0.182,0.024,0.671,0.876,-0.927,1.148,-0.298,-0.009,-0.997,-1.405,0.836,0.849,0.698,-2.586,-0.582,1.880,0.684,0.929,-1.634,1.385,-0.787,-2.252,-0.816,-1.190
1.061,0.663,-2.121,2.488,-0.153,0.024,0.700,0.677,-0.408,1.148,-0.258,-0.009,-0.854,-1.446,0.883,0.878,-1.148,1.368,-0.583,1.866,0.733,0.937,-1.036,1.312,-0.788,-2.263,-0.805,-1.184
0.821,0.646,-0.466,1.080,-0.160,0.031,0.628,0.691,-1.150,1.002,-0.318,-0.011,-0.927,-1.299,0.876,0.860,0.795,-1.114,-0.578,1.897,0.669,0.941,-1.646,1.268,-0.783,-2.246,-0.813,-1.194
1.188,0.624,-1.806,3.127,-0.211,0.009,0.475,0.783,-1.294,0.856,-0.324,-0.009,-0.951,-1.352,0.881,0.860,0.249,0.054,-0.597,1.841,0.691,0.934,-1.851,1.060,-0.789,-2.264,-0.813,-1.200
1.030,0.881,-1.923,3.157,-0.185,0.023,0.658,0.790,-0.707,0.991,-0.329,-0.002,-0.947,-1.365,0.860,0.875,0.331,-0.819,-0.588,1.908,0.681,0.919,-1.552,1.214,-0.787,-2.265,-0.815,-1.200
0.999,0.802,-1.498,0.996,-0.239,0.014,0.668,0.808,-0.635,1.154,-0.288,-0.015,-0.904,-1.418,0.857,0.903,-0.795,-1.550,-0.593,1.832,0.733,0.972,-1.641,1.519,-0.787,-2.258,-0.809,-1.205
0.966,0.722,-2.786,2.393,-0.122,0.017,0.713,0.744,-1.154,0.931,-0.258,-0.003,-0.804,-1.377,0.850,0.848,-1.004,-0.633,-0.589,1.878,0.674,0.917,-1.454,1.158,-0.787,-2.262,-0.809,-1.201
0.946,0.802,-2.017,2.184,-0.167,0.027,0.798,0.769,-0.627,1.073,-0.254,-0.004,-0.904,-1.379,0.906,0.870,-0.703,-1.192,-0.591,1.888,0.681,0.915,-1.278,1.433,-0.789,-2.264,-0.821,-1.199
1.134,0.643,-1.622,2.851,-0.211,0.017,0.785,0.649,-0.856,1.073,-0.298,-0.009,-0.934,-1.365,0.908,0.882,-0.042,-0.145,-0.587,1.874,0.671,0.937,-1.433,1.262,-0.787,-2.268,-0.808,-1.201
0.842,0.684,-1.964,3.468,-0.198,0.013,0.727,0.993,-0.863,1.072,-0.303,0.003,-0.900,-1.337,0.931,0.885,0.381,-0.700,-0.593,1.848,0.676,0.960,-1.315,1.667,-0.788,-2.263,-0.817,-1.191
0.842,0.684,-1.964,3.468,-0.198,0.013,0.727,0.993,-0.863,1.072,-0.303,0.003,-0.900,-1.337,0.931,0.885,0.168,-0.272,-0.593,1.848,0.676,0.960,-1.315,1.667,-0.788,-2.263,-0.817,-1.191
0.944,0.645,-1.155,2.187,-0.181,0.030,0.522,0.848,-1.149,1.149,-0.345,0.002,-0.857,-1.365,0.860,0.897,1.566,-1.594,-0.584,1.873,0.703,0.977,-1.128,1.300,-0.785,-2.250,-0.816,-1.196
1.071,0.722,-1.708,2.198,-0.211,0.011,0.857,0.755,-1.228,0.856,-0.279,-0.013,-0.896,-1.311,0.925,0.873,-0.617,-0.960,-0.589,1.869,0.715,0.914,-1.093,1.181,-0.784,-2.262,-0.799,-1.185
1.092,0.643,-1.275,2.935,-0.113,-0.000,0.700,0.756,-0.787,0.780,-0.262,0.006,-0.989,-1.350,0.900,0.866,0.877,-0.847,-0.593,1.869,0.653,0.950,-1.203,1.133,-0.787,-2.264,-0.818,-1.195
1.019,0.663,-2.093,2.641,-0.167,-0.002,0.569,0.758,-1.300,0.868,-0.298,-0.001,-0.908,-1.351,0.890,0.864,-0.863,-0.325,-0.584,1.835,0.658,0.940,-1.819,1.182,-0.786,-2.250,-0.811,-1.197
1.061,1.017,-2.098,1.732,-0.202,0.012,0.746,0.809,-0.487,0.932,-0.256,0.008,-0.989,-1.392,0.903,0.892,-1.312,-1.309,-0.594,1.880,0.696,0.936,-2.115,3.095,-0.788,-2.265,-0.806,-1.193
1.125,0.587,-1.938,1.505,-0.200,0.007,0.641,0.712,-0.998,1.008,-0.278,-0.013,-0.904,-1.337,0.868,0.858,-1.040,-1.747,-0.589,1.861,0.657,0.906,-4.489,7.753,-0.788,-2.257,-0.816,-1.200
1.104,0.720,-1.903,2.089,-0.208,0.016,0.785,0.783,-0.635,1.517,-0.340,-0.007,-0.854,-1.339,0.902,0.899,-0.038,-1.753,-0.588,1.836,0.702,0.946,-6.376,12.162,-0.783,-2.248,-0.806,-1.203
1.033,0.741,-1.588,1.190,-0.173,0.007,0.574,0.794,-2.401,5.773,-0.242,0.003,-0.942,-1.340,0.895,0.878,-0.854,-0.971,-0.595,1.867,0.626,0.934,-6.279,14.264,-0.786,-2.259,-0.816,-1.197
0.957,0.762,-1.808,2.195,-0.119,0.016,0.683,0.798,-1.635,4.864,-0.198,0.008,-0.947,-1.286,0.839,0.853,-0.467,-0.591,-0.586,1.883,0.710,0.930,-7.073,16.404,-0.784,-2.263,-0.812,-1.196
0.915,0.624,-1.438,1.955,-0.209,0.021,0.744,0.794,-2.750,4.851,-0.277,-0.013,-1.040,-1.285,0.881,0.870,0.558,-0.951,-0.590,1.860,0.727,0.930,-7.236,13.552,-0.782,-2.244,-0.814,-1.190
1.042,0.781,-0.046,1.125,-0.226,0.018,0.657,0.781,-3.940,6.851,-0.305,-0.003,-0.857,-1.297,0.834,0.885,1.497,-2.302,-0.588,1.881,0.685,0.948,-7.717,14.967,-0.786,-2.260,-0.818,-1.185
0.967,1.013,-0.346,0.021,-0.134,-0.001,0.713,0.798,-3.596,7.283,-0.181,0.013,-0.947,-1.324,0.898,0.861,0.906,-2.307,-0.590,1.862,0.682,0.899,-3.204,7.533,-0.785,-2.259,-0.825,-1.198
1.030,0.684,-0.268,0.750,-0.066,-0.010,0.730,0.837,-2.768,3.788,-0.150,0.014,-0.997,-1.421,0.891,0.887,1.559,-2.674,-0.595,1.881,0.714,0.967,-4.146,6.312,-0.789,-2.262,-0.811,-1.185
1.145,0.684,0.025,1.334,-0.189,0.022,0.700,0.851,-1.567,0.438,-0.257,-0.009,-0.947,-1.278,0.902,0.859,2.044,-3.626,-0.587,1.874,0.670,0.924,-4.265,6.080,-0.788,-2.246,-0.820,-1.171
1.050,0.743,0.389,0.016,-0.211,0.009,0.678,0.744,-1.980,2.208,-0.318,-0.014,-0.854,-1.324,0.940,0.913,2.562,-2.766,-0.594,1.865,0.637,0.909,-2.124,2.608,-0.785,-2.277,-0.811,-1.189
0.935,0.764,0.705,-0.502,-0.195,0.020,0.497,0.931,-2.404,3.215,-0.240,-0.008,-0.947,-1.384,0.911,0.869,3.119,-3.500,-0.598,1.886,0.649,0.895,-1.804,1.442,-0.787,-2.279,-0.816,-1.205
1.121,0.721,0.759,-0.925,-0.162,0.018,0.785,0.691,-1.959,3.853,-0.313,-0.005,-0.947,-1.383,0.928,0.854,2.927,-4.102,-0.582,1.870,0.739,0.922,-1.192,2.299,-0.788,-2.245,-0.813,-1.219
0.915,0.722,0.514,-0.591,-0.222,0.011,0.543,0.862,-2.971,3.298,-0.346,0.006,-0.904,-1.381,0.872,0.856,1.531,-3.134,-0.591,1.835,0.611,0.928,-2.135,0.569,-0.786,-2.258,-0.803,-1.206
1.041,0.662,-0.687,2.807,-0.199,0.026,0.713,0.676,-1.112,0.222,-0.329,-0.008,-0.943,-1.298,0.803,0.856,0.667,-0.768,-0.591,1.862,0.678,0.896,-2.036,0.221,-0.787,-2.266,-0.819,-1.190
0.852,0.646,1.142,-0.008,-0.142,0.006,0.628,0.795,-3.048,2.393,-0.206,0.008,-0.941,-1.325,0.916,0.875,2.210,-1.730,-0.583,1.848,0.709,0.932,-0.734,-0.092,-0.787,-2.260,-0.814,-1.220
0.759,0.545,-0.056,-0.426,-0.209,0.016,0.586,0.833,-2.766,3.086,-0.246,-0.012,-0.947,-1.287,0.851,0.845,0.097,-2.219,-0.606,1.895,0.669,0.904,-1.165,1.314,-0.786,-2.274,-0.811,-1.217
1.009,0.762,1.172,0.451,-0.182,0.031,0.887,0.794,-2.943,3.889,-0.294,-0.016,-0.897,-1.341,0.913,0.866,1.828,-0.926,-0.589,1.870,0.707,0.955,-1.375,1.018,-0.784,-2.241,-0.811,-1.193
0.767,0.645,-0.034,0.364,-0.181,0.024,0.858,0.716,-1.659,1.124,-0.319,-0.000,-0.990,-1.316,0.857,0.846,0.596,-1.733,-0.589,1.858,0.697,0.943,-0.647,0.138,-0.792,-2.263,-0.822,-1.184
1.051,0.682,-0.125,-0.067,-0.207,0.014,0.496,0.691,-3.118,2.663,-0.340,0.012,-0.944,-1.325,0.911,0.869,-0.129,-0.879,-0.594,1.879,0.702,0.955,-2.660,-0.741,-0.787,-2.251,-0.800,-1.174
0.977,0.802,0.502,-1.589,-0.216,0.024,0.616,0.795,-3.189,2.951,-0.285,-0.016,-0.897,-1.296,0.858,0.900,-0.855,0.858,-0.588,1.846,0.630,0.975,0.003,-3.274,-0.785,-2.279,-0.813,-1.196
0.977,0.663,-0.418,1.198,-0.142,-0.006,0.646,0.758,-1.136,1.652,-0.206,0.016,-0.942,-1.324,0.899,0.815,-1.187,1.974,-0.591,1.891,0.639,0.915,1.415,-3.000,-0.794,-2.263,-0.795,-1.193
1.103,0.783,1.434,-0.306,-0.083,0.001,0.581,0.795,-3.581,3.128,-0.203,0.019,-0.904,-1.379,0.921,0.933,-0.052,3.402,-0.589,1.884,0.671,0.972,-0.544,-4.386,-0.789,-2.254,-0.816,-1.196
1.050,0.684,-0.938,1.336,-0.133,-0.015,0.531,0.755,-1.851,0.610,-0.240,0.005,-0.905,-1.364,0.903,0.844,-2.292,2.330,-0.589,1.835,0.627,0.930,0.475,-4.314,-0.783,-2.264,-0.810,-1.198
1.050,0.820,-1.559,3.339,-0.162,0.012,0.565,0.759,-1.233,-0.261,-0.293,-0.000,-0.909,-1.418,0.938,0.818,-0.587,0.073,-0.580,1.871,0.697,0.906,0.358,-2.142,-0.789,-2.256,-0.808,-1.192
0.904,0.799,-1.123,0.167,-0.247,0.017,0.615,0.822,-1.527,2.092,-0.273,-0.020,-0.915,-1.311,0.854,0.906,-2.059,-0.126,-0.600,1.857,0.711,0.950,-0.188,-2.117,-0.785,-2.258,-0.812,-1.188
0.904,0.645,-0.587,-1.459,-0.243,0.023,0.488,0.954,-2.405,2.918,-0.293,-0.016,-0.951,-1.351,0.864,0.879,-0.718,-3.327,-0.606,1.866,0.663,0.912,-0.442,1.019,-0.786,-2.268,-0.815,-1.211
0.946,0.722,-2.099,1.813,-0.163,0.045,0.628,0.755,-1.614,1.624,-0.360,-0.003,-0.954,-1.404,0.904,0.861,-0.232,-0.960,-0.578,1.882,0.697,0.897,-0.223,-0.347,-0.787,-2.250,-0.814,-1.203
0.998,0.584,-0.125,-0.533,-0.173,0.032,0.603,0.797,-1.855,2.950,-0.289,-0.015,-0.850,-1.404,0.932,0.906,-0.051,0.683,-0.589,1.868,0.651,0.967,0.224,-0.809,-0.787,-2.264,-0.817,-1.194
0.915,0.545,-1.144,-1.067,-0.208,0.016,0.758,0.756,-2.041,2.393,-0.282,0.002,-0.942,-1.351,0.873,0.896,-2.818,-1.627,-0.594,1.857,0.722,0.926,-0.706,-1.696,-0.786,-2.262,-0.818,-1.181
0.841,0.703,0.242,-0.607,-0.198,0.027,0.641,0.954,-2.390,2.861,-0.288,-0.007,-0.900,-1.325,0.890,0.863,0.250,1.348,-0.584,1.853,0.678,0.940,-0.254,-0.992,-0.787,-2.256,-0.812,-1.200
0.863,0.684,-0.014,-1.740,-0.156,0.024,0.514,0.794,-1.499,2.192,-0.282,0.007,-0.909,-1.326,0.907,0.880,-1.766,-2.183,-0.587,1.890,0.669,0.920,0.145,-2.030,-0.788,-2.260,-0.818,-1.190
0.885,0.762,-1.289,0.569,-0.041,-0.001,0.671,0.809,-1.624,1.782,-0.128,0.026,-0.861,-1.404,0.950,0.888,-2.737,3.763,-0.592,1.912,0.714,0.899,0.050,-3.172,-0.789,-2.266,-0.811,-1.203
0.810,0.744,-0.207,-0.078,-0.162,0.010,0.471,0.716,-1.668,2.320,-0.237,0.017,-0.935,-1.299,0.878,0.851,-1.990,0.973,-0.597,1.878,0.650,0.942,0.470,-2.998,-0.788,-2.257,-0.807,-1.187
1.020,0.428,-1.263,3.015,-0.200,0.034,0.743,0.691,-1.445,1.710,-0.277,-0.013,-0.850,-1.325,0.908,0.856,-0.240,0.681,-0.571,1.835,0.710,0.954,-0.215,-1.527,-0.780,-2.238,-0.814,-1.193
0.789,0.568,1.445,2.173,-0.179,0.023,0.706,0.716,-2.646,2.576,-0.307,-0.015,-0.904,-1.353,0.921,0.902,1.194,-0.498,-0.579,1.845,0.707,0.925,-1.108,-1.450,-0.790,-2.264,-0.814,-1.196
0.957,0.544,-1.796,1.008,-0.201,0.006,0.644,0.744,-1.421,2.114,-0.309,-0.006,-0.900,-1.311,0.889,0.869,-3.621,8.167,-0.583,1.843,0.598,0.954,-0.008,-0.871,-0.784,-2.241,-0.804,-1.212
0.873,0.567,0.800,-1.626,-0.159,0.025,0.628,0.856,-1.383,2.484,-0.355,-0.008,-0.986,-1.341,0.887,0.898,-4.518,9.879,-0.578,1.886,0.748,0.974,0.702,0.017,-0.790,-2.256,-0.818,-1.209
0.883,0.546,-0.115,-0.538,-0.210,0.015,0.599,0.822,-1.327,2.649,-0.303,-0.010,-0.940,-1.374,0.854,0.823,-7.464,14.009,-0.596,1.861,0.681,0.902,0.317,-0.897,-0.787,-2.272,-0.814,-1.212
0.977,0.740,-0.958,3.255,-0.028,-0.002,0.740,0.877,-1.841,1.991,-0.216,0.000,-1.030,-1.341,0.880,0.867,-7.257,16.632,-0.586,1.898,0.669,0.900,0.265,-1.012,-0.790,-2.270,-0.813,-1.188
0.999,0.682,-0.863,4.351,-0.145,0.010,0.910,0.966,-1.680,2.148,-0.249,-0.023,-0.900,-1.358,0.914,0.906,-5.741,16.962,-0.587,1.861,0.669,0.926,0.115,-1.382,-0.789,-2.259,-0.815,-1.193
0.915,0.722,-1.862,2.944,-0.221,0.011,0.743,0.889,-1.051,2.774,-0.280,-0.001,-0.956,-1.386,0.940,0.859,-6.411,13.369,-0.586,1.870,0.694,0.943,-0.066,-0.089,-0.788,-2.265,-0.803,-1.197
0.915,0.722,-1.862,2.944,-0.221,0.011,0.743,0.889,-1.051,2.774,-0.280,-0.001,-0.956,-1.386,0.940,0.859,-6.411,13.369,-0.586,1.870,0.694,0.943,0.317,-0.856,-0.788,-2.265,-0.803,-1.197
0.884,0.663,-1.558,1.618,-0.208,0.024,0.713,0.863,-1.123,3.172,-0.293,-0.008,-0.900,-1.358,0.885,0.815,-4.482,6.590,-0.584,1.844,0.758,0.933,1.117,-0.132,-0.779,-2.241,-0.809,-1.198
0.864,0.643,-1.008,1.181,-0.196,0.013,0.844,0.887,-1.199,1.922,-0.280,-0.005,-0.977,-1.363,0.925,0.887,-3.633,4.458,-0.584,1.849,0.696,0.952,0.993,-1.600,-0.786,-2.253,-0.812,-1.198
0.864,0.643,-1.008,1.181,-0.196,0.013,0.844,0.887,-1.199,1.922,-0.280,-0.005,-0.977,-1.363,0.925,0.892,-4.277,5.622,-0.585,1.850,0.690,0.952,1.585,-2.826,-0.786,-2.254,-0.813,-1.198
1.093,0.800,-1.539,1.343,-0.221,0.032,0.513,0.758,-1.781,1.994,-0.262,-0.007,-0.860,-1.154,0.906,0.871,-3.314,3.704,-0.584,1.854,0.677,0.957,0.743,-2.837,-0.784,-2.254,-0.811,-1.215
0.873,0.624,-0.790,1.115,-0.216,0.022,0.713,0.862,-0.090,0.373,-0.347,0.003,-0.905,-1.362,0.872,0.873,-1.420,2.909,-0.587,1.860,0.667,0.929,1.375,-4.054,-0.787,-2.259,-0.813,-1.200
0.978,0.838,-0.509,0.109,-0.222,0.025,0.642,0.772,-0.399,-0.099,-0.310,-0.008,-0.946,-1.417,0.906,0.914,-1.209,1.835,-0.597,1.878,0.661,0.934,1.006,-4.338,-0.788,-2.256,-0.816,-1.202
1.095,0.487,-0.608,0.242,-0.097,0.011,0.641,0.756,-0.460,0.411,-0.257,-0.009,-0.900,-1.360,0.867,0.868,-1.078,1.055,-0.589,1.868,0.666,0.945,0.770,-1.982,-0.788,-2.266,-0.809,-1.196
0.999,0.584,-0.260,0.019,-0.196,0.019,0.884,0.954,-0.544,0.587,-0.299,-0.017,-0.860,-1.400,0.915,0.879,-0.793,0.324,-0.587,1.860,0.667,0.938,0.759,-2.831,-0.784,-2.249,-0.811,-1.188
0.967,0.875,-0.016,-0.077,-0.225,0.018,0.857,0.797,-0.445,-0.262,-0.310,-0.000,-0.905,-1.418,0.863,0.923,-0.230,0.076,-0.588,1.863,0.725,0.947,0.813,-3.224,-0.788,-2.264,-0.813,-1.197
1.145,0.644,0.627,0.002,-0.090,-0.003,0.697,0.822,-0.497,0.059,-0.205,0.018,-0.910,-1.400,0.914,0.869,0.345,0.431,-0.591,1.859,0.651,0.930,0.147,-2.325,-0.788,-2.265,-0.816,-1.200
0.946,0.666,0.346,-0.125,-0.174,0.007,0.556,0.836,-0.199,-0.380,-0.206,0.002,-0.910,-1.359,0.890,0.886,0.199,0.121,-0.592,1.881,0.653,0.952,0.918,-3.558,-0.789,-2.267,-0.813,-1.201
0.978,0.843,0.074,-0.030,-0.129,0.018,0.795,0.716,-0.497,-0.454,-0.206,0.010,-0.905,-1.326,0.825,0.840,0.059,0.084,-0.584,1.849,0.656,0.924,0.774,-3.107,-0.783,-2.246,-0.813,-1.197
0.922,0.645,0.258,-0.219,-0.164,0.017,0.671,0.834,-1.635,1.334,-0.244,-0.008,-0.951,-1.326,0.875,0.855,-0.070,0.405,-0.597,1.885,0.672,0.930,0.475,-3.408,-0.791,-2.276,-0.805,-1.197
0.842,0.802,-0.662,-0.270,-0.137,0.006,0.628,0.797,-1.387,0.675,-0.237,0.017,-1.075,-1.467,0.868,0.852,-0.480,0.322,-0.594,1.886,0.673,0.912,-0.971,-0.793,-0.793,-2.281,-0.817,-1.198
0.842,0.802,-0.662,-0.270,-0.137,0.006,0.628,0.797,-1.387,0.675,-0.237,0.017,-1.075,-1.467,0.868,0.852,-0.480,0.322,-0.594,1.886,0.673,0.912,0.541,-3.817,-0.793,-2.281,-0.817,-1.198
0.810,0.722,-0.093,0.388,-0.166,0.026,0.631,0.822,0.066,-0.881,-0.318,-0.021,-0.904,-1.363,0.859,0.885,-0.430,0.505,-0.580,1.844,0.678,0.948,0.208,-1.856,-0.779,-2.239,-0.812,-1.206
0.904,0.701,-0.094,-0.047,-0.185,0.031,0.586,0.912,-0.672,-0.201,-0.298,-0.009,-0.859,-1.413,0.935,0.924,-0.449,0.147,-0.594,1.878,0.670,0.941,-0.462,-2.308,-0.790,-2.276,-0.817,-1.194
0.977,0.843,-0.178,0.019,-0.203,0.020,0.645,0.769,0.247,-2.089,-0.283,-0.006,-0.942,-1.358,0.876,0.885,-0.761,0.052,-0.587,1.863,0.708,0.937,-0.922,-0.080,-0.784,-2.247,-0.812,-1.195
0.977,0.843,-0.178,0.019,-0.203,0.020,0.645,0.769,0.247,-2.089,-0.283,-0.006,-0.942,-1.358,0.876,0.885,-0.761,0.052,-0.587,1.863,0.708,0.937,0.818,-3.558,-0.784,-2.247,-0.812,-1.195
0.884,0.605,-0.094,-0.270,-0.197,0.027,0.785,0.795,-1.789,1.580,-0.288,-0.015,-0.955,-1.359,0.851,0.917,-0.276,0.178,-0.588,1.859,0.723,0.955,-0.436,-1.871,-0.788,-2.261,-0.811,-1.199
1.009,0.881,-0.346,-0.270,-0.222,0.025,0.615,0.621,-2.093,2.331,-0.303,-0.002,-0.905,-1.374,0.901,0.880,-0.846,0.305,-0.590,1.865,0.682,0.954,0.677,-4.572,-0.784,-2.256,-0.809,-1.200
0.904,0.663,-0.066,-0.114,-0.187,0.016,0.730,0.822,-0.973,0.412,-0.348,-0.010,-0.905,-1.358,0.918,0.866,-0.274,0.384,-0.590,1.869,0.724,0.978,1.518,-3.682,-0.790,-2.262,-0.816,-1.195
0.862,0.643,-0.150,-0.060,-0.211,0.023,0.658,0.812,0.735,-2.792,-0.293,-0.008,-0.955,-1.341,0.881,0.904,-0.285,0.062,-0.589,1.854,0.695,0.930,1.139,-4.995,-0.786,-2.249,-0.815,-1.187
1.061,0.743,-0.346,0.164,-0.158,0.031,0.609,0.677,0.508,-1.390,-0.329,-0.008,-0.905,-1.395,0.939,0.909,-0.501,-0.014,-0.588,1.861,0.672,0.940,0.065,-2.158,-0.787,-2.259,-0.809,-1.188
1.006,0.724,-0.179,0.006,-0.170,0.027,0.698,0.716,-0.997,-0.475,-0.309,-0.006,-0.951,-1.418,0.910,0.908,-0.658,0.215,-0.588,1.872,0.699,0.923,-1.609,4.487,-0.789,-2.251,-0.809,-1.201
1.040,0.626,0.560,-0.349,-0.217,0.024,0.586,0.769,0.366,0.465,-0.293,-0.008,-0.905,-1.434,0.875,0.848,-0.190,-0.050,-0.590,1.855,0.654,0.947,0.239,1.299,-0.785,-2.259,-0.816,-1.206
0.831,0.663,-0.231,-0.204,-0.220,0.017,0.556,0.781,-0.465,-0.619,-0.280,-0.015,-0.869,-1.543,0.912,0.894,-0.763,0.044,-0.589,1.861,0.630,0.954,-0.462,0.499,-0.786,-2.262,-0.813,-1.195
0.946,0.736,-0.043,-0.205,-0.125,0.004,0.628,0.769,-0.120,0.190,-0.247,-0.012,-0.981,-1.364,0.959,0.898,-0.402,0.241,-0.587,1.872,0.687,0.931,0.484,0.086,-0.785,-2.258,-0.810,-1.194
0.904,0.626,0.022,0.177,-0.161,0.011,0.569,0.808,1.151,-1.728,-0.229,-0.026,-0.997,-1.364,0.885,0.867,-0.266,0.337,-0.591,1.874,0.705,0.926,1.349,-2.167,-0.790,-2.271,-0.820,-1.200
1.041,0.703,-0.148,0.388,-0.183,0.018,0.586,0.730,0.905,-1.875,-0.304,-0.007,-0.900,-1.311,0.870,0.866,-0.830,0.605,-0.588,1.870,0.651,0.911,0.332,-1.792,-0.788,-2.251,-0.816,-1.202
1.061,0.665,-0.095,-0.048,0.023,-0.028,0.572,0.677,-0.259,2.394,-0.109,0.017,-0.947,-1.317,0.869,0.862,-0.826,0.157,-0.597,1.897,0.693,0.942,-1.439,5.720,-0.793,-2.283,-0.815,-1.198
1.063,0.783,-0.397,0.086,0.009,-0.034,0.586,0.794,-0.085,-0.306,-0.135,0.025,-0.854,-1.387,0.911,0.878,-0.333,0.043,-0.602,1.902,0.640,0.922,-1.290,0.279,-0.791,-2.279,-0.812,-1.199
0.842,0.743,-0.094,-0.048,-0.093,-0.003,0.794,0.755,0.039,-1.566,-0.256,0.013,-0.986,-1.326,0.879,0.869,-0.434,0.183,-0.592,1.876,0.676,0.966,-2.087,2.443,-0.784,-2.246,-0.819,-1.200
0.862,0.663,-0.012,-0.138,-0.191,0.017,0.900,0.610,0.233,0.173,-0.302,-0.003,-0.900,-1.387,0.855,0.834,-0.172,0.239,-0.578,1.811,0.653,0.958,-4.618,10.185,-0.787,-2.252,-0.808,-1.199
0.988,0.822,0.041,0.243,-0.163,0.018,0.644,0.769,0.500,0.414,-0.316,-0.010,-0.909,-1.272,0.862,0.883,-0.467,0.254,-0.588,1.876,0.669,0.924,-6.701,14.465,-0.793,-2.261,-0.815,-1.195
0.957,0.838,-0.229,0.098,-0.216,0.015,0.644,0.795,-0.352,3.204,-0.337,-0.006,-0.942,-1.248,0.893,0.876,-0.687,0.032,-0.592,1.865,0.679,0.903,-8.425,19.045,-0.785,-2.255,-0.809,-1.191
1.061,0.584,-0.179,0.031,-0.189,0.025,0.769,0.848,-1.359,3.623,-0.263,-0.010,-0.941,-1.326,0.918,0.872,-0.480,0.208,-0.588,1.858,0.671,0.940,-8.331,16.871,-0.786,-2.265,-0.815,-1.201
0.936,0.663,0.125,-0.126,-0.159,0.025,0.645,0.651,-1.796,3.518,-0.301,-0.008,-0.946,-1.249,0.860,0.894,-0.121,0.513,-0.589,1.873,0.668,0.949,-8.710,15.744,-0.785,-2.259,-0.818,-1.192
1.008,0.684,0.293,-0.184,-0.213,0.024,0.658,0.744,-1.515,3.178,-0.283,-0.006,-0.946,-1.405,0.912,0.892,-0.224,0.541,-0.588,1.857,0.657,0.919,-6.019,10.814,-0.788,-2.258,-0.815,-1.189
0.999,0.840,0.245,-0.114,-0.182,0.024,0.527,0.755,-1.628,1.879,-0.325,-0.009,-0.900,-1.298,0.893,0.883,0.052,0.384,-0.590,1.873,0.726,0.962,-5.614,8.067,-0.787,-2.258,-0.818,-1.188
0.966,0.743,0.076,0.019,-0.199,0.026,0.628,0.769,-1.399,1.810,-0.267,0.005,-0.947,-1.324,0.853,0.883,-0.380,0.313,-0.588,1.859,0.681,0.951,-4.744,6.911,-0.787,-2.257,-0.822,-1.177
1.072,0.684,0.208,0.165,-0.180,0.024,0.543,0.744,-1.494,2.090,-0.292,-0.022,-0.950,-1.363,0.855,0.904,0.074,0.525,-0.589,1.859,0.648,0.934,-4.695,5.030,-0.786,-2.261,-0.820,-1.169
0.988,0.980,0.672,0.457,-0.147,0.034,0.441,0.797,-0.896,-0.245,-0.304,-0.013,-0.896,-1.367,0.889,0.880,0.418,0.726,-0.587,1.873,0.685,0.950,-2.692,1.973,-0.788,-2.258,-0.816,-1.189
0.893,0.722,0.207,0.020,-0.170,0.020,0.815,0.794,-1.529,-0.226,-0.304,-0.018,-0.854,-1.332,0.892,0.836,-0.136,0.674,-0.590,1.861,0.672,0.922,-3.590,0.758,-0.787,-2.261,-0.804,-1.194
0.915,0.881,0.038,0.315,-0.225,0.018,0.740,0.744,-1.267,-0.286,-0.335,-0.011,-0.854,-1.331,0.893,0.935,-0.503,0.902,-0.588,1.867,0.696,0.944,-2.756,0.424,-0.786,-2.261,-0.807,-1.197
0.999,0.743,-0.220,0.608,-0.228,0.025,0.697,0.744,-1.144,0.153,-0.288,-0.015,-0.947,-1.378,0.862,0.847,-0.560,1.249,-0.590,1.859,0.670,0.907,-2.299,0.919,-0.787,-2.261,-0.811,-1.237
0.957,0.644,-0.222,0.606,-0.204,0.029,0.785,0.805,-1.367,-0.062,-0.292,-0.000,-0.909,-1.551,0.867,0.877,-0.408,1.678,-0.591,1.868,0.671,0.953,-2.773,1.051,-0.787,-2.260,-0.813,-1.248
0.977,0.702,0.039,0.837,-0.182,0.024,0.641,0.677,-1.292,-0.061,-0.288,-0.010,-0.854,-1.378,0.831,0.880,-0.299,1.354,-0.587,1.862,0.644,0.935,-2.601,1.028,-0.787,-2.260,-0.804,-1.235
0.977,0.743,0.292,0.627,-0.196,0.019,0.628,0.783,-0.930,-0.301,-0.294,-0.024,-0.943,-1.342,0.932,0.870,0.193,1.173,-0.589,1.856,0.720,0.956,-1.996,0.758,-0.787,-2.261,-0.810,-1.195
0.957,0.625,0.039,0.403,-0.159,0.025,0.634,0.755,-0.574,-0.283,-0.283,-0.006,-0.950,-1.325,0.888,0.858,-0.380,0.834,-0.589,1.875,0.657,0.963,-0.894,0.275,-0.788,-2.260,-0.806,-1.193
1.157,0.663,0.040,0.389,-0.210,0.015,0.586,0.876,-0.864,-0.221,-0.329,-0.010,-0.904,-1.342,0.912,0.859,-0.570,0.747,-0.590,1.863,0.625,0.945,-1.326,0.227,-0.787,-2.261,-0.809,-1.184
1.113,0.449,-0.010,0.679,-0.162,0.018,0.612,0.730,-0.932,0.138,-0.300,-0.006,-0.942,-1.404,0.964,0.877,-0.614,1.065,-0.591,1.878,0.667,0.937,-1.421,0.887,-0.788,-2.265,-0.809,-1.186
0.841,0.880,-0.199,0.468,-0.178,0.009,0.514,1.075,-0.708,0.971,-0.314,-0.013,-0.859,-1.380,0.872,0.888,-0.668,0.727,-0.588,1.860,0.680,0.931,-1.439,1.833,-0.785,-2.250,-0.812,-1.189
1.042,0.937,-0.126,0.245,-0.235,0.027,0.624,0.809,-0.573,1.007,-0.263,-0.010,-0.900,-1.271,0.912,0.885,-0.815,0.476,-0.590,1.872,0.680,0.948,-1.495,1.533,-0.789,-2.263,-0.808,-1.200
0.884,0.722,-0.042,0.810,-0.237,0.015,0.841,0.756,-0.796,1.386,-0.397,-0.021,-1.081,-1.326,0.870,0.866,-0.435,0.855,-0.589,1.862,0.679,0.945,-1.080,2.499,-0.786,-2.251,-0.813,-1.190
0.967,0.605,-0.263,0.310,-0.185,0.023,0.671,0.912,-0.708,1.094,-0.297,-0.020,-0.987,-1.334,0.883,0.871,-0.473,0.551,-0.590,1.865,0.668,0.942,-1.124,2.025,-0.787,-2.262,-0.811,-1.194
0.811,0.625,0.072,0.613,-0.122,0.017,0.654,0.719,-0.563,0.486,-0.248,-0.009,-0.896,-1.365,0.904,0.868,-0.271,0.858,-0.590,1.873,0.646,0.925,-1.041,1.274,-0.787,-2.256,-0.807,-1.191
0.968,0.724,0.344,0.389,-0.223,0.025,0.586,0.702,-0.932,0.815,-0.299,-0.004,-0.854,-1.372,0.877,0.873,-0.182,0.726,-0.592,1.873,0.640,0.923,-1.105,1.434,-0.787,-2.255,-0.813,-1.205
0.957,0.703,0.261,0.482,-0.210,0.031,0.740,0.758,-1.002,1.323,-0.268,-0.011,-1.082,-1.402,0.890,0.877,-0.183,1.060,-0.584,1.845,0.719,0.922,-1.085,2.010,-0.785,-2.252,-0.814,-1.200
0.977,0.548,-0.147,0.772,-0.145,0.016,0.598,0.767,-0.856,1.733,-0.314,-0.007,-0.850,-1.364,0.888,0.853,-0.497,1.053,-0.589,1.869,0.643,0.932,-1.706,2.506,-0.786,-2.258,-0.807,-1.197
0.977,0.548,-0.147,0.772,-0.145,0.016,0.598,0.767,-0.856,1.733,-0.314,-0.007,-0.850,-1.364,0.888,0.853,-0.497,1.053,-0.589,1.869,0.643,0.932,-1.706,2.506,-0.786,-2.258,-0.807,-1.197
1.093,0.683,-0.283,0.324,-0.240,0.006,0.628,0.795,-0.863,1.437,-0.292,-0.019,-0.850,-1.326,0.865,0.872,-0.284,0.907,-0.587,1.867,0.666,0.955,-1.571,2.229,-0.784,-2.249,-0.817,-1.195
0.946,0.586,-0.044,0.231,-0.213,0.014,0.598,0.742,-1.155,1.138,-0.302,-0.016,-0.904,-1.326,0.887,0.882,-0.325,0.768,-0.590,1.866,0.668,0.953,-1.358,1.061,-0.786,-2.266,-0.806,-1.197
0.926,0.684,-0.263,0.335,-0.192,0.011,0.645,0.875,-0.264,0.931,-0.299,0.010,-0.900,-1.357,0.857,0.857,-0.680,0.501,-0.590,1.870,0.688,0.948,-1.664,1.531,-0.784,-2.259,-0.813,-1.195
0.904,0.665,-0.398,0.548,-0.159,-0.002,0.628,0.769,-0.563,1.219,-0.289,-0.004,-0.938,-1.482,0.871,0.869,-0.452,0.839,-0.593,1.878,0.668,0.919,-1.462,1.273,-0.789,-2.264,-0.817,-1.192
1.050,0.821,-0.095,0.665,-0.200,0.028,0.598,0.741,-0.939,0.851,-0.288,-0.015,-0.942,-1.404,0.894,0.871,-0.464,0.776,-0.588,1.860,0.667,0.942,-1.287,1.076,-0.785,-2.253,-0.802,-1.199
0.884,0.682,-0.315,0.583,-0.228,0.025,0.471,0.769,-1.155,0.926,-0.283,-0.020,-0.900,-1.356,0.898,0.889,-0.438,0.716,-0.587,1.858,0.666,0.940,-1.414,1.227,-0.788,-2.263,-0.806,-1.194
1.061,0.682,0.176,0.389,-0.215,0.017,0.481,0.808,-0.941,1.224,-0.304,-0.010,-0.939,-1.364,0.903,0.918,-0.337,0.860,-0.589,1.866,0.684,0.907,-1.456,1.383,-0.789,-2.265,-0.815,-1.201
0.938,0.722,-0.043,0.627,-0.216,0.023,0.628,0.798,-0.786,1.218,-0.289,-0.004,-0.942,-1.357,0.915,0.852,-0.591,0.868,-0.587,1.860,0.651,0.958,-1.420,1.284,-0.784,-2.250,-0.807,-1.199
0.853,0.547,0.159,0.403,-0.204,0.014,0.803,0.797,-0.563,0.998,-0.314,-0.001,-0.854,-1.326,0.883,0.871,-0.097,0.651,-0.589,1.866,0.690,0.939,-1.217,0.945,-0.786,-2.256,-0.810,-1.197
0.926,0.644,0.261,0.533,-0.214,0.016,0.726,0.809,-0.777,0.634,-0.268,-0.011,-0.909,-1.370,0.886,0.876,-0.330,0.525,-0.589,1.867,0.679,0.963,-1.376,0.849,-0.790,-2.268,-0.814,-1.203
0.873,0.527,0.040,0.534,-0.196,0.019,0.722,0.823,-0.709,0.601,-0.282,-0.004,-0.904,-1.341,0.891,0.871,-0.283,1.120,-0.589,1.869,0.674,0.948,-1.411,1.026,-0.787,-2.264,-0.809,-1.200
0.935,0.745,-0.552,0.324,-0.194,0.005,0.478,0.982,-0.779,0.991,-0.247,-0.006,-0.904,-1.404,0.937,0.862,-0.491,0.911,-0.590,1.863,0.679,0.944,-1.278,1.116,-0.786,-2.254,-0.814,-1.193
0.852,0.762,-0.144,0.403,-0.137,0.014,0.718,0.848,-1.072,0.864,-0.262,-0.002,-0.946,-1.357,0.901,0.877,-0.327,0.753,-0.591,1.873,0.722,0.957,-1.630,1.186,-0.789,-2.268,-0.810,-1.197
0.999,0.802,-0.062,0.680,-0.187,0.018,0.684,0.915,-0.856,1.078,-0.232,-0.003,-0.850,-1.387,0.907,0.875,-0.172,0.708,-0.591,1.866,0.715,0.942,-1.280,1.438,-0.790,-2.262,-0.810,-1.190
1.282,0.546,-0.144,0.455,-0.175,0.022,0.744,0.755,-0.704,1.072,-0.298,-0.009,-1.030,-1.341,0.879,0.850,-0.330,0.868,-0.588,1.864,0.698,0.941,-1.373,1.490,-0.787,-2.258,-0.810,-1.195
0.936,0.488,-0.499,0.403,-0.194,0.020,0.683,0.901,-0.786,1.161,-0.283,-0.014,-0.950,-1.380,0.897,0.881,-0.519,0.884,-0.589,1.861,0.725,0.934,-1.518,1.508,-0.787,-2.262,-0.813,-1.192
1.020,0.705,-0.313,0.534,-0.171,0.015,0.663,0.809,-0.704,0.946,-0.288,-0.021,-0.947,-1.373,0.936,0.883,-1.650,3.053,-0.590,1.868,0.683,0.944,-0.936,1.234,-0.786,-2.262,-0.814,-1.197
0.898,0.722,-0.044,0.455,-0.199,0.013,0.718,0.794,-1.009,0.846,-0.324,-0.007,-0.846,-1.443,0.892,0.873,-3.628,6.980,-0.591,1.863,0.686,0.941,-1.399,1.448,-0.788,-2.259,-0.804,-1.202
0.800,0.743,-0.095,0.389,-0.214,0.030,0.756,0.812,-0.645,1.228,-0.313,-0.005,-0.900,-1.326,0.904,0.881,-5.914,11.420,-0.588,1.865,0.736,0.942,-1.034,1.548,-0.786,-2.258,-0.808,-1.195
0.851,0.802,-0.060,0.180,-0.224,0.024,0.641,0.730,-0.785,1.148,-0.309,-0.006,-0.854,-1.365,0.896,0.871,-7.912,15.680,-0.589,1.860,0.661,0.966,-1.168,1.511,-0.787,-2.258,-0.811,-1.196
1.030,0.821,-2.516,5.314,-0.213,0.008,0.602,0.744,-0.710,0.861,-0.324,-0.015,-0.992,-1.341,0.860,0.888,-9.397,18.818,-0.588,1.860,0.663,0.939,-1.038,1.295,-0.786,-2.257,-0.819,-1.193
0.779,0.684,-3.855,6.530,-0.138,0.020,0.743,1.112,-0.639,0.787,-0.282,0.002,-0.989,-1.404,0.896,0.865,-9.412,17.242,-0.584,1.858,0.675,0.952,-1.176,1.028,-0.787,-2.257,-0.814,-1.205
1.030,0.663,-1.742,2.714,-0.185,0.017,0.730,0.862,-0.932,1.159,-0.329,-0.002,-0.820,-1.365,0.882,0.871,-7.916,14.563,-0.591,1.865,0.649,0.940,-1.141,1.553,-0.786,-2.258,-0.813,-1.194
0.967,0.488,-4.385,8.403,-0.174,0.014,0.513,0.873,-0.417,1.097,-0.278,-0.013,-0.808,-1.287,0.892,0.902,-9.362,15.940,-0.599,1.868,0.622,0.935,-1.187,1.432,-0.787,-2.259,-0.813,-1.199
1.030,0.762,-2.534,5.269,-0.177,0.030,0.725,0.716,-0.855,1.148,-0.313,-0.010,-1.027,-1.318,0.873,0.886,-7.116,10.935,-0.573,1.864,0.620,0.933,-1.198,1.432,-0.786,-2.258,-0.817,-1.206
0.915,0.682,-3.422,4.982,-0.198,0.026,0.599,0.875,-0.853,0.953,-0.318,-0.006,-0.826,-1.395,0.855,0.926,-7.158,12.513,-0.568,1.845,0.682,0.968,-1.248,1.242,-0.786,-2.259,-0.811,-1.201
0.988,0.685,-3.764,5.426,-0.184,0.005,0.671,0.769,0.015,1.072,-0.289,-0.010,-0.859,-1.402,0.837,0.889,-3.376,1.736,-0.587,1.853,0.700,0.915,0.179,1.188,-0.786,-2.261,-0.821,-1.189
1.093,0.783,-3.706,1.597,-0.174,0.015,0.543,0.744,-0.058,1.072,-0.289,-0.015,-0.946,-1.310,0.889,0.873,-4.317,-2.824,-0.585,1.838,0.674,0.952,-0.404,1.288,-0.789,-2.258,-0.807,-1.193
1.166,0.803,-4.107,2.067,-0.199,0.026,0.645,0.744,-0.194,1.002,-0.350,-0.001,-0.905,-1.341,0.926,0.835,-3.627,0.767,-0.580,1.862,0.646,0.923,-0.179,1.185,-0.784,-2.255,-0.814,-1.203
1.061,0.627,-2.838,2.200,-0.253,0.004,0.523,0.784,0.399,1.002,-0.293,-0.006,-0.956,-1.457,0.950,0.888,-1.661,0.934,-0.605,1.858,0.631,0.936,0.319,1.116,-0.787,-2.269,-0.818,-1.194
0.904,0.701,-3.163,1.981,-0.147,0.009,0.808,0.873,-0.191,1.078,-0.253,0.006,-1.029,-1.264,0.888,0.872,-1.973,0.517,-0.586,1.884,0.730,0.978,-0.475,1.392,-0.784,-2.260,-0.818,-1.200
0.914,0.626,-3.769,1.128,-0.200,0.007,0.623,0.705,-0.024,1.218,-0.268,-0.011,-0.937,-1.512,0.919,0.859,-3.328,-1.450,-0.591,1.851,0.683,0.924,-0.571,1.408,-0.783,-2.251,-0.803,-1.197
0.873,0.742,-3.380,2.055,-0.171,0.035,0.654,0.873,-0.072,1.142,-0.313,-0.005,-0.939,-1.349,0.884,0.898,-2.273,-0.398,-0.581,1.858,0.635,0.957,-0.876,1.343,-0.783,-2.249,-0.811,-1.194
1.093,0.647,-2.372,2.797,-0.211,0.023,0.688,0.702,-0.495,1.224,-0.258,-0.009,-0.947,-1.364,0.933,0.885,-0.420,-1.070,-0.589,1.878,0.719,0.941,-0.872,1.726,-0.789,-2.270,-0.815,-1.193
0.904,0.663,-3.122,3.155,-0.208,0.016,0.415,0.825,-0.377,1.436,-0.310,-0.016,-0.943,-1.380,0.882,0.880,-1.463,-0.667,-0.594,1.858,0.630,0.951,-0.992,1.537,-0.787,-2.263,-0.824,-1.203
1.009,0.743,-2.740,-0.031,-0.197,0.019,0.527,0.794,-0.637,0.639,-0.304,-0.018,-0.939,-1.326,0.847,0.877,-2.245,-1.368,-0.586,1.862,0.689,0.899,-0.783,1.022,-0.788,-2.254,-0.809,-1.205
0.862,0.644,-2.731,1.529,-0.222,0.011,0.654,0.648,-0.011,0.932,-0.322,-0.005,-0.864,-1.395,0.794,0.846,-1.609,2.156,-0.591,1.856,0.661,0.926,-0.681,1.241,-0.787,-2.262,-0.805,-1.196
0.979,0.722,-1.221,0.019,-0.223,0.019,0.603,0.954,-0.558,0.860,-0.298,-0.009,-0.947,-1.342,0.920,0.872,-0.271,-0.967,-0.589,1.849,0.645,0.946,-1.111,1.130,-0.787,-2.263,-0.816,-1.200
0.978,0.722,-3.052,2.199,-0.095,0.004,0.642,0.716,-0.642,1.219,-0.223,-0.001,-0.942,-1.326,0.917,0.873,-1.457,-1.282,-0.591,1.885,0.736,0.877,-1.418,1.253,-0.789,-2.267,-0.814,-1.184
0.904,0.743,-2.211,1.983,-0.194,0.020,0.581,0.822,-0.564,1.082,-0.299,-0.017,-0.909,-1.365,0.884,0.859,0.245,-1.778,-0.586,1.867,0.654,0.941,-1.252,1.164,-0.787,-2.258,-0.815,-1.194
0.938,0.605,-2.483,1.873,-0.240,0.022,0.743,0.744,-0.556,1.073,-0.314,0.007,-0.988,-1.325,0.886,0.872,-0.275,-2.573,-0.592,1.837,0.694,0.928,-1.200,1.500,-0.785,-2.253,-0.814,-1.177
0.915,0.529,-1.743,1.805,-0.137,0.027,0.645,0.719,-0.710,1.083,-0.253,-0.002,-0.858,-1.379,0.880,0.867,0.755,-3.187,-0.588,1.894,0.646,0.924,-1.320,1.266,-0.792,-2.268,-0.816,-1.184
1.125,0.644,-2.038,1.951,-0.185,0.002,0.684,0.797,-0.494,1.158,-0.221,0.020,-1.029,-1.298,0.862,0.850,-0.411,-3.129,-0.596,1.877,0.717,0.923,-1.313,1.339,-0.790,-2.269,-0.813,-1.186
0.884,0.722,-1.588,2.144,-0.194,0.025,0.615,0.585,-0.560,1.002,-0.281,-0.009,-0.854,-1.311,0.887,0.844,0.959,-1.503,-0.579,1.855,0.744,0.942,-1.536,0.987,-0.782,-2.246,-0.810,-1.189
0.904,0.605,-1.677,2.582,-0.223,0.005,0.701,0.558,-0.634,1.132,-0.283,-0.009,-0.900,-1.417,0.894,0.883,0.659,-1.555,-0.600,1.858,0.662,0.968,-1.290,1.106,-0.789,-2.265,-0.819,-1.202
0.873,0.586,-1.881,1.858,-0.192,0.012,0.713,0.862,-0.708,1.149,-0.288,-0.013,-0.993,-1.405,0.905,0.874,1.305,-1.669,-0.583,1.851,0.646,0.940,-1.437,1.220,-0.786,-2.254,-0.823,-1.194
1.057,0.684,-2.426,2.121,-0.212,0.030,0.612,0.783,-0.856,1.073,-0.318,-0.006,-0.900,-1.311,0.870,0.888,-0.427,-1.954,-0.591,1.866,0.666,0.968,-1.230,1.160,-0.787,-2.258,-0.813,-1.205
1.166,0.744,-1.925,1.862,-0.188,0.030,0.623,0.798,-0.932,1.083,-0.267,-0.011,-0.776,-1.339,0.915,0.853,1.135,-4.439,-0.589,1.872,0.676,0.925,-1.239,1.365,-0.788,-2.256,-0.817,-1.202
1.030,0.584,-1.314,1.739,-0.098,-0.002,0.556,0.823,-0.710,1.007,-0.242,0.002,-0.950,-1.340,0.876,0.855,1.494,-2.913,-0.592,1.879,0.675,0.926,-1.324,1.226,-0.789,-2.267,-0.817,-1.204
0.999,0.781,-1.563,2.555,-0.133,0.019,0.700,0.769,-0.856,1.492,-0.355,0.011,-0.857,-1.405,0.929,0.853,0.243,-1.399,-0.586,1.851,0.652,0.926,-1.740,1.076,-0.781,-2.243,-0.810,-1.192
0.988,0.545,-1.129,1.865,-0.179,0.035,0.598,0.836,-0.856,1.078,-0.269,-0.019,-0.900,-1.311,0.866,0.873,0.442,-0.471,-0.586,1.861,0.643,0.928,-1.628,1.168,-0.785,-2.249,-0.814,-1.194
0.873,0.862,-2.254,2.497,-0.189,0.025,0.841,0.756,-0.425,1.006,-0.318,0.002,-0.900,-1.353,0.858,0.898,-0.442,-0.950,-0.592,1.883,0.702,0.958,-1.296,1.225,-0.789,-2.270,-0.815,-1.189
0.937,0.603,-2.190,2.116,-0.186,0.025,0.543,0.691,-1.078,1.148,-0.294,-0.003,-0.912,-1.378,0.985,0.871,0.412,-3.899,-0.587,1.846,0.637,0.917,-1.243,1.328,-0.786,-2.253,-0.808,-1.195
1.030,0.705,-1.760,2.372,-0.225,0.018,0.814,0.876,-0.715,1.002,-0.324,-0.009,-0.954,-1.364,0.870,0.881,-0.261,-0.262,-0.595,1.861,0.701,0.949,-1.367,1.379,-0.788,-2.260,-0.811,-1.188
1.030,0.705,-1.760,2.372,-0.225,0.018,0.814,0.876,-0.715,1.002,-0.324,-0.009,-0.954,-1.364,0.870,0.881,-0.219,-0.348,-0.595,1.861,0.701,0.949,-1.367,1.379,-0.788,-2.260,-0.811,-1.188
0.957,0.624,-2.198,2.056,-0.184,0.036,0.628,0.730,-0.563,1.002,-0.314,-0.013,-0.947,-1.324,0.874,0.847,-1.507,-0.601,-0.590,1.860,0.745,0.918,-1.345,1.229,-0.787,-2.260,-0.812,-1.194
0.926,0.703,-2.118,2.018,-0.209,0.023,0.814,0.769,-0.710,1.083,-0.289,-0.015,-0.858,-1.379,0.884,0.866,-0.534,-1.754,-0.589,1.872,0.672,0.901,-2.215,3.375,-0.787,-2.258,-0.816,-1.198
0.904,0.701,-1.791,1.630,-0.172,0.015,0.798,0.808,-0.563,1.006,-0.263,-0.018,-0.950,-1.392,0.862,0.859,-0.698,-0.927,-0.588,1.870,0.654,0.904,-4.181,7.601,-0.787,-2.263,-0.829,-1.198
0.957,0.722,-2.000,2.156,-0.240,0.022,0.598,0.613,-0.784,0.927,-0.312,0.003,-0.890,-1.271,0.918,0.865,-0.162,-1.447,-0.591,1.860,0.702,0.940,-6.456,11.581,-0.787,-2.252,-0.816,-1.196
0.862,0.701,-1.291,1.073,-0.067,-0.009,0.513,0.862,-2.472,5.620,-0.127,0.019,-0.950,-1.405,0.852,0.897,-0.110,-1.181,-0.597,1.868,0.630,0.959,-7.102,14.246,-0.789,-2.270,-0.810,-1.206
1.040,0.743,-1.369,1.988,-0.055,0.002,0.671,0.769,-1.249,4.701,-0.175,0.025,-0.854,-1.311,0.905,0.885,-0.651,-0.732,-0.594,1.906,0.675,0.922,-6.855,15.806,-0.790,-2.275,-0.809,-1.200
0.946,0.605,-1.075,1.363,-0.196,0.019,0.729,0.691,-3.256,7.073,-0.324,-0.015,-0.943,-1.339,0.975,0.865,0.326,-0.784,-0.577,1.837,0.696,0.933,-5.871,10.576,-0.778,-2.236,-0.811,-1.191
0.884,0.725,-1.075,1.729,-0.230,0.019,0.657,0.915,-1.932,4.805,-0.302,-0.024,-0.854,-1.365,0.881,0.888,0.750,-1.796,-0.585,1.856,0.701,0.938,-4.894,11.276,-0.781,-2.247,-0.815,-1.183
1.030,0.646,-0.046,0.387,-0.158,0.023,0.525,0.694,-2.516,4.724,-0.311,-0.008,-0.943,-1.298,0.872,0.897,1.162,-2.228,-0.591,1.869,0.638,0.940,-3.537,6.643,-0.791,-2.265,-0.810,-1.179
0.957,0.605,-0.340,1.383,-0.169,0.009,0.531,0.833,-2.337,3.044,-0.236,0.012,-0.944,-1.381,0.860,0.877,1.426,-1.357,-0.589,1.854,0.616,0.912,-3.663,4.898,-0.788,-2.243,-0.813,-1.181
0.812,0.665,0.326,-0.652,-0.079,0.009,0.684,0.823,-3.440,4.310,-0.214,0.018,-0.988,-1.368,0.897,0.895,1.969,-2.241,-0.589,1.871,0.711,0.964,-1.749,-0.645,-0.789,-2.264,-0.816,-1.162
0.812,0.665,0.326,-0.652,-0.079,0.009,0.684,0.823,-3.440,4.310,-0.214,0.018,-0.988,-1.368,0.897,0.895,2.997,-4.298,-0.589,1.871,0.711,0.964,-3.673,3.203,-0.789,-2.264,-0.816,-1.162
0.873,0.684,0.467,-0.305,-0.147,0.007,0.727,0.689,-2.835,2.605,-0.278,-0.013,-0.809,-1.348,0.876,0.866,3.690,-5.162,-0.598,1.881,0.711,0.931,-4.662,5.809,-0.787,-2.267,-0.815,-1.171
0.918,0.899,-0.005,0.650,-0.225,0.010,0.655,0.901,-1.392,0.772,-0.294,-0.022,-0.947,-1.298,0.869,0.867,1.297,-1.342,-0.595,1.855,0.745,0.890,0.265,-2.717,-0.786,-2.264,-0.812,-1.212
0.918,0.899,-0.005,0.650,-0.225,0.010,0.655,0.901,-1.392,0.772,-0.294,-0.022,-0.947,-1.298,0.869,0.867,2.544,-3.837,-0.595,1.855,0.745,0.890,-1.525,0.863,-0.786,-2.264,-0.812,-1.212
1.177,0.605,0.310,0.706,-0.176,0.028,0.700,0.705,-2.815,2.725,-0.314,-0.013,-0.811,-1.299,0.882,0.867,3.184,-4.140,-0.588,1.893,0.699,0.957,-4.058,4.406,-0.791,-2.254,-0.807,-1.201
0.988,0.703,0.231,0.811,-0.077,0.007,0.700,0.848,-1.875,1.326,-0.216,0.008,-0.947,-1.372,0.864,0.875,0.694,-0.441,-0.585,1.866,0.683,0.939,-0.443,-2.047,-0.788,-2.257,-0.810,-1.235
0.988,0.703,0.231,0.811,-0.077,0.007,0.700,0.848,-1.875,1.326,-0.216,0.008,-0.947,-1.372,0.864,0.875,2.143,-3.339,-0.585,1.866,0.683,0.939,-2.073,1.215,-0.788,-2.257,-0.810,-1.235
0.946,0.645,0.410,0.628,-0.159,0.025,0.700,0.915,-2.204,2.159,-0.299,-0.017,-0.900,-1.364,0.879,0.891,0.442,0.105,-0.582,1.882,0.659,0.951,-0.309,-0.419,-0.784,-2.251,-0.813,-1.199
0.873,0.781,-0.040,-0.952,-0.184,0.016,0.815,0.833,-3.609,4.190,-0.258,-0.003,-0.943,-1.357,0.821,0.855,-0.766,0.927,-0.584,1.840,0.682,0.934,-0.467,-1.748,-0.788,-2.263,-0.808,-1.194
0.968,0.743,-0.419,-0.019,-0.110,0.002,0.673,0.716,-2.155,1.984,-0.274,-0.001,-0.943,-1.375,0.879,0.897,-0.576,-0.312,-0.593,1.885,0.686,0.942,-0.880,-2.397,-0.787,-2.247,-0.810,-1.182
0.956,0.781,-0.099,0.479,-0.229,0.013,0.683,0.823,-2.276,0.813,-0.295,-0.013,-0.857,-1.299,0.787,0.919,-1.016,0.474,-0.590,1.864,0.652,0.989,-0.214,-4.093,-0.790,-2.260,-0.801,-1.171
0.925,0.563,-1.138,0.927,-0.185,0.031,0.540,0.715,-1.823,1.380,-0.324,-0.015,-0.944,-1.299,0.875,0.829,-1.142,1.301,-0.583,1.842,0.647,0.886,0.454,-2.782,-0.785,-2.259,-0.823,-1.191
0.915,0.703,1.117,-0.386,-0.170,0.027,0.785,0.756,-3.721,3.835,-0.268,-0.005,-0.990,-1.383,0.947,0.916,-0.078,0.995,-0.587,1.900,0.703,0.963,-0.995,-3.029,-0.787,-2.253,-0.815,-1.189
0.957,0.724,-0.685,1.018,-0.145,0.008,0.628,0.783,-1.856,1.343,-0.226,0.006,-0.770,-1.341,0.894,0.847,-1.979,1.281,-0.592,1.855,0.715,0.926,0.987,-3.265,-0.787,-2.269,-0.806,-1.194
0.988,0.744,-0.269,0.418,-0.236,0.015,0.654,0.848,-1.593,2.028,-0.313,-0.005,-0.859,-1.393,0.873,0.852,-0.538,0.107,-0.587,1.853,0.695,0.902,0.943,-1.979,-0.789,-2.257,-0.800,-1.198
1.134,0.681,-2.039,1.627,-0.223,0.012,0.669,0.755,-1.930,1.336,-0.297,-0.001,-0.905,-1.299,0.915,0.900,-3.239,2.160,-0.604,1.854,0.658,0.944,0.878,-1.760,-0.789,-2.275,-0.808,-1.195
0.882,0.722,-0.589,-0.001,-0.185,0.023,0.671,0.823,-2.122,2.189,-0.304,-0.010,-0.942,-1.323,0.904,0.873,-0.183,0.122,-0.587,1.868,0.626,0.949,-0.330,-1.136,-0.788,-2.256,-0.820,-1.202
0.851,0.783,-0.493,-0.385,-0.217,0.032,0.645,0.780,-1.604,1.661,-0.288,-0.015,-0.946,-1.419,0.909,0.892,-1.276,-1.000,-0.584,1.848,0.679,0.950,0.741,-3.144,-0.782,-2.256,-0.814,-1.225
0.957,0.781,0.302,-0.126,-0.210,0.023,0.696,0.569,-1.341,2.844,-0.314,-0.020,-0.905,-1.364,0.858,0.857,0.580,-0.105,-0.594,1.854,0.694,0.948,0.573,-1.209,-0.791,-2.267,-0.809,-1.205
0.698,0.624,-0.047,-1.477,-0.163,0.012,0.686,0.808,-1.901,2.823,-0.256,0.007,-0.864,-1.326,0.886,0.883,-0.980,-1.236,-0.591,1.881,0.714,0.925,-0.410,-1.733,-0.786,-2.252,-0.806,-1.190
1.101,0.725,0.003,0.211,-0.148,0.028,0.658,0.741,-1.531,2.293,-0.282,-0.006,-0.854,-1.364,0.826,0.867,0.126,2.061,-0.573,1.863,0.728,0.908,0.720,-1.310,-0.788,-2.268,-0.806,-1.194
1.008,0.701,-0.032,0.051,-0.214,0.010,0.875,0.822,-1.491,2.348,-0.314,0.001,-0.946,-1.326,0.912,0.882,-0.292,1.469,-0.592,1.826,0.632,0.934,0.769,-0.987,-0.785,-2.252,-0.816,-1.213
1.050,0.525,-0.028,-1.941,-0.176,0.014,0.611,0.940,-1.588,2.834,-0.310,-0.014,-0.900,-1.271,0.903,0.847,-3.207,3.058,-0.586,1.880,0.655,0.940,0.900,-2.801,-0.785,-2.258,-0.806,-1.187
0.727,0.684,-0.384,1.730,-0.175,0.008,0.743,0.797,-1.599,2.377,-0.240,-0.009,-0.900,-1.248,0.827,0.880,-1.754,4.340,-0.592,1.867,0.670,0.935,-0.270,-1.667,-0.789,-2.264,-0.805,-1.189
0.853,0.743,-0.928,3.767,-0.217,0.027,0.619,0.744,-1.254,1.813,-0.287,-0.005,-0.854,-1.287,0.869,0.875,1.279,0.780,-0.585,1.862,0.683,0.934,-1.067,-1.229,-0.786,-2.249,-0.815,-1.193
0.976,0.743,0.689,-2.055,-0.191,0.024,0.608,0.730,-2.594,3.057,-0.288,-0.007,-0.854,-1.356,0.907,0.909,0.451,-1.324,-0.577,1.833,0.657,0.979,-1.066,-0.258,-0.788,-2.262,-0.810,-1.195
0.977,0.781,-0.439,1.150,-0.170,0.020,0.565,0.733,-1.858,2.083,-0.294,-0.003,-0.905,-1.302,0.913,0.867,-5.935,11.513,-0.598,1.877,0.650,0.920,0.123,-1.329,-0.786,-2.258,-0.804,-1.204
0.977,0.783,-0.096,0.082,-0.152,0.035,0.688,0.705,-2.107,2.116,-0.294,-0.005,-0.945,-1.402,0.863,0.900,-6.268,14.374,-0.574,1.880,0.645,0.939,0.039,-1.350,-0.787,-2.259,-0.814,-1.196
0.977,0.783,-0.096,0.082,-0.152,0.035,0.688,0.705,-2.107,2.116,-0.294,-0.005,-0.945,-1.402,0.863,0.900,-6.268,14.374,-0.574,1.880,0.645,0.939,0.081,-1.436,-0.787,-2.259,-0.814,-1.196
0.862,0.605,-0.955,4.086,-0.043,-0.016,0.556,0.716,-2.176,1.953,-0.155,0.013,-0.864,-1.326,0.896,0.852,-7.160,17.050,-0.582,1.857,0.648,0.914,-0.230,-1.220,-0.790,-2.268,-0.807,-1.196
0.977,0.608,-1.053,3.248,-0.108,-0.014,0.683,0.900,-1.665,2.124,-0.238,0.009,-0.951,-1.441,0.947,0.906,-5.757,13.175,-0.604,1.904,0.655,0.982,0.560,-0.747,-0.787,-2.256,-0.809,-1.202
0.862,0.624,-1.400,3.758,-0.125,0.017,0.572,0.795,-1.713,2.542,-0.314,-0.013,-0.905,-1.357,0.892,0.888,-6.085,13.834,-0.591,1.878,0.687,0.976,0.791,-1.048,-0.780,-2.243,-0.811,-1.205
0.968,0.588,-2.083,2.835,-0.133,-0.008,0.457,0.902,-1.201,2.550,-0.307,-0.011,-0.905,-1.357,0.848,0.836,-6.422,10.318,-0.572,1.820,0.647,0.906,0.247,-0.839,-0.780,-2.237,-0.804,-1.198
0.937,0.605,-1.228,1.572,-0.199,0.012,0.543,0.755,-1.026,2.503,-0.270,0.000,-0.957,-1.380,0.901,0.869,-3.756,6.082,-0.588,1.863,0.699,0.947,0.613,-0.080,-0.785,-2.260,-0.799,-1.202
0.937,0.605,-1.228,1.572,-0.199,0.012,0.543,0.755,-1.026,2.503,-0.270,0.000,-0.957,-1.380,0.901,0.869,-3.756,6.082,-0.588,1.863,0.699,0.947,1.164,-1.182,-0.785,-2.260,-0.799,-1.202
0.999,0.682,-1.356,1.107,-0.140,0.015,0.599,0.755,-1.309,2.106,-0.216,0.000,-0.862,-1.397,0.926,0.888,-3.039,4.399,-0.584,1.856,0.693,0.926,0.348,-1.030,-0.789,-2.272,-0.807,-1.201
0.941,0.684,-1.690,1.082,0.037,-0.018,0.671,0.716,-0.754,1.316,-0.028,0.045,-0.906,-1.401,0.889,0.849,-3.224,3.212,-0.598,1.899,0.731,0.937,0.343,-1.542,-0.790,-2.269,-0.809,-1.205
0.873,0.741,-0.845,0.824,0.100,-0.053,0.645,0.755,-0.480,1.039,0.008,0.061,-0.875,-1.380,0.939,0.867,-1.619,2.367,-0.596,1.885,0.656,0.962,1.250,-2.914,-0.794,-2.281,-0.809,-1.204
0.915,0.764,-0.767,0.435,0.009,-0.042,0.700,0.663,0.049,-0.140,-0.111,0.030,-0.951,-1.361,0.904,0.892,-1.362,1.689,-0.601,1.893,0.730,0.941,1.756,-4.605,-0.789,-2.263,-0.827,-1.198
1.019,0.839,-0.547,0.180,-0.207,0.014,0.624,0.677,-0.320,0.570,-0.342,-0.004,-0.951,-1.342,0.887,0.872,-1.107,1.277,-0.574,1.825,0.713,0.939,1.471,-3.258,-0.784,-2.245,-0.813,-1.199
1.019,0.839,-0.547,0.180,-0.207,0.014,0.624,0.677,-0.320,0.570,-0.342,-0.004,-0.951,-1.342,0.887,0.872,-1.107,1.277,-0.574,1.825,0.713,0.939,2.500,-5.314,-0.784,-2.245,-0.813,-1.199
0.862,0.743,0.125,-0.367,-0.129,-0.003,0.701,0.954,0.463,0.400,-0.258,-0.017,-0.946,-1.357,0.844,0.894,0.304,0.291,-0.594,1.883,0.703,0.930,0.933,-2.088,-0.786,-2.258,-0.816,-1.201
0.853,0.705,-0.097,-0.205,-0.193,0.025,0.556,0.809,-0.183,-0.351,-0.252,-0.008,-0.946,-1.370,0.866,0.858,-0.225,0.093,-0.586,1.846,0.693,0.926,0.755,-2.922,-0.787,-2.259,-0.811,-1.209
0.988,0.743,0.042,-0.142,-0.228,0.025,0.654,0.876,-0.179,-1.798,-0.337,-0.008,-0.934,-1.292,0.872,0.882,-0.240,0.277,-0.591,1.865,0.697,0.927,0.255,-1.767,-0.788,-2.262,-0.810,-1.197
0.937,0.703,0.073,0.019,-0.200,0.034,0.572,0.755,-1.709,1.027,-0.348,-0.010,-0.900,-1.403,0.868,0.872,-0.142,0.229,-0.589,1.861,0.657,0.934,-0.648,0.003,-0.788,-2.254,-0.813,-1.197
0.999,0.644,0.293,-0.125,-0.201,0.020,0.785,0.809,-1.508,1.702,-0.310,-0.014,-0.951,-1.342,0.895,0.860,0.312,0.482,-0.589,1.866,0.675,0.916,0.397,-3.056,-0.785,-2.259,-0.810,-1.198
1.084,0.741,-0.059,-0.126,-0.159,0.025,0.696,0.769,-0.209,-2.095,-0.383,0.004,-0.991,-1.402,0.905,0.888,-0.214,0.354,-0.587,1.878,0.685,0.942,-0.448,-2.244,-0.791,-2.265,-0.819,-1.194
1.008,0.762,-0.178,0.177,-0.183,0.023,0.880,0.705,-0.259,-0.622,-0.308,-0.003,-0.900,-1.356,0.875,0.887,-0.664,0.605,-0.589,1.864,0.739,0.958,-0.483,1.674,-0.788,-2.261,-0.814,-1.196
0.946,0.528,0.124,-0.073,-0.233,0.021,0.689,0.755,-0.853,0.624,-0.345,-0.006,-0.946,-1.310,0.881,0.859,-0.416,0.230,-0.586,1.855,0.667,0.917,-1.154,0.369,-0.785,-2.255,-0.807,-1.200
0.976,0.627,-0.262,-0.126,-0.187,0.016,0.598,0.783,-0.174,0.279,-0.289,-0.015,-0.900,-1.310,0.851,0.898,-0.520,0.597,-0.590,1.873,0.679,0.921,0.624,-0.194,-0.784,-2.271,-0.811,-1.195
0.789,0.684,0.040,-0.126,-0.226,0.012,0.696,0.705,-0.188,-0.181,-0.328,-0.008,-0.905,-1.287,0.849,0.893,-0.584,0.013,-0.591,1.864,0.709,0.925,0.546,-1.040,-0.786,-2.262,-0.813,-1.201
0.998,0.683,-0.010,0.007,-0.205,0.021,0.785,0.769,0.718,-1.480,-0.330,-0.010,-0.941,-1.364,0.877,0.902,-0.625,0.357,-0.590,1.870,0.678,0.949,-0.755,0.723,-0.788,-2.264,-0.808,-1.204
0.977,0.822,0.040,0.175,-0.202,0.020,0.645,0.758,-0.989,-0.493,-0.224,-0.030,-0.981,-1.365,0.919,0.872,-0.554,0.456,-0.590,1.856,0.664,0.930,-1.873,-0.901,-0.790,-2.268,-0.815,-1.193
1.102,0.764,-0.095,-0.573,-0.224,0.027,0.700,0.769,-0.262,-0.376,-0.335,-0.006,-0.900,-1.350,0.891,0.892,-0.680,0.130,-0.590,1.869,0.686,0.924,0.145,-0.512,-0.783,-2.250,-0.806,-1.197
0.946,0.544,-0.211,-0.046,-0.194,0.025,0.598,0.716,-0.477,0.343,-0.314,-0.013,-0.855,-1.356,0.864,0.915,-0.866,0.155,-0.586,1.867,0.705,0.930,-0.592,0.810,-0.791,-2.270,-0.803,-1.197
1.208,0.822,-0.231,-0.295,-0.197,0.027,0.599,0.758,0.389,-0.231,-0.263,-0.010,-0.955,-1.348,0.978,0.851,-0.630,0.240,-0.591,1.866,0.721,0.923,0.342,0.399,-0.786,-2.256,-0.812,-1.195
1.019,0.626,-0.072,-0.284,-0.181,0.024,0.556,0.861,-0.593,0.040,-0.314,0.001,-0.946,-1.364,0.858,0.872,-0.604,-0.132,-0.587,1.864,0.644,0.963,-1.487,0.786,-0.790,-2.274,-0.805,-1.200
0.873,0.663,-0.043,0.231,-0.209,0.015,0.717,0.702,0.471,0.109,-0.262,-0.010,-0.946,-1.348,0.882,0.869,-0.421,0.314,-0.590,1.864,0.684,0.926,0.377,0.879,-0.786,-2.260,-0.805,-1.190
0.904,0.605,-0.095,0.075,-0.236,0.028,0.671,0.887,-0.718,1.806,-0.314,-0.013,-0.859,-1.403,0.840,0.890,-0.387,0.257,-0.587,1.855,0.678,0.935,0.985,-1.260,-0.785,-2.257,-0.814,-1.204
0.747,0.645,-0.011,0.006,-0.200,0.020,0.871,0.691,-0.040,0.669,-0.287,-0.018,-0.905,-1.326,0.892,0.871,-0.345,0.421,-0.590,1.867,0.694,0.930,2.032,-3.178,-0.789,-2.261,-0.814,-1.193
1.020,0.743,0.343,-0.059,-0.178,0.027,0.424,0.769,-0.644,1.970,-0.320,-0.002,-0.942,-1.419,0.866,0.850,0.180,0.289,-0.587,1.859,0.646,0.914,1.202,-1.617,-0.787,-2.261,-0.816,-1.192
1.030,0.722,-0.010,-0.048,-0.146,0.002,0.772,0.862,-0.518,0.452,-0.279,-0.005,-0.864,-1.279,0.902,0.850,-0.405,-0.112,-0.596,1.877,0.677,0.962,-2.079,1.272,-0.793,-2.263,-0.818,-1.200
1.040,0.762,0.209,0.087,-0.176,0.021,0.628,0.769,0.427,-0.312,-0.343,-0.040,-0.992,-1.365,0.894,0.898,-0.279,0.471,-0.592,1.883,0.683,0.937,-0.648,1.572,-0.786,-2.255,-0.813,-1.193
0.946,0.684,0.075,-0.416,-0.194,0.012,0.659,0.837,0.101,-1.388,-0.309,-0.004,-0.946,-1.355,0.790,0.842,-0.213,0.430,-0.583,1.838,0.702,0.889,-0.389,-0.270,-0.783,-2.253,-0.814,-1.212
0.936,0.743,-0.144,0.086,-0.210,0.015,0.599,0.863,0.343,-1.376,-0.299,-0.002,-0.997,-1.387,0.853,0.882,-0.570,0.482,-0.591,1.878,0.680,0.954,-0.342,-0.274,-0.792,-2.275,-0.815,-1.209
1.083,0.722,-0.178,-0.191,-0.219,0.018,0.815,0.808,-0.035,-0.410,-0.253,-0.016,-0.938,-1.403,0.876,0.894,-0.578,0.120,-0.591,1.867,0.662,0.947,-3.014,3.979,-0.782,-2.251,-0.806,-1.201
1.042,0.684,0.176,0.088,-0.194,0.020,0.642,0.712,0.427,1.054,-0.258,-0.003,-0.864,-1.341,0.944,0.859,-0.198,0.412,-0.593,1.863,0.670,0.899,-4.572,11.642,-0.790,-2.270,-0.812,-1.199
1.042,0.684,0.176,0.088,-0.194,0.020,0.642,0.712,0.427,1.054,-0.258,-0.003,-0.864,-1.341,0.944,0.859,-0.198,0.412,-0.593,1.863,0.670,0.899,-4.572,11.642,-0.790,-2.270,-0.812,-1.199
0.977,0.628,-0.095,-0.047,-0.188,0.016,0.586,0.744,-0.193,0.619,-0.334,-0.009,-0.779,-1.358,0.915,0.895,-0.641,0.275,-0.585,1.871,0.687,0.942,-6.792,14.681,-0.784,-2.248,-0.813,-1.202
1.072,0.722,0.209,-0.271,-0.133,0.019,0.728,0.861,-1.156,3.764,-0.298,0.004,-0.941,-1.326,0.901,0.876,-0.080,0.077,-0.591,1.863,0.707,0.922,-8.408,16.974,-0.785,-2.258,-0.816,-1.190
0.966,0.485,-0.009,0.071,-0.122,0.017,0.776,0.716,-1.563,3.482,-0.219,0.003,-0.946,-1.325,0.871,0.866,-0.325,0.243,-0.592,1.884,0.661,0.951,-8.151,14.525,-0.789,-2.265,-0.812,-1.184
1.093,0.586,-0.178,-0.193,-0.148,0.016,0.641,0.898,-1.155,3.101,-0.324,-0.015,-0.905,-1.283,0.908,0.886,-0.271,0.212,-0.590,1.866,0.650,0.949,-6.212,12.964,-0.781,-2.243,-0.812,-1.168
1.000,0.586,-0.093,-0.270,-0.156,0.032,0.658,0.808,-1.238,2.451,-0.317,-0.006,-0.947,-1.299,0.866,0.865,-0.465,0.222,-0.582,1.854,0.690,0.941,-5.041,9.838,-0.787,-2.257,-0.813,-1.161
0.935,0.643,0.112,0.010,-0.152,0.011,0.676,0.876,-1.290,1.782,-0.252,0.006,-0.946,-1.332,0.885,0.870,0.001,0.504,-0.595,1.874,0.688,0.933,-4.240,6.620,-0.787,-2.259,-0.817,-1.181
0.904,0.761,0.247,0.096,-0.200,0.007,0.527,0.773,-1.058,0.949,-0.298,0.004,-0.900,-1.367,0.914,0.902,0.245,0.594,-0.587,1.856,0.625,0.934,-3.782,3.929,-0.784,-2.249,-0.812,-1.187
0.969,0.783,0.630,0.389,-0.188,0.010,0.599,0.968,-1.208,0.165,-0.305,-0.005,-0.905,-1.367,0.861,0.888,0.576,0.609,-0.587,1.849,0.613,0.939,-3.815,2.351,-0.786,-2.254,-0.811,-1.187
0.977,0.566,0.375,0.313,-0.170,0.014,0.769,0.705,-0.953,0.106,-0.319,-0.014,-0.988,-1.384,0.935,0.904,-0.069,0.777,-0.592,1.870,0.702,0.943,-2.907,1.371,-0.786,-2.256,-0.813,-1.189
1.020,0.624,0.417,0.974,-0.191,0.017,0.569,0.769,-1.020,-0.448,-0.279,-0.002,-0.900,-1.306,0.933,0.859,0.058,1.858,-0.586,1.863,0.682,0.931,-2.597,0.227,-0.785,-2.258,-0.811,-1.198
0.758,0.682,-0.131,0.767,-0.218,0.011,0.743,0.901,-1.024,0.380,-0.288,-0.015,-0.942,-1.373,0.874,0.904,-0.761,1.615,-0.589,1.862,0.694,0.920,-2.494,1.674,-0.786,-2.253,-0.809,-1.206
1.040,0.722,-0.307,0.916,-0.188,0.024,0.730,0.794,-1.152,0.231,-0.303,-0.002,-0.942,-1.352,0.938,0.876,-0.869,1.574,-0.589,1.870,0.694,0.942,-2.076,1.507,-0.786,-2.260,-0.819,-1.227
1.040,0.722,-0.307,0.916,-0.188,0.024,0.730,0.794,-1.152,0.231,-0.303,-0.002,-0.942,-1.352,0.938,0.876,-0.869,1.574,-0.589,1.870,0.694,0.942,-2.076,1.507,-0.786,-2.260,-0.819,-1.227
0.904,0.802,0.337,0.499,-0.003,-0.016,0.743,0.758,-0.710,-0.507,-0.173,0.030,-0.988,-1.264,0.839,0.863,-0.159,1.257,-0.597,1.889,0.683,0.945,-1.380,-0.131,-0.790,-2.268,-0.806,-1.188
0.904,0.802,0.337,0.499,-0.003,-0.016,0.743,0.758,-0.710,-0.507,-0.173,0.030,-0.988,-1.264,0.839,0.863,-0.159,1.257,-0.597,1.889,0.683,0.945,-1.380,-0.131,-0.790,-2.268,-0.806,-1.188
0.811,0.682,0.124,0.469,-0.096,-0.004,0.743,0.834,-0.126,-0.283,-0.282,-0.004,-0.986,-1.311,0.933,0.863,-0.510,0.601,-0.589,1.870,0.667,0.923,-0.703,0.305,-0.781,-2.242,-0.811,-1.179
0.831,0.724,-0.092,0.758,-0.222,0.011,0.655,0.822,-0.127,-0.058,-0.299,-0.017,-0.946,-1.293,0.825,0.871,-0.346,0.783,-0.578,1.825,0.711,0.965,-0.651,0.380,-0.786,-2.254,-0.813,-1.173
0.904,0.764,-0.045,0.469,-0.200,0.007,0.645,0.769,-0.285,0.553,-0.293,-0.000,-0.941,-1.298,0.869,0.884,-0.399,0.898,-0.591,1.876,0.706,0.939,-0.741,0.803,-0.790,-2.268,-0.811,-1.151
0.893,0.743,-0.093,0.497,-0.132,0.013,0.863,0.794,-0.496,0.618,-0.193,-0.005,-0.991,-1.384,0.878,0.877,-0.363,0.638,-0.598,1.900,0.698,0.949,-0.972,1.655,-0.786,-2.263,-0.813,-1.181
1.082,0.742,-0.464,0.484,-0.191,0.017,0.756,0.808,0.006,0.966,-0.350,-0.001,-0.905,-1.375,0.915,0.847,-0.637,0.608,-0.579,1.839,0.649,0.930,-0.558,2.445,-0.785,-2.249,-0.806,-1.193
0.884,0.663,-0.094,0.324,-0.228,0.012,0.684,0.912,-0.273,1.179,-0.329,-0.008,-0.936,-1.350,0.900,0.865,-0.735,0.828,-0.591,1.864,0.675,0.922,-0.969,2.119,-0.787,-2.266,-0.810,-1.198
0.968,0.724,-0.145,0.598,-0.171,0.014,0.667,0.716,-0.049,1.122,-0.340,0.001,-1.029,-1.383,0.910,0.870,-0.110,1.026,-0.588,1.863,0.676,0.935,-0.442,1.382,-0.786,-2.254,-0.812,-1.197
1.019,0.663,-0.128,0.296,-0.210,0.015,0.658,0.741,-0.379,0.836,-0.280,-0.018,-0.946,-1.425,0.932,0.863,-0.630,0.718,-0.585,1.855,0.665,0.941,0.064,1.155,-0.787,-2.262,-0.808,-1.199
1.039,0.703,0.293,0.483,-0.182,0.030,0.687,0.862,-0.354,0.539,-0.324,-0.001,-0.900,-1.340,0.913,0.867,0.065,0.973,-0.593,1.873,0.682,0.950,-0.704,1.411,-0.786,-2.253,-0.812,-1.200
1.061,0.724,0.041,0.743,-0.237,0.015,0.686,0.758,-0.293,1.366,-0.278,-0.007,-0.864,-1.363,0.872,0.885,-0.376,0.714,-0.589,1.859,0.689,0.936,-0.921,2.169,-0.787,-2.259,-0.813,-1.191
0.999,0.741,0.073,0.563,-0.162,0.004,0.746,0.769,-0.212,1.955,-0.244,-0.007,-0.900,-1.299,0.847,0.876,-0.127,0.742,-0.590,1.866,0.695,0.953,-0.809,2.601,-0.787,-2.259,-0.805,-1.193
0.999,0.684,0.090,0.180,-0.171,0.028,0.775,0.769,-0.315,0.932,-0.330,0.011,-1.028,-1.352,0.925,0.916,-0.269,0.398,-0.587,1.853,0.667,0.937,-1.132,1.361,-0.786,-2.257,-0.814,-1.190
0.999,0.684,0.090,0.180,-0.171,0.028,0.775,0.769,-0.315,0.932,-0.330,0.011,-1.028,-1.352,0.925,0.916,-0.269,0.398,-0.587,1.853,0.667,0.937,-1.132,1.361,-0.786,-2.257,-0.814,-1.190
0.823,0.605,-0.229,0.376,-0.216,0.010,0.599,0.781,0.012,0.780,-0.325,-0.003,-0.946,-1.393,0.915,0.881,-0.330,0.740,-0.586,1.850,0.688,0.934,-0.551,1.009,-0.782,-2.246,-0.819,-1.187
1.009,0.979,0.173,0.245,-0.225,0.011,0.697,0.928,-0.333,1.492,-0.303,-0.010,-0.992,-1.267,0.904,0.867,-0.233,0.737,-0.588,1.860,0.692,0.952,-0.933,1.035,-0.787,-2.266,-0.813,-1.184
0.716,0.585,-0.094,0.485,-0.198,0.021,0.684,0.848,-0.049,0.850,-0.293,-0.008,-0.946,-1.321,0.822,0.843,-0.528,0.752,-0.590,1.868,0.678,0.927,-0.735,1.210,-0.788,-2.261,-0.817,-1.190
0.946,0.722,0.076,0.231,-0.243,0.019,0.828,0.808,0.011,1.433,-0.350,0.007,-0.946,-1.320,0.919,0.891,-0.220,0.584,-0.590,1.869,0.719,0.941,-0.635,1.431,-0.786,-2.258,-0.811,-1.189
0.999,0.586,0.160,0.692,-0.192,0.019,0.696,0.769,-0.295,1.224,-0.221,-0.015,-0.996,-1.237,0.912,0.894,0.041,0.952,-0.592,1.868,0.661,0.937,-0.636,1.504,-0.787,-2.265,-0.816,-1.186
0.966,0.663,0.075,0.454,-0.223,0.012,0.615,0.786,-0.049,0.995,-0.329,-0.000,-0.859,-1.405,0.896,0.853,-0.268,0.893,-0.589,1.855,0.717,0.932,-0.639,1.314,-0.785,-2.261,-0.812,-1.194
0.966,0.663,0.075,0.454,-0.223,0.012,0.615,0.786,-0.049,0.995,-0.329,-0.000,-0.859,-1.405,0.896,0.853,-0.268,0.893,-0.589,1.855,0.717,0.932,-0.639,1.314,-0.785,-2.261,-0.812,-1.194
0.852,0.624,-0.080,0.402,-0.210,0.015,0.615,0.676,0.643,1.224,-0.312,-0.020,-0.817,-1.352,0.889,0.878,-0.425,0.878,-0.584,1.852,0.706,0.932,-0.806,1.422,-0.783,-2.254,-0.814,-1.186
1.038,0.743,0.076,0.338,-0.194,0.020,0.696,0.769,-0.009,0.867,-0.349,-0.018,-0.946,-1.382,0.868,0.877,-0.408,1.070,-0.588,1.859,0.669,0.949,-0.771,1.028,-0.785,-2.251,-0.816,-1.194
1.009,0.701,0.293,0.469,-0.192,0.005,0.569,0.755,-0.293,1.229,-0.284,-0.009,-0.942,-1.352,0.898,0.883,-0.043,0.851,-0.588,1.866,0.695,0.918,-0.771,1.675,-0.788,-2.263,-0.809,-1.191
0.873,0.683,0.039,0.389,-0.252,0.018,0.569,0.795,-0.354,1.726,-0.340,-0.012,-0.951,-1.372,0.873,0.902,-0.233,0.983,-0.591,1.867,0.689,0.946,-0.778,1.654,-0.787,-2.268,-0.817,-1.194
1.008,0.682,-0.008,0.324,-0.198,0.021,0.369,0.822,-0.354,0.996,-0.323,-0.015,-0.951,-1.330,0.853,0.877,-0.322,0.674,-0.590,1.866,0.640,0.939,-1.009,1.171,-0.787,-2.256,-0.815,-1.189
0.706,0.741,0.075,0.438,-0.237,0.015,0.700,0.940,-0.272,0.917,-0.305,-0.007,-0.813,-1.331,0.891,0.879,-0.287,0.386,-0.592,1.862,0.689,0.940,-0.731,1.311,-0.786,-2.259,-0.806,-1.196
1.019,0.703,0.039,0.389,-0.224,0.027,0.641,0.756,-0.414,1.002,-0.295,-0.013,-0.909,-1.362,0.939,0.898,-0.428,0.589,-0.589,1.861,0.670,0.936,-0.534,1.130,-0.787,-2.256,-0.815,-1.195
0.862,0.762,0.077,0.469,-0.222,0.025,0.611,0.744,-0.354,1.218,-0.318,-0.011,-0.772,-1.383,0.837,0.871,-1.279,2.960,-0.589,1.864,0.680,0.955,-0.878,1.177,-0.787,-2.258,-0.817,-1.189
0.904,0.626,0.303,0.823,-0.240,0.022,0.810,0.730,-0.331,1.430,-0.350,-0.028,-0.955,-1.309,0.885,0.866,-3.118,7.279,-0.589,1.863,0.678,0.924,-0.929,1.606,-0.786,-2.259,-0.805,-1.194
0.988,0.546,0.124,0.180,-0.212,0.017,0.760,0.794,0.152,1.224,-0.283,-0.014,-0.858,-1.310,0.888,0.878,-5.508,11.203,-0.589,1.862,0.705,0.955,-0.680,1.508,-0.786,-2.260,-0.813,-1.193
0.988,0.546,0.124,0.180,-0.212,0.017,0.760,0.794,0.152,1.224,-0.283,-0.014,-0.858,-1.310,0.888,0.878,-7.639,15.465,-0.589,1.862,0.705,0.955,-0.680,1.508,-0.786,-2.260,-0.813,-1.193
0.977,0.644,-1.191,2.246,-0.193,0.026,0.586,0.772,0.175,1.242,-0.288,-0.007,-0.854,-1.329,0.883,0.859,-9.614,19.905,-0.590,1.864,0.685,0.961,-0.542,1.464,-0.787,-2.264,-0.814,-1.199
0.883,0.586,-3.211,6.197,-0.172,0.015,0.696,0.781,-0.436,1.218,-0.244,0.011,-0.905,-1.382,0.864,0.877,-8.592,16.445,-0.587,1.857,0.704,0.926,-0.856,1.154,-0.786,-2.261,-0.809,-1.199
1.022,0.801,-3.059,7.485,-0.089,-0.007,0.556,0.862,-0.105,1.136,-0.202,0.003,-0.854,-1.405,0.935,0.897,-7.147,16.089,-0.598,1.889,0.700,0.938,-0.503,0.926,-0.789,-2.270,-0.807,-1.190
1.022,0.801,-3.059,7.485,-0.089,-0.007,0.556,0.862,-0.105,1.136,-0.202,0.003,-0.854,-1.405,0.935,0.897,-9.178,20.152,-0.598,1.889,0.700,0.938,-0.503,0.926,-0.789,-2.270,-0.807,-1.190
0.946,0.741,-1.284,-0.164,-0.194,0.020,0.671,0.769,-0.353,0.939,-0.318,-0.006,-0.860,-1.282,0.900,0.848,-6.392,5.315,-0.597,1.890,0.692,0.892,-0.761,1.311,-0.788,-2.265,-0.794,-1.206
1.008,0.803,-4.805,5.790,-0.223,0.012,0.628,0.822,-0.326,1.285,-0.288,-0.015,-0.996,-1.364,0.912,0.875,-7.713,9.707,-0.598,1.867,0.660,0.943,-0.857,1.301,-0.787,-2.256,-0.810,-1.188
0.946,0.743,-3.710,3.512,-0.205,0.019,0.497,0.705,-0.131,1.072,-0.293,-0.008,-0.935,-1.405,0.872,0.872,-1.821,0.547,-0.573,1.850,0.638,0.949,-0.814,1.131,-0.789,-2.262,-0.817,-1.199
0.946,0.743,-3.710,3.512,-0.205,0.019,0.497,0.705,-0.131,1.072,-0.293,-0.008,-0.935,-1.405,0.872,0.872,-3.703,4.311,-0.573,1.850,0.638,0.949,-0.814,1.131,-0.789,-2.262,-0.817,-1.199
0.968,0.584,-2.200,-0.372,-0.214,0.016,0.841,0.691,-0.410,1.370,-0.321,-0.010,-0.899,-1.324,0.897,0.840,-5.291,0.839,-0.600,1.903,0.741,0.924,-0.981,1.459,-0.785,-2.253,-0.801,-1.189
1.177,0.646,-3.880,4.505,-0.210,0.023,0.929,0.866,0.008,1.148,-0.278,-0.013,-0.861,-1.323,0.894,0.867,-4.005,4.894,-0.584,1.828,0.712,0.903,-0.937,1.573,-0.786,-2.262,-0.798,-1.192
0.800,0.762,-2.300,-0.015,-0.174,0.028,0.603,0.744,-0.377,1.066,-0.303,-0.003,-0.908,-1.339,0.910,0.880,-0.760,-3.479,-0.589,1.897,0.681,0.936,-1.134,1.129,-0.787,-2.256,-0.837,-1.193
0.957,0.722,-2.330,0.187,-0.208,0.014,0.756,0.848,-0.331,1.219,-0.303,-0.010,-0.859,-1.405,0.888,0.893,-3.459,0.990,-0.593,1.855,0.679,0.954,-1.054,1.337,-0.788,-2.262,-0.799,-1.197
1.105,0.604,-4.584,4.240,-0.222,0.011,0.624,0.851,0.070,1.142,-0.345,-0.013,-0.787,-1.405,0.911,0.847,-4.827,2.132,-0.595,1.832,0.664,0.938,-0.481,1.318,-0.786,-2.263,-0.797,-1.193
1.052,0.548,-2.430,3.738,-0.185,0.017,0.645,0.658,0.175,0.932,-0.283,-0.000,-0.945,-1.381,0.908,0.888,-0.092,0.025,-0.587,1.875,0.680,0.927,-0.789,1.366,-0.787,-2.262,-0.816,-1.187
0.935,0.781,-1.587,1.550,-0.082,0.020,0.728,0.613,-0.295,1.358,-0.272,0.008,-1.084,-1.382,0.867,0.928,-0.604,-0.150,-0.585,1.905,0.704,0.973,-1.132,1.547,-0.789,-2.274,-0.830,-1.203
0.883,0.568,-2.864,1.204,-0.240,0.008,0.517,0.794,-0.614,1.072,-0.309,-0.019,-0.951,-1.323,0.881,0.860,-2.764,-0.682,-0.593,1.823,0.624,0.959,-1.395,1.335,-0.782,-2.246,-0.810,-1.203
1.174,0.802,-2.346,1.311,-0.191,0.019,0.570,0.809,-0.434,1.377,-0.264,-0.015,-0.946,-1.377,0.887,0.887,-0.519,-2.793,-0.588,1.860,0.705,0.971,-1.028,1.599,-0.788,-2.263,-0.816,-1.189
1.082,0.546,-2.498,2.467,-0.181,0.026,0.760,0.651,0.175,1.153,-0.298,-0.009,-0.864,-1.310,0.870,0.876,0.035,-1.586,-0.587,1.868,0.685,0.930,-1.032,1.109,-0.783,-2.255,-0.811,-1.189
0.916,0.643,-2.589,1.900,-0.150,0.003,0.744,0.769,-0.194,0.938,-0.247,0.002,-1.105,-1.322,0.852,0.865,0.321,-5.110,-0.588,1.860,0.700,0.940,-1.071,1.224,-0.787,-2.260,-0.806,-1.183
0.884,0.703,-1.070,0.777,-0.211,0.015,0.526,0.940,-0.141,1.276,-0.289,-0.015,-0.905,-1.340,0.902,0.882,2.219,-4.837,-0.592,1.874,0.666,0.944,-0.515,1.338,-0.787,-2.263,-0.810,-1.194
1.019,0.900,-1.739,1.668,-0.198,0.019,0.756,0.780,0.095,0.847,-0.422,0.005,-0.946,-1.341,0.877,0.864,0.167,-2.901,-0.592,1.851,0.664,0.934,-0.791,0.941,-0.786,-2.255,-0.809,-1.187
1.019,0.643,-2.113,1.965,-0.171,0.029,0.529,0.783,-0.562,0.938,-0.287,-0.005,-0.905,-1.319,0.938,0.853,0.546,-4.705,-0.592,1.879,0.675,0.930,-1.010,1.462,-0.786,-2.259,-0.811,-1.198
0.946,0.760,-1.487,2.143,-0.189,0.008,0.696,0.805,-0.432,1.212,-0.309,-0.019,-0.783,-1.383,0.909,0.883,0.466,-1.703,-0.594,1.849,0.687,0.949,-1.009,1.511,-0.789,-2.260,-0.808,-1.190
0.957,0.682,-1.587,2.040,-0.167,0.028,0.615,0.716,-0.182,1.358,-0.283,-0.006,-0.946,-1.352,0.842,0.858,0.769,-1.115,-0.586,1.872,0.712,0.903,-1.184,1.551,-0.787,-2.262,-0.818,-1.198
1.030,0.584,-1.458,1.415,-0.223,0.011,0.726,0.727,-0.418,1.148,-0.293,-0.008,-0.905,-1.404,0.907,0.895,-0.573,-0.838,-0.597,1.853,0.669,0.981,-0.882,1.060,-0.788,-2.264,-0.813,-1.207
0.968,0.741,-2.485,2.795,-0.110,0.040,0.830,0.553,-0.259,1.002,-0.314,-0.013,-0.896,-1.394,0.939,0.836,-0.760,-0.593,-0.585,1.880,0.731,0.900,-0.703,1.283,-0.787,-2.262,-0.811,-1.187
1.051,0.722,-1.885,2.452,-0.147,0.007,0.599,0.873,-1.075,0.990,-0.283,-0.014,-0.946,-1.383,0.852,0.904,0.452,-2.523,-0.590,1.870,0.617,0.979,-1.086,1.183,-0.786,-2.260,-0.816,-1.196
0.957,0.605,-1.975,0.847,-0.138,0.031,0.726,0.758,-0.063,1.363,-0.302,-0.008,-0.997,-1.404,0.863,0.840,-0.302,-2.623,-0.587,1.862,0.653,0.886,-0.758,1.356,-0.785,-2.257,-0.814,-1.195
1.030,0.722,-1.908,2.367,-0.222,0.011,0.514,0.691,0.080,0.938,-0.332,-0.001,-0.956,-1.330,0.915,0.842,0.157,-1.024,-0.589,1.874,0.636,0.922,-1.186,1.275,-0.786,-2.259,-0.815,-1.199
1.030,0.722,-1.908,2.367,-0.222,0.011,0.514,0.691,0.080,0.938,-0.332,-0.001,-0.956,-1.330,0.915,0.842,-0.227,-0.257,-0.589,1.874,0.636,0.922,-1.186,1.275,-0.786,-2.259,-0.815,-1.199
1.030,0.703,-1.933,3.109,-0.155,0.024,0.641,0.781,-0.129,0.868,-0.299,-0.012,-0.854,-1.330,0.896,0.900,-0.723,-0.784,-0.585,1.877,0.666,0.950,-0.737,1.350,-0.787,-2.254,-0.807,-1.193
0.957,0.839,-1.230,1.452,-0.183,0.018,0.713,0.849,-0.192,1.068,-0.260,-0.013,-0.854,-1.371,0.875,0.882,0.636,-2.173,-0.589,1.867,0.685,0.968,-0.770,1.202,-0.786,-2.258,-0.819,-1.192
1.278,0.682,-2.215,0.789,-0.141,0.021,0.858,0.808,0.014,1.217,-0.217,0.006,-0.859,-1.299,0.955,0.873,-0.977,-3.612,-0.587,1.868,0.724,0.940,-0.364,1.293,-0.788,-2.262,-0.808,-1.182
0.841,0.684,-1.556,2.471,-0.187,0.016,0.442,0.876,0.075,0.860,-0.279,-0.013,-0.991,-1.362,0.865,0.881,0.200,-0.905,-0.589,1.849,0.692,0.942,-0.698,1.160,-0.784,-2.252,-0.813,-1.193
0.841,0.684,-1.556,2.471,-0.187,0.016,0.442,0.876,0.075,0.860,-0.279,-0.013,-0.991,-1.362,0.865,0.881,0.242,-0.991,-0.589,1.849,0.692,0.942,-0.698,1.160,-0.784,-2.252,-0.813,-1.193
1.030,0.722,-1.595,2.419,-0.205,0.021,0.471,0.756,-0.273,1.556,-0.324,-0.009,-0.910,-1.436,0.864,0.870,0.555,-1.261,-0.581,1.849,0.638,0.931,-0.819,1.320,-0.782,-2.248,-0.818,-1.191
1.083,0.722,-2.034,1.682,-0.159,0.031,0.586,0.755,-0.254,1.084,-0.285,-0.011,-0.909,-1.363,0.909,0.886,-1.082,-1.660,-0.586,1.860,0.683,0.929,-1.856,3.446,-0.785,-2.254,-0.811,-1.199
1.030,0.783,-2.183,1.934,-0.222,0.011,0.700,0.915,-0.130,1.343,-0.294,-0.019,-0.942,-1.352,0.833,0.887,-0.656,-1.431,-0.590,1.872,0.721,0.924,-3.910,7.666,-0.788,-2.269,-0.817,-1.191
0.935,0.703,-1.680,2.000,-0.224,0.026,0.586,0.848,0.094,1.092,-0.314,-0.007,-0.896,-1.446,0.890,0.898,0.430,-1.393,-0.591,1.859,0.619,0.939,-5.806,12.031,-0.785,-2.257,-0.806,-1.193
1.103,0.841,-1.512,1.632,-0.143,0.014,0.599,0.753,-0.859,2.174,-0.363,-0.022,-0.900,-1.393,0.928,0.879,0.334,-1.725,-0.589,1.867,0.662,0.941,-7.443,15.435,-0.789,-2.265,-0.810,-1.195
0.853,0.839,-1.373,2.015,-0.149,0.016,0.598,0.848,-1.829,4.947,-0.283,-0.000,-0.955,-1.370,0.915,0.844,0.185,-0.992,-0.587,1.875,0.677,0.923,-7.823,17.099,-0.786,-2.260,-0.807,-1.194
0.850,0.603,-1.368,1.810,-0.123,0.002,0.615,0.876,-3.288,7.272,-0.286,0.001,-0.855,-1.393,0.871,0.837,0.042,-1.243,-0.600,1.884,0.674,0.942,-9.059,17.639,-0.789,-2.268,-0.808,-1.192
0.977,0.781,-1.298,1.746,-0.182,0.024,0.683,0.901,-2.126,4.117,-0.273,-0.018,-0.860,-1.363,0.876,0.883,1.276,-2.390,-0.580,1.851,0.669,0.910,-8.027,16.776,-0.779,-2.246,-0.812,-1.191
1.009,0.783,-0.141,0.903,-0.216,0.030,0.692,0.862,-2.323,4.484,-0.289,-0.020,-0.951,-1.352,0.959,0.907,1.641,-2.348,-0.592,1.866,0.647,0.934,-4.426,8.578,-0.788,-2.267,-0.814,-1.186
1.207,0.722,-0.348,1.407,-0.205,0.015,0.641,0.730,-3.235,5.847,-0.324,-0.001,-0.984,-1.488,0.922,0.823,1.913,-2.956,-0.597,1.889,0.730,0.917,-4.429,9.800,-0.783,-2.250,-0.819,-1.184
0.904,0.683,-0.338,1.467,-0.214,0.022,0.612,0.837,-1.784,1.022,-0.308,-0.003,-0.992,-1.332,0.918,0.820,2.589,-3.438,-0.586,1.859,0.692,0.929,-4.969,5.671,-0.792,-2.254,-0.820,-1.160
1.021,0.781,0.539,-0.586,-0.159,0.025,0.713,0.873,-3.994,4.933,-0.238,0.007,-0.731,-1.314,0.947,0.901,3.462,-4.792,-0.589,1.866,0.693,0.948,-5.369,5.583,-0.785,-2.256,-0.816,-1.167
0.873,0.682,1.128,-0.645,-0.105,0.001,0.756,0.744,-2.664,5.150,-0.207,-0.006,-0.900,-1.332,0.919,0.841,3.429,-3.860,-0.601,1.888,0.750,0.888,-2.384,4.281,-0.785,-2.276,-0.809,-1.192
0.873,0.682,1.128,-0.645,-0.105,0.001,0.756,0.744,-2.664,5.150,-0.207,-0.006,-0.900,-1.332,0.919,0.841,4.605,-6.212,-0.601,1.888,0.750,0.888,-4.222,7.955,-0.785,-2.276,-0.809,-1.192
0.914,0.624,1.620,-0.195,-0.171,0.028,0.599,0.808,-2.497,3.054,-0.313,-0.020,-0.861,-1.341,0.915,0.867,5.242,-5.787,-0.578,1.862,0.726,0.940,-3.157,4.805,-0.784,-2.227,-0.818,-1.219
1.061,0.764,-0.012,2.186,-0.197,0.020,0.603,0.663,-0.768,-1.215,-0.335,-0.006,-0.900,-1.358,0.930,0.896,3.731,-4.467,-0.591,1.882,0.691,0.945,-4.557,4.295,-0.789,-2.265,-0.802,-1.190
1.082,0.665,0.957,-1.261,-0.192,0.020,0.578,0.701,-2.257,4.844,-0.280,-0.023,-0.937,-1.446,0.920,0.907,1.053,-3.303,-0.587,1.848,0.700,0.926,-1.276,3.164,-0.784,-2.268,-0.810,-1.237
0.873,0.504,0.960,-1.182,-0.198,0.019,0.569,0.676,-2.568,3.809,-0.317,-0.020,-0.896,-1.417,0.851,0.824,1.314,-3.301,-0.602,1.889,0.651,0.930,-0.464,-0.380,-0.786,-2.270,-0.813,-1.282
0.916,0.838,0.968,1.631,-0.193,0.026,0.640,0.823,-1.725,1.022,-0.279,-0.013,-1.047,-1.310,0.906,0.893,1.548,1.959,-0.587,1.834,0.630,0.945,0.211,-3.593,-0.786,-2.255,-0.822,-1.167
0.882,0.643,0.886,0.370,-0.196,0.019,0.756,0.730,-2.417,2.459,-0.223,-0.027,-0.858,-1.325,0.889,0.866,-0.065,3.639,-0.588,1.880,0.682,0.932,0.702,-5.000,-0.784,-2.258,-0.815,-1.181
1.176,0.665,0.420,0.153,-0.212,0.022,0.658,0.730,-2.209,2.403,-0.277,-0.011,-0.943,-1.293,0.917,0.853,-1.258,2.906,-0.587,1.838,0.651,0.932,1.144,-4.192,-0.789,-2.265,-0.809,-1.154
0.978,0.875,-0.682,1.327,-0.176,0.020,0.641,0.652,-1.007,0.657,-0.288,-0.007,-0.905,-1.297,0.902,0.900,-1.885,0.177,-0.587,1.882,0.654,0.935,1.235,-3.494,-0.790,-2.249,-0.801,-1.145
1.029,0.663,0.780,-0.583,-0.159,0.025,0.586,0.808,-2.251,4.026,-0.324,-0.015,-0.982,-1.297,0.933,0.906,-0.491,0.888,-0.584,1.866,0.674,0.963,-0.320,-2.138,-0.790,-2.262,-0.798,-1.186
0.926,0.766,-0.467,1.516,-0.148,0.009,0.574,0.730,-0.924,1.211,-0.243,0.000,-0.859,-1.384,0.923,0.894,-0.689,0.768,-0.596,1.856,0.665,0.905,0.422,-2.291,-0.787,-2.281,-0.809,-1.193
0.800,0.625,-1.668,1.915,-0.222,0.018,0.569,0.769,-0.173,0.557,-0.315,-0.015,-0.865,-1.384,0.928,0.851,-0.787,-2.570,-0.598,1.871,0.676,0.931,-0.412,-0.174,-0.787,-2.246,-0.807,-1.201
0.915,1.012,0.613,-2.219,-0.186,0.021,0.743,0.716,-2.765,4.050,-0.283,-0.006,-0.905,-1.341,0.890,0.852,1.934,-5.412,-0.566,1.834,0.721,0.937,-1.897,1.904,-0.784,-2.247,-0.802,-1.200
1.093,0.624,-1.504,0.220,-0.235,0.002,0.713,0.716,-1.152,2.039,-0.263,-0.010,-0.868,-1.423,0.835,0.843,-3.101,0.301,-0.612,1.901,0.677,0.942,1.074,-0.261,-0.787,-2.262,-0.811,-1.213
0.999,0.644,-0.238,-0.812,-0.136,0.039,0.785,0.876,-2.390,3.051,-0.289,-0.004,-0.995,-1.380,0.923,0.896,-0.191,-1.035,-0.582,1.909,0.655,0.935,-0.836,0.242,-0.787,-2.245,-0.823,-1.195
1.028,0.860,-0.073,-0.926,-0.185,0.033,0.628,0.917,-1.662,2.528,-0.269,-0.011,-0.873,-1.352,0.881,0.903,0.086,-0.178,-0.571,1.841,0.655,0.932,-0.258,-1.285,-0.784,-2.257,-0.829,-1.210
1.009,0.820,0.440,-0.045,-0.225,0.005,0.543,0.795,-2.009,2.983,-0.384,0.009,-0.951,-1.352,0.877,0.874,0.494,0.178,-0.597,1.842,0.629,0.969,-0.198,-0.780,-0.791,-2.271,-0.820,-1.194
1.102,0.741,-0.877,1.670,-0.162,0.032,0.700,0.795,-1.817,2.163,-0.291,-0.012,-0.905,-1.365,0.910,0.878,0.879,0.118,-0.591,1.910,0.705,0.920,-0.530,-1.239,-0.787,-2.261,-0.815,-1.187
0.796,0.643,0.588,-0.239,-0.194,0.026,0.681,0.769,-1.306,2.601,-0.325,-0.009,-0.956,-1.309,0.924,0.826,1.205,0.484,-0.584,1.875,0.745,0.942,0.629,-0.808,-0.787,-2.272,-0.808,-1.197
1.083,0.525,0.784,-0.279,-0.217,0.001,0.808,0.795,-1.212,2.554,-0.318,-0.011,-0.854,-1.352,0.872,0.872,-0.359,0.505,-0.602,1.888,0.730,0.944,0.672,-0.695,-0.788,-2.253,-0.815,-1.199
1.030,0.839,0.265,-1.440,-0.211,0.023,0.642,0.716,-1.520,2.584,-0.263,-0.010,-0.854,-1.322,0.857,0.854,-0.457,0.122,-0.585,1.858,0.707,0.908,-0.431,-1.625,-0.786,-2.260,-0.809,-1.205
0.946,0.722,0.045,0.091,-0.202,0.006,0.840,0.873,-1.617,2.174,-0.247,0.007,-0.905,-1.393,0.869,0.878,-1.805,1.451,-0.590,1.848,0.687,0.941,-0.180,-2.787,-0.787,-2.259,-0.805,-1.191
0.873,0.643,0.443,0.319,0.008,-0.012,0.815,0.730,-1.750,2.701,-0.082,0.044,-0.873,-1.310,0.894,0.877,-0.738,3.336,-0.594,1.894,0.712,0.924,-0.392,-1.709,-0.794,-2.276,-0.809,-1.196
0.904,0.783,-1.143,0.310,0.010,-0.026,0.726,0.690,-1.861,1.641,-0.024,0.048,-0.872,-1.257,0.935,0.914,-1.194,3.697,-0.605,1.870,0.692,0.942,-0.520,-1.343,-0.793,-2.278,-0.810,-1.194
0.894,0.663,-1.319,1.756,-0.098,0.010,0.500,0.797,-1.828,2.549,-0.133,0.033,-0.906,-1.335,0.894,0.886,-3.772,7.365,-0.574,1.864,0.651,0.922,-0.510,-0.952,-0.784,-2.248,-0.806,-1.197
0.894,0.663,-1.319,1.756,-0.098,0.010,0.500,0.797,-1.828,2.549,-0.133,0.033,-0.906,-1.335,0.894,0.886,-3.772,7.365,-0.574,1.864,0.651,0.922,-0.553,-0.866,-0.784,-2.248,-0.806,-1.197
0.870,0.742,0.243,0.739,-0.213,0.008,0.598,0.559,-1.935,2.149,-0.228,0.007,-0.951,-1.405,0.869,0.839,-3.261,8.989,-0.581,1.815,0.655,0.918,0.062,-1.532,-0.779,-2.232,-0.802,-1.201
0.988,0.624,-1.023,3.008,-0.190,0.019,0.688,0.660,-1.349,2.240,-0.273,-0.020,-0.951,-1.298,0.887,0.849,-7.766,15.940,-0.579,1.827,0.707,0.936,-0.194,-0.618,-0.787,-2.264,-0.802,-1.200
0.925,0.641,-0.557,3.787,-0.194,0.005,0.671,0.716,-1.439,2.461,-0.325,-0.009,-0.911,-1.405,0.872,0.906,-5.633,16.110,-0.599,1.873,0.663,0.922,0.546,-0.842,-0.787,-2.261,-0.803,-1.194
1.052,0.743,-0.433,2.762,-0.159,0.025,0.828,0.740,-1.712,2.531,-0.280,-0.023,-0.815,-1.298,0.866,0.861,-4.971,12.390,-0.583,1.865,0.715,0.947,0.697,-0.471,-0.785,-2.259,-0.817,-1.193
0.924,0.605,-1.768,2.140,-0.062,0.003,0.771,0.887,-1.374,3.085,-0.144,0.011,-0.906,-1.298,0.870,0.867,-5.583,8.701,-0.589,1.863,0.706,0.924,0.376,0.393,-0.793,-2.273,-0.797,-1.195
1.041,0.563,-1.784,1.744,-0.134,-0.001,0.654,0.808,-1.007,3.134,-0.237,0.004,-0.897,-1.339,0.914,0.892,-5.290,7.360,-0.604,1.891,0.653,0.957,0.577,0.153,-0.789,-2.270,-0.789,-1.195
0.873,0.645,-0.934,1.444,-0.161,0.019,0.598,0.663,-1.819,3.280,-0.322,-0.022,-0.871,-1.374,0.907,0.871,-2.825,4.902,-0.584,1.839,0.648,0.949,-0.341,0.427,-0.785,-2.256,-0.810,-1.212
0.831,0.605,-1.095,1.412,-0.203,0.015,0.615,0.638,-1.097,2.201,-0.392,-0.037,-0.949,-1.311,0.902,0.887,-3.522,5.125,-0.593,1.876,0.679,0.942,0.088,-0.846,-0.790,-2.272,-0.810,-1.200
1.061,0.624,-0.887,1.246,-0.245,-0.001,0.642,0.795,-0.864,1.405,-0.325,-0.017,-0.974,-1.357,0.882,0.849,-2.807,4.694,-0.588,1.867,0.683,0.923,0.516,-1.692,-0.787,-2.260,-0.808,-1.214
1.010,0.624,-0.901,0.793,-0.153,0.030,0.568,0.742,-0.927,2.027,-0.249,-0.022,-0.798,-1.402,0.844,0.873,-1.826,2.295,-0.586,1.867,0.679,0.942,0.309,-1.244,-0.788,-2.262,-0.815,-1.202
1.050,0.703,-0.483,0.464,-0.206,0.022,0.586,0.820,-0.319,0.927,-0.316,-0.009,-0.906,-1.380,0.929,0.885,-1.606,2.183,-0.595,1.857,0.673,0.933,1.463,-3.243,-0.784,-2.257,-0.810,-1.199
1.114,0.605,-0.513,0.242,-0.202,0.028,0.598,0.663,0.127,-0.632,-0.293,-0.022,-0.957,-1.342,0.889,0.886,-1.077,1.114,-0.589,1.868,0.627,0.953,1.675,-4.531,-0.788,-2.263,-0.837,-1.202
0.915,0.783,0.072,-0.044,-0.221,0.011,0.731,0.822,-0.101,-1.085,-0.288,-0.007,-0.991,-1.342,0.880,0.872,0.039,0.467,-0.582,1.866,0.683,0.939,1.761,-5.378,-0.786,-2.258,-0.825,-1.189
0.893,0.764,-0.011,-0.429,-0.183,0.023,0.529,0.719,0.485,-0.109,-0.268,-0.011,-0.816,-1.314,0.912,0.873,-0.046,0.346,-0.587,1.867,0.638,0.956,2.144,-3.652,-0.785,-2.255,-0.803,-1.182
0.999,0.684,0.293,-0.044,-0.149,0.001,0.531,0.808,0.377,-0.597,-0.268,-0.011,-0.887,-1.365,0.899,0.856,0.305,0.390,-0.590,1.858,0.621,0.929,2.091,-3.769,-0.790,-2.262,-0.808,-1.199
0.839,0.645,0.124,0.163,-0.159,0.025,0.893,0.652,-0.492,-0.500,-0.232,-0.017,-0.867,-1.394,0.916,0.889,-0.160,0.313,-0.585,1.845,0.742,0.933,0.424,-1.708,-0.784,-2.250,-0.807,-1.194
0.925,0.565,0.077,0.034,-0.192,0.018,0.741,0.677,0.172,-0.072,-0.314,-0.013,-0.913,-1.325,0.904,0.850,-0.129,0.485,-0.584,1.853,0.678,0.930,1.302,-2.738,-0.789,-2.263,-0.802,-1.194
1.063,0.663,-0.008,0.112,-0.202,0.028,0.760,0.769,0.490,-1.105,-0.320,-0.008,-1.032,-1.365,0.890,0.885,-0.470,0.481,-0.587,1.858,0.659,0.944,0.239,0.107,-0.785,-2.255,-0.814,-1.190
0.977,0.663,0.377,-0.140,-0.211,0.023,0.471,1.020,-0.434,-0.035,-0.293,-0.000,-0.861,-1.379,0.935,0.882,-0.089,0.279,-0.586,1.854,0.659,0.949,-0.147,-0.433,-0.787,-2.257,-0.811,-1.196
0.789,0.624,-0.442,-0.271,-0.220,0.017,0.684,0.674,-0.642,0.873,-0.273,-0.012,-0.817,-1.286,0.863,0.899,-0.032,0.159,-0.593,1.858,0.679,0.947,-0.407,0.689,-0.786,-2.258,-0.808,-1.202
0.789,0.624,-0.442,-0.271,-0.220,0.017,0.684,0.674,-0.642,0.873,-0.273,-0.012,-0.817,-1.286,0.863,0.899,-0.032,0.159,-0.593,1.858,0.679,0.947,1.166,-2.456,-0.786,-2.258,-0.808,-1.202
0.946,0.586,-0.138,-0.192,-0.174,0.028,0.585,0.609,-0.818,2.550,-0.359,0.013,-0.868,-1.326,0.848,0.844,-0.237,0.139,-0.586,1.864,0.674,0.923,2.495,-5.046,-0.786,-2.254,-0.807,-1.197
1.102,0.704,-0.092,-0.192,-0.218,0.015,0.747,0.666,-1.120,1.195,-0.314,-0.002,-0.945,-1.326,0.866,0.911,-0.398,0.183,-0.588,1.869,0.651,0.918,0.501,-3.443,-0.790,-2.253,-0.816,-1.200
0.841,0.686,0.087,-0.403,-0.167,0.020,0.743,0.979,0.802,-0.252,-0.318,-0.006,-0.945,-1.325,0.930,0.885,-0.311,-0.124,-0.590,1.876,0.725,0.954,-0.866,-1.715,-0.791,-2.272,-0.801,-1.181
0.967,0.722,0.031,-0.047,-0.210,0.015,0.543,0.701,0.412,-0.541,-0.297,-0.001,-1.034,-1.271,0.933,0.866,0.004,0.262,-0.586,1.859,0.699,0.922,-0.010,-1.411,-0.788,-2.250,-0.810,-1.192
0.747,0.764,-0.008,-0.059,-0.201,0.028,0.628,0.742,0.545,-0.963,-0.308,-0.011,-0.939,-1.337,0.819,0.865,-0.046,-0.014,-0.587,1.860,0.726,0.950,0.035,-0.428,-0.784,-2.251,-0.806,-1.187
0.883,0.703,0.124,-0.060,-0.203,0.020,0.598,0.716,0.938,-1.294,-0.294,-0.011,-0.860,-1.262,0.925,0.880,-0.285,0.398,-0.587,1.868,0.595,0.943,-0.740,2.793,-0.788,-2.257,-0.813,-1.191
0.883,0.703,0.124,-0.060,-0.203,0.020,0.598,0.716,0.938,-1.294,-0.294,-0.011,-0.860,-1.262,0.925,0.880,-0.285,0.398,-0.587,1.868,0.595,0.943,1.184,-1.055,-0.788,-2.257,-0.813,-1.191
1.113,0.663,-0.094,0.019,-0.187,0.016,0.628,0.795,-0.942,1.949,-0.286,-0.005,-0.878,-1.469,0.921,0.881,-0.548,0.262,-0.588,1.871,0.625,0.951,-1.974,3.366,-0.788,-2.267,-0.809,-1.191
1.051,0.663,-0.060,-0.059,-0.183,0.017,0.570,0.848,0.410,0.810,-0.261,-0.013,-0.861,-1.325,0.933,0.872,-0.219,0.438,-0.591,1.862,0.722,0.907,0.765,1.360,-0.786,-2.255,-0.803,-1.193
0.883,0.486,-0.044,-0.204,-0.198,0.019,0.798,0.784,0.469,-1.064,-0.299,-0.017,-0.906,-1.365,0.912,0.896,-0.081,0.146,-0.588,1.867,0.719,0.943,-2.691,3.717,-0.790,-2.259,-0.816,-1.199
0.997,0.565,-0.009,0.087,-0.217,0.018,0.573,0.716,-0.340,1.048,-0.325,-0.009,-0.912,-1.365,0.854,0.889,-0.261,0.565,-0.588,1.860,0.627,0.915,-0.956,2.275,-0.785,-2.260,-0.804,-1.198
0.884,0.722,0.293,-0.204,-0.123,0.009,0.586,0.652,1.648,-0.463,-0.221,0.001,-0.944,-1.351,0.865,0.843,0.001,0.047,-0.589,1.864,0.656,0.962,-0.766,5.357,-0.788,-2.263,-0.818,-1.197
0.979,0.681,0.208,-0.417,-0.156,0.004,0.773,0.851,0.062,1.138,-0.206,0.002,-0.934,-1.339,0.868,0.874,-0.149,0.173,-0.589,1.875,0.639,0.922,-1.370,2.575,-0.788,-2.265,-0.812,-1.196
0.769,0.783,0.124,0.086,-0.230,0.013,0.688,0.820,-0.101,0.648,-0.336,-0.006,-0.939,-1.325,0.889,0.866,-0.247,-0.352,-0.589,1.858,0.680,0.938,-1.064,3.034,-0.783,-2.251,-0.812,-1.197
0.852,0.645,-0.045,0.009,-0.192,0.012,0.675,0.691,0.231,1.199,-0.211,0.009,-0.912,-1.365,0.890,0.863,-0.227,0.425,-0.590,1.867,0.699,0.915,-0.229,4.031,-0.793,-2.277,-0.806,-1.201
0.956,0.643,0.172,-0.204,-0.194,0.020,0.615,0.677,0.429,0.228,-0.246,-0.000,-0.951,-1.376,0.889,0.883,-0.115,0.390,-0.592,1.877,0.626,0.944,-0.445,0.351,-0.789,-2.268,-0.818,-1.200
0.988,0.645,-0.103,0.073,-0.186,0.025,0.658,0.819,-0.103,3.549,-0.318,-0.006,-0.980,-1.340,0.918,0.890,-0.289,0.011,-0.589,1.878,0.695,0.947,-2.094,7.599,-0.790,-2.271,-0.810,-1.200
0.852,0.743,0.077,0.029,-0.185,0.017,0.793,0.716,1.365,-0.470,-0.313,-0.005,-0.900,-1.345,0.923,0.853,-0.130,0.790,-0.592,1.868,0.698,0.905,-2.159,5.744,-0.790,-2.277,-0.813,-1.194
1.084,0.743,0.087,-0.126,-0.188,0.024,0.622,0.783,0.832,0.046,-0.313,0.003,-0.911,-1.532,0.951,0.872,-0.254,0.112,-0.588,1.862,0.660,0.935,-5.565,12.586,-0.785,-2.252,-0.813,-1.207
1.146,0.663,0.076,-0.684,-0.174,0.028,0.495,0.795,-0.094,2.893,-0.304,-0.005,-0.933,-1.274,0.927,0.866,-0.323,-0.004,-0.588,1.856,0.631,0.947,-8.218,17.980,-0.789,-2.261,-0.806,-1.202
0.873,0.762,0.245,0.098,-0.242,0.037,0.758,0.837,-0.963,4.323,-0.304,-0.012,-0.860,-1.276,0.896,0.889,-0.185,0.631,-0.590,1.865,0.665,0.939,-8.088,17.366,-0.785,-2.264,-0.813,-1.195
0.915,0.606,0.029,-0.106,-0.206,0.035,0.645,0.783,-1.294,3.563,-0.259,-0.003,-0.945,-1.232,0.868,0.869,0.054,0.083,-0.587,1.861,0.647,0.945,-7.825,14.138,-0.786,-2.263,-0.809,-1.188
0.957,0.684,0.501,0.311,-0.093,0.024,0.527,0.773,-0.798,3.302,-0.270,-0.007,-1.012,-1.324,0.896,0.889,0.135,0.820,-0.590,1.859,0.663,0.930,-5.386,11.127,-0.788,-2.257,-0.808,-1.183
1.177,0.722,0.206,0.088,-0.121,0.002,0.644,0.756,-1.238,2.453,-0.262,-0.007,-0.866,-1.393,0.897,0.872,0.198,0.082,-0.589,1.874,0.704,0.958,-5.102,8.397,-0.788,-2.263,-0.816,-1.185
0.831,0.722,0.249,0.535,-0.184,0.009,0.642,0.781,-1.154,1.645,-0.336,-0.006,-0.951,-1.436,0.870,0.824,-0.219,0.788,-0.587,1.851,0.679,0.953,-3.785,5.869,-0.783,-2.251,-0.811,-1.155
0.758,1.051,0.334,0.313,-0.142,0.003,0.653,0.769,-0.694,0.561,-0.241,0.010,-0.757,-1.348,0.872,0.863,-0.185,0.905,-0.590,1.882,0.663,0.958,-3.529,3.584,-0.789,-2.272,-0.810,-1.162
0.968,0.682,0.001,0.605,-0.196,0.019,0.752,0.744,-1.118,-0.282,-0.196,0.004,-0.978,-1.288,0.844,0.859,-0.067,1.550,-0.585,1.858,0.739,0.933,-3.452,1.369,-0.789,-2.261,-0.811,-1.185
0.915,0.722,0.162,0.836,-0.236,0.028,0.540,0.730,-0.648,-0.367,-0.288,-0.007,-0.992,-1.288,0.874,0.867,-0.583,1.811,-0.587,1.866,0.669,0.938,-2.406,1.006,-0.790,-2.266,-0.814,-1.189
0.789,0.684,-0.171,0.469,-0.223,0.030,0.756,0.716,-1.020,0.153,-0.299,-0.017,-0.859,-1.306,0.908,0.864,-0.550,1.373,-0.588,1.862,0.709,0.939,-2.255,1.128,-0.787,-2.257,-0.808,-1.199
0.841,0.684,0.079,0.199,-0.222,0.025,0.614,0.901,-0.824,0.376,-0.314,-0.013,-0.946,-1.383,0.864,0.867,-0.442,0.638,-0.589,1.863,0.619,0.935,-3.095,1.722,-0.785,-2.255,-0.813,-1.192
0.841,0.684,0.079,0.199,-0.222,0.025,0.614,0.901,-0.824,0.376,-0.314,-0.013,-0.946,-1.383,0.864,0.867,-0.442,0.638,-0.589,1.863,0.619,0.935,-3.095,1.722,-0.785,-2.255,-0.813,-1.192
1.009,0.645,0.123,0.532,-0.198,0.019,0.586,0.783,0.157,-0.201,-0.299,-0.017,-0.951,-1.377,0.887,0.881,-0.407,0.578,-0.591,1.865,0.689,0.935,-0.770,0.255,-0.787,-2.262,-0.808,-1.224
0.851,0.489,-0.138,0.484,-0.225,0.018,0.751,0.783,-0.394,-0.081,-0.303,-0.002,-0.768,-1.341,0.901,0.857,-0.398,0.871,-0.588,1.871,0.639,0.950,-0.888,0.535,-0.787,-2.257,-0.802,-1.252
0.895,0.643,0.423,0.675,-0.209,0.017,0.575,0.727,-0.211,0.109,-0.303,-0.000,-0.855,-1.326,0.896,0.884,-0.244,0.676,-0.590,1.868,0.704,0.922,-0.761,0.468,-0.790,-2.266,-0.810,-1.186
0.779,0.703,0.208,0.487,-0.203,0.022,0.684,0.730,-0.130,0.585,-0.314,-0.005,-0.867,-1.325,0.851,0.891,-0.171,0.863,-0.585,1.853,0.694,0.943,-0.701,1.448,-0.782,-2.250,-0.811,-1.188
0.977,0.546,0.077,0.513,-0.213,0.022,0.654,0.873,-0.152,1.138,-0.280,-0.023,-0.991,-1.311,0.886,0.858,-0.266,0.337,-0.590,1.863,0.669,0.927,-0.630,1.827,-0.787,-2.265,-0.809,-1.173
0.999,0.683,-0.137,0.245,-0.155,0.026,0.642,0.744,-0.048,1.118,-0.293,-0.008,-0.946,-1.323,0.893,0.884,-0.497,0.797,-0.589,1.860,0.699,0.913,-0.728,2.163,-0.787,-2.265,-0.810,-1.140
0.966,0.821,-0.007,0.388,-0.220,0.009,0.600,0.730,-0.271,1.085,-0.318,-0.006,-0.900,-1.325,0.862,0.900,-0.418,0.616,-0.588,1.856,0.681,0.941,-0.878,1.576,-0.785,-2.256,-0.815,-1.185
1.051,0.644,-0.046,0.469,-0.207,0.021,0.586,0.836,0.148,0.980,-0.308,-0.004,-0.855,-1.303,0.838,0.859,-0.362,0.988,-0.587,1.864,0.617,0.922,-0.645,1.676,-0.788,-2.258,-0.810,-1.184
0.936,0.684,0.292,0.469,-0.121,0.015,0.798,0.742,-0.188,1.284,-0.226,0.014,-0.911,-1.332,0.948,0.894,-0.106,0.710,-0.592,1.875,0.654,0.951,-0.822,2.211,-0.788,-2.258,-0.810,-1.194
1.040,0.802,-0.130,0.486,-0.176,0.014,0.746,0.769,0.116,1.885,-0.309,-0.006,-0.911,-1.319,0.842,0.880,-0.779,1.095,-0.586,1.853,0.691,0.936,-0.670,2.857,-0.784,-2.254,-0.806,-1.209
0.736,0.722,-0.008,0.532,-0.178,0.009,0.628,0.695,-0.436,1.350,-0.272,0.010,-0.865,-1.383,0.929,0.874,-0.521,0.770,-0.591,1.871,0.688,0.908,-1.091,1.778,-0.788,-2.265,-0.811,-1.209
0.862,0.684,0.040,0.389,-0.197,0.013,0.671,0.755,-0.106,1.029,-0.287,0.001,-1.025,-1.430,0.868,0.864,-0.447,0.826,-0.588,1.858,0.683,0.963,-0.682,1.562,-0.787,-2.261,-0.812,-1.216
1.010,0.743,-0.094,0.279,-0.226,0.012,0.570,0.759,-0.213,1.300,-0.275,-0.007,-0.860,-1.364,0.895,0.885,-0.589,0.514,-0.589,1.868,0.651,0.930,-0.787,0.950,-0.788,-2.259,-0.809,-1.205
1.009,0.682,-0.061,0.613,-0.167,0.020,0.671,0.794,0.068,1.002,-0.274,-0.028,-0.815,-1.340,0.881,0.886,-0.333,0.974,-0.589,1.857,0.721,0.947,-0.758,1.251,-0.788,-2.270,-0.814,-1.201
1.041,0.682,-0.515,0.629,-0.196,0.019,0.641,0.772,-0.131,1.365,-0.264,-0.010,-0.951,-1.390,0.851,0.869,-0.577,1.068,-0.589,1.861,0.711,0.953,-0.856,1.690,-0.786,-2.253,-0.813,-1.191
1.092,0.661,-0.009,0.533,-0.222,0.025,0.599,0.755,-0.164,1.072,-0.283,-0.014,-0.696,-1.351,0.973,0.890,-0.325,1.057,-0.590,1.865,0.643,0.935,-0.764,1.173,-0.785,-2.258,-0.811,-1.182
0.999,0.663,0.388,0.421,-0.213,0.022,0.586,0.780,-0.189,1.072,-0.303,-0.003,-0.855,-1.338,0.803,0.887,-0.030,0.472,-0.589,1.863,0.649,0.946,-0.765,1.203,-0.787,-2.259,-0.814,-1.192
1.187,0.546,-0.045,0.597,-0.222,0.011,0.501,0.716,0.009,1.078,-0.348,-0.018,-0.905,-1.379,0.888,0.866,-0.404,1.058,-0.589,1.867,0.739,0.939,-0.684,1.036,-0.785,-2.256,-0.811,-1.191
1.030,0.682,0.293,0.469,-0.184,0.023,0.628,0.719,-0.098,1.086,-0.314,-0.020,-0.956,-1.324,0.908,0.877,-0.131,1.023,-0.588,1.862,0.686,0.922,-0.763,1.358,-0.786,-2.258,-0.810,-1.194
0.936,0.722,0.160,0.613,-0.192,0.018,0.615,0.755,-0.436,1.136,-0.278,-0.013,-0.791,-1.283,0.930,0.882,-0.148,0.911,-0.589,1.866,0.649,0.938,-0.743,1.157,-0.786,-2.261,-0.809,-1.195
0.904,0.762,0.039,0.404,-0.198,0.019,0.654,0.758,-0.412,1.148,-0.273,-0.012,-0.865,-1.486,0.895,0.874,-0.382,1.005,-0.590,1.867,0.690,0.917,-1.085,1.268,-0.786,-2.259,-0.813,-1.188
0.926,0.722,-0.320,1.025,-0.202,0.020,0.488,0.726,-0.413,1.360,-0.318,-0.006,-0.860,-1.339,0.869,0.870,-0.391,0.885,-0.588,1.864,0.606,0.935,-0.941,1.407,-0.787,-2.257,-0.809,-1.201
1.041,0.605,0.076,0.645,-0.182,0.024,0.500,0.848,-0.555,1.144,-0.321,-0.010,-0.865,-1.311,0.864,0.877,-0.343,0.961,-0.588,1.868,0.659,0.940,-0.779,1.127,-0.787,-2.262,-0.810,-1.193
0.915,0.605,0.076,0.405,-0.217,0.032,0.671,0.649,-0.272,1.097,-0.313,-0.005,-0.935,-1.376,0.884,0.871,-0.490,0.680,-0.589,1.867,0.655,0.936,-0.647,1.675,-0.787,-2.261,-0.811,-1.196
0.978,0.722,0.254,0.325,-0.228,0.028,0.658,0.994,-0.130,1.002,-0.299,-0.006,-0.946,-1.391,0.916,0.864,-0.142,0.887,-0.589,1.866,0.681,0.944,-0.804,1.310,-0.786,-2.258,-0.810,-1.192
0.999,0.622,0.077,0.325,-0.252,0.018,0.654,0.794,-0.272,0.944,-0.314,-0.007,-0.942,-1.325,0.902,0.873,-0.171,0.470,-0.591,1.873,0.680,0.931,-0.665,1.209,-0.786,-2.259,-0.809,-1.191
1.022,0.741,0.077,0.533,-0.179,0.029,0.543,0.755,0.010,1.141,-0.278,-0.013,-0.905,-1.297,0.907,0.894,-0.142,0.755,-0.589,1.869,0.697,0.937,-0.670,1.315,-0.786,-2.260,-0.813,-1.190
1.030,0.802,0.208,0.245,-0.164,0.027,0.664,0.697,0.373,0.822,-0.283,-0.014,-0.900,-1.337,0.843,0.883,-0.261,0.785,-0.592,1.874,0.689,0.941,-0.344,1.261,-0.787,-2.261,-0.811,-1.191
0.988,0.703,0.162,1.044,-0.165,0.029,0.565,0.765,-0.106,1.625,-0.295,-0.013,-0.865,-1.512,0.887,0.888,0.007,0.838,-0.587,1.862,0.687,0.922,-0.575,1.481,-0.785,-2.256,-0.814,-1.199
0.988,0.781,-0.008,0.532,-0.148,0.023,0.641,0.769,-0.106,1.365,-0.303,-0.002,-0.911,-1.339,0.905,0.890,-0.309,0.585,-0.590,1.870,0.679,0.949,-0.635,1.457,-0.787,-2.261,-0.813,-1.198
0.842,0.741,0.039,0.597,-0.205,0.021,0.730,0.744,-0.436,1.072,-0.324,-0.015,-0.946,-1.379,0.884,0.888,-1.305,2.707,-0.589,1.859,0.712,0.922,-0.961,1.101,-0.787,-2.263,-0.814,-1.191
0.904,0.684,0.293,0.469,-0.210,0.015,0.700,0.783,-0.295,1.002,-0.328,-0.008,-0.865,-1.338,0.877,0.874,-3.235,7.232,-0.589,1.865,0.706,0.933,-0.935,1.312,-0.785,-2.254,-0.815,-1.189
1.041,0.818,-0.057,0.245,-0.194,0.020,0.586,0.716,-0.013,1.282,-0.272,-0.010,-0.854,-1.325,0.870,0.882,-5.440,11.145,-0.589,1.861,0.692,0.943,-0.717,1.231,-0.785,-2.257,-0.810,-1.191
1.019,0.589,-1.069,1.520,-0.225,0.018,0.731,0.755,-0.410,1.091,-0.326,0.005,-0.980,-1.325,0.948,0.898,-7.321,14.589,-0.590,1.864,0.670,0.914,-0.852,1.278,-0.787,-2.259,-0.808,-1.196
0.957,0.605,-0.597,1.574,-0.192,0.026,0.738,0.730,-0.642,1.148,-0.305,-0.007,-0.905,-1.439,0.889,0.878,-8.818,18.483,-0.588,1.866,0.678,0.949,-0.690,1.418,-0.786,-2.260,-0.815,-1.195
1.051,0.645,-4.283,8.669,-0.130,0.019,0.543,0.755,0.008,1.333,-0.264,0.001,-0.946,-1.325,0.891,0.859,-10.620,22.251,-0.591,1.859,0.638,0.918,-0.437,1.068,-0.786,-2.256,-0.816,-1.194
0.977,0.722,-3.385,6.110,-0.181,0.022,0.658,0.836,0.396,1.083,-0.280,-0.015,-0.865,-1.418,0.860,0.890,-8.017,14.017,-0.572,1.820,0.691,0.949,-0.080,1.508,-0.784,-2.252,-0.808,-1.197
1.020,0.605,-3.224,4.993,-0.203,0.020,0.653,0.808,0.312,1.148,-0.318,-0.006,-0.900,-1.298,0.842,0.868,-7.049,10.402,-0.601,1.898,0.687,0.910,-0.004,1.323,-0.788,-2.264,-0.806,-1.187
0.977,0.705,-1.658,1.612,-0.223,0.027,0.498,0.808,0.142,1.142,-0.300,-0.006,-0.861,-1.484,0.917,0.887,-6.041,7.778,-0.584,1.867,0.679,0.948,-0.472,1.267,-0.785,-2.256,-0.798,-1.192
0.915,0.644,-3.420,4.576,-0.188,0.011,0.725,0.783,-0.184,1.365,-0.247,-0.006,-0.869,-1.392,0.872,0.848,-5.398,6.855,-0.598,1.861,0.688,0.960,-0.464,1.289,-0.786,-2.260,-0.801,-1.196
0.725,0.684,-2.414,4.479,-0.155,0.024,0.556,0.758,-0.185,1.155,-0.331,-0.018,-0.958,-1.365,0.881,0.850,-2.329,5.513,-0.581,1.888,0.697,0.964,-0.675,1.523,-0.787,-2.264,-0.808,-1.198
1.008,1.017,-3.254,2.187,-0.189,0.010,0.552,0.873,-0.131,0.794,-0.272,0.010,-0.862,-1.325,0.922,0.894,-3.807,1.151,-0.592,1.838,0.669,0.936,-0.457,0.965,-0.787,-2.260,-0.815,-1.204
0.978,0.644,-3.762,1.302,-0.094,-0.003,0.585,0.784,0.340,1.218,-0.147,0.024,-0.869,-1.379,0.892,0.860,-3.130,-2.097,-0.597,1.923,0.689,0.898,-0.552,1.173,-0.792,-2.279,-0.806,-1.200
1.157,0.762,-1.101,-0.513,-0.173,0.007,0.586,0.928,0.173,0.847,-0.243,0.006,-0.898,-1.365,0.932,0.879,-1.334,0.974,-0.595,1.864,0.694,0.944,-0.291,0.700,-0.785,-2.253,-0.810,-1.191
0.873,0.606,-3.680,4.700,-0.165,0.026,0.615,0.730,-0.215,1.087,-0.292,0.002,-1.091,-1.419,0.883,0.885,-3.415,5.504,-0.580,1.823,0.696,0.931,-0.425,1.224,-0.779,-2.230,-0.824,-1.194
0.811,0.722,-3.058,3.538,-0.210,0.027,0.645,0.769,-0.185,1.188,-0.299,-0.017,-0.985,-1.378,0.899,0.889,-1.415,2.259,-0.590,1.900,0.663,0.954,-1.020,1.021,-0.791,-2.269,-0.811,-1.195
1.103,0.605,-3.084,2.180,-0.188,0.022,0.730,0.755,-0.271,1.224,-0.319,-0.000,-0.945,-1.297,0.925,0.865,-1.995,-1.561,-0.592,1.850,0.672,0.917,-0.698,1.494,-0.785,-2.249,-0.801,-1.193
1.081,0.896,-1.941,2.429,-0.171,0.021,0.773,0.795,0.062,0.932,-0.273,0.002,-0.990,-1.299,0.898,0.920,-0.115,-2.013,-0.587,1.861,0.698,0.935,-0.565,1.317,-0.787,-2.262,-0.809,-1.195
0.884,0.722,-2.276,2.396,-0.163,0.027,0.611,0.691,0.035,1.078,-0.271,0.004,-0.900,-1.324,0.895,0.871,-0.158,-2.213,-0.597,1.889,0.657,0.917,-0.543,1.240,-0.790,-2.268,-0.810,-1.195
1.103,0.644,-0.268,-0.250,-0.161,0.027,0.615,0.730,-0.131,0.948,-0.288,-0.015,-0.906,-1.325,0.900,0.844,0.447,-1.209,-0.583,1.849,0.666,0.935,-0.575,1.246,-0.781,-2.245,-0.805,-1.201
1.165,0.684,-2.590,3.078,-0.171,0.014,0.785,0.677,-0.131,1.231,-0.230,-0.006,-0.866,-1.565,0.899,0.920,-1.485,0.117,-0.595,1.853,0.677,0.947,-0.524,1.275,-0.789,-2.272,-0.817,-1.198
1.072,0.645,-1.975,2.089,-0.171,0.020,0.743,0.795,-0.576,1.144,-0.334,-0.009,-0.867,-1.377,0.909,0.870,-0.186,-1.387,-0.583,1.869,0.650,0.946,-1.293,1.416,-0.784,-2.252,-0.814,-1.195
1.070,0.567,-2.649,3.887,-0.241,0.016,0.598,0.783,-0.130,1.148,-0.288,-0.015,-0.957,-1.325,0.944,0.844,-1.042,0.959,-0.591,1.840,0.661,0.916,-1.394,1.132,-0.783,-2.250,-0.808,-1.201
1.030,0.663,-1.721,2.674,-0.190,0.012,0.569,0.719,-0.497,1.083,-0.320,-0.022,-0.816,-1.338,0.962,0.909,0.425,-1.634,-0.588,1.874,0.659,0.958,-1.216,1.171,-0.791,-2.273,-0.810,-1.192
0.938,0.663,-1.049,1.343,-0.189,-0.002,0.633,0.730,-0.435,1.307,-0.329,-0.008,-1.092,-1.405,0.833,0.848,1.612,-3.560,-0.597,1.858,0.659,0.922,-1.035,1.458,-0.788,-2.266,-0.804,-1.193
0.977,0.645,-1.174,1.994,-0.217,0.023,0.615,0.929,-0.130,1.002,-0.347,-0.002,-0.945,-1.311,0.872,0.878,0.513,-2.609,-0.584,1.868,0.679,0.952,-1.042,1.081,-0.786,-2.256,-0.808,-1.192
0.956,0.467,-1.491,2.562,-0.223,0.019,0.658,0.691,-0.293,1.422,-0.297,-0.015,-0.950,-1.323,0.860,0.849,0.079,-1.718,-0.592,1.853,0.663,0.899,-0.947,1.631,-0.786,-2.264,-0.800,-1.183
1.019,0.546,-1.515,3.459,-0.236,0.021,0.657,0.691,-0.110,1.371,-0.289,-0.009,-0.860,-1.352,0.933,0.883,1.821,-2.270,-0.590,1.862,0.700,0.938,-0.854,1.705,-0.788,-2.263,-0.817,-1.193
1.019,0.546,-1.515,3.459,-0.236,0.021,0.657,0.691,-0.110,1.371,-0.289,-0.009,-0.860,-1.352,0.933,0.883,1.026,-0.679,-0.590,1.862,0.700,0.938,-0.854,1.705,-0.788,-2.263,-0.817,-1.193
1.188,0.429,-0.935,0.906,-0.205,0.023,0.611,0.795,-0.130,0.936,-0.324,-0.001,-0.945,-1.323,0.908,0.888,-0.193,-0.787,-0.590,1.865,0.666,0.957,-0.724,1.311,-0.787,-2.261,-0.811,-1.187
0.894,0.663,-2.124,3.114,-0.198,0.019,0.543,0.730,0.151,1.073,-0.293,-0.008,-0.911,-1.381,0.884,0.869,-0.740,-0.386,-0.588,1.870,0.687,0.929,-0.456,1.192,-0.787,-2.267,-0.808,-1.196
1.219,0.510,-1.347,2.758,-0.177,0.017,0.628,0.755,-0.331,1.235,-0.198,-0.000,-0.945,-1.348,0.918,0.851,0.971,-0.791,-0.584,1.875,0.640,0.941,-0.885,1.335,-0.788,-2.263,-0.815,-1.192
1.030,0.605,-0.540,1.699,-0.186,0.010,0.785,0.809,-0.354,1.149,-0.196,0.031,-0.951,-1.379,0.917,0.881,1.035,0.126,-0.599,1.873,0.683,0.941,-0.840,1.044,-0.792,-2.269,-0.810,-1.197
1.092,0.645,-1.956,3.347,-0.148,0.022,0.599,0.716,-0.213,0.932,-0.253,-0.008,-0.825,-1.297,0.875,0.869,-0.387,0.015,-0.586,1.856,0.653,0.912,-0.781,0.874,-0.783,-2.254,-0.809,-1.198
0.946,0.625,-1.384,2.371,-0.214,0.025,0.713,0.862,0.010,0.869,-0.313,-0.018,-1.080,-1.405,0.844,0.885,0.251,-2.504,-0.592,1.865,0.737,0.950,-0.494,0.971,-0.790,-2.266,-0.811,-1.187
0.831,0.743,-1.657,2.549,-0.199,0.013,0.815,0.848,-0.107,1.072,-0.331,-0.004,-0.911,-1.486,0.867,0.861,0.095,-0.929,-0.593,1.860,0.692,0.934,-0.615,1.156,-0.787,-2.258,-0.809,-1.191
0.821,0.781,-2.027,2.265,-0.177,0.014,0.684,0.823,-0.244,1.286,-0.307,-0.009,-0.918,-1.352,0.860,0.880,-0.222,-1.996,-0.594,1.865,0.696,0.948,-0.693,1.336,-0.788,-2.266,-0.798,-1.191
0.821,0.781,-2.027,2.265,-0.177,0.014,0.684,0.823,-0.244,1.286,-0.307,-0.009,-0.918,-1.352,0.860,0.880,-0.264,-1.911,-0.594,1.865,0.696,0.948,-0.693,1.336,-0.788,-2.266,-0.798,-1.191
1.019,0.704,-1.588,2.400,-0.215,0.024,0.684,0.808,-0.213,1.361,-0.329,-0.008,-0.867,-1.294,0.929,0.890,-0.139,-1.241,-0.588,1.869,0.673,0.938,-0.888,1.224,-0.786,-2.252,-0.813,-1.194
0.904,0.665,-1.175,2.445,-0.184,0.023,0.612,0.744,-0.106,1.154,-0.288,-0.015,-0.945,-1.337,0.877,0.869,-0.755,-0.379,-0.587,1.866,0.649,0.923,-0.463,1.327,-0.786,-2.259,-0.817,-1.199
0.957,0.745,-1.655,1.934,-0.236,0.019,0.781,0.808,-0.093,0.451,-0.371,-0.008,-1.031,-1.379,0.893,0.895,-0.273,-1.506,-0.589,1.864,0.703,0.936,-1.721,2.999,-0.786,-2.258,-0.809,-1.188
0.978,0.663,-1.311,1.713,-0.170,0.014,0.645,0.755,-0.165,0.932,-0.298,-0.009,-0.991,-1.311,0.885,0.875,0.122,-1.858,-0.590,1.866,0.714,0.958,-3.835,7.666,-0.786,-2.256,-0.808,-1.189
0.946,0.605,-1.220,1.323,-0.180,0.017,0.552,0.769,-0.189,0.938,-0.279,-0.015,-0.905,-1.405,0.882,0.884,0.565,-2.392,-0.590,1.860,0.682,0.934,-5.721,11.757,-0.787,-2.256,-0.813,-1.195
0.931,0.822,-1.599,2.019,-0.208,0.016,0.671,0.755,-0.851,2.178,-0.314,-0.013,-0.991,-1.379,0.855,0.861,-0.103,-0.879,-0.592,1.853,0.717,0.983,-7.654,15.132,-0.787,-2.255,-0.804,-1.195
0.935,0.764,-0.816,1.811,-0.163,0.028,0.756,0.812,-2.589,5.771,-0.307,-0.004,-0.866,-1.351,0.821,0.893,0.594,-0.814,-0.586,1.879,0.682,0.933,-8.916,18.548,-0.786,-2.260,-0.808,-1.193
0.809,0.722,-1.123,1.942,-0.220,0.010,0.599,0.926,-3.056,6.868,-0.259,-0.024,-0.934,-1.352,0.871,0.880,1.029,-1.074,-0.592,1.859,0.643,0.909,-8.178,17.635,-0.786,-2.266,-0.813,-1.203
0.914,0.643,-0.070,1.126,-0.190,0.015,0.556,0.691,-2.024,5.434,-0.285,-0.016,-0.906,-1.419,0.881,0.874,1.352,-2.016,-0.586,1.882,0.680,0.952,-5.584,9.540,-0.785,-2.259,-0.810,-1.195
