1.005,0.792,-2.705,-0.009,-0.232,0.022,1.047,0.652,-0.990,3.126,-0.283,-0.011,-1.773,-2.002,0.883,1.011,-2.176,0.596,-0.586,1.814,0.710,1.025,-16.078,33.470,-0.783,-2.271,-1.563,-1.756
0.918,0.911,-2.401,0.293,-0.228,0.028,0.962,0.742,-3.282,5.322,-0.306,-0.015,-1.797,-2.038,0.878,0.981,-1.871,1.206,-0.591,1.861,0.722,1.030,-16.809,32.052,-0.783,-2.286,-1.587,-1.780
0.918,0.750,-1.561,0.269,-0.195,0.014,1.091,0.717,-4.620,6.165,-0.254,-0.018,-1.771,-2.022,0.838,0.980,-0.388,1.312,-0.594,1.868,0.714,0.993,-17.775,28.953,-0.799,-2.320,-1.585,-1.775
0.967,0.792,-1.700,0.232,-0.176,0.004,0.975,0.770,-4.351,5.614,-0.262,-0.008,-1.643,-1.999,0.909,1.022,-0.722,1.060,-0.589,1.840,0.722,1.030,-14.892,25.176,-0.786,-2.281,-1.569,-1.751
1.102,0.915,-1.272,0.227,-0.040,-0.020,0.904,0.731,-4.799,3.733,-0.132,0.019,-1.776,-1.810,0.924,1.050,-0.563,1.222,-0.601,1.890,0.742,1.041,-12.909,15.975,-0.804,-2.338,-1.561,-1.659
0.908,0.853,-0.896,0.367,-0.184,0.004,1.003,0.781,-4.740,2.352,-0.220,0.006,-1.808,-1.879,0.897,1.035,0.924,1.042,-0.589,1.840,0.741,1.028,-11.157,11.162,-0.783,-2.278,-1.592,-1.728
0.863,0.736,0.472,0.791,-0.184,0.039,0.719,0.809,-4.936,1.600,-0.301,-0.017,-1.748,-1.877,0.877,1.005,2.182,1.607,-0.575,1.820,0.713,1.041,-9.640,8.544,-0.784,-2.276,-1.637,-1.754
1.134,0.933,0.745,0.576,-0.201,0.020,0.829,0.770,-5.203,1.031,-0.268,-0.008,-1.842,-2.017,0.919,1.037,2.083,1.175,-0.597,1.860,0.699,1.034,-9.685,5.905,-0.800,-2.320,-1.636,-1.763
0.993,0.872,1.180,1.017,-0.195,0.006,0.908,0.779,-4.653,0.696,-0.305,-0.004,-1.790,-2.014,0.932,1.040,2.931,2.103,-0.595,1.863,0.762,1.035,-8.422,4.441,-0.791,-2.290,-1.604,-1.771
0.919,0.652,0.687,1.044,-0.237,0.015,0.876,0.773,-4.326,-0.347,-0.308,-0.001,-1.854,-2.024,0.918,0.987,1.959,2.153,-0.584,1.834,0.723,1.011,-6.924,2.475,-0.793,-2.306,-1.610,-1.803
0.903,0.814,0.658,0.516,-0.170,0.015,0.876,0.784,-3.268,-1.965,-0.234,0.005,-1.725,-2.055,0.899,1.030,1.193,0.971,-0.589,1.845,0.704,1.026,-4.438,-0.469,-0.792,-2.299,-1.579,-1.802
0.903,0.814,0.658,0.516,-0.170,0.015,0.876,0.784,-3.268,-1.965,-0.234,0.005,-1.725,-2.055,0.899,1.030,1.193,0.971,-0.589,1.845,0.704,1.026,-4.438,-0.469,-0.792,-2.299,-1.579,-1.802
1.103,0.715,0.697,0.234,-0.156,0.006,0.934,0.809,-3.517,-1.446,-0.253,0.009,-1.715,-2.056,0.954,1.009,1.093,0.693,-0.589,1.857,0.743,1.020,-4.309,-0.744,-0.795,-2.307,-1.561,-1.816
1.118,0.692,-0.281,0.516,-0.150,0.014,0.833,0.873,-2.795,-1.935,-0.248,-0.004,-1.778,-1.854,0.945,1.046,-0.507,0.600,-0.594,1.863,0.738,1.023,-3.135,-1.771,-0.794,-2.307,-1.574,-1.772
0.977,0.694,-0.570,0.598,-0.185,0.013,0.864,0.800,-3.111,-1.684,-0.263,0.006,-1.820,-2.003,0.863,1.039,-1.137,0.868,-0.593,1.861,0.695,1.025,-3.147,-1.469,-0.796,-2.309,-1.582,-1.777
1.060,0.895,-0.831,0.435,-0.232,0.022,0.861,0.770,-2.970,-1.606,-0.349,-0.017,-1.778,-2.035,0.870,1.054,-1.214,1.269,-0.587,1.845,0.712,1.008,-2.990,-1.585,-0.792,-2.291,-1.579,-1.754
1.044,0.853,-0.957,0.088,-0.218,0.014,0.904,0.823,-2.921,-2.013,-0.246,-0.009,-1.786,-2.019,0.857,1.014,-1.505,0.522,-0.593,1.869,0.699,1.023,-2.818,-1.543,-0.795,-2.307,-1.570,-1.752
1.002,0.792,-1.174,0.436,-0.226,0.028,0.962,0.832,-2.447,-1.996,-0.290,-0.015,-1.819,-1.898,0.905,1.070,-1.990,0.133,-0.591,1.839,0.679,1.086,-2.231,-1.722,-0.792,-2.298,-1.579,-1.768
0.923,0.872,-1.729,0.132,-0.193,0.015,0.919,0.795,-2.550,-1.577,-0.307,-0.005,-1.800,-2.020,0.918,1.043,-2.806,0.485,-0.591,1.871,0.689,1.034,-2.347,-0.783,-0.794,-2.302,-1.515,-1.779
1.186,0.753,-1.968,0.212,-0.217,0.019,0.947,0.740,-2.114,-1.636,-0.257,-0.006,-1.744,-1.950,0.899,1.027,-3.214,0.434,-0.592,1.840,0.692,1.031,-1.706,-0.683,-0.793,-2.297,-1.499,-1.788
1.005,1.009,-1.822,0.421,-0.120,0.017,1.061,0.862,-1.792,-1.129,-0.297,0.001,-1.720,-1.960,0.873,1.018,-5.831,6.911,-0.589,1.862,0.771,1.030,-1.376,-0.548,-0.793,-2.303,-1.504,-1.783
0.847,0.753,-1.547,0.212,-0.136,0.006,0.832,0.770,-1.949,-0.274,-0.184,0.000,-1.745,-2.182,0.871,1.016,-9.171,15.492,-0.597,1.870,0.714,1.037,-1.741,0.419,-0.795,-2.308,-1.528,-1.799
0.919,0.796,-1.723,0.488,-0.190,0.014,0.932,0.876,-1.339,0.097,-0.290,-0.020,-1.741,-2.188,0.871,1.028,-13.816,24.018,-0.584,1.836,0.728,1.016,-0.767,1.527,-0.789,-2.290,-1.557,-1.839
0.832,0.713,-6.413,9.426,-0.118,0.003,0.919,0.742,-1.257,-0.152,-0.201,0.006,-1.720,-2.038,0.909,1.039,-14.479,23.969,-0.595,1.879,0.736,1.034,-0.757,0.648,-0.797,-2.311,-1.563,-1.761
0.903,0.915,-4.510,4.860,-0.156,0.025,1.133,0.652,-1.178,0.565,-0.325,0.021,-1.801,-2.038,0.904,1.064,-13.713,23.135,-0.587,1.856,0.780,1.028,-0.863,1.132,-0.794,-2.305,-1.565,-1.772
0.946,0.853,-6.952,8.659,-0.189,0.005,0.877,0.745,-1.021,0.766,-0.288,-0.009,-1.776,-2.020,0.896,0.990,-15.990,25.564,-0.568,1.769,0.723,1.020,-0.485,2.198,-0.790,-2.290,-1.567,-1.789
0.903,0.636,-10.759,14.337,-0.169,0.022,1.087,0.728,-0.355,1.050,-0.287,-0.010,-1.807,-1.928,0.889,0.963,-13.633,17.838,-0.609,1.899,0.717,1.018,0.257,2.266,-0.791,-2.299,-1.561,-1.776
0.939,0.753,-7.496,6.426,-0.170,0.022,1.175,0.744,-0.510,1.449,-0.293,-0.006,-1.737,-2.092,0.901,1.067,-12.003,11.470,-0.599,1.882,0.762,1.025,0.467,2.705,-0.791,-2.298,-1.564,-1.781
0.946,0.780,-6.063,7.640,-0.165,0.023,0.904,0.795,-0.471,1.668,-0.330,-0.005,-1.874,-2.038,0.913,1.135,-6.879,10.613,-0.577,1.822,0.686,1.122,0.708,2.909,-0.795,-2.302,-1.618,-1.797
1.059,0.968,-7.854,5.076,-0.207,0.008,0.894,0.782,-0.756,0.861,-0.213,-0.004,-1.719,-2.038,0.826,1.034,-4.030,-6.186,-0.604,1.903,0.809,1.042,-0.250,1.749,-0.792,-2.301,-1.538,-1.775
1.059,0.968,-7.854,5.076,-0.207,0.008,0.894,0.782,-0.756,0.861,-0.213,-0.004,-1.719,-2.038,0.826,1.034,-6.731,-0.785,-0.604,1.903,0.809,1.042,-0.250,1.749,-0.792,-2.301,-1.538,-1.775
1.103,0.893,-5.878,1.107,-0.194,0.021,1.092,0.795,-0.430,0.782,-0.295,-0.011,-1.800,-1.965,0.950,1.039,-2.405,-7.543,-0.587,1.837,0.752,1.051,-0.251,0.800,-0.792,-2.293,-1.548,-1.786
1.059,0.734,-5.643,2.695,-0.207,0.024,0.889,0.602,0.229,0.885,-0.319,-0.011,-1.745,-2.076,0.884,1.011,-2.144,-7.626,-0.582,1.826,0.713,1.040,0.493,1.188,-0.791,-2.301,-1.562,-1.781
0.946,0.695,-4.934,-0.918,-0.241,0.018,0.856,0.834,0.109,0.951,-0.294,-0.013,-1.808,-2.093,0.898,1.018,-0.043,-12.583,-0.599,1.858,0.703,1.055,0.114,0.999,-0.791,-2.298,-1.578,-1.792
1.042,0.735,-5.319,0.155,-0.196,0.014,1.120,0.715,-0.613,0.840,-0.278,-0.010,-1.831,-2.038,0.876,1.032,-0.396,-12.186,-0.597,1.851,0.713,1.013,-0.340,1.049,-0.794,-2.307,-1.563,-1.777
0.946,0.853,-5.183,1.327,-0.094,-0.008,1.025,0.543,-0.308,0.727,-0.188,0.034,-1.800,-2.058,0.906,1.045,2.135,-13.900,-0.598,1.857,0.733,0.999,-0.173,0.949,-0.796,-2.306,-1.613,-1.778
0.946,0.853,-5.183,1.327,-0.094,-0.008,1.025,0.543,-0.308,0.727,-0.188,0.034,-1.800,-2.058,0.906,1.045,1.284,-12.198,-0.598,1.857,0.733,0.999,-0.173,0.949,-0.796,-2.306,-1.613,-1.778
1.021,0.810,-3.738,-0.288,-0.012,-0.019,0.775,0.954,-1.543,0.426,-0.122,0.022,-1.874,-2.001,0.895,1.017,3.191,-12.193,-0.598,1.892,0.720,1.030,-1.679,0.779,-0.799,-2.320,-1.627,-1.786
0.890,0.832,-2.466,-0.530,-0.155,0.019,0.775,0.706,-1.531,1.096,-0.246,-0.019,-1.804,-1.985,0.881,1.006,4.903,-13.012,-0.581,1.854,0.746,1.013,-2.398,1.479,-0.790,-2.296,-1.581,-1.768
0.989,0.810,-1.458,-0.744,-0.234,0.022,1.030,0.824,-2.108,0.784,-0.317,-0.009,-1.818,-2.040,0.891,1.054,6.128,-14.728,-0.600,1.866,0.766,1.050,-2.881,0.760,-0.798,-2.318,-1.603,-1.774
0.946,0.869,-1.460,0.063,-0.132,0.047,1.108,0.532,-1.649,0.572,-0.304,-0.016,-1.767,-1.965,0.908,1.005,6.756,-14.084,-0.585,1.848,0.760,1.047,-5.210,6.841,-0.791,-2.295,-1.616,-1.778
0.832,0.658,-1.020,-0.454,-0.122,-0.002,0.963,0.809,-1.908,0.572,-0.217,0.016,-1.767,-1.965,0.851,1.026,7.466,-12.342,-0.592,1.877,0.739,1.043,-9.665,15.668,-0.797,-2.311,-1.576,-1.771
0.974,0.886,-0.282,-0.294,0.066,-0.030,0.849,0.754,-1.839,0.804,-0.079,0.031,-1.801,-1.995,0.876,1.038,8.340,-13.797,-0.605,1.884,0.724,1.069,-13.777,24.309,-0.798,-2.320,-1.581,-1.771
1.146,0.810,0.582,-0.508,0.050,-0.048,0.822,0.717,-4.182,5.040,-0.028,0.040,-1.878,-2.002,0.900,1.016,9.888,-13.837,-0.600,1.890,0.720,1.029,-17.053,31.301,-0.798,-2.318,-1.577,-1.763
0.858,0.927,0.308,0.655,0.082,-0.030,0.990,0.876,-4.719,5.774,-0.038,0.033,-1.810,-1.988,0.820,0.995,7.070,-11.173,-0.585,1.861,0.694,1.003,-14.400,24.416,-0.787,-2.314,-1.568,-1.774
0.817,0.852,-0.214,0.071,-0.060,-0.015,0.890,0.878,-6.400,8.253,-0.206,0.013,-1.852,-1.974,0.867,0.951,6.955,-12.542,-0.595,1.856,0.714,1.021,-15.513,25.188,-0.793,-2.301,-1.594,-1.755
1.047,0.732,1.307,-0.596,-0.200,0.020,0.877,0.759,-8.104,9.056,-0.274,-0.024,-1.853,-1.993,0.877,1.064,8.634,-12.604,-0.588,1.849,0.741,1.035,-15.219,20.434,-0.782,-2.271,-1.572,-1.709
1.091,0.851,1.909,-1.740,-0.144,0.016,0.891,0.877,-7.444,7.625,-0.291,-0.013,-1.834,-2.017,0.891,1.006,9.219,-13.726,-0.579,1.812,0.722,1.002,-12.062,13.715,-0.792,-2.296,-1.592,-1.742
0.733,0.790,0.538,2.670,-0.210,0.025,0.966,0.745,-4.100,-2.967,-0.359,0.007,-1.669,-2.066,0.798,1.028,9.075,-12.093,-0.596,1.878,0.707,1.024,-10.123,4.653,-0.801,-2.281,-1.614,-1.731
0.733,0.790,0.538,2.670,-0.210,0.025,0.966,0.745,-4.100,-2.967,-0.359,0.007,-1.669,-2.066,0.798,1.028,12.278,-18.499,-0.596,1.878,0.707,1.024,-13.084,10.575,-0.801,-2.281,-1.614,-1.731
0.903,0.909,3.252,-3.403,-0.181,0.018,1.049,0.809,-9.177,7.124,-0.260,0.003,-1.793,-1.733,0.829,1.073,13.724,-22.823,-0.588,1.848,0.735,1.068,-15.139,13.970,-0.802,-2.248,-1.603,-1.729
0.888,0.890,3.445,-1.896,-0.190,0.020,1.090,0.735,-6.877,-0.689,-0.342,0.004,-1.751,-2.108,0.903,0.973,9.958,-11.915,-0.587,1.827,0.719,1.032,-5.137,-3.366,-0.797,-2.280,-1.584,-1.757
1.048,0.796,4.146,-2.919,-0.221,0.027,0.606,0.702,-6.546,2.533,-0.370,0.011,-1.663,-1.878,0.838,1.118,10.170,-12.116,-0.588,1.881,0.656,1.052,-4.020,-6.954,-0.811,-2.224,-1.586,-1.764
0.930,0.734,3.609,-3.004,-0.232,0.002,1.233,1.094,-6.214,1.835,-0.193,-0.035,-1.746,-1.896,0.871,0.985,7.459,-11.007,-0.600,1.828,0.758,0.994,-2.355,-8.848,-0.776,-2.353,-1.574,-1.803
1.005,0.772,3.529,-4.749,-0.232,0.022,0.919,0.675,-5.318,2.207,-0.283,-0.025,-1.752,-1.889,0.935,0.976,5.670,-9.455,-0.586,1.845,0.720,1.051,1.535,-10.544,-0.789,-2.347,-1.543,-1.783
0.934,0.752,2.626,-0.474,-0.224,0.013,0.961,0.839,-5.153,0.212,-0.371,0.005,-1.751,-2.009,0.896,1.011,3.603,-3.324,-0.594,1.863,0.715,0.995,1.118,-15.406,-0.797,-2.261,-1.584,-1.768
0.751,0.771,0.200,4.637,-0.182,0.019,1.061,0.913,-2.959,-2.836,-0.324,-0.020,-1.765,-2.015,0.887,1.038,5.455,-4.993,-0.590,1.837,0.784,1.065,2.714,-14.297,-0.793,-2.315,-1.584,-1.777
1.205,0.753,1.880,-0.874,-0.155,0.026,0.975,0.756,-3.303,-0.143,-0.294,0.014,-1.713,-2.045,0.975,1.057,1.039,-0.344,-0.597,1.868,0.678,1.018,3.911,-14.636,-0.793,-2.301,-1.577,-1.782
0.817,0.713,0.885,-0.580,-0.195,0.020,1.161,0.733,-2.235,0.078,-0.291,-0.025,-1.679,-2.056,0.896,0.955,-4.593,10.940,-0.589,1.839,0.694,1.006,5.781,-13.995,-0.787,-2.318,-1.571,-1.778
0.875,0.849,3.396,-1.759,-0.196,0.021,0.904,0.770,-3.559,0.318,-0.318,0.002,-1.742,-2.056,0.904,1.015,-6.063,14.583,-0.588,1.837,0.703,1.039,4.313,-14.319,-0.796,-2.292,-1.576,-1.771
0.734,0.811,0.280,1.486,-0.129,0.021,0.933,0.873,-2.361,-0.055,-0.283,-0.017,-1.839,-1.974,0.830,0.982,-13.419,28.481,-0.585,1.856,0.722,1.019,5.307,-12.490,-0.788,-2.293,-1.571,-1.781
0.734,0.811,0.280,1.486,-0.129,0.021,0.933,0.873,-2.361,-0.055,-0.283,-0.017,-1.839,-1.974,0.830,0.982,-13.419,28.481,-0.585,1.856,0.722,1.019,6.158,-14.192,-0.788,-2.293,-1.571,-1.781
0.961,0.792,-4.764,6.606,-0.184,0.034,0.904,0.861,-0.271,-0.178,-0.284,-0.011,-1.549,-2.000,0.840,1.034,-17.896,28.956,-0.587,1.846,0.704,1.018,8.304,-12.616,-0.792,-2.289,-1.536,-1.809
0.726,0.811,-5.881,5.035,-0.175,0.031,1.204,0.848,0.455,-0.131,-0.294,-0.013,-1.753,-2.002,0.897,1.050,-16.951,22.512,-0.600,1.891,0.711,1.022,8.687,-12.983,-0.789,-2.287,-1.505,-1.793
0.777,0.734,-5.804,4.803,-0.242,0.011,1.002,0.717,0.461,-1.023,-0.298,-0.010,-1.670,-2.146,0.867,1.029,-14.070,18.647,-0.584,1.818,0.741,1.014,7.591,-13.879,-0.795,-2.310,-1.476,-1.798
0.918,0.832,-5.314,3.306,-0.199,0.021,0.904,0.795,1.385,-1.508,-0.280,-0.012,-1.663,-2.057,0.867,1.026,-14.750,18.392,-0.587,1.836,0.729,1.008,9.927,-15.686,-0.794,-2.304,-1.457,-1.807
0.889,0.872,-5.935,1.710,-0.169,0.020,1.090,0.913,2.722,-0.650,-0.263,-0.007,-1.625,-2.065,0.885,1.039,-11.424,8.593,-0.587,1.861,0.777,1.047,10.994,-12.544,-0.794,-2.306,-1.465,-1.822
0.889,0.872,-5.935,1.710,-0.169,0.020,1.090,0.913,2.722,-0.650,-0.263,-0.007,-1.625,-2.065,0.885,1.039,-11.424,8.593,-0.587,1.861,0.777,1.047,13.695,-17.946,-0.794,-2.306,-1.465,-1.822
1.017,0.734,-5.600,0.826,-0.181,0.001,0.861,0.691,3.225,-1.861,-0.242,0.005,-1.584,-2.012,0.898,0.967,-10.594,6.088,-0.596,1.842,0.704,1.030,14.255,-20.230,-0.797,-2.322,-1.469,-1.805
1.000,0.832,-5.754,-0.316,-0.204,0.021,0.890,0.665,4.607,-1.684,-0.316,-0.006,-1.739,-1.994,0.870,1.007,-8.414,1.802,-0.591,1.848,0.721,1.015,12.020,-12.492,-0.797,-2.319,-1.547,-1.796
1.000,0.832,-5.754,-0.316,-0.204,0.021,0.890,0.665,4.607,-1.684,-0.316,-0.006,-1.739,-1.994,0.870,1.007,-8.414,1.802,-0.591,1.848,0.721,1.015,15.445,-19.344,-0.797,-2.319,-1.547,-1.796
0.974,0.637,-5.491,0.180,-0.169,0.022,0.919,0.756,4.769,-1.698,-0.284,-0.011,-1.717,-2.061,0.910,1.097,-6.102,0.430,-0.592,1.842,0.722,1.082,5.882,-4.434,-0.796,-2.312,-1.596,-1.773
0.959,0.990,-5.109,0.028,-0.219,0.019,0.858,0.834,4.356,0.179,-0.314,-0.013,-1.807,-2.045,0.910,1.045,-6.328,1.515,-0.596,1.872,0.742,1.036,9.128,-5.915,-0.792,-2.307,-1.615,-1.796
0.959,0.990,-5.109,0.028,-0.219,0.019,0.858,0.834,4.356,0.179,-0.314,-0.013,-1.807,-2.045,0.910,1.045,-6.328,1.515,-0.596,1.872,0.742,1.036,13.090,-13.838,-0.792,-2.307,-1.615,-1.796
0.932,0.758,-4.760,-0.593,-0.178,0.033,1.104,0.795,4.652,-0.827,-0.317,-0.006,-1.812,-2.028,0.861,0.981,-5.669,0.498,-0.583,1.868,0.742,1.022,13.396,-17.456,-0.792,-2.303,-1.622,-1.795
1.089,0.713,-3.486,-1.142,-0.210,0.017,1.046,0.822,2.422,-1.246,-0.267,-0.014,-1.939,-2.032,0.938,1.034,-3.038,-0.982,-0.588,1.852,0.734,1.036,5.255,-5.915,-0.791,-2.311,-1.559,-1.800
1.216,0.731,-3.555,-0.783,-0.196,0.021,1.018,0.848,4.783,-4.058,-0.290,-0.020,-1.716,-2.012,0.890,0.977,-3.300,-0.783,-0.590,1.846,0.749,1.035,7.005,-8.876,-0.793,-2.316,-1.558,-1.801
0.933,1.042,-3.572,-1.058,-0.232,0.022,0.876,0.703,0.111,2.757,-0.370,-0.011,-1.769,-2.011,0.950,1.070,-3.103,-0.666,-0.590,1.834,0.658,1.023,-2.836,5.577,-0.797,-2.262,-1.556,-1.776
0.889,0.719,-3.198,-0.729,-0.210,0.023,0.918,0.821,-1.132,5.299,-0.272,-0.017,-1.771,-2.045,0.841,1.034,-3.279,-0.132,-0.585,1.839,0.717,1.042,-3.524,6.922,-0.788,-2.324,-1.559,-1.795
0.989,0.753,-3.070,-0.176,-0.142,0.022,0.976,0.691,4.082,-6.409,-0.242,-0.024,-1.744,-2.023,0.924,0.981,-2.570,0.728,-0.590,1.865,0.746,1.011,-4.287,8.020,-0.784,-2.330,-1.557,-1.790
1.073,0.872,-2.673,-0.387,-0.211,0.011,0.875,0.915,1.809,-3.991,-0.306,-0.004,-1.771,-1.989,0.881,1.012,-1.748,0.495,-0.596,1.833,0.727,1.029,-12.541,21.248,-0.799,-2.293,-1.561,-1.771
0.932,0.694,-2.204,0.461,0.008,-0.025,1.120,0.674,-2.759,6.215,-0.007,0.004,-1.654,-2.111,0.861,0.970,-1.373,1.457,-0.600,1.882,0.715,0.981,-15.795,30.869,-0.788,-2.362,-1.582,-1.820
0.932,0.694,-2.204,0.461,0.008,-0.025,1.120,0.674,-2.759,6.215,-0.007,0.004,-1.654,-2.111,0.861,0.970,-1.373,1.457,-0.600,1.882,0.715,0.981,-15.795,30.869,-0.788,-2.362,-1.582,-1.820
0.847,0.792,-2.072,0.070,-0.078,0.002,0.804,0.795,-4.671,6.770,-0.191,0.008,-1.728,-2.038,0.892,1.040,-1.268,0.519,-0.596,1.872,0.709,1.042,-16.138,27.000,-0.782,-2.280,-1.572,-1.755
0.698,0.832,-2.121,0.069,-0.170,0.015,0.904,0.731,-5.234,5.181,-0.317,-0.011,-1.745,-1.934,0.932,1.016,-1.119,0.806,-0.580,1.840,0.729,0.975,-15.267,21.771,-0.779,-2.242,-1.562,-1.737
0.931,0.890,-1.413,-0.011,-0.237,0.022,0.947,0.930,-4.814,3.642,-0.284,-0.012,-1.808,-1.862,0.871,1.036,-0.890,0.330,-0.583,1.807,0.744,1.051,-13.009,15.255,-0.802,-2.340,-1.584,-1.655
1.030,0.749,0.253,0.570,-0.179,0.025,0.703,0.798,-4.966,2.370,-0.302,-0.024,-1.784,-1.967,0.895,1.019,1.753,1.491,-0.595,1.873,0.693,1.021,-10.484,10.164,-0.789,-2.281,-1.610,-1.729
0.961,0.872,0.823,0.721,-0.206,0.016,0.920,0.941,-4.812,1.240,-0.301,-0.015,-1.787,-2.063,0.841,0.964,2.257,1.547,-0.586,1.822,0.722,1.046,-9.919,6.329,-0.796,-2.305,-1.631,-1.750
0.804,0.850,1.119,0.881,-0.154,0.018,0.834,0.759,-5.017,0.920,-0.240,0.003,-1.831,-1.914,0.914,1.061,2.804,1.826,-0.589,1.871,0.708,1.011,-8.837,4.631,-0.794,-2.301,-1.606,-1.755
0.975,0.795,0.793,0.964,-0.130,0.001,1.033,0.877,-3.726,-1.375,-0.287,0.000,-1.809,-2.016,0.901,1.021,1.740,1.988,-0.592,1.877,0.740,1.018,-5.567,0.560,-0.793,-2.308,-1.596,-1.784
0.936,0.851,0.612,0.721,-0.227,0.016,0.919,0.823,-4.129,-0.984,-0.331,-0.017,-1.663,-2.156,0.865,1.015,1.456,1.030,-0.585,1.828,0.695,1.036,-5.850,0.218,-0.793,-2.289,-1.580,-1.788
0.946,0.734,0.782,0.845,-0.201,0.023,1.061,0.677,-3.476,-1.018,-0.278,0.002,-1.789,-1.943,0.895,1.020,1.465,1.142,-0.587,1.849,0.732,1.019,-4.437,-0.213,-0.796,-2.305,-1.565,-1.809
1.045,0.813,0.656,0.456,-0.127,0.021,0.761,0.834,-4.010,-1.767,-0.343,-0.009,-1.790,-2.028,0.937,1.021,1.286,0.928,-0.595,1.860,0.727,1.044,-4.772,-0.618,-0.793,-2.307,-1.572,-1.818
0.903,0.771,0.106,0.129,-0.196,0.021,1.204,0.664,-3.418,-2.071,-0.308,-0.017,-1.871,-1.947,0.893,1.012,0.343,0.538,-0.585,1.839,0.729,1.039,-4.090,-1.430,-0.791,-2.299,-1.577,-1.776
0.903,0.771,0.106,0.129,-0.196,0.021,1.204,0.664,-3.418,-2.071,-0.308,-0.017,-1.871,-1.947,0.893,1.012,0.343,0.538,-0.585,1.839,0.729,1.039,-4.090,-1.430,-0.791,-2.299,-1.577,-1.776
1.055,0.639,-0.579,0.455,-0.130,0.007,0.932,0.838,-2.699,-1.684,-0.176,0.011,-1.749,-1.854,0.928,1.011,-1.122,0.676,-0.598,1.868,0.704,1.021,-2.595,-1.699,-0.798,-2.318,-1.577,-1.784
0.875,0.890,-0.448,0.455,-0.250,0.018,1.061,0.770,-2.946,-1.381,-0.316,-0.012,-1.628,-1.962,0.867,1.030,-0.880,0.475,-0.586,1.832,0.776,1.018,-2.900,-1.194,-0.785,-2.285,-1.570,-1.740
1.060,0.753,-0.873,0.354,-0.210,0.017,1.079,0.809,-2.780,-1.494,-0.279,-0.018,-1.761,-2.013,0.837,1.021,-1.651,0.400,-0.592,1.861,0.720,1.011,-2.720,-1.122,-0.795,-2.315,-1.574,-1.737
0.820,0.695,-1.200,0.436,-0.232,0.016,0.919,0.691,-2.292,-1.799,-0.305,-0.010,-1.777,-2.028,0.843,1.048,-2.152,0.043,-0.594,1.849,0.695,1.090,-2.240,-1.252,-0.795,-2.307,-1.570,-1.776
0.946,1.003,-2.062,0.147,-0.206,0.009,0.679,0.729,-2.204,-1.108,-0.301,-0.009,-1.478,-2.037,0.851,1.031,-3.559,0.255,-0.594,1.848,0.712,1.035,-1.893,-0.294,-0.794,-2.305,-1.518,-1.777
0.946,1.003,-2.062,0.147,-0.206,0.009,0.679,0.729,-2.204,-1.108,-0.301,-0.009,-1.478,-2.037,0.851,1.031,-6.694,6.526,-0.594,1.848,0.712,1.035,-1.893,-0.294,-0.794,-2.305,-1.518,-1.777
1.047,0.796,-1.544,0.068,-0.212,0.016,0.962,0.677,-1.831,-0.126,-0.283,-0.011,-1.720,-2.003,0.892,1.033,-9.774,15.419,-0.589,1.861,0.673,1.034,-1.413,1.235,-0.793,-2.300,-1.516,-1.780
0.875,0.676,-1.614,0.276,-0.184,0.025,1.006,0.781,-1.446,0.162,-0.342,0.010,-1.741,-2.056,0.886,1.028,-13.479,23.736,-0.594,1.850,0.689,1.046,-0.851,1.329,-0.793,-2.298,-1.553,-1.793
1.032,0.850,-3.838,5.097,-0.198,0.023,1.003,0.823,-1.255,-0.046,-0.289,-0.013,-1.770,-2.032,0.953,1.029,-16.783,31.080,-0.591,1.850,0.698,1.032,-0.514,1.027,-0.792,-2.307,-1.559,-1.810
1.088,0.951,-5.501,9.510,-0.210,0.023,0.847,0.756,-0.916,0.315,-0.306,-0.004,-1.801,-2.003,0.880,1.064,-15.926,32.110,-0.587,1.864,0.686,1.043,-1.001,1.428,-0.792,-2.299,-1.575,-1.782
0.906,0.832,-5.701,12.410,-0.169,0.016,0.947,0.701,-1.153,0.549,-0.302,-0.003,-1.745,-1.997,0.843,1.050,-17.781,31.114,-0.588,1.857,0.766,1.047,-0.642,1.725,-0.793,-2.301,-1.566,-1.778
0.875,0.846,-4.463,2.630,-0.222,0.027,0.932,0.823,-0.722,1.328,-0.293,-0.013,-1.796,-1.926,0.884,1.023,-15.972,21.127,-0.556,1.747,0.693,1.019,-0.199,2.989,-0.792,-2.308,-1.555,-1.777
0.946,0.675,-8.854,12.039,-0.184,0.025,0.947,0.781,0.626,1.609,-0.354,0.013,-1.771,-1.997,0.892,0.936,-15.747,23.423,-0.621,1.945,0.707,1.030,1.509,2.792,-0.794,-2.308,-1.560,-1.787
0.875,0.954,-6.454,9.318,-0.179,0.010,0.822,0.782,-0.697,1.743,-0.293,-0.013,-1.799,-1.987,0.920,1.148,-8.947,12.991,-0.609,1.897,0.742,1.071,0.149,3.101,-0.792,-2.305,-1.594,-1.783
0.875,0.854,-7.420,5.452,-0.195,0.022,0.865,0.481,-0.868,1.593,-0.284,-0.009,-1.819,-1.947,0.881,1.070,-7.161,3.070,-0.550,1.766,0.722,1.036,-0.777,2.567,-0.793,-2.300,-1.621,-1.793
0.904,0.819,-6.539,3.723,-0.241,0.024,0.920,0.809,-0.816,0.884,-0.270,-0.009,-1.674,-2.037,0.837,0.987,-4.622,-3.165,-0.568,1.751,0.699,1.055,-0.490,1.405,-0.790,-2.308,-1.525,-1.770
1.047,0.792,-3.861,-3.049,-0.234,0.027,0.920,0.809,-0.193,1.271,-0.306,-0.015,-1.776,-2.023,0.861,0.936,-4.075,-7.397,-0.620,1.965,0.789,0.992,0.086,1.251,-0.793,-2.308,-1.524,-1.780
1.146,0.597,-4.508,-0.654,-0.226,0.007,0.802,0.719,0.103,0.873,-0.304,-0.002,-1.745,-2.036,0.847,1.015,0.322,-12.340,-0.609,1.861,0.719,0.954,0.911,1.353,-0.794,-2.301,-1.578,-1.778
1.146,0.597,-4.508,-0.654,-0.226,0.007,0.802,0.719,0.103,0.873,-0.304,-0.002,-1.745,-2.036,0.847,1.015,-1.504,-8.687,-0.609,1.861,0.719,0.954,0.911,1.353,-0.794,-2.301,-1.578,-1.778
1.004,0.872,-5.708,-0.236,-0.118,0.038,0.833,0.742,-0.396,0.560,-0.316,-0.012,-1.775,-2.095,0.893,1.064,-2.019,-8.019,-0.558,1.839,0.729,1.102,0.061,0.673,-0.791,-2.302,-1.604,-1.799
1.060,0.951,-3.118,-3.151,-0.253,0.021,0.780,0.606,-0.423,0.727,-0.322,-0.004,-1.813,-1.964,0.935,1.029,1.985,-12.988,-0.604,1.862,0.716,1.036,-0.171,0.856,-0.793,-2.293,-1.566,-1.788
1.103,0.678,-3.472,0.204,-0.129,-0.001,0.845,0.720,-0.412,0.884,-0.239,-0.004,-1.827,-2.020,0.916,0.954,3.719,-14.731,-0.603,1.889,0.782,0.969,-0.579,1.322,-0.798,-2.311,-1.567,-1.776
0.946,0.854,-2.022,0.243,-0.158,0.025,0.874,0.795,-1.000,0.738,-0.287,-0.008,-1.890,-2.003,0.897,1.124,6.412,-14.692,-0.575,1.848,0.740,1.153,-1.228,0.998,-0.788,-2.292,-1.602,-1.776
0.919,0.810,-2.480,-0.748,-0.212,0.011,0.803,0.795,-1.373,0.684,-0.257,-0.021,-1.750,-1.981,0.966,0.975,4.678,-16.245,-0.585,1.806,0.761,0.943,-1.919,1.200,-0.794,-2.302,-1.598,-1.777
1.102,0.756,-2.556,-1.324,-0.214,0.017,1.061,0.742,-1.776,0.762,-0.290,-0.020,-1.804,-2.042,0.886,1.059,5.397,-16.456,-0.601,1.893,0.773,1.064,-2.500,1.268,-0.793,-2.315,-1.570,-1.765
1.048,0.851,-1.850,-0.560,-0.182,0.026,0.960,0.770,-1.727,0.717,-0.252,-0.011,-1.818,-2.011,0.913,1.015,7.113,-15.091,-0.584,1.853,0.702,1.024,-5.517,7.343,-0.791,-2.297,-1.584,-1.777
0.860,0.832,-1.951,-1.064,-0.212,0.024,0.976,0.836,-1.614,0.823,-0.276,-0.019,-1.776,-1.949,0.947,1.050,6.799,-17.778,-0.592,1.825,0.735,1.022,-9.569,15.620,-0.795,-2.309,-1.589,-1.776
0.946,0.853,-0.740,-1.514,-0.209,0.010,1.001,0.876,-1.578,0.555,-0.283,-0.007,-1.803,-2.033,0.887,1.059,7.554,-16.957,-0.598,1.844,0.733,1.030,-13.904,24.153,-0.793,-2.299,-1.580,-1.787
0.962,0.893,-0.713,0.169,-0.143,0.016,0.975,0.784,-4.223,5.270,-0.305,-0.010,-1.790,-2.003,0.893,1.032,8.911,-12.477,-0.589,1.838,0.739,1.045,-17.370,31.322,-0.794,-2.296,-1.583,-1.779
1.005,0.832,-0.308,0.744,-0.208,0.017,0.920,0.809,-3.012,3.571,-0.298,-0.016,-1.848,-2.003,0.890,1.039,8.241,-13.443,-0.593,1.861,0.701,1.016,-18.511,34.667,-0.791,-2.305,-1.576,-1.772
0.903,0.830,0.489,-1.326,-0.210,0.025,0.987,0.866,-9.823,15.889,-0.332,-0.009,-1.750,-2.081,0.891,1.002,8.893,-14.863,-0.588,1.858,0.751,1.023,-21.466,38.205,-0.796,-2.308,-1.569,-1.771
0.794,0.771,0.812,-1.035,-0.236,0.009,0.763,0.701,-7.619,9.178,-0.304,-0.016,-1.786,-1.940,0.877,0.991,7.410,-13.351,-0.592,1.853,0.691,0.997,-13.716,20.407,-0.771,-2.249,-1.588,-1.731
0.876,0.751,1.859,-1.576,-0.178,0.025,0.807,0.838,-7.106,7.568,-0.307,-0.008,-1.814,-1.907,0.881,0.943,8.907,-12.495,-0.587,1.870,0.723,1.002,-10.405,12.080,-0.800,-2.328,-1.575,-1.758
0.888,1.008,1.882,-2.342,-0.197,0.022,0.877,0.893,-8.070,5.323,-0.320,-0.006,-1.808,-1.922,0.869,1.012,8.849,-13.351,-0.597,1.838,0.723,1.018,-9.915,6.013,-0.813,-2.355,-1.600,-1.718
1.144,0.774,2.803,-3.175,-0.146,0.009,1.076,0.823,-8.272,5.145,-0.231,-0.009,-1.820,-1.972,0.913,1.080,9.471,-13.061,-0.587,1.861,0.739,1.072,-8.605,1.225,-0.793,-2.256,-1.602,-1.728
1.032,0.734,0.986,2.165,-0.210,0.017,0.966,0.873,-4.448,-1.977,-0.301,-0.006,-1.841,-1.967,0.857,1.024,9.719,-12.341,-0.593,1.847,0.722,1.046,-5.861,-2.423,-0.792,-2.314,-1.604,-1.737
0.929,0.969,3.725,-4.576,-0.155,0.013,0.947,0.613,-9.212,4.971,-0.296,0.030,-1.746,-1.967,0.903,1.058,8.795,-15.086,-0.583,1.849,0.720,1.026,-8.162,-0.786,-0.813,-2.263,-1.607,-1.773
0.845,0.851,2.494,-0.323,-0.220,0.020,0.920,0.924,-5.935,0.524,-0.300,-0.015,-1.797,-2.203,0.769,1.010,7.322,-5.763,-0.589,1.836,0.678,1.051,-0.852,-10.699,-0.784,-2.316,-1.598,-1.807
0.860,0.832,2.970,-2.857,-0.224,0.013,1.032,0.873,-6.513,1.176,-0.391,0.001,-1.842,-2.056,0.889,1.009,7.167,-10.773,-0.587,1.850,0.730,1.018,-2.257,-9.209,-0.807,-2.277,-1.586,-1.852
1.023,0.911,3.307,-2.664,-0.176,0.031,1.004,0.702,-5.366,0.828,-0.268,-0.008,-1.633,-2.039,0.842,1.089,6.090,-8.802,-0.592,1.874,0.708,1.044,0.651,-11.331,-0.790,-2.292,-1.554,-1.779
0.832,1.007,3.265,-1.480,-0.218,0.021,1.089,0.823,-5.204,0.563,-0.275,-0.012,-1.767,-2.096,0.824,0.952,5.827,-6.116,-0.590,1.835,0.746,1.032,1.110,-12.822,-0.792,-2.300,-1.572,-1.801
0.860,0.654,-1.359,5.291,-0.167,0.023,0.891,0.706,-3.004,-3.348,-0.371,-0.003,-1.784,-1.947,0.876,1.022,2.700,-5.483,-0.591,1.862,0.726,0.967,2.438,-14.492,-0.796,-2.289,-1.574,-1.812
1.060,0.792,4.956,-5.216,-0.180,0.018,1.132,0.795,-3.879,0.323,-0.298,-0.017,-1.710,-2.038,0.921,1.072,7.432,-10.402,-0.586,1.841,0.718,1.072,1.909,-13.396,-0.794,-2.296,-1.589,-1.775
0.985,0.676,3.374,-2.707,-0.134,-0.005,1.033,0.599,-3.295,0.211,-0.146,0.010,-1.757,-1.964,0.853,0.944,-7.985,10.951,-0.603,1.884,0.687,1.023,5.589,-14.063,-0.796,-2.324,-1.563,-1.774
1.005,0.770,0.650,-0.062,-0.082,-0.046,0.804,0.706,-1.718,-0.150,-0.147,0.032,-1.778,-2.057,0.936,0.984,-10.972,22.492,-0.670,2.006,0.732,0.994,7.556,-14.595,-0.802,-2.301,-1.566,-1.776
0.919,0.814,-0.382,3.001,-0.109,0.020,0.890,0.970,-2.616,-0.093,-0.330,-0.008,-1.818,-2.003,0.855,1.157,-15.774,33.800,-0.507,1.627,0.712,1.088,5.534,-13.928,-0.784,-2.276,-1.603,-1.768
0.989,0.859,-3.417,4.974,-0.297,0.036,0.974,0.847,-1.054,-0.455,-0.279,-0.010,-1.682,-2.037,0.853,1.019,-17.808,30.556,-0.532,1.610,0.738,1.022,6.571,-12.705,-0.796,-2.323,-1.549,-1.769
0.903,0.809,-5.043,6.676,-0.199,0.038,1.061,0.756,-0.782,0.168,-0.294,-0.014,-1.725,-1.925,0.864,1.034,-18.472,29.522,-0.522,1.658,0.715,1.008,7.893,-13.216,-0.795,-2.311,-1.557,-1.794
1.017,1.166,-5.805,5.115,-0.179,0.018,0.933,0.753,-0.140,0.107,-0.282,0.004,-1.673,-2.001,0.858,1.075,-16.126,21.066,-0.506,1.562,0.661,1.063,7.360,-11.560,-0.792,-2.296,-1.480,-1.782
0.871,0.695,-5.214,3.804,-0.162,0.011,0.648,0.913,0.586,0.052,-0.314,-0.010,-1.719,-2.038,0.864,1.008,-12.652,17.349,-0.481,1.499,0.681,0.997,8.383,-12.963,-0.796,-2.315,-1.445,-1.781
1.060,0.832,-6.354,2.685,-0.169,0.017,0.943,0.741,1.315,1.687,-0.283,-0.011,-1.570,-2.100,0.917,0.966,-13.951,11.695,-0.468,1.442,0.714,1.051,7.932,-9.383,-0.791,-2.301,-1.440,-1.829
0.903,1.057,-5.398,1.142,-0.123,0.006,0.776,0.676,3.433,-2.561,-0.290,-0.020,-1.622,-2.007,0.860,1.070,-9.981,6.229,-0.525,1.639,0.702,1.047,8.626,-9.533,-0.793,-2.311,-1.396,-1.818
1.057,0.734,-5.064,0.227,-0.182,0.010,1.076,0.756,2.481,0.183,-0.279,-0.024,-1.444,-1.863,0.901,0.972,-9.333,4.126,-0.540,1.682,0.737,0.985,9.351,-10.457,-0.791,-2.293,-1.338,-1.805
0.961,0.889,-5.257,-0.190,-0.247,0.008,0.975,0.965,3.607,-2.447,-0.307,-0.004,-1.542,-2.062,0.834,1.070,-8.323,2.720,-0.551,1.726,0.689,1.073,11.151,-14.452,-0.794,-2.299,-1.349,-1.798
1.017,0.832,-5.644,-0.334,-0.169,0.021,1.061,0.782,5.153,-3.653,-0.227,0.000,-1.647,-2.061,0.873,1.050,-8.366,1.944,-0.565,1.767,0.704,1.047,12.800,-15.261,-0.793,-2.307,-1.318,-1.811
1.089,0.854,-5.742,-0.033,-0.149,0.012,0.976,0.717,3.815,-1.025,-0.165,0.013,-1.612,-2.091,0.867,1.020,-8.742,1.846,-0.580,1.806,0.721,1.003,13.881,-16.841,-0.796,-2.299,-1.299,-1.809
0.961,0.774,-4.766,-0.297,-0.158,0.020,1.046,0.782,1.471,2.471,-0.305,-0.010,-1.675,-1.977,0.898,1.048,-6.059,0.690,-0.517,1.606,0.778,1.085,9.151,-12.850,-0.789,-2.291,-1.469,-1.776
0.792,0.792,-4.694,-0.374,-0.174,0.017,0.833,0.963,6.626,-5.742,-0.269,-0.007,-1.681,-2.013,0.930,1.048,-5.781,1.142,-0.523,1.625,0.730,1.076,13.045,-16.232,-0.794,-2.318,-1.504,-1.789
0.846,0.911,-4.736,-0.514,-0.152,0.011,0.818,0.938,3.455,-0.717,-0.219,0.001,-1.490,-2.009,0.855,1.009,-5.893,0.929,-0.545,1.724,0.696,1.040,11.967,-15.094,-0.798,-2.317,-1.486,-1.794
0.918,0.796,-3.984,-0.919,-0.163,0.020,0.890,0.847,1.209,3.369,-0.260,-0.014,-1.595,-2.037,0.858,1.027,-4.148,-0.536,-0.534,1.671,0.727,1.044,7.665,-10.111,-0.789,-2.313,-1.500,-1.784
1.017,0.850,-3.373,-0.979,-0.134,0.008,0.894,0.808,2.881,-0.077,-0.199,0.013,-1.595,-2.075,0.967,0.966,-3.321,-0.510,-0.544,1.718,0.768,1.041,10.114,-15.289,-0.795,-2.311,-1.456,-1.784
0.946,0.948,-3.215,-0.920,-0.108,-0.006,0.831,0.782,4.775,-2.112,-0.154,0.021,-1.585,-1.981,0.897,1.024,-3.063,-1.080,-0.545,1.676,0.648,1.027,12.628,-17.419,-0.795,-2.306,-1.468,-1.801
1.075,0.991,-3.367,-0.950,-0.163,0.007,0.861,0.795,0.036,2.195,-0.376,-0.004,-1.907,-2.012,0.873,1.036,-3.119,-0.696,-0.530,1.652,0.698,1.033,3.281,-5.854,-0.800,-2.271,-1.479,-1.781
0.903,0.753,-2.797,-0.431,-0.178,0.018,0.861,0.822,1.307,-2.939,-0.245,-0.024,-1.594,-1.989,0.926,0.958,-2.367,0.992,-0.542,1.704,0.725,1.031,-4.889,7.629,-0.786,-2.340,-1.480,-1.810
1.002,0.835,-2.708,-0.218,-0.201,0.016,0.946,0.846,1.787,-1.932,-0.334,-0.006,-1.786,-1.999,0.887,1.090,-2.347,0.586,-0.537,1.671,0.745,1.059,-9.165,17.712,-0.796,-2.281,-1.464,-1.769
0.989,0.850,-2.662,-0.226,-0.149,0.018,0.790,0.650,1.460,-0.737,-0.313,-0.007,-1.785,-1.989,0.911,1.062,-2.134,0.870,-0.538,1.676,0.685,1.048,-12.906,26.820,-0.791,-2.291,-1.503,-1.800
0.918,0.792,-2.163,0.407,-0.163,0.014,0.975,0.820,-2.390,4.378,-0.310,-0.017,-1.796,-1.989,0.873,1.019,-1.693,1.744,-0.537,1.684,0.735,1.029,-18.572,34.519,-0.796,-2.302,-1.476,-1.791
0.878,0.773,-2.305,-0.068,-0.201,0.017,1.118,0.795,-2.708,7.045,-0.273,-0.015,-1.619,-2.107,0.968,0.972,-1.601,1.002,-0.539,1.678,0.764,1.025,-16.593,34.892,-0.787,-2.316,-1.507,-1.807
0.907,0.890,-1.658,-0.155,-0.169,0.009,1.075,0.731,-5.401,5.213,-0.237,-0.002,-1.594,-2.000,0.932,1.011,-0.682,0.336,-0.540,1.673,0.734,1.033,-15.682,21.178,-0.788,-2.289,-1.481,-1.696
1.075,0.926,-1.229,-0.026,-0.137,0.014,0.862,0.781,-5.315,5.995,-0.246,0.002,-1.634,-1.868,0.898,1.040,-0.620,0.649,-0.539,1.702,0.717,1.027,-14.535,20.552,-0.800,-2.327,-1.493,-1.683
0.933,1.107,-0.476,0.436,-0.189,0.027,0.919,0.820,-4.916,3.475,-0.326,-0.001,-1.596,-1.917,0.859,1.044,0.480,1.049,-0.538,1.678,0.758,1.072,-12.513,13.745,-0.802,-2.298,-1.501,-1.636
0.903,0.811,0.168,0.284,-0.186,0.020,0.818,0.756,-4.832,1.799,-0.302,-0.002,-1.723,-1.918,0.887,0.988,1.319,1.142,-0.539,1.689,0.704,1.055,-9.501,8.730,-0.792,-2.308,-1.508,-1.718
0.903,0.811,0.168,0.284,-0.186,0.020,0.818,0.756,-4.832,1.799,-0.302,-0.002,-1.723,-1.918,0.887,0.988,1.319,1.142,-0.539,1.689,0.704,1.055,-9.501,8.730,-0.792,-2.308,-1.508,-1.718
1.103,0.796,1.036,0.431,-0.160,0.020,0.947,0.702,-5.634,1.215,-0.278,-0.003,-1.503,-1.971,0.927,1.055,2.981,1.609,-0.538,1.684,0.718,1.043,-10.137,6.205,-0.798,-2.313,-1.524,-1.732
0.889,0.811,1.014,0.803,-0.190,0.012,1.046,0.688,-4.315,-0.899,-0.250,-0.027,-1.733,-1.919,0.868,1.027,1.862,1.778,-0.534,1.694,0.750,1.028,-6.244,1.939,-0.793,-2.312,-1.550,-1.797
0.930,0.731,0.904,0.516,-0.175,0.016,0.691,0.745,-3.931,-1.147,-0.209,0.003,-1.822,-2.066,0.850,1.042,1.281,0.966,-0.539,1.689,0.713,1.034,-4.908,-0.254,-0.796,-2.308,-1.502,-1.807
0.989,0.849,0.544,1.020,-0.200,0.023,1.030,0.652,-3.403,-0.798,-0.331,-0.002,-1.678,-2.177,0.857,0.982,0.916,1.219,-0.532,1.684,0.730,1.008,-4.544,-0.550,-0.794,-2.298,-1.491,-1.850
1.017,0.811,0.380,0.540,-0.179,0.017,0.790,0.860,-3.808,-1.663,-0.283,-0.013,-1.655,-2.041,0.879,1.060,0.672,1.040,-0.541,1.681,0.718,1.067,-4.725,-1.041,-0.789,-2.290,-1.501,-1.841
1.133,0.872,0.326,0.598,-0.204,0.023,0.933,0.717,-3.696,-1.768,-0.242,-0.010,-1.655,-1.988,0.891,0.989,-0.048,0.798,-0.537,1.692,0.736,1.003,-4.366,-1.219,-0.795,-2.304,-1.497,-1.785
1.045,0.832,-0.247,0.598,-0.197,0.011,1.104,0.795,-2.878,-1.936,-0.308,-0.009,-1.821,-1.972,0.928,1.024,-0.639,0.943,-0.538,1.681,0.694,1.037,-2.853,-1.740,-0.791,-2.298,-1.511,-1.798
1.075,0.832,-0.702,0.781,-0.191,0.021,0.861,0.767,-2.698,-1.768,-0.260,-0.030,-1.744,-2.003,0.884,1.036,-1.073,0.585,-0.539,1.678,0.726,1.049,-2.775,-1.812,-0.793,-2.296,-1.521,-1.791
0.907,0.811,-0.618,0.801,-0.063,-0.001,0.947,0.703,-2.699,-1.769,-0.217,-0.000,-1.902,-1.948,0.826,1.021,-0.801,0.814,-0.540,1.689,0.769,1.035,-2.802,-1.564,-0.794,-2.303,-1.522,-1.743
1.103,0.792,-1.125,0.211,-0.085,-0.004,1.004,0.638,-2.198,-1.935,-0.201,0.006,-1.814,-2.014,0.922,1.044,-1.621,0.475,-0.544,1.701,0.711,1.042,-1.975,-1.379,-0.796,-2.310,-1.510,-1.726
1.017,0.951,-1.369,-0.220,-0.188,0.006,0.976,0.926,-2.343,-1.519,-0.312,-0.015,-1.689,-1.951,0.881,1.016,-2.376,0.447,-0.533,1.662,0.704,1.025,-1.983,-0.925,-0.788,-2.289,-1.504,-1.778
0.933,0.796,-1.842,0.369,-0.163,0.014,0.947,0.804,-2.281,-0.966,-0.272,-0.018,-1.893,-2.036,0.876,1.033,-2.941,0.352,-0.532,1.670,0.719,1.055,-1.927,-0.530,-0.793,-2.308,-1.462,-1.771
0.943,0.795,-2.265,0.436,-0.228,0.021,0.916,0.691,-1.905,-0.643,-0.305,-0.010,-1.575,-1.993,0.878,1.014,-6.716,6.878,-0.545,1.688,0.741,1.025,-1.541,0.216,-0.793,-2.295,-1.420,-1.770
0.889,0.854,-1.400,0.292,-0.209,0.025,1.047,0.848,-1.851,0.534,-0.293,-0.006,-1.566,-2.037,0.894,1.012,-9.412,15.034,-0.543,1.686,0.699,1.040,-1.691,1.813,-0.795,-2.304,-1.367,-1.788
0.889,0.854,-1.400,0.292,-0.209,0.025,1.047,0.848,-1.851,0.534,-0.293,-0.006,-1.566,-2.037,0.894,1.012,-13.610,23.431,-0.543,1.686,0.699,1.040,-1.691,1.813,-0.795,-2.304,-1.367,-1.788
1.078,0.637,-3.705,4.940,-0.205,0.022,0.747,0.837,-1.329,-0.186,-0.345,-0.009,-1.690,-1.974,0.862,1.025,-16.803,30.830,-0.539,1.677,0.700,1.025,-0.754,0.743,-0.793,-2.301,-1.465,-1.794
0.847,0.832,-4.376,5.686,-0.189,0.027,0.960,0.795,-1.322,1.252,-0.305,-0.010,-1.638,-2.042,0.875,1.030,-14.047,23.722,-0.535,1.682,0.700,1.077,-0.731,1.873,-0.794,-2.303,-1.463,-1.780
0.875,0.872,-7.048,8.649,-0.200,0.010,0.904,0.759,-0.961,1.229,-0.309,-0.006,-1.586,-1.924,0.857,1.006,-16.342,25.629,-0.529,1.643,0.702,1.047,-0.631,2.649,-0.793,-2.297,-1.453,-1.779
1.146,0.832,-7.129,9.567,-0.175,0.018,0.733,0.811,-0.574,1.050,-0.278,-0.010,-1.816,-2.027,0.891,1.050,-13.974,20.994,-0.533,1.684,0.706,1.046,0.100,2.358,-0.791,-2.300,-1.432,-1.782
1.040,0.698,-8.051,8.499,-0.155,0.004,1.076,0.770,-0.440,1.317,-0.302,-0.011,-1.472,-2.003,0.910,1.018,-12.385,17.252,-0.535,1.670,0.772,1.030,0.133,2.567,-0.793,-2.303,-1.450,-1.787
0.919,0.597,-5.824,4.670,-0.186,0.020,1.090,0.728,-0.341,1.618,-0.282,-0.013,-1.578,-2.038,0.865,0.956,-7.575,5.174,-0.537,1.675,0.767,1.032,0.028,2.712,-0.789,-2.291,-1.470,-1.807
0.919,0.597,-5.824,4.670,-0.186,0.020,1.090,0.728,-0.341,1.618,-0.282,-0.013,-1.578,-2.038,0.865,0.956,-10.536,11.096,-0.537,1.675,0.767,1.032,0.028,2.712,-0.789,-2.291,-1.470,-1.807
0.972,0.742,-7.865,4.806,-0.214,0.012,0.947,0.703,-0.723,0.671,-0.307,-0.009,-1.689,-2.001,0.864,1.042,-7.149,-0.044,-0.550,1.664,0.754,1.035,-0.779,1.096,-0.793,-2.301,-1.478,-1.772
0.989,0.735,-6.333,3.631,-0.160,0.036,0.990,0.873,-0.870,0.939,-0.315,-0.003,-1.637,-1.816,0.880,1.011,-3.433,-3.107,-0.527,1.724,0.700,1.034,-0.560,0.904,-0.794,-2.296,-1.471,-1.785
0.860,0.889,-4.427,-1.747,-0.215,0.019,1.048,0.821,-0.653,0.583,-0.305,-0.010,-1.622,-2.037,0.918,1.065,-3.367,-8.528,-0.540,1.679,0.695,1.049,0.026,1.130,-0.793,-2.307,-1.469,-1.781
1.048,0.814,-4.652,-0.900,-0.198,0.009,0.978,0.860,-0.144,0.559,-0.307,-0.001,-1.777,-1.963,0.877,1.027,0.539,-12.276,-0.544,1.694,0.701,1.038,0.298,0.669,-0.793,-2.291,-1.493,-1.783
1.091,0.756,-5.075,0.122,-0.203,0.015,1.073,0.781,0.038,0.836,-0.305,-0.010,-1.680,-2.018,0.940,1.063,-0.559,-12.323,-0.533,1.692,0.739,1.033,-0.419,1.403,-0.793,-2.301,-1.494,-1.784
0.768,0.868,-4.038,0.512,-0.204,0.008,0.736,0.768,-0.578,0.795,-0.281,-0.009,-1.648,-2.038,0.902,1.031,2.249,-12.332,-0.539,1.672,0.686,1.050,-0.219,0.690,-0.793,-2.299,-1.496,-1.779
0.832,0.857,-4.995,0.656,-0.189,0.006,0.876,0.809,-0.250,0.739,-0.316,-0.006,-1.919,-2.002,0.913,1.077,0.987,-11.466,-0.547,1.683,0.746,1.020,-0.594,1.231,-0.792,-2.298,-1.488,-1.785
1.092,0.795,-1.743,-2.087,-0.177,0.024,0.935,0.782,-1.034,0.823,-0.332,-0.013,-1.727,-1.983,0.895,1.047,4.661,-13.574,-0.533,1.676,0.731,1.064,-1.317,1.280,-0.793,-2.299,-1.515,-1.784
0.860,0.676,-2.485,0.879,-0.151,0.011,0.904,0.645,-1.257,0.807,-0.253,-0.005,-1.672,-1.965,0.924,0.973,4.928,-13.036,-0.539,1.681,0.728,1.032,-2.169,1.140,-0.797,-2.311,-1.474,-1.767
1.100,1.092,-1.949,-0.127,-0.160,0.036,0.975,0.717,-1.644,1.076,-0.279,0.003,-1.705,-2.036,0.858,1.056,5.760,-14.402,-0.530,1.676,0.713,1.069,-2.309,1.241,-0.795,-2.305,-1.487,-1.758
0.973,0.832,-1.543,-1.072,-0.212,0.019,0.848,0.647,-1.589,0.582,-0.234,-0.001,-1.668,-2.003,0.868,1.016,6.814,-13.712,-0.547,1.674,0.699,1.015,-5.063,7.201,-0.792,-2.297,-1.547,-1.776
1.105,0.872,-1.451,0.106,-0.085,0.023,0.832,0.915,-1.681,0.439,-0.295,-0.002,-1.616,-2.027,0.858,1.023,6.208,-11.887,-0.535,1.688,0.690,1.040,-9.959,15.643,-0.794,-2.304,-1.509,-1.763
0.892,0.850,-0.342,-0.795,-0.196,0.016,0.990,0.940,-1.617,0.641,-0.279,-0.010,-1.869,-1.907,0.875,1.072,8.252,-15.523,-0.542,1.670,0.722,1.050,-13.605,24.146,-0.790,-2.291,-1.506,-1.751
0.929,1.161,0.295,-1.109,-0.162,0.015,1.147,0.731,-3.887,5.416,-0.341,-0.010,-1.451,-1.909,0.830,1.019,9.431,-13.901,-0.530,1.673,0.787,1.061,-17.060,31.037,-0.795,-2.303,-1.528,-1.753
0.919,0.872,0.659,0.070,-0.202,0.017,1.034,0.862,-6.603,10.035,-0.281,-0.021,-1.837,-2.014,0.877,1.028,8.074,-13.911,-0.548,1.683,0.783,1.022,-17.835,33.037,-0.789,-2.299,-1.526,-1.782
0.860,0.713,-0.022,-0.374,-0.161,0.022,1.061,0.742,-6.489,11.533,-0.317,-0.019,-1.732,-2.122,0.847,0.988,7.762,-14.248,-0.532,1.675,0.747,1.016,-17.327,29.306,-0.792,-2.296,-1.524,-1.766
1.146,0.753,-0.198,2.048,-0.185,0.012,1.089,0.798,-4.329,4.172,-0.313,-0.019,-1.959,-1.993,0.928,1.053,9.244,-12.509,-0.539,1.683,0.744,1.011,-15.443,23.249,-0.789,-2.291,-1.552,-1.755
0.976,0.792,1.184,-0.104,-0.135,0.009,0.791,0.781,-7.123,5.089,-0.295,0.030,-1.714,-1.940,0.875,1.059,11.028,-17.646,-0.537,1.675,0.665,1.077,-17.341,22.714,-0.805,-2.309,-1.566,-1.747
0.923,0.633,1.836,-2.028,-0.156,0.027,1.049,0.770,-6.848,5.799,-0.232,-0.021,-1.958,-2.001,0.818,0.996,7.354,-12.961,-0.541,1.694,0.742,0.936,-8.523,5.580,-0.779,-2.338,-1.688,-1.799
0.888,0.990,2.435,-1.146,-0.226,0.015,1.029,0.834,-7.205,2.625,-0.367,-0.016,-2.067,-2.037,0.843,0.985,7.773,-10.168,-0.540,1.641,0.770,1.040,-7.276,-1.079,-0.789,-2.279,-1.840,-1.757
0.888,0.990,2.435,-1.146,-0.226,0.015,1.029,0.834,-7.205,2.625,-0.367,-0.016,-2.067,-2.037,0.843,0.985,11.199,-17.019,-0.540,1.641,0.770,1.040,-9.976,4.322,-0.789,-2.279,-1.840,-1.757
0.862,0.870,0.990,1.927,-0.117,0.020,1.061,0.731,-4.657,-2.499,-0.331,-0.002,-2.020,-1.933,0.957,1.035,13.095,-20.269,-0.531,1.728,0.787,0.986,-9.343,2.421,-0.808,-2.302,-1.836,-1.752
0.759,0.832,3.208,-2.745,-0.226,0.014,0.692,0.902,-5.241,1.700,-0.241,-0.030,-1.767,-2.037,0.864,0.930,8.266,-11.470,-0.535,1.698,0.720,0.987,0.046,-8.476,-0.787,-2.375,-1.567,-1.821
1.079,0.711,3.771,-3.538,-0.199,0.010,0.990,0.828,-6.312,1.887,-0.303,-0.003,-1.841,-2.024,0.934,0.998,6.718,-11.530,-0.539,1.656,0.788,1.022,-2.156,-9.345,-0.801,-2.289,-1.597,-1.810
0.916,0.739,3.813,-2.650,-0.215,0.019,0.933,0.756,-5.899,1.415,-0.371,-0.002,-1.803,-2.015,0.836,1.183,6.573,-8.189,-0.543,1.670,0.652,1.038,0.797,-12.270,-0.796,-2.249,-1.576,-1.782
0.957,0.811,2.087,-0.228,-0.215,0.019,0.805,0.795,-3.624,-1.118,-0.260,-0.022,-1.757,-2.097,0.862,1.001,2.680,-1.303,-0.538,1.684,0.703,1.061,3.520,-16.094,-0.793,-2.332,-1.599,-1.785
0.957,0.811,2.087,-0.228,-0.215,0.019,0.805,0.795,-3.624,-1.118,-0.260,-0.022,-1.757,-2.097,0.862,1.001,6.958,-9.860,-0.538,1.684,0.703,1.061,2.669,-14.392,-0.793,-2.332,-1.599,-1.785
0.883,0.734,3.215,-1.359,-0.199,0.029,1.004,0.756,-3.749,-0.283,-0.300,-0.017,-1.872,-2.033,0.949,1.015,3.038,-1.756,-0.537,1.690,0.695,1.049,3.462,-14.548,-0.792,-2.302,-1.578,-1.797
1.032,0.774,3.604,-2.249,-0.165,0.034,1.090,0.780,-3.088,-0.148,-0.283,-0.017,-1.841,-1.964,0.906,1.028,-1.236,7.110,-0.539,1.671,0.736,1.008,4.465,-14.387,-0.791,-2.324,-1.567,-1.791
0.817,1.026,0.378,2.913,-0.190,0.012,0.909,0.806,-2.131,-1.093,-0.315,-0.004,-1.920,-2.003,0.798,1.034,-9.974,25.212,-0.535,1.698,0.703,1.063,5.805,-13.665,-0.793,-2.306,-1.571,-1.786
0.876,0.731,0.234,1.069,-0.173,0.017,1.091,0.851,-2.168,-0.462,-0.258,-0.014,-1.862,-2.036,0.878,1.012,-12.762,27.757,-0.537,1.688,0.668,1.024,6.017,-14.404,-0.792,-2.301,-1.554,-1.778
0.887,0.774,-1.697,5.005,-0.189,0.019,0.906,0.834,-1.483,-0.175,-0.348,-0.010,-1.710,-2.064,0.911,1.027,-16.107,33.619,-0.537,1.662,0.677,1.025,7.015,-13.506,-0.793,-2.308,-1.531,-1.781
0.932,1.025,-4.274,7.108,-0.151,0.024,1.162,0.675,-0.780,-0.292,-0.304,-0.002,-1.711,-2.003,0.883,1.010,-16.656,31.226,-0.530,1.682,0.730,1.053,8.481,-13.613,-0.793,-2.304,-1.536,-1.776
0.989,0.814,-4.430,5.403,-0.176,0.018,0.933,0.713,0.150,-1.122,-0.295,-0.015,-1.674,-2.063,0.888,1.010,-15.251,24.751,-0.526,1.637,0.718,1.034,8.677,-13.802,-0.792,-2.303,-1.516,-1.775
0.962,0.753,-5.480,4.755,-0.202,0.022,0.919,0.729,-0.578,0.844,-0.275,-0.004,-1.604,-1.987,0.872,0.978,-14.467,18.745,-0.534,1.689,0.763,1.034,7.955,-13.275,-0.790,-2.308,-1.464,-1.786
0.989,0.832,-5.411,3.161,-0.202,0.022,0.961,0.664,2.552,-0.816,-0.305,-0.010,-1.612,-1.852,0.899,1.072,-12.692,13.109,-0.541,1.679,0.665,1.058,10.889,-14.137,-0.793,-2.304,-1.456,-1.792
0.931,0.792,-6.055,1.920,-0.166,0.013,1.018,0.731,2.745,-0.788,-0.302,-0.024,-1.644,-2.073,0.883,1.016,-13.480,8.700,-0.537,1.692,0.695,1.036,10.968,-13.468,-0.793,-2.305,-1.494,-1.813
1.004,0.872,-5.201,0.522,-0.199,0.017,0.776,0.740,3.218,-0.337,-0.268,-0.022,-1.626,-2.057,0.897,1.035,-10.226,4.885,-0.541,1.658,0.739,0.982,10.860,-12.223,-0.790,-2.311,-1.483,-1.810
1.004,0.872,-5.201,0.522,-0.199,0.017,0.776,0.740,3.218,-0.337,-0.268,-0.022,-1.626,-2.057,0.897,1.035,-10.226,4.885,-0.541,1.658,0.739,0.982,13.821,-18.145,-0.790,-2.311,-1.483,-1.810
0.975,0.655,-5.319,-0.024,-0.151,0.025,0.790,0.597,3.898,-2.009,-0.322,-0.005,-1.768,-2.012,0.874,1.027,-8.496,3.166,-0.535,1.687,0.687,1.025,14.704,-20.247,-0.794,-2.304,-1.512,-1.828
1.017,0.734,-5.587,-0.225,-0.214,0.012,1.004,0.742,4.621,-0.565,-0.282,-0.017,-1.748,-2.069,0.921,0.989,-8.434,1.710,-0.539,1.675,0.758,1.003,10.228,-9.017,-0.793,-2.304,-1.541,-1.793
1.017,0.734,-5.587,-0.225,-0.214,0.012,1.004,0.742,4.621,-0.565,-0.282,-0.017,-1.748,-2.069,0.921,0.989,-8.434,1.710,-0.539,1.675,0.758,1.003,13.855,-16.271,-0.793,-2.304,-1.541,-1.793
0.946,0.832,-4.985,-0.521,-0.215,0.012,0.818,0.912,3.223,-1.189,-0.311,-0.008,-1.813,-1.955,0.935,1.044,-6.365,0.603,-0.539,1.672,0.756,1.095,12.586,-17.523,-0.792,-2.306,-1.581,-1.786
0.961,0.832,-4.624,-0.646,-0.135,0.009,0.890,0.795,4.116,-2.189,-0.248,-0.004,-1.779,-2.062,0.894,1.032,-5.149,-0.119,-0.532,1.665,0.739,1.027,8.728,-7.433,-0.792,-2.303,-1.585,-1.802
0.931,0.853,-4.014,-0.921,-0.175,-0.004,1.032,0.756,5.089,-3.904,-0.253,-0.005,-1.716,-2.092,0.849,1.014,-4.140,-0.433,-0.542,1.662,0.716,1.018,9.435,-11.523,-0.794,-2.314,-1.570,-1.778
0.975,0.792,-3.735,-1.198,-0.161,0.022,1.076,0.938,3.921,-4.314,-0.304,-0.002,-1.717,-2.003,0.913,1.055,-3.398,-0.604,-0.541,1.715,0.761,1.062,5.434,-10.545,-0.791,-2.285,-1.555,-1.753
0.989,0.792,-3.590,-0.866,-0.161,0.014,0.890,0.952,1.940,0.549,-0.195,-0.006,-1.779,-2.043,0.948,1.008,-3.386,-0.699,-0.537,1.670,0.734,1.013,1.547,0.056,-0.793,-2.320,-1.542,-1.781
0.946,0.735,-3.412,-1.089,-0.225,0.014,0.890,0.705,3.084,-0.200,-0.282,-0.026,-1.754,-2.057,0.854,1.050,-3.109,-0.708,-0.540,1.685,0.719,1.031,2.232,1.063,-0.789,-2.326,-1.554,-1.805
0.974,0.911,-3.370,-0.447,-0.189,0.020,1.161,0.809,0.590,1.230,-0.318,-0.011,-1.723,-2.011,0.849,1.049,-3.093,-0.013,-0.536,1.670,0.694,1.037,-5.662,13.321,-0.796,-2.300,-1.549,-1.782
1.103,0.832,-2.943,-0.515,-0.194,0.021,0.831,0.652,1.070,-1.085,-0.269,-0.010,-1.692,-2.010,0.907,1.006,-2.695,0.362,-0.541,1.679,0.684,1.021,-9.381,19.077,-0.790,-2.305,-1.553,-1.784
0.903,0.908,-2.596,-0.136,-0.187,0.020,0.861,0.755,-0.827,4.424,-0.322,-0.013,-1.699,-2.010,0.898,0.972,-2.181,0.581,-0.540,1.681,0.629,1.045,-11.176,23.911,-0.796,-2.313,-1.546,-1.783
0.875,0.890,-2.109,0.075,-0.162,0.021,1.104,0.706,-0.525,1.778,-0.307,-0.009,-1.695,-2.010,0.893,0.967,-0.240,1.588,-0.542,1.666,0.694,1.046,-16.305,26.426,-0.793,-2.307,-1.603,-1.774
0.989,0.771,-1.627,0.460,-0.159,0.014,0.989,0.731,-4.433,5.082,-0.285,-0.011,-1.883,-2.002,0.896,1.053,-0.496,1.663,-0.539,1.707,0.758,1.029,-17.269,26.970,-0.798,-2.306,-1.594,-1.761
1.032,0.930,-2.003,0.356,-0.162,0.007,0.893,0.873,-4.562,4.392,-0.299,-0.007,-1.720,-2.003,0.871,1.075,-1.211,1.545,-0.533,1.660,0.678,1.026,-14.681,22.047,-0.786,-2.295,-1.581,-1.739
0.875,0.792,-1.229,-0.025,-0.204,0.015,1.106,0.795,-4.909,5.406,-0.297,-0.014,-1.734,-1.931,0.889,0.973,-0.576,1.066,-0.536,1.680,0.758,1.016,-14.480,20.319,-0.791,-2.302,-1.555,-1.698
0.975,0.811,-0.866,0.345,-0.162,0.021,1.004,0.759,-4.957,3.450,-0.293,-0.007,-1.801,-2.082,0.878,1.075,0.012,0.949,-0.543,1.684,0.714,1.024,-12.566,15.006,-0.796,-2.311,-1.582,-1.704
0.888,0.811,0.169,0.725,-0.216,0.019,0.847,0.677,-5.053,2.114,-0.290,-0.007,-1.785,-1.704,0.878,0.970,1.987,1.538,-0.531,1.687,0.723,0.960,-10.365,9.986,-0.791,-2.303,-1.616,-1.767
1.001,0.853,1.697,1.087,-0.197,0.010,0.890,0.834,-5.236,1.162,-0.240,-0.010,-1.857,-2.109,0.861,1.037,3.363,2.041,-0.541,1.686,0.704,1.018,-9.860,5.922,-0.794,-2.312,-1.607,-1.755
1.017,1.237,1.476,1.095,-0.203,0.009,1.018,0.685,-4.972,0.486,-0.311,-0.014,-1.789,-2.016,0.883,1.054,2.598,1.921,-0.535,1.674,0.773,1.053,-8.517,4.281,-0.792,-2.287,-1.590,-1.777
0.832,0.675,1.381,1.106,-0.191,0.012,0.904,0.834,-4.031,-0.429,-0.278,-0.010,-1.763,-1.933,0.833,1.004,2.448,1.846,-0.534,1.673,0.694,1.026,-6.206,1.957,-0.793,-2.305,-1.573,-1.794
0.961,0.771,0.695,0.821,-0.167,0.013,0.847,0.742,-3.605,-1.064,-0.327,-0.009,-1.779,-1.951,0.926,1.042,1.107,1.140,-0.533,1.670,0.697,1.054,-4.786,-0.196,-0.794,-2.300,-1.564,-1.788
0.961,0.771,0.695,0.821,-0.167,0.013,0.847,0.742,-3.605,-1.064,-0.327,-0.009,-1.779,-1.951,0.926,1.042,1.107,1.140,-0.533,1.670,0.697,1.054,-4.786,-0.196,-0.794,-2.300,-1.564,-1.788
0.875,0.830,0.440,0.963,-0.188,0.027,0.818,0.809,-3.472,-1.241,-0.293,0.002,-1.774,-2.088,0.883,0.982,0.817,1.258,-0.536,1.678,0.709,1.014,-4.400,-0.247,-0.794,-2.303,-1.569,-1.804
1.075,1.028,0.401,0.516,-0.136,0.009,0.889,0.691,-3.532,-1.601,-0.231,0.004,-1.847,-2.015,0.850,1.021,0.402,0.802,-0.536,1.679,0.746,1.030,-4.274,-1.268,-0.795,-2.303,-1.580,-1.774
1.060,0.853,-0.199,0.375,-0.019,-0.025,0.933,0.834,-2.863,-1.935,-0.083,0.031,-1.830,-1.933,0.872,1.023,-0.692,0.951,-0.543,1.692,0.688,1.042,-3.020,-1.771,-0.798,-2.321,-1.579,-1.780
1.073,0.795,-0.629,0.598,0.012,-0.010,0.890,0.756,-3.078,-1.852,-0.042,0.032,-1.804,-2.014,0.942,1.033,-1.319,0.910,-0.546,1.704,0.733,1.043,-3.162,-1.443,-0.800,-2.325,-1.570,-1.773
1.032,0.731,-0.703,0.473,-0.174,0.017,1.062,0.770,-3.036,-1.852,-0.214,0.007,-1.826,-1.920,0.923,1.023,-1.065,0.872,-0.532,1.668,0.747,1.046,-3.149,-1.501,-0.784,-2.271,-1.563,-1.747
0.991,0.771,-0.609,0.089,-0.137,0.001,0.861,0.781,-2.648,-1.548,-0.275,-0.004,-1.726,-2.025,0.859,1.035,-1.011,0.332,-0.541,1.689,0.683,1.020,-2.699,-1.158,-0.788,-2.291,-1.556,-1.764
0.903,0.679,-1.313,0.259,-0.189,0.020,0.920,0.966,-2.390,-1.850,-0.334,-0.014,-1.743,-1.961,0.820,1.026,-2.292,0.495,-0.537,1.675,0.743,1.014,-2.001,-1.273,-0.794,-2.310,-1.562,-1.770
0.931,0.731,-2.066,0.212,-0.174,0.004,0.835,0.661,-2.216,-1.659,-0.345,-0.011,-1.728,-2.098,0.951,1.043,-3.167,0.801,-0.533,1.662,0.684,1.027,-2.125,-1.086,-0.783,-2.277,-1.524,-1.778
1.079,0.731,-2.415,0.356,-0.172,0.003,1.005,0.678,-2.367,-1.394,-0.239,-0.004,-1.649,-1.877,0.888,1.011,-6.687,7.082,-0.544,1.689,0.725,1.025,-2.112,-0.635,-0.801,-2.317,-1.494,-1.783
1.030,0.872,-1.528,0.660,-0.239,0.024,0.947,0.782,-1.813,0.390,-0.341,-0.010,-1.718,-2.014,0.830,1.049,-9.576,15.278,-0.534,1.658,0.691,1.063,-1.302,1.671,-0.786,-2.280,-1.568,-1.803
1.048,0.636,-1.837,0.643,-0.161,0.021,0.889,0.742,-1.211,0.164,-0.338,-0.011,-1.828,-2.002,0.918,1.008,-13.666,23.949,-0.536,1.683,0.698,1.014,-0.775,1.180,-0.788,-2.288,-1.562,-1.812
0.758,0.890,-3.706,5.144,-0.234,0.026,0.790,0.747,-1.495,-0.252,-0.268,-0.008,-1.798,-2.037,0.912,1.032,-16.769,31.308,-0.540,1.679,0.753,1.042,-0.748,1.171,-0.797,-2.315,-1.569,-1.809
1.201,0.929,-5.151,6.570,-0.073,0.007,1.087,0.899,-1.301,0.094,-0.243,0.009,-1.796,-2.081,0.919,1.056,-15.632,25.642,-0.532,1.690,0.749,1.053,-0.697,0.940,-0.792,-2.298,-1.565,-1.772
1.201,0.929,-5.151,6.570,-0.073,0.007,1.087,0.899,-1.301,0.094,-0.243,0.009,-1.796,-2.081,0.919,1.056,-19.438,33.254,-0.532,1.690,0.749,1.053,-0.697,0.940,-0.792,-2.298,-1.565,-1.772
0.989,1.044,-3.847,2.772,-0.013,-0.016,1.118,0.953,-1.290,0.767,-0.263,0.020,-1.749,-1.948,0.882,1.016,-19.786,34.502,-0.543,1.678,0.740,1.056,-0.917,1.894,-0.799,-2.315,-1.562,-1.782
0.946,0.988,-10.739,14.316,0.051,-0.060,1.020,0.781,-0.048,1.294,-0.058,0.036,-1.807,-2.037,0.913,0.984,-12.200,13.011,-0.540,1.672,0.717,1.004,0.978,2.582,-0.801,-2.335,-1.576,-1.785
0.946,0.988,-10.739,14.316,0.051,-0.060,1.020,0.781,-0.048,1.294,-0.058,0.036,-1.807,-2.037,0.913,0.984,-15.403,19.417,-0.540,1.672,0.717,1.004,0.978,2.582,-0.801,-2.335,-1.576,-1.785
0.903,0.872,-5.814,6.784,0.023,-0.042,1.061,0.888,-0.004,1.743,-0.120,0.029,-1.732,-1.928,0.848,1.041,-10.180,13.281,-0.543,1.713,0.732,0.996,0.777,3.000,-0.799,-2.317,-1.554,-1.787
0.918,0.734,-4.397,-0.822,-0.199,0.009,0.976,0.795,-0.618,0.649,-0.285,-0.019,-1.719,-1.928,0.903,1.032,-7.328,-2.318,-0.531,1.645,0.707,0.970,-0.453,1.104,-0.784,-2.289,-1.529,-1.774
0.903,0.830,-5.281,2.022,-0.217,0.006,1.117,0.716,-0.146,1.219,-0.233,-0.008,-1.713,-2.038,0.914,0.994,-1.074,-7.145,-0.552,1.674,0.683,0.997,0.452,1.350,-0.796,-2.323,-1.577,-1.778
1.005,0.774,-5.559,2.090,-0.164,0.028,0.975,0.768,-0.356,0.807,-0.319,-0.005,-1.776,-1.965,0.952,1.087,-1.324,-7.212,-0.533,1.671,0.710,1.107,-0.003,1.092,-0.788,-2.282,-1.580,-1.788
0.989,0.734,-4.948,-0.188,-0.215,0.019,0.932,0.913,-0.484,0.740,-0.293,-0.013,-1.695,-2.001,0.815,1.006,0.259,-11.859,-0.542,1.679,0.708,1.048,-0.331,0.952,-0.795,-2.311,-1.562,-1.790
0.919,0.868,-5.328,-1.364,-0.156,-0.001,0.889,0.809,-0.360,0.760,-0.265,0.005,-1.720,-2.075,0.917,1.026,0.861,-15.655,-0.553,1.686,0.689,1.011,-0.224,0.672,-0.792,-2.306,-1.554,-1.787
0.962,0.911,-3.977,-0.182,-0.074,0.007,1.118,0.859,-0.529,0.462,-0.210,0.009,-1.770,-1.946,0.895,1.026,3.349,-14.000,-0.530,1.708,0.726,1.031,-0.401,0.439,-0.794,-2.306,-1.566,-1.778
0.962,0.911,-3.977,-0.182,-0.074,0.007,1.118,0.859,-0.529,0.462,-0.210,0.009,-1.770,-1.946,0.895,1.026,2.498,-12.298,-0.530,1.708,0.726,1.031,-0.401,0.439,-0.794,-2.306,-1.566,-1.778
0.848,0.829,-1.652,-2.497,-0.195,0.028,1.061,0.703,-1.374,0.853,-0.286,-0.019,-1.873,-2.001,0.887,0.990,4.719,-14.323,-0.535,1.683,0.753,1.030,-1.325,1.132,-0.796,-2.305,-1.625,-1.785
1.048,0.734,-1.882,-2.954,-0.252,0.002,0.801,0.795,-2.114,1.153,-0.272,-0.004,-1.867,-2.039,0.891,1.005,1.554,-10.997,-0.544,1.686,0.682,1.038,-2.836,1.207,-0.793,-2.301,-1.591,-1.784
0.891,0.890,-2.375,1.005,-0.129,0.020,0.805,0.742,-1.917,0.708,-0.238,-0.015,-1.830,-2.080,0.877,1.038,4.841,-12.396,-0.530,1.685,0.699,1.042,-3.012,0.899,-0.793,-2.300,-1.590,-1.758
0.962,0.713,-2.094,0.374,-0.209,0.013,0.849,0.876,-1.971,0.709,-0.296,-0.013,-1.820,-1.986,0.905,0.983,6.305,-12.692,-0.535,1.669,0.682,1.005,-5.829,6.945,-0.793,-2.299,-1.622,-1.792
0.753,0.969,-1.654,-0.027,-0.177,0.017,1.059,0.781,-1.460,0.572,-0.294,-0.013,-1.679,-1.949,0.859,1.032,6.379,-13.823,-0.543,1.688,0.745,1.049,-9.701,15.577,-0.793,-2.297,-1.581,-1.771
1.032,0.774,-1.379,-0.500,-0.213,0.025,0.818,0.958,-2.191,0.572,-0.359,0.012,-1.706,-2.010,0.880,0.989,7.365,-15.207,-0.536,1.674,0.663,1.015,-14.350,24.081,-0.793,-2.306,-1.559,-1.775
0.832,0.771,-0.147,-0.622,-0.140,0.007,0.966,0.966,-5.120,7.314,-0.261,0.003,-1.852,-2.081,0.855,1.049,7.182,-11.918,-0.540,1.710,0.743,1.027,-17.449,31.437,-0.793,-2.302,-1.576,-1.758
1.060,0.850,0.660,-0.124,-0.173,0.010,0.775,0.836,-7.341,11.302,-0.276,0.003,-1.800,-1.974,0.862,1.016,8.152,-14.064,-0.544,1.679,0.716,1.055,-19.505,34.821,-0.791,-2.316,-1.581,-1.780
1.059,0.673,0.293,-0.840,-0.192,0.028,0.864,0.622,-7.724,11.679,-0.253,-0.026,-1.809,-2.014,0.945,0.981,8.315,-14.403,-0.531,1.679,0.673,0.949,-16.491,30.045,-0.787,-2.305,-1.573,-1.786
0.915,0.870,-0.150,-1.268,-0.200,0.008,0.975,0.805,-8.186,8.403,-0.304,-0.015,-1.820,-2.015,0.867,1.026,6.311,-13.856,-0.547,1.706,0.772,1.046,-14.869,18.562,-0.777,-2.261,-1.592,-1.763
0.888,0.951,-0.134,1.102,-0.135,0.016,1.110,0.820,-5.549,1.898,-0.302,-0.009,-1.776,-2.021,0.891,1.061,8.401,-14.840,-0.539,1.691,0.756,1.063,-12.895,13.647,-0.800,-2.320,-1.585,-1.716
0.989,0.753,1.354,-0.590,-0.193,0.013,0.947,0.756,-7.429,4.545,-0.368,0.010,-1.732,-2.019,0.864,1.006,11.048,-17.802,-0.527,1.654,0.713,1.049,-14.846,15.871,-0.817,-2.360,-1.582,-1.708
0.832,0.932,2.583,-1.619,-0.165,0.014,1.006,0.888,-7.168,3.456,-0.290,-0.020,-1.797,-2.065,0.868,0.938,9.657,-11.425,-0.535,1.680,0.781,1.010,-7.978,0.460,-0.769,-2.309,-1.621,-1.776
0.832,0.932,2.583,-1.619,-0.165,0.014,1.006,0.888,-7.168,3.456,-0.290,-0.020,-1.797,-2.065,0.868,0.938,13.083,-18.277,-0.535,1.680,0.781,1.010,-10.679,5.862,-0.769,-2.309,-1.621,-1.776
1.005,0.795,2.486,-2.714,-0.175,0.024,0.833,0.728,-7.576,3.818,-0.367,0.018,-1.793,-2.197,0.950,1.091,12.210,-21.016,-0.536,1.671,0.672,1.030,-8.474,2.416,-0.811,-2.302,-1.607,-1.768
0.962,0.832,2.518,1.027,-0.119,0.020,1.034,0.784,-4.939,1.697,-0.331,0.003,-1.834,-2.037,0.851,1.059,7.545,-4.571,-0.530,1.703,0.719,1.033,-1.651,-12.545,-0.804,-2.306,-1.586,-1.784
0.962,0.832,2.518,1.027,-0.119,0.020,1.034,0.784,-4.939,1.697,-0.331,0.003,-1.834,-2.037,0.933,0.985,7.961,-10.138,-0.542,1.679,0.720,0.977,-1.462,-9.850,-0.795,-2.301,-1.576,-1.800
1.004,0.790,1.968,0.922,-0.191,0.006,0.762,0.609,-4.072,-1.673,-0.274,-0.012,-1.757,-2.081,0.890,0.990,3.943,-3.008,-0.535,1.686,0.691,0.982,1.923,-14.020,-0.799,-2.288,-1.545,-1.833
0.845,0.830,2.398,-1.944,-0.144,0.015,0.876,0.677,-4.979,0.077,-0.280,-0.013,-1.843,-2.057,0.877,1.046,4.251,-6.859,-0.541,1.681,0.697,0.968,1.377,-11.208,-0.796,-2.309,-1.583,-1.816
0.848,0.771,2.307,-2.623,-0.114,0.003,0.975,0.795,-4.784,0.124,-0.218,-0.011,-1.725,-2.001,0.858,1.064,4.317,-6.386,-0.536,1.694,0.699,1.028,2.226,-14.241,-0.794,-2.299,-1.590,-1.801
0.817,0.811,2.997,-3.468,-0.198,0.015,0.974,0.848,-3.949,0.503,-0.260,-0.014,-1.767,-2.001,0.926,0.990,2.803,-3.213,-0.541,1.656,0.727,1.018,3.162,-13.031,-0.788,-2.298,-1.583,-1.784
1.060,0.853,-0.570,1.029,-0.146,-0.001,1.033,0.876,-2.535,-1.567,-0.259,-0.008,-1.690,-1.983,0.902,1.034,-9.358,14.957,-0.537,1.707,0.690,1.024,4.101,-14.790,-0.799,-2.302,-1.582,-1.783
1.017,1.081,0.785,-0.353,-0.178,0.015,1.004,0.635,-2.163,-0.729,-0.300,-0.011,-1.801,-1.928,0.911,1.053,-10.284,19.843,-0.531,1.665,0.691,1.054,6.386,-14.385,-0.791,-2.284,-1.580,-1.772
1.255,0.870,0.081,1.444,-0.173,0.017,1.045,0.717,-2.293,-0.463,-0.297,-0.010,-1.810,-2.037,0.895,1.006,-13.357,29.145,-0.540,1.687,0.732,1.011,5.500,-14.719,-0.793,-2.310,-1.577,-1.784
0.989,0.872,-3.262,6.173,-0.149,0.018,0.847,0.756,-1.850,-0.691,-0.264,-0.001,-1.862,-2.077,0.908,1.054,-18.533,31.743,-0.538,1.686,0.672,1.031,6.016,-14.454,-0.795,-2.304,-1.570,-1.783
0.817,0.915,-4.872,6.618,-0.112,0.016,0.917,0.731,-0.197,-0.242,-0.285,-0.000,-1.708,-1.983,0.887,1.018,-16.101,28.399,-0.522,1.633,0.703,1.022,7.336,-11.575,-0.792,-2.307,-1.544,-1.795
0.888,1.045,-5.670,5.681,-0.158,0.008,1.263,0.926,-0.231,-0.557,-0.289,0.001,-1.715,-2.001,0.868,1.064,-16.585,21.807,-0.542,1.684,0.719,1.086,7.948,-12.953,-0.795,-2.297,-1.518,-1.783
0.846,0.713,-5.380,4.272,-0.205,0.008,0.890,0.678,0.529,-1.080,-0.294,-0.013,-1.657,-1.947,0.892,1.012,-14.348,18.127,-0.539,1.692,0.757,0.986,8.228,-13.697,-0.792,-2.300,-1.433,-1.794
0.948,0.814,-5.096,3.520,-0.214,0.012,0.947,0.848,1.231,0.592,-0.305,-0.004,-1.668,-2.043,0.853,1.085,-12.696,13.359,-0.535,1.652,0.708,1.047,8.668,-12.053,-0.794,-2.296,-1.443,-1.806
0.946,0.753,-6.269,1.995,-0.213,0.026,0.862,0.913,2.012,-0.186,-0.304,-0.016,-1.606,-2.100,0.910,1.019,-12.958,9.387,-0.539,1.701,0.676,1.007,10.229,-11.971,-0.793,-2.310,-1.431,-1.815
0.917,0.716,-5.733,0.232,-0.201,0.016,1.032,0.677,3.048,-0.836,-0.272,-0.023,-1.617,-2.019,0.877,1.012,-9.891,4.119,-0.541,1.667,0.688,1.025,11.120,-13.024,-0.791,-2.311,-1.384,-1.822
0.917,0.716,-5.733,0.232,-0.201,0.016,1.032,0.677,3.048,-0.836,-0.272,-0.023,-1.617,-2.019,0.877,1.012,-9.891,4.119,-0.541,1.667,0.688,1.025,14.081,-18.946,-0.791,-2.311,-1.384,-1.822
0.903,0.814,-5.563,0.001,-0.214,0.005,0.747,0.821,3.527,-1.024,-0.346,0.014,-1.634,-2.033,0.854,1.028,-8.314,2.450,-0.539,1.670,0.676,1.059,10.037,-10.023,-0.798,-2.291,-1.445,-1.783
0.903,0.851,-5.261,-0.132,-0.162,0.021,1.119,0.848,4.925,-1.157,-0.320,-0.013,-1.634,-2.005,0.845,0.995,-7.915,2.366,-0.536,1.673,0.725,0.996,10.859,-11.015,-0.790,-2.304,-1.450,-1.802
0.987,0.677,-4.515,-0.227,-0.202,0.009,0.861,0.848,4.221,-2.283,-0.293,-0.013,-1.646,-2.002,0.836,1.018,-5.517,1.476,-0.537,1.673,0.716,1.048,9.442,-11.683,-0.793,-2.306,-1.457,-1.769
0.916,0.818,-4.495,-0.349,-0.174,0.017,1.004,0.756,4.101,-2.795,-0.269,-0.016,-1.677,-2.062,0.839,1.076,-5.375,1.283,-0.538,1.695,0.699,1.041,9.149,-10.691,-0.793,-2.304,-1.498,-1.795
0.875,0.832,-4.648,-0.811,-0.204,0.015,0.947,0.599,4.450,0.433,-0.300,-0.015,-1.597,-2.037,0.846,1.026,-5.404,-0.019,-0.531,1.665,0.717,1.027,8.149,-4.852,-0.792,-2.305,-1.489,-1.794
0.875,0.832,-4.648,-0.811,-0.204,0.015,0.947,0.599,4.450,0.433,-0.300,-0.015,-1.597,-2.037,0.846,1.026,-5.404,-0.019,-0.531,1.665,0.717,1.027,12.242,-13.037,-0.792,-2.305,-1.489,-1.794
0.932,0.854,-3.609,-1.062,-0.162,0.021,0.818,0.782,3.962,-1.095,-0.274,-0.009,-1.702,-1.973,0.894,1.076,-3.569,-0.245,-0.540,1.667,0.681,1.049,11.237,-14.911,-0.792,-2.299,-1.505,-1.776
1.117,0.694,-3.662,-1.171,-0.189,0.013,1.004,0.742,2.720,-0.071,-0.258,-0.021,-1.813,-2.004,0.878,0.992,-3.408,-0.900,-0.538,1.681,0.762,1.022,5.125,-4.649,-0.789,-2.303,-1.503,-1.801
1.117,0.694,-3.662,-1.171,-0.189,0.013,1.004,0.742,2.720,-0.071,-0.258,-0.021,-1.813,-2.004,0.878,0.992,-3.408,-0.900,-0.538,1.681,0.762,1.022,8.260,-10.920,-0.789,-2.303,-1.503,-1.801
0.860,0.771,-3.450,-0.754,-0.176,0.011,0.933,0.650,3.055,-2.538,-0.327,-0.014,-1.622,-2.012,0.901,1.016,-3.571,-0.498,-0.538,1.681,0.702,1.052,3.603,-4.047,-0.794,-2.303,-1.494,-1.784
0.988,0.890,-2.345,-0.218,-0.215,0.019,0.976,0.862,0.924,-0.421,-0.268,-0.016,-1.734,-2.037,0.880,1.029,-1.828,0.517,-0.541,1.664,0.690,1.021,-8.237,16.140,-0.791,-2.301,-1.501,-1.787
1.032,0.732,-1.835,0.376,-0.201,0.017,0.861,0.756,-0.912,2.461,-0.302,-0.008,-1.766,-2.023,0.923,1.000,-0.417,1.144,-0.536,1.683,0.689,1.054,-16.138,30.739,-0.800,-2.316,-1.525,-1.779
1.032,0.732,-1.835,0.376,-0.201,0.017,0.861,0.756,-0.912,2.461,-0.302,-0.008,-1.766,-2.023,0.923,1.000,-0.417,1.144,-0.536,1.683,0.689,1.054,-16.138,30.739,-0.800,-2.316,-1.525,-1.779
1.076,0.951,-2.069,0.186,-0.213,0.011,0.962,0.600,-1.845,4.454,-0.321,-0.004,-1.557,-2.033,0.873,1.099,-1.357,1.183,-0.541,1.677,0.700,1.031,-16.458,31.574,-0.790,-2.276,-1.510,-1.809
0.918,0.754,-1.170,-0.155,0.029,-0.043,0.975,0.780,-4.347,5.150,-0.068,0.039,-1.799,-1.967,0.880,1.017,-0.631,0.506,-0.546,1.711,0.776,1.040,-14.636,24.189,-0.799,-2.311,-1.508,-1.775
0.946,0.713,-1.147,-0.090,-0.047,-0.011,0.804,0.863,-6.092,5.445,-0.125,0.028,-1.688,-1.965,0.909,0.997,-0.486,0.501,-0.544,1.706,0.690,1.030,-15.529,20.380,-0.794,-2.314,-1.538,-1.735
1.060,0.814,-0.379,0.657,-0.126,0.014,0.947,0.942,-5.150,2.723,-0.298,-0.002,-1.767,-1.919,0.895,1.039,1.056,1.277,-0.527,1.644,0.723,1.030,-12.683,13.431,-0.792,-2.290,-1.583,-1.683
1.060,0.890,-0.100,0.575,-0.211,0.020,0.933,0.716,-5.207,1.419,-0.312,-0.005,-1.809,-1.876,0.905,1.036,0.852,1.522,-0.543,1.705,0.707,1.042,-10.040,6.733,-0.797,-2.308,-1.633,-1.741
1.060,0.890,-0.100,0.575,-0.211,0.020,0.933,0.716,-5.207,1.419,-0.312,-0.005,-1.809,-1.876,0.905,1.036,0.852,1.522,-0.543,1.705,0.707,1.042,-10.040,6.733,-0.797,-2.308,-1.633,-1.741
0.874,0.872,0.738,0.939,-0.173,0.017,1.047,0.677,-4.982,1.343,-0.297,-0.016,-1.820,-1.968,0.864,1.018,2.328,1.669,-0.545,1.684,0.720,0.994,-9.794,6.107,-0.797,-2.304,-1.682,-1.737
0.918,0.832,0.461,1.090,-0.163,0.014,1.032,0.756,-4.321,-1.263,-0.278,-0.010,-1.935,-1.922,0.887,1.064,0.903,2.087,-0.538,1.681,0.665,1.013,-6.328,0.644,-0.791,-2.305,-1.702,-1.781
0.831,0.851,0.658,0.457,-0.201,0.016,0.975,0.781,-3.989,-1.062,-0.348,-0.010,-1.811,-1.969,0.820,1.010,1.538,1.213,-0.539,1.676,0.740,1.051,-6.066,0.337,-0.794,-2.299,-1.552,-1.771
1.103,0.890,0.527,0.598,-0.164,0.014,0.761,0.756,-3.687,-1.568,-0.331,-0.010,-1.803,-2.070,0.866,0.997,1.002,1.057,-0.538,1.688,0.699,1.025,-4.780,-0.213,-0.793,-2.302,-1.600,-1.801
1.069,0.813,0.106,0.638,-0.165,0.007,0.975,0.813,-3.909,-1.683,-0.290,0.007,-1.796,-2.002,0.826,0.993,0.295,0.856,-0.538,1.680,0.677,1.029,-4.841,-0.743,-0.791,-2.300,-1.581,-1.847
0.988,0.716,-0.190,0.598,-0.172,0.016,0.875,0.849,-3.227,-1.691,-0.292,-0.009,-1.803,-1.952,0.879,1.045,-0.423,1.017,-0.539,1.681,0.684,1.008,-3.623,-1.484,-0.793,-2.303,-1.590,-1.772
0.946,0.890,-0.657,0.658,-0.189,0.020,0.933,0.859,-2.898,-2.103,-0.280,-0.024,-1.810,-1.962,0.876,1.037,-1.212,0.861,-0.534,1.667,0.707,1.029,-3.020,-1.518,-0.789,-2.290,-1.585,-1.782
0.904,0.832,-0.579,0.641,-0.137,0.015,1.032,0.638,-2.941,-1.911,-0.219,-0.005,-1.766,-1.991,0.866,1.016,-0.950,0.670,-0.540,1.687,0.766,1.049,-2.958,-1.736,-0.797,-2.306,-1.577,-1.787
1.017,0.853,-0.271,0.536,-0.088,-0.001,0.947,0.756,-3.164,-1.523,-0.225,0.008,-1.715,-2.045,0.862,1.054,-0.599,0.652,-0.542,1.699,0.729,1.009,-3.114,-1.487,-0.797,-2.315,-1.572,-1.764
0.874,0.814,-1.369,-0.077,-0.172,0.018,0.890,0.702,-2.585,-1.715,-0.330,-0.009,-1.767,-2.011,0.874,1.021,-2.085,0.435,-0.535,1.674,0.763,1.027,-2.298,-1.299,-0.794,-2.309,-1.556,-1.761
0.874,0.814,-1.369,-0.077,-0.172,0.018,0.890,0.702,-2.585,-1.715,-0.330,-0.009,-1.767,-2.011,0.874,1.021,-2.085,0.435,-0.535,1.674,0.763,1.027,-2.298,-1.299,-0.794,-2.309,-1.556,-1.761
0.989,0.753,-1.731,0.117,-0.187,0.013,0.818,0.820,-2.226,-1.547,-0.278,-0.003,-1.653,-2.037,0.891,1.013,-2.475,0.584,-0.539,1.694,0.697,1.035,-2.044,-1.103,-0.797,-2.311,-1.528,-1.768
0.850,1.007,-2.136,0.485,-0.172,0.017,0.833,0.766,-2.126,-0.741,-0.304,-0.016,-1.660,-1.993,0.880,1.030,-6.185,7.058,-0.543,1.709,0.734,1.035,-1.715,0.407,-0.795,-2.310,-1.499,-1.772
1.002,0.699,-1.930,0.370,-0.185,0.012,0.947,0.731,-2.120,0.073,-0.312,-0.023,-1.772,-2.012,0.862,1.022,-9.734,15.520,-0.541,1.688,0.747,1.047,-1.959,0.663,-0.793,-2.292,-1.527,-1.775
0.875,0.850,-2.252,0.344,-0.225,0.029,0.847,0.708,-2.120,0.171,-0.296,-0.013,-1.715,-1.929,0.932,1.038,-14.497,23.830,-0.536,1.671,0.737,1.050,-1.942,1.742,-0.793,-2.297,-1.565,-1.803
1.005,0.694,-2.923,2.855,-0.161,0.021,0.889,0.703,-1.498,-0.326,-0.296,-0.013,-1.772,-1.973,0.873,1.022,-15.018,25.974,-0.534,1.679,0.700,1.064,-0.836,0.584,-0.794,-2.306,-1.563,-1.803
0.944,0.832,-6.232,9.421,-0.247,0.034,0.947,0.712,-1.495,-0.772,-0.291,-0.014,-1.742,-2.134,0.813,1.033,-17.413,31.218,-0.538,1.682,0.756,1.016,-1.111,1.013,-0.793,-2.300,-1.564,-1.805
0.860,0.796,-7.322,9.895,-0.200,0.017,0.975,0.704,-1.257,0.513,-0.324,-0.015,-1.716,-2.036,0.897,1.052,-17.107,27.468,-0.536,1.680,0.737,1.057,-0.512,1.598,-0.794,-2.300,-1.571,-1.775
0.946,0.872,-8.063,8.967,-0.163,0.015,1.147,0.768,-1.309,0.978,-0.304,-0.016,-1.776,-2.037,0.974,1.044,-14.564,20.518,-0.525,1.642,0.723,1.040,-1.104,2.453,-0.792,-2.302,-1.582,-1.785
0.875,0.853,-7.168,5.585,-0.233,0.022,0.990,0.901,-0.511,0.921,-0.333,-0.007,-1.749,-2.187,0.931,1.034,-11.236,10.672,-0.548,1.707,0.792,1.060,-0.045,2.129,-0.793,-2.299,-1.557,-1.788
0.974,0.810,-6.176,5.876,-0.189,0.019,0.951,0.823,-0.360,2.006,-0.296,-0.013,-1.771,-1.949,0.896,1.041,-8.229,7.688,-0.557,1.748,0.752,1.052,0.423,2.762,-0.795,-2.305,-1.555,-1.788
0.961,0.792,-5.134,-0.133,-0.200,0.023,0.787,0.731,-0.484,1.163,-0.297,-0.016,-1.765,-2.073,0.858,1.017,-5.293,-6.544,-0.528,1.658,0.714,0.991,-0.114,2.361,-0.793,-2.302,-1.564,-1.795
0.903,0.792,-6.078,2.824,-0.132,0.016,0.947,0.714,-0.479,1.523,-0.275,0.004,-1.750,-2.146,0.889,0.966,-4.353,-2.564,-0.538,1.673,0.697,1.028,0.327,2.429,-0.792,-2.302,-1.551,-1.803
0.931,0.854,-6.707,3.985,-0.192,0.007,0.960,0.873,-0.805,0.741,-0.263,-0.007,-1.831,-2.057,0.883,1.063,-1.539,-10.600,-0.543,1.691,0.734,1.068,-0.792,0.916,-0.795,-2.301,-1.559,-1.771
0.923,0.832,-4.905,0.511,-0.174,0.025,0.877,0.795,-0.418,0.807,-0.302,-0.011,-1.751,-1.983,0.868,1.028,0.535,-10.562,-0.525,1.654,0.681,1.015,-0.881,1.123,-0.791,-2.287,-1.565,-1.785
0.919,0.796,-3.537,-3.725,-0.217,0.018,0.952,0.784,-0.147,0.829,-0.316,-0.012,-1.708,-2.001,0.877,1.043,-0.683,-10.780,-0.537,1.690,0.739,1.043,-0.443,0.831,-0.794,-2.309,-1.565,-1.783
0.918,0.697,-6.155,2.848,-0.185,-0.001,0.919,0.770,-0.435,0.715,-0.250,-0.006,-1.770,-2.038,0.870,1.007,-1.905,-6.177,-0.559,1.689,0.715,1.010,-0.530,0.832,-0.791,-2.304,-1.554,-1.784
0.881,0.699,-3.638,-1.370,-0.195,0.014,0.879,0.717,-0.680,0.829,-0.336,-0.013,-1.891,-2.020,0.887,1.050,1.551,-13.580,-0.536,1.649,0.783,1.048,-1.235,0.914,-0.788,-2.292,-1.655,-1.787
1.016,0.716,-3.823,1.321,-0.147,0.011,0.889,0.691,-0.954,0.727,-0.292,-0.025,-1.897,-1.928,0.912,1.041,2.242,-9.270,-0.529,1.645,0.686,0.990,-0.959,1.253,-0.791,-2.296,-1.667,-1.780
0.969,0.991,-3.801,1.409,-0.237,0.011,1.048,0.703,-1.583,0.873,-0.283,-0.011,-1.780,-1.965,0.868,1.079,3.681,-14.358,-0.553,1.682,0.715,1.038,-2.079,1.193,-0.793,-2.297,-1.557,-1.785
0.875,0.832,-2.349,0.247,-0.164,0.015,0.948,0.781,-1.378,0.872,-0.250,-0.002,-1.790,-2.074,0.874,1.008,4.822,-14.363,-0.536,1.682,0.741,1.008,-2.084,0.905,-0.791,-2.295,-1.585,-1.779
0.900,0.872,-1.711,-0.925,-0.178,0.011,1.147,0.795,-2.016,0.929,-0.310,-0.014,-1.818,-1.985,0.875,1.041,6.417,-16.265,-0.536,1.664,0.679,1.033,-2.269,1.189,-0.794,-2.308,-1.582,-1.773
0.978,0.771,-2.096,-0.897,-0.128,0.007,0.865,0.795,-1.449,0.433,-0.175,0.014,-1.704,-1.965,0.899,1.002,6.047,-14.896,-0.536,1.698,0.751,1.035,-5.228,7.015,-0.794,-2.304,-1.603,-1.781
0.973,0.872,-0.931,-0.059,-0.188,0.006,0.947,0.770,-1.607,0.648,-0.278,-0.002,-1.872,-2.063,0.901,1.032,7.850,-13.316,-0.539,1.671,0.722,1.029,-9.358,15.634,-0.795,-2.312,-1.575,-1.758
0.996,0.851,-0.224,-0.660,-0.165,0.014,0.947,0.731,-2.046,0.803,-0.367,-0.015,-1.820,-1.962,0.916,1.031,8.565,-14.196,-0.542,1.687,0.713,1.030,-13.886,24.340,-0.790,-2.296,-1.583,-1.728
0.918,0.734,0.211,-0.066,-0.215,0.019,1.120,0.795,-4.467,5.476,-0.268,-0.022,-1.682,-1.942,0.854,1.023,9.428,-13.578,-0.537,1.675,0.724,1.046,-17.601,31.230,-0.795,-2.314,-1.590,-1.732
0.853,0.750,0.156,0.872,-0.039,-0.002,1.003,0.731,-4.555,4.543,-0.145,0.010,-1.725,-2.037,0.878,0.953,7.242,-10.815,-0.539,1.688,0.708,0.967,-13.660,21.942,-0.796,-2.325,-1.578,-1.776
1.001,0.870,0.619,2.120,-0.051,-0.018,1.003,0.966,-4.519,2.676,-0.150,0.023,-1.767,-1.933,0.911,1.025,5.967,-12.392,-0.548,1.708,0.728,1.085,-16.497,24.295,-0.795,-2.305,-1.582,-1.755
1.030,0.731,1.530,-2.611,-0.182,0.013,0.791,0.691,-9.450,12.363,-0.261,-0.014,-1.764,-1.977,0.905,0.958,5.991,-9.374,-0.529,1.636,0.738,0.878,-12.035,12.599,-0.782,-2.285,-1.571,-1.780
1.032,0.692,1.589,-1.316,-0.198,0.017,1.132,0.785,-6.770,7.410,-0.286,-0.019,-1.767,-2.021,0.930,0.885,8.135,-12.658,-0.532,1.641,0.728,0.880,-9.777,12.645,-0.779,-2.296,-1.580,-1.764
0.903,0.851,1.186,-0.837,-0.166,0.011,0.888,0.795,-5.915,0.759,-0.316,0.002,-1.758,-1.934,0.927,1.028,6.784,-11.006,-0.538,1.718,0.702,1.033,-6.981,-2.705,-0.802,-2.324,-1.601,-1.753
0.903,0.851,1.186,-0.837,-0.166,0.011,0.888,0.795,-5.915,0.759,-0.316,0.002,-1.758,-1.934,0.927,1.028,9.987,-17.413,-0.538,1.718,0.702,1.033,-9.942,3.217,-0.802,-2.324,-1.601,-1.753
0.820,0.832,2.564,-2.000,-0.147,-0.003,0.763,0.702,-7.509,2.650,-0.239,0.031,-1.838,-2.015,0.855,1.110,8.708,-12.379,-0.544,1.705,0.692,1.033,-6.206,-2.963,-0.798,-2.263,-1.595,-1.757
0.988,0.673,3.320,-2.070,-0.190,0.021,0.921,0.741,-6.732,2.603,-0.268,-0.022,-1.838,-2.075,0.847,0.927,7.597,-8.382,-0.532,1.658,0.687,1.002,-1.143,-13.894,-0.784,-2.334,-1.578,-1.805
0.959,0.693,2.081,0.698,-0.204,0.017,0.846,0.741,-3.972,1.936,-0.340,-0.002,-1.879,-2.151,0.810,0.957,10.176,-13.279,-0.536,1.657,0.702,1.026,-2.256,-8.087,-0.797,-2.281,-1.580,-1.769
0.974,0.832,2.467,0.137,-0.177,0.018,0.748,0.738,-5.594,-0.409,-0.329,-0.002,-1.843,-1.992,0.895,1.104,11.127,-14.048,-0.538,1.708,0.709,1.017,-3.804,-8.067,-0.801,-2.272,-1.590,-1.773
0.946,0.654,0.066,3.531,-0.163,0.014,0.933,0.571,-3.438,-3.041,-0.295,-0.008,-1.724,-2.055,0.870,0.989,6.039,-8.809,-0.539,1.682,0.772,1.036,-0.179,-10.573,-0.795,-2.299,-1.537,-1.806
0.961,0.991,5.455,-5.708,-0.185,0.022,0.919,0.598,-6.186,3.173,-0.300,-0.001,-1.724,-2.168,0.862,1.039,10.474,-14.524,-0.536,1.684,0.662,0.994,-1.384,-6.687,-0.797,-2.288,-1.598,-1.807
1.189,0.930,1.875,0.705,-0.184,0.013,1.218,0.806,-3.074,3.118,-0.260,-0.028,-1.786,-2.041,0.852,0.938,2.914,-9.521,-0.545,1.678,0.659,0.936,2.363,-12.897,-0.788,-2.333,-1.573,-1.830
0.961,0.772,2.199,-0.478,-0.199,0.023,1.191,0.756,-3.201,-0.528,-0.284,0.002,-1.528,-2.019,0.946,1.036,1.456,0.713,-0.534,1.716,0.757,1.078,3.712,-14.627,-0.797,-2.280,-1.577,-1.771
1.031,0.948,0.911,-1.118,-0.228,0.015,0.890,0.741,-3.425,-0.457,-0.297,-0.018,-1.811,-2.001,0.855,1.046,-5.247,8.998,-0.541,1.656,0.658,0.996,4.014,-14.558,-0.792,-2.305,-1.574,-1.761
0.987,0.813,1.728,0.513,-0.191,0.019,0.960,0.809,-2.891,-0.434,-0.294,-0.013,-1.854,-1.871,0.947,1.052,-12.592,25.428,-0.541,1.673,0.712,1.021,6.800,-14.844,-0.790,-2.314,-1.577,-1.784
0.946,0.752,0.037,1.382,-0.177,0.011,0.791,0.627,-2.215,-0.471,-0.334,-0.008,-1.775,-2.005,0.862,0.996,-15.122,31.163,-0.545,1.648,0.629,0.957,5.729,-15.597,-0.791,-2.305,-1.582,-1.780
1.090,0.890,-3.690,7.178,-0.178,0.017,0.962,0.837,-1.604,-0.742,-0.326,-0.001,-1.767,-2.008,0.934,1.099,-19.043,33.794,-0.534,1.703,0.699,1.077,6.004,-15.247,-0.796,-2.305,-1.575,-1.768
0.874,0.695,-4.935,7.660,-0.128,0.004,0.890,0.612,-1.220,-0.381,-0.268,-0.008,-1.681,-1.937,0.802,1.015,-17.385,31.655,-0.535,1.657,0.685,1.055,8.097,-14.105,-0.793,-2.299,-1.569,-1.787
0.860,0.796,-6.114,5.144,-0.192,0.020,0.885,0.585,-0.185,-0.023,-0.277,-0.021,-1.652,-2.111,0.823,1.027,-15.778,20.774,-0.552,1.726,0.647,1.019,6.988,-11.204,-0.787,-2.287,-1.474,-1.792
1.017,0.774,-5.377,3.951,-0.203,0.023,0.890,0.823,0.326,-0.331,-0.272,-0.009,-1.633,-2.001,0.871,0.941,-13.030,17.206,-0.554,1.726,0.737,1.002,7.733,-13.232,-0.787,-2.287,-1.413,-1.793
1.003,0.872,-5.910,3.503,-0.223,0.016,0.890,0.770,1.298,0.030,-0.294,-0.014,-1.660,-2.093,0.908,1.088,-13.221,13.791,-0.530,1.662,0.679,1.062,8.752,-12.458,-0.799,-2.317,-1.423,-1.817
0.846,0.771,-6.216,1.395,-0.204,0.008,0.890,0.873,3.311,-1.539,-0.304,-0.016,-1.521,-2.062,0.865,1.013,-10.846,6.757,-0.542,1.699,0.707,1.058,9.092,-9.143,-0.790,-2.306,-1.361,-1.828
0.903,0.890,-5.462,0.452,-0.185,0.020,0.863,0.767,3.225,-1.517,-0.287,-0.026,-1.609,-2.028,0.796,1.032,-9.878,4.693,-0.537,1.681,0.721,1.034,10.970,-13.939,-0.791,-2.313,-1.300,-1.831
0.919,0.753,-5.185,0.286,-0.173,0.011,0.876,0.756,3.589,-2.367,-0.290,-0.007,-1.456,-2.006,0.890,1.076,-8.505,3.181,-0.537,1.677,0.697,1.029,11.223,-14.690,-0.794,-2.315,-1.272,-1.800
1.103,0.695,-5.590,0.284,-0.239,0.025,0.975,0.678,3.137,0.143,-0.271,-0.013,-1.426,-2.129,0.875,1.011,-8.073,2.853,-0.539,1.672,0.733,1.034,8.369,-8.265,-0.796,-2.305,-1.299,-1.793
0.932,0.716,-5.347,0.063,-0.201,0.016,0.818,0.890,4.889,-0.629,-0.322,-0.015,-1.665,-2.091,0.884,1.037,-7.470,2.365,-0.538,1.668,0.718,1.001,11.095,-10.242,-0.791,-2.312,-1.385,-1.795
0.917,0.872,-4.481,-0.292,-0.200,0.010,0.932,0.781,3.794,-1.917,-0.249,-0.012,-1.761,-1.951,0.854,1.011,-5.432,0.737,-0.539,1.674,0.709,1.062,9.111,-11.417,-0.792,-2.303,-1.458,-1.778
0.874,0.792,-4.934,-0.441,-0.201,0.016,0.919,0.848,2.742,1.086,-0.305,-0.010,-1.617,-1.981,0.904,1.024,-5.829,0.840,-0.540,1.701,0.675,1.031,6.784,-4.108,-0.794,-2.305,-1.480,-1.785
1.060,0.771,-4.717,-0.755,-0.214,0.013,1.004,0.768,4.867,-0.489,-0.275,-0.017,-1.427,-2.006,0.916,1.020,-5.473,0.000,-0.533,1.649,0.695,1.021,9.463,-7.421,-0.792,-2.306,-1.462,-1.796
0.903,0.774,-3.690,-1.145,-0.213,0.019,1.133,0.770,2.683,-2.027,-0.333,-0.014,-1.622,-2.118,0.863,1.032,-3.865,-0.764,-0.542,1.676,0.724,1.042,5.491,-8.075,-0.794,-2.308,-1.498,-1.791
0.986,0.731,-3.471,-1.282,-0.109,-0.012,0.933,0.691,3.464,-0.973,-0.174,0.008,-1.762,-1.948,0.872,1.058,-3.378,-0.725,-0.543,1.666,0.735,1.052,4.136,-0.217,-0.797,-2.315,-1.462,-1.774
0.960,0.829,-3.546,-1.283,-0.150,0.005,0.890,0.703,1.256,3.559,-0.298,0.001,-1.623,-2.021,0.834,1.015,-3.616,-1.034,-0.540,1.697,0.650,1.027,1.340,3.351,-0.790,-2.281,-1.478,-1.790
0.960,0.829,-3.546,-1.283,-0.150,0.005,0.890,0.703,1.256,3.559,-0.298,0.001,-1.623,-2.021,0.834,1.015,-3.616,-1.034,-0.540,1.697,0.650,1.027,4.476,-2.919,-0.790,-2.281,-1.478,-1.790
1.060,0.814,-3.364,-1.201,-0.173,0.010,0.818,0.691,-0.301,6.069,-0.278,-0.010,-1.623,-1.973,0.878,1.040,-3.099,-0.586,-0.534,1.655,0.706,1.021,3.195,-0.777,-0.784,-2.289,-1.452,-1.787
0.903,0.832,-2.239,0.161,-0.202,0.009,1.189,0.846,1.320,-0.985,-0.324,-0.004,-1.918,-1.983,0.870,1.068,-1.431,0.860,-0.542,1.656,0.767,1.018,-8.934,15.673,-0.794,-2.250,-1.457,-1.723
0.903,0.832,-2.239,0.161,-0.202,0.009,1.189,0.846,1.320,-0.985,-0.324,-0.004,-1.918,-1.983,0.870,1.068,-1.431,0.860,-0.542,1.656,0.767,1.018,-8.934,15.673,-0.794,-2.250,-1.457,-1.723
1.031,0.832,-2.067,0.295,-0.215,0.019,1.062,0.795,-2.571,5.251,-0.308,-0.009,-1.595,-2.000,0.929,0.997,-1.320,2.002,-0.541,1.666,0.708,1.038,-15.552,29.210,-0.791,-2.278,-1.487,-1.761
1.017,0.694,-2.365,0.375,-0.200,0.023,0.932,0.691,-3.565,6.742,-0.358,0.000,-1.762,-1.928,0.892,1.038,-1.899,1.466,-0.536,1.678,0.686,1.007,-16.679,30.663,-0.785,-2.304,-1.471,-1.770
1.002,0.830,-1.467,-0.221,-0.200,0.017,0.719,0.509,-4.535,4.523,-0.314,-0.017,-1.595,-1.928,0.882,1.050,-0.843,0.628,-0.541,1.667,0.692,0.998,-14.507,21.476,-0.794,-2.307,-1.470,-1.763
0.831,0.694,-1.335,0.145,-0.185,0.014,1.193,0.701,-5.172,5.460,-0.288,-0.013,-1.659,-1.949,0.833,1.023,-0.531,0.520,-0.537,1.680,0.721,1.011,-14.096,20.145,-0.789,-2.292,-1.493,-1.702
0.959,0.811,-0.173,0.203,-0.161,0.014,0.847,0.691,-5.183,3.494,-0.213,0.003,-1.727,-1.964,0.911,0.994,1.355,0.930,-0.540,1.674,0.747,1.048,-12.732,13.795,-0.799,-2.303,-1.523,-1.684
0.903,0.851,0.533,0.868,-0.059,0.004,1.050,0.688,-4.290,2.203,-0.157,0.021,-1.799,-1.973,0.923,1.033,1.796,1.604,-0.538,1.694,0.738,1.050,-9.287,10.020,-0.793,-2.309,-1.527,-1.746
0.988,0.734,1.114,0.795,0.016,-0.019,0.933,0.798,-4.771,1.649,-0.118,0.031,-1.799,-2.062,0.904,1.036,2.695,1.823,-0.544,1.695,0.709,1.021,-9.754,6.734,-0.798,-2.310,-1.530,-1.734
0.947,0.829,0.893,0.949,-0.112,-0.004,0.890,0.770,-4.377,1.014,-0.198,-0.009,-1.784,-1.967,0.844,1.060,2.249,1.719,-0.545,1.699,0.709,1.051,-7.865,5.312,-0.792,-2.298,-1.581,-1.751
1.031,0.813,0.996,0.821,-0.167,-0.001,0.890,0.878,-3.575,-0.986,-0.188,0.005,-1.744,-2.017,0.876,1.057,2.108,1.481,-0.532,1.653,0.725,1.015,-5.817,1.061,-0.790,-2.298,-1.563,-1.793
0.946,0.872,0.788,0.680,-0.198,0.023,1.033,0.824,-4.105,-1.062,-0.290,-0.007,-1.889,-2.070,0.902,1.013,1.742,0.893,-0.544,1.705,0.743,1.055,-5.886,0.032,-0.799,-2.314,-1.527,-1.789
0.831,0.890,0.442,0.739,-0.217,-0.009,0.990,0.742,-3.538,-1.025,-0.290,-0.007,-1.869,-2.035,0.831,1.048,0.902,1.287,-0.534,1.672,0.727,1.038,-4.769,0.151,-0.787,-2.274,-1.501,-1.794
0.761,0.694,0.772,0.621,-0.125,0.006,0.904,0.834,-3.010,-1.685,-0.184,0.006,-1.776,-1.973,0.926,1.018,0.649,0.994,-0.541,1.693,0.644,1.026,-3.608,-0.882,-0.802,-2.329,-1.514,-1.814
1.060,0.504,0.354,0.798,-0.230,0.012,0.933,0.731,-3.234,-1.548,-0.295,-0.008,-1.619,-2.108,0.888,1.032,0.284,1.116,-0.536,1.681,0.670,1.009,-3.761,-1.396,-0.791,-2.298,-1.527,-1.797
1.003,0.811,-0.199,0.680,-0.201,0.016,0.832,0.888,-3.304,-1.852,-0.345,-0.009,-1.660,-2.055,0.869,1.026,-0.505,1.053,-0.536,1.664,0.645,1.011,-3.767,-1.457,-0.787,-2.279,-1.543,-1.769
0.946,0.927,-0.582,0.293,-0.188,0.021,0.961,0.716,-2.961,-1.768,-0.356,-0.005,-1.554,-2.014,0.844,1.037,-1.476,0.566,-0.539,1.697,0.645,1.031,-2.856,-1.309,-0.799,-2.315,-1.565,-1.774
0.903,0.759,-0.701,0.516,-0.180,0.015,1.174,0.881,-2.798,-1.464,-0.304,-0.016,-1.759,-1.973,0.873,1.010,-1.767,0.900,-0.538,1.672,0.754,1.047,-2.837,-1.232,-0.796,-2.316,-1.567,-1.772
1.045,0.792,-0.873,0.211,-0.220,0.019,1.047,0.666,-2.682,-1.882,-0.289,-0.005,-1.762,-2.003,0.912,1.059,-1.246,0.396,-0.538,1.680,0.747,1.023,-2.626,-1.218,-0.795,-2.307,-1.571,-1.756
0.860,0.774,-1.341,0.406,-0.177,0.010,0.875,0.742,-2.380,-1.250,-0.304,-0.016,-1.771,-2.035,0.863,1.044,-1.815,-0.088,-0.540,1.672,0.694,1.058,-2.204,-0.778,-0.791,-2.300,-1.579,-1.764
1.101,0.771,-1.674,0.277,-0.199,0.009,1.032,0.888,-2.512,-1.170,-0.316,-0.012,-1.673,-2.025,0.929,1.029,-2.709,0.381,-0.539,1.678,0.735,0.990,-2.571,-0.443,-0.791,-2.295,-1.556,-1.774
0.789,0.774,-1.978,0.212,-0.193,0.019,0.771,0.781,-2.547,-0.499,-0.305,-0.010,-1.712,-1.972,0.847,1.034,-6.678,6.934,-0.540,1.672,0.679,1.033,-2.318,0.580,-0.793,-2.297,-1.497,-1.778
0.958,0.753,-1.836,0.500,-0.163,0.027,0.932,0.731,-1.914,-0.326,-0.253,-0.018,-1.713,-2.045,0.907,1.036,-9.648,15.487,-0.537,1.691,0.713,1.005,-1.315,1.338,-0.794,-2.302,-1.495,-1.778
0.974,0.853,-1.614,0.646,-0.175,0.018,1.061,0.742,-1.429,-0.375,-0.280,-0.012,-1.664,-1.974,0.881,1.025,-13.504,24.129,-0.538,1.679,0.731,1.041,-0.548,0.790,-0.791,-2.301,-1.510,-1.794
0.918,0.734,-4.217,5.623,-0.169,0.017,0.960,0.848,-1.237,0.397,-0.326,-0.007,-1.663,-2.053,0.928,1.031,-17.207,31.791,-0.538,1.683,0.753,1.014,-0.736,1.320,-0.793,-2.301,-1.525,-1.792
0.832,0.737,-6.811,11.353,-0.184,0.003,0.989,0.873,-1.411,0.850,-0.304,-0.008,-1.715,-1.959,0.845,1.041,-18.293,35.455,-0.537,1.685,0.712,1.048,-1.008,2.238,-0.793,-2.301,-1.527,-1.774
0.961,0.951,-5.727,5.593,-0.159,0.012,1.460,0.664,-1.019,0.619,-0.334,-0.008,-1.713,-2.027,0.885,1.011,-13.612,19.382,-0.517,1.608,0.747,0.994,-0.535,1.538,-0.793,-2.304,-1.516,-1.783
1.005,0.914,-7.016,7.730,-0.149,0.012,0.876,0.809,-0.937,1.317,-0.279,-0.010,-1.716,-2.013,0.946,1.033,-13.615,17.801,-0.517,1.615,0.723,1.065,-0.140,2.420,-0.793,-2.305,-1.511,-1.789
0.931,0.578,-7.126,8.289,-0.266,0.023,0.947,0.610,-0.042,1.594,-0.327,-0.014,-1.667,-2.056,0.842,0.979,-11.229,13.899,-0.553,1.726,0.774,0.992,0.566,3.074,-0.791,-2.300,-1.498,-1.777
0.903,0.753,-6.637,6.138,-0.186,0.019,1.175,0.756,0.018,1.450,-0.330,-0.013,-1.616,-2.150,0.922,1.038,-8.590,7.401,-0.552,1.736,0.718,1.049,1.389,2.875,-0.793,-2.297,-1.520,-1.793
0.918,0.814,-7.065,3.286,-0.204,0.009,1.032,0.756,-0.534,0.794,-0.301,-0.011,-1.766,-2.020,0.893,1.001,-7.958,-0.272,-0.530,1.662,0.745,1.048,-0.283,1.249,-0.791,-2.295,-1.526,-1.810
0.906,0.951,-6.103,2.175,-0.201,0.016,0.732,0.731,-0.651,0.883,-0.344,0.010,-1.771,-1.965,0.915,1.022,-4.406,-4.187,-0.547,1.687,0.681,1.022,-0.437,0.856,-0.794,-2.305,-1.491,-1.771
1.039,0.774,-6.050,2.416,-0.189,0.013,0.962,0.809,-0.638,0.727,-0.294,-0.008,-1.717,-1.948,0.914,1.049,-2.735,-6.146,-0.546,1.681,0.742,1.073,-0.743,1.086,-0.793,-2.299,-1.542,-1.781
0.862,0.792,-4.930,4.593,-0.191,0.014,1.032,0.887,-1.038,0.514,-0.331,-0.002,-1.618,-2.003,0.913,1.021,-2.808,-7.357,-0.541,1.679,0.727,1.027,-0.726,0.620,-0.790,-2.294,-1.525,-1.773
0.888,0.832,-6.045,0.791,-0.277,0.006,0.704,0.731,-1.206,0.672,-0.237,-0.010,-1.714,-2.078,0.851,1.025,-1.394,-9.147,-0.553,1.663,0.747,1.008,-1.545,0.976,-0.793,-2.299,-1.535,-1.785
0.989,0.771,-5.781,1.769,-0.176,0.031,0.889,0.702,-0.954,0.806,-0.300,0.007,-1.763,-2.003,0.908,1.053,0.070,-9.278,-0.546,1.709,0.698,1.042,-0.857,0.921,-0.794,-2.301,-1.530,-1.779
0.973,0.817,-3.110,-2.603,-0.125,0.025,0.719,0.864,-1.224,0.840,-0.282,-0.011,-1.912,-2.011,0.910,1.062,1.702,-11.994,-0.531,1.657,0.730,1.034,-1.263,1.407,-0.793,-2.301,-1.626,-1.776
0.847,0.756,-6.119,3.365,-0.253,0.014,1.030,0.773,-1.196,0.581,-0.286,-0.012,-1.890,-2.040,0.951,0.968,1.727,-10.630,-0.549,1.703,0.691,0.977,-1.879,1.169,-0.794,-2.302,-1.666,-1.772
1.048,0.753,-4.001,0.120,-0.189,0.019,0.944,0.731,-1.120,0.696,-0.286,-0.014,-1.855,-2.003,0.999,1.050,4.177,-14.217,-0.533,1.703,0.730,1.081,-1.688,0.941,-0.792,-2.297,-1.672,-1.785
0.979,0.790,-2.558,0.162,-0.203,0.022,1.104,0.652,-1.507,0.641,-0.293,-0.009,-1.851,-2.041,0.910,0.975,4.674,-14.089,-0.528,1.642,0.741,0.965,-1.910,0.803,-0.794,-2.300,-1.627,-1.776
0.962,0.753,-2.646,-1.508,-0.201,0.009,0.847,0.873,-1.904,0.726,-0.271,-0.007,-1.763,-1.972,0.900,1.069,5.450,-17.163,-0.546,1.693,0.699,1.066,-2.024,0.688,-0.792,-2.301,-1.561,-1.763
0.903,0.832,-1.407,-0.341,-0.159,0.027,0.960,0.689,-1.485,0.795,-0.286,-0.016,-1.784,-2.053,0.820,1.030,9.062,-17.176,-0.541,1.687,0.690,1.027,-4.743,7.013,-0.793,-2.298,-1.596,-1.763
0.918,0.792,-1.178,-0.282,-0.200,0.029,0.904,0.770,-1.593,0.668,-0.330,-0.013,-1.858,-1.961,0.834,1.015,7.587,-12.653,-0.535,1.666,0.694,1.037,-9.166,15.860,-0.793,-2.298,-1.602,-1.759
0.817,0.792,-0.656,-1.010,-0.239,0.012,0.849,0.624,-1.545,0.726,-0.294,-0.008,-1.780,-1.992,0.890,1.016,7.977,-15.451,-0.542,1.691,0.690,1.025,-13.541,24.249,-0.793,-2.304,-1.577,-1.766
0.916,0.792,-0.170,0.001,-0.203,0.024,0.897,0.820,-3.183,4.842,-0.302,-0.006,-1.843,-1.991,0.883,1.026,7.803,-12.236,-0.539,1.668,0.676,1.060,-15.384,28.390,-0.790,-2.304,-1.588,-1.777
0.918,0.633,0.521,-0.732,-0.152,0.003,0.892,0.824,-7.275,13.841,-0.148,-0.005,-1.750,-1.973,0.934,1.002,7.038,-9.620,-0.534,1.678,0.703,1.020,-13.748,25.001,-0.795,-2.307,-1.572,-1.780
0.761,0.948,-0.226,-0.096,-0.173,0.004,1.087,0.755,-6.479,8.936,-0.240,-0.009,-1.777,-1.974,0.849,0.973,6.825,-12.265,-0.543,1.680,0.745,0.980,-15.609,25.806,-0.790,-2.304,-1.580,-1.781
1.017,0.872,0.314,-0.006,-0.189,0.013,0.947,0.809,-7.325,5.526,-0.290,-0.013,-1.789,-1.973,0.851,1.075,6.076,-11.543,-0.531,1.691,0.683,1.037,-13.381,14.791,-0.778,-2.256,-1.597,-1.763
0.931,0.811,0.515,0.076,-0.188,0.021,1.243,0.859,-5.931,2.010,-0.305,-0.010,-1.778,-1.934,0.857,1.028,6.753,-9.411,-0.543,1.677,0.700,1.010,-8.280,2.634,-0.803,-2.315,-1.577,-1.724
0.931,0.892,1.926,-1.136,-0.151,0.017,1.077,0.649,-7.141,6.963,-0.335,-0.001,-1.820,-1.973,0.893,1.005,8.496,-12.472,-0.541,1.680,0.815,1.022,-9.667,8.880,-0.799,-2.277,-1.594,-1.739
0.949,0.813,3.880,-4.061,-0.202,0.002,0.899,0.837,-8.543,7.053,-0.254,-0.006,-1.898,-2.023,0.888,1.013,7.793,-7.584,-0.541,1.664,0.691,1.059,-4.766,-3.234,-0.795,-2.341,-1.615,-1.758
1.074,0.850,0.543,-1.103,-0.175,0.017,0.975,0.689,-5.847,0.882,-0.295,-0.008,-1.746,-1.973,0.865,1.038,4.725,-10.443,-0.541,1.692,0.726,1.017,-3.146,-7.675,-0.801,-2.319,-1.585,-1.766
0.947,0.752,3.551,-0.741,-0.166,0.027,0.975,0.731,-6.323,2.780,-0.320,-0.003,-1.797,-1.919,0.886,0.940,9.562,-8.355,-0.534,1.679,0.750,0.968,-3.110,-6.555,-0.793,-2.276,-1.577,-1.768
1.047,0.636,3.493,-1.904,-0.214,0.019,1.015,0.927,-5.442,1.260,-0.315,-0.012,-1.848,-1.973,0.916,1.081,8.841,-9.995,-0.538,1.684,0.705,1.102,-1.668,-9.951,-0.793,-2.297,-1.568,-1.775
0.918,0.790,0.645,1.555,-0.123,0.012,0.849,0.809,-3.808,-2.324,-0.269,0.011,-1.627,-2.080,0.896,0.986,2.427,-1.580,-0.540,1.698,0.743,1.049,2.799,-14.512,-0.798,-2.297,-1.535,-1.793
1.003,0.893,3.354,-0.713,-0.177,0.009,0.861,0.716,-5.153,-0.047,-0.309,-0.017,-1.820,-2.046,0.894,1.025,6.872,-6.330,-0.536,1.679,0.700,1.013,0.112,-11.946,-0.794,-2.278,-1.567,-1.793
0.860,0.887,3.121,-3.082,-0.188,0.020,0.947,0.742,-4.857,0.993,-0.255,-0.029,-1.616,-2.221,0.940,1.067,6.247,-7.543,-0.534,1.678,0.699,1.028,0.726,-11.475,-0.792,-2.309,-1.600,-1.819
1.075,0.989,2.691,-2.702,-0.190,0.021,0.990,0.716,-4.339,-0.342,-0.282,-0.017,-1.794,-2.061,0.884,0.985,4.790,-7.015,-0.540,1.681,0.701,1.028,2.756,-15.516,-0.791,-2.314,-1.568,-1.833
0.931,0.774,2.763,-0.556,-0.145,0.026,1.004,0.785,-2.934,-0.340,-0.294,-0.008,-1.777,-1.984,0.857,1.072,2.990,-0.662,-0.535,1.681,0.689,0.963,3.389,-14.277,-0.796,-2.294,-1.578,-1.776
0.949,0.810,1.824,-1.773,-0.187,0.020,0.904,0.901,-2.028,0.520,-0.294,-0.003,-1.802,-1.872,0.877,1.067,-3.064,7.574,-0.539,1.689,0.683,1.062,4.923,-12.742,-0.792,-2.301,-1.602,-1.791
1.045,0.872,0.253,0.012,-0.190,0.006,1.004,0.756,-1.720,-0.174,-0.294,-0.013,-1.744,-2.075,0.899,1.015,-11.726,21.297,-0.540,1.671,0.726,1.003,6.677,-13.895,-0.794,-2.309,-1.558,-1.776
1.021,0.814,1.095,0.509,-0.163,0.014,1.218,0.780,-2.436,0.253,-0.333,-0.007,-1.497,-1.964,0.923,1.058,-13.217,27.204,-0.539,1.670,0.765,1.010,5.396,-13.922,-0.795,-2.289,-1.579,-1.781
0.969,0.970,-3.499,6.138,-0.125,0.019,1.047,0.888,-1.035,0.054,-0.272,-0.015,-1.777,-2.054,0.862,0.994,-16.352,32.411,-0.536,1.677,0.755,1.014,6.870,-12.300,-0.793,-2.306,-1.573,-1.785
0.875,0.854,-4.661,6.273,-0.168,0.022,0.919,0.546,-0.657,-0.048,-0.271,-0.010,-1.800,-1.890,0.890,1.050,-17.151,28.896,-0.521,1.624,0.739,1.000,7.298,-12.172,-0.794,-2.295,-1.570,-1.788
0.962,0.814,-5.270,5.553,-0.151,0.023,0.919,0.691,-0.733,0.780,-0.294,-0.008,-1.695,-2.037,0.859,1.066,-16.271,25.804,-0.529,1.658,0.717,1.066,8.180,-13.823,-0.792,-2.299,-1.545,-1.773
0.959,0.676,-5.451,4.837,-0.165,0.022,1.133,0.652,0.694,-0.789,-0.290,-0.014,-1.635,-2.022,0.839,0.960,-15.567,19.282,-0.544,1.700,0.776,1.054,8.927,-14.845,-0.790,-2.309,-1.446,-1.789
0.975,0.872,-5.429,3.235,-0.201,0.010,0.933,0.873,0.400,0.165,-0.295,-0.016,-1.637,-2.001,0.852,1.031,-12.635,14.509,-0.537,1.674,0.728,1.036,9.319,-15.660,-0.796,-2.303,-1.407,-1.783
0.974,0.853,-5.765,1.697,-0.192,0.019,1.047,0.807,1.626,2.007,-0.304,-0.016,-1.519,-2.022,0.861,1.005,-11.737,8.593,-0.538,1.676,0.710,1.040,11.170,-13.110,-0.792,-2.298,-1.394,-1.818
0.887,0.713,-5.850,1.542,-0.182,0.016,0.761,0.834,4.156,-2.389,-0.290,-0.020,-1.615,-2.100,0.897,0.979,-10.342,6.975,-0.536,1.677,0.726,1.042,12.740,-15.674,-0.792,-2.315,-1.363,-1.831
0.888,0.734,-5.430,0.521,-0.200,0.029,1.305,0.624,2.994,-0.482,-0.308,0.005,-1.586,-2.062,0.852,1.057,-9.567,4.903,-0.537,1.677,0.693,1.038,13.170,-17.390,-0.793,-2.305,-1.318,-1.850
1.160,0.832,-5.726,0.109,-0.205,0.022,1.087,0.809,3.240,-0.013,-0.299,-0.012,-1.576,-2.091,0.904,1.011,-8.711,2.183,-0.538,1.672,0.721,1.034,12.329,-13.074,-0.793,-2.304,-1.253,-1.811
0.918,0.853,-4.470,-0.225,-0.179,0.010,0.890,0.820,4.671,-3.351,-0.316,-0.006,-1.472,-2.005,0.911,1.073,-5.751,1.196,-0.538,1.676,0.691,1.054,7.168,-6.520,-0.796,-2.292,-1.449,-1.776
0.918,0.853,-4.470,-0.225,-0.179,0.010,0.890,0.820,4.671,-3.351,-0.316,-0.006,-1.472,-2.005,0.911,1.073,-5.751,1.196,-0.538,1.676,0.691,1.054,10.795,-13.774,-0.796,-2.292,-1.449,-1.776
1.018,0.643,-4.829,-0.558,-0.185,0.012,0.989,0.717,3.876,-0.636,-0.289,-0.019,-1.714,-2.062,0.870,1.042,-5.603,0.955,-0.542,1.716,0.752,1.018,8.567,-8.099,-0.788,-2.302,-1.468,-1.798
1.018,0.643,-4.829,-0.558,-0.185,0.012,0.989,0.717,3.876,-0.636,-0.289,-0.019,-1.714,-2.062,0.870,1.042,-5.603,0.955,-0.542,1.716,0.752,1.018,12.529,-16.022,-0.788,-2.302,-1.468,-1.798
1.088,0.774,-3.493,-1.421,-0.163,0.007,0.776,0.651,1.161,2.462,-0.326,-0.009,-1.522,-1.986,0.910,1.079,-3.363,-0.859,-0.538,1.673,0.699,1.066,1.780,-0.580,-0.798,-2.294,-1.470,-1.774
0.817,0.854,-3.328,-0.949,-0.162,0.021,1.033,1.018,3.904,-2.072,-0.299,-0.018,-1.568,-1.956,0.894,1.031,-3.275,-0.370,-0.534,1.679,0.713,1.066,5.746,-6.987,-0.790,-2.314,-1.456,-1.768
0.817,0.854,-3.328,-0.949,-0.162,0.021,1.033,1.018,3.904,-2.072,-0.299,-0.018,-1.568,-1.956,0.894,1.031,-3.275,-0.370,-0.534,1.679,0.713,1.066,10.025,-15.544,-0.790,-2.314,-1.456,-1.768
1.002,0.792,-3.490,-0.866,-0.021,-0.032,0.776,0.742,-0.885,-0.696,-0.125,0.014,-1.665,-1.948,0.801,1.032,-3.510,-0.533,-0.538,1.672,0.642,1.022,-3.615,7.659,-0.799,-2.318,-1.450,-1.777
1.060,0.734,-3.035,-0.277,0.114,-0.034,0.947,0.862,1.958,-0.433,-0.044,0.024,-1.617,-2.051,0.903,1.030,-3.019,0.558,-0.539,1.700,0.750,1.001,-3.128,9.050,-0.796,-2.324,-1.469,-1.796
0.860,0.639,-2.965,-0.431,0.102,-0.047,1.005,0.861,2.939,-1.935,-0.001,0.049,-1.575,-2.012,0.858,1.040,-2.389,0.322,-0.559,1.723,0.691,1.021,-7.385,17.013,-0.802,-2.335,-1.465,-1.777
1.245,0.716,-2.652,0.121,-0.100,-0.008,0.846,0.888,-0.012,0.801,-0.176,0.011,-1.763,-1.934,0.935,1.025,-2.357,0.768,-0.526,1.655,0.763,1.033,-14.195,27.510,-0.782,-2.282,-1.462,-1.771
1.032,0.872,-1.808,0.179,-0.174,0.003,0.976,0.958,-1.860,5.030,-0.321,-0.004,-1.713,-2.012,0.944,1.001,-1.181,1.291,-0.522,1.630,0.708,1.002,-15.340,31.257,-0.786,-2.281,-1.491,-1.780
0.946,0.850,-1.701,0.942,-0.199,0.010,0.947,0.702,-3.991,5.798,-0.262,-0.016,-1.614,-2.010,0.917,1.044,-0.821,1.062,-0.539,1.669,0.709,1.016,-17.295,29.817,-0.797,-2.313,-1.461,-1.765
1.063,0.636,-1.590,-0.155,-0.165,-0.008,0.847,0.702,-5.185,4.972,-0.221,0.001,-1.715,-1.928,0.920,1.029,-0.876,0.545,-0.535,1.696,0.682,1.019,-15.408,19.793,-0.794,-2.305,-1.456,-1.741
0.989,0.792,-1.253,0.148,-0.192,0.021,1.033,0.741,-4.755,3.986,-0.287,0.000,-1.765,-1.898,0.865,1.032,-0.758,0.388,-0.538,1.660,0.709,1.006,-13.069,17.658,-0.796,-2.304,-1.477,-1.693
0.989,0.792,-1.253,0.148,-0.192,0.021,1.033,0.741,-4.755,3.986,-0.287,0.000,-1.765,-1.898,0.865,1.032,-0.758,0.388,-0.538,1.660,0.709,1.006,-13.069,17.658,-0.796,-2.304,-1.477,-1.693
0.875,0.851,0.116,0.357,-0.187,0.013,0.876,0.878,-4.749,2.267,-0.286,-0.006,-1.754,-1.923,0.862,1.002,1.693,1.164,-0.539,1.681,0.717,0.982,-10.263,9.934,-0.797,-2.319,-1.524,-1.750
1.002,0.835,1.258,0.654,-0.215,0.012,0.918,0.838,-5.016,0.317,-0.287,-0.027,-1.669,-1.971,0.942,1.067,2.947,1.587,-0.541,1.674,0.655,1.020,-8.671,4.480,-0.791,-2.294,-1.539,-1.750
1.002,0.835,1.258,0.654,-0.215,0.012,0.918,0.838,-5.016,0.317,-0.287,-0.027,-1.669,-1.971,0.942,1.067,2.947,1.587,-0.541,1.674,0.655,1.020,-8.671,4.480,-0.791,-2.294,-1.539,-1.750
1.003,0.792,0.545,0.884,-0.189,0.021,1.019,0.888,-4.187,-1.041,-0.287,-0.016,-1.785,-2.062,0.882,1.064,1.330,2.023,-0.535,1.683,0.752,1.016,-6.414,0.692,-0.791,-2.306,-1.562,-1.792
1.189,0.715,0.620,0.944,-0.194,0.012,1.048,0.852,-4.265,-1.360,-0.319,-0.005,-1.755,-2.024,0.949,1.063,1.527,1.488,-0.541,1.674,0.743,1.047,-6.193,0.098,-0.796,-2.302,-1.516,-1.790
0.975,0.890,0.617,0.478,-0.165,0.028,0.747,0.902,-3.690,-1.661,-0.315,-0.004,-1.702,-2.109,0.867,1.036,1.404,0.952,-0.534,1.691,0.686,1.049,-5.140,-0.498,-0.795,-2.294,-1.502,-1.808
1.130,0.853,0.443,0.516,-0.202,0.016,0.989,0.660,-3.837,-1.496,-0.301,-0.003,-1.643,-2.081,0.910,1.071,0.530,0.977,-0.539,1.677,0.730,1.058,-4.906,-1.295,-0.793,-2.302,-1.482,-1.811
1.174,0.771,-0.062,0.434,-0.173,0.017,0.861,0.770,-3.773,-1.684,-0.281,-0.013,-1.755,-1.987,0.884,1.008,-0.016,0.777,-0.537,1.690,0.680,1.014,-4.411,-0.859,-0.794,-2.298,-1.493,-1.780
1.103,0.948,-0.448,0.456,-0.189,0.020,0.890,0.691,-3.245,-1.905,-0.282,-0.021,-1.702,-2.056,0.943,1.028,-0.827,0.611,-0.540,1.676,0.710,1.061,-3.231,-1.506,-0.793,-2.301,-1.506,-1.786
1.046,0.792,-0.911,0.293,-0.202,0.036,0.904,0.812,-2.941,-1.830,-0.257,-0.006,-1.865,-1.974,0.886,1.026,-1.713,0.827,-0.538,1.682,0.700,1.028,-3.062,-1.658,-0.793,-2.304,-1.501,-1.776
0.931,0.795,-0.741,0.478,-0.201,0.016,0.876,0.731,-2.736,-1.612,-0.308,-0.014,-1.753,-1.992,0.796,0.996,-0.882,1.188,-0.540,1.685,0.735,1.007,-2.649,-1.768,-0.792,-2.303,-1.495,-1.743
0.891,0.814,-1.008,0.275,-0.219,0.025,0.961,0.703,-2.616,-1.578,-0.315,-0.004,-1.672,-1.951,0.868,1.065,-1.788,0.351,-0.541,1.683,0.715,1.073,-2.324,-1.244,-0.794,-2.302,-1.499,-1.732
0.818,0.890,-1.285,0.278,-0.163,0.027,1.075,0.717,-2.476,-1.131,-0.291,-0.021,-1.533,-1.960,0.878,1.046,-2.074,0.359,-0.537,1.685,0.658,1.009,-2.091,-0.854,-0.793,-2.305,-1.452,-1.782
0.794,0.796,-2.424,0.357,-0.185,0.013,1.118,0.650,-1.944,-1.470,-0.293,-0.013,-1.789,-2.123,0.930,1.037,-3.567,0.468,-0.540,1.678,0.708,1.050,-1.711,-0.875,-0.792,-2.301,-1.418,-1.777
1.088,0.811,-1.824,0.370,-0.161,0.014,0.932,0.717,-1.873,-0.722,-0.220,-0.004,-1.541,-2.014,0.879,1.003,-6.294,7.189,-0.537,1.682,0.726,1.030,-1.595,-0.208,-0.793,-2.300,-1.376,-1.783
1.106,0.734,-1.689,0.341,-0.093,-0.002,1.233,0.731,-2.079,-0.353,-0.208,-0.003,-1.534,-1.912,0.886,1.041,-9.823,15.595,-0.544,1.701,0.749,1.037,-1.838,0.502,-0.796,-2.312,-1.358,-1.788
0.860,0.890,-1.782,0.277,-0.189,0.013,0.947,0.781,-2.162,-0.197,-0.263,-0.007,-1.527,-2.055,0.861,1.047,-13.878,23.736,-0.548,1.713,0.696,1.011,-1.713,1.245,-0.794,-2.298,-1.396,-1.810
1.161,0.890,-4.692,5.475,-0.188,0.012,0.876,0.742,-1.580,-0.350,-0.253,-0.018,-1.766,-2.002,0.934,1.028,-17.876,31.926,-0.541,1.694,0.746,1.040,-0.817,0.515,-0.794,-2.303,-1.466,-1.776
1.161,0.890,-4.692,5.475,-0.188,0.012,0.876,0.742,-1.580,-0.350,-0.253,-0.018,-1.766,-2.002,0.934,1.028,-21.838,39.849,-0.541,1.694,0.746,1.040,-0.817,0.515,-0.794,-2.303,-1.466,-1.776
0.974,0.889,-6.107,7.272,-0.190,0.019,1.161,0.756,-1.271,1.310,-0.275,-0.033,-1.482,-2.038,0.924,1.024,-14.209,22.135,-0.529,1.656,0.749,1.015,-1.041,2.650,-0.793,-2.307,-1.467,-1.781
0.943,0.854,-8.014,7.987,-0.217,0.020,1.147,0.873,-0.881,1.357,-0.280,0.001,-1.680,-2.038,0.865,1.040,-14.317,18.147,-0.517,1.613,0.732,1.054,-0.486,2.770,-0.792,-2.304,-1.459,-1.776
1.001,0.677,-7.212,8.535,-0.217,0.027,0.834,0.927,-0.427,1.478,-0.261,-0.016,-1.619,-1.928,0.861,1.036,-11.326,13.900,-0.554,1.723,0.744,1.033,0.162,2.315,-0.792,-2.306,-1.466,-1.772
1.103,0.792,-5.942,3.002,-0.189,0.012,0.919,0.862,0.161,1.671,-0.306,-0.018,-1.624,-1.964,0.958,1.078,-6.854,3.778,-0.545,1.699,0.766,1.005,1.242,2.944,-0.792,-2.303,-1.462,-1.780
1.103,0.836,-6.730,4.154,-0.208,0.007,1.104,0.825,-0.668,1.655,-0.319,-0.005,-1.765,-2.002,0.900,1.060,-6.850,0.627,-0.526,1.639,0.785,1.057,0.249,2.730,-0.795,-2.294,-1.473,-1.798
1.008,1.085,-7.584,3.680,-0.204,0.015,0.932,0.703,-0.725,0.952,-0.246,-0.005,-1.619,-2.002,0.891,1.075,-2.233,-10.361,-0.546,1.696,0.756,1.022,-0.762,1.272,-0.793,-2.310,-1.453,-1.769
1.021,0.753,-4.781,-2.482,-0.169,0.006,0.806,0.701,-0.954,0.705,-0.255,-0.007,-1.634,-1.928,0.924,1.044,-0.689,-13.556,-0.540,1.681,0.694,1.064,-1.251,0.845,-0.795,-2.298,-1.476,-1.791
1.028,0.951,-5.610,0.434,-0.152,0.005,1.064,0.731,-0.584,1.163,-0.247,-0.007,-1.533,-1.983,0.929,0.993,-1.448,-9.772,-0.546,1.691,0.726,1.007,-0.672,1.285,-0.792,-2.297,-1.464,-1.789
1.060,0.969,-5.269,0.184,-0.114,0.003,1.006,1.019,-0.533,0.672,-0.209,0.003,-1.811,-2.020,0.908,1.065,-0.560,-9.835,-0.534,1.693,0.681,1.069,-0.275,0.984,-0.795,-2.308,-1.467,-1.778
1.044,0.911,-5.355,0.521,-0.204,0.017,0.904,0.610,-0.823,0.994,-0.316,-0.012,-1.682,-1.947,0.918,1.018,0.706,-11.498,-0.543,1.670,0.680,0.966,-0.963,1.155,-0.790,-2.292,-1.496,-1.787
1.048,0.872,-4.756,-0.336,-0.214,0.018,0.919,0.758,-1.278,1.040,-0.319,-0.016,-1.649,-2.038,0.917,1.027,0.307,-11.914,-0.538,1.669,0.807,1.010,-1.511,0.961,-0.795,-2.309,-1.538,-1.793
1.048,0.872,-4.756,-0.336,-0.214,0.018,0.919,0.758,-1.278,1.040,-0.319,-0.016,-1.649,-2.038,0.917,1.027,-0.544,-10.212,-0.538,1.669,0.807,1.010,-1.511,0.961,-0.795,-2.309,-1.538,-1.793
1.092,0.771,-3.345,0.582,-0.144,0.023,0.887,0.729,-1.257,0.571,-0.304,-0.002,-1.669,-2.038,0.907,1.037,4.234,-13.329,-0.531,1.716,0.707,1.067,-1.413,0.512,-0.793,-2.294,-1.510,-1.785
0.907,0.680,-1.847,-1.086,-0.224,0.016,0.808,0.728,-2.259,1.009,-0.290,-0.014,-1.654,-2.000,0.902,1.008,4.703,-11.986,-0.542,1.665,0.720,1.059,-2.974,1.146,-0.792,-2.297,-1.504,-1.775
0.946,0.851,-3.454,-0.371,-0.218,0.026,1.034,0.675,-1.567,0.521,-0.284,0.004,-1.587,-1.927,0.919,1.021,4.310,-12.893,-0.551,1.724,0.700,1.037,-2.433,0.835,-0.794,-2.296,-1.493,-1.772
0.918,0.872,-2.211,0.682,-0.161,0.027,0.920,0.743,-1.617,0.348,-0.275,-0.011,-1.655,-2.020,0.883,1.003,6.235,-13.290,-0.539,1.711,0.750,1.019,-5.449,6.847,-0.793,-2.304,-1.494,-1.783
1.016,0.932,-0.798,0.201,-0.229,0.008,0.904,0.781,-2.057,0.800,-0.334,-0.006,-1.710,-1.998,0.878,0.996,7.893,-12.330,-0.546,1.683,0.713,1.033,-9.888,15.902,-0.794,-2.298,-1.483,-1.752
0.860,0.832,0.030,-0.777,-0.218,0.018,1.076,0.781,-2.260,0.373,-0.312,-0.019,-1.622,-2.065,0.938,1.034,8.197,-15.890,-0.542,1.709,0.684,1.042,-14.075,24.071,-0.793,-2.300,-1.473,-1.758
1.032,0.594,0.209,0.508,-0.201,0.016,1.190,0.929,-3.237,4.293,-0.296,-0.013,-1.655,-2.054,0.844,1.063,6.389,-11.491,-0.546,1.668,0.732,1.038,-14.980,27.624,-0.791,-2.310,-1.477,-1.773
0.959,0.832,0.852,0.802,-0.151,0.018,1.038,0.717,-5.854,8.143,-0.249,-0.018,-1.710,-2.068,0.888,1.023,7.967,-11.985,-0.533,1.701,0.709,1.034,-15.452,28.990,-0.793,-2.308,-1.490,-1.781
0.820,0.811,-0.559,-0.026,-0.113,-0.004,0.977,0.898,-6.726,7.901,-0.238,-0.002,-1.585,-2.028,0.844,0.979,5.310,-12.556,-0.539,1.662,0.712,1.027,-14.868,23.967,-0.789,-2.304,-1.539,-1.769
0.907,0.872,1.536,-2.409,-0.149,0.018,0.748,0.627,-10.165,7.293,-0.302,-0.003,-1.893,-1.951,0.902,1.001,8.619,-10.794,-0.534,1.694,0.640,1.012,-13.905,18.568,-0.794,-2.300,-1.568,-1.740
1.002,0.830,2.728,-2.284,-0.156,0.010,0.861,0.848,-8.658,8.264,-0.264,-0.003,-1.789,-1.898,0.845,1.029,10.313,-15.180,-0.529,1.668,0.742,1.017,-13.855,14.209,-0.793,-2.304,-1.561,-1.726
0.860,0.832,2.090,-0.657,-0.123,0.018,0.958,0.820,-6.662,3.123,-0.330,0.006,-1.996,-1.978,0.852,1.019,8.774,-11.464,-0.532,1.697,0.758,1.041,-9.389,1.982,-0.798,-2.287,-1.657,-1.754
0.860,0.832,2.090,-0.657,-0.123,0.018,0.958,0.820,-6.662,3.123,-0.330,0.006,-1.996,-1.978,0.852,1.019,11.978,-17.870,-0.532,1.697,0.758,1.041,-12.350,7.904,-0.798,-2.287,-1.657,-1.754
1.047,0.753,2.319,-0.731,-0.111,-0.004,1.001,0.531,-6.059,0.690,-0.209,0.016,-2.120,-2.190,0.882,0.982,7.610,-9.889,-0.540,1.692,0.753,1.030,-3.028,-6.874,-0.795,-2.314,-1.865,-1.788
0.734,0.891,3.232,-1.536,-0.076,-0.005,0.963,0.759,-7.165,1.673,-0.141,0.030,-1.847,-2.125,0.928,0.967,9.044,-10.862,-0.543,1.697,0.717,1.032,-4.120,-5.155,-0.799,-2.300,-1.714,-1.773
0.931,0.875,1.759,-0.157,-0.173,0.004,1.101,0.731,-5.364,0.051,-0.249,-0.020,-1.837,-1.960,0.892,1.063,5.660,-5.201,-0.533,1.657,0.739,1.008,-0.877,-11.826,-0.784,-2.288,-1.591,-1.795
0.919,0.851,5.625,-7.972,-0.109,0.030,1.013,0.756,-6.936,4.293,-0.373,0.014,-1.797,-2.056,0.903,1.049,6.082,-8.642,-0.532,1.706,0.702,1.062,-0.462,-8.712,-0.808,-2.280,-1.586,-1.783
0.946,0.713,3.035,-2.380,-0.163,0.007,0.932,0.731,-5.318,0.819,-0.298,-0.018,-1.740,-2.076,0.830,1.039,6.856,-7.803,-0.540,1.686,0.725,0.981,-0.084,-11.177,-0.802,-2.318,-1.579,-1.782
0.992,0.872,4.542,-3.399,-0.214,0.019,0.932,0.664,-4.624,2.635,-0.266,-0.022,-1.783,-2.073,0.861,1.028,2.187,-1.768,-0.535,1.680,0.733,1.037,3.770,-12.719,-0.789,-2.313,-1.593,-1.849
0.820,0.771,0.153,0.243,-0.239,-0.003,0.904,0.834,-3.983,0.045,-0.303,0.006,-1.797,-1.967,0.849,1.035,-0.656,-0.133,-0.544,1.670,0.683,1.001,2.997,-14.312,-0.800,-2.294,-1.588,-1.784
0.762,0.814,2.144,-0.361,-0.136,0.016,1.033,0.888,-3.883,-0.472,-0.301,-0.006,-1.840,-2.003,0.854,1.060,2.128,0.401,-0.537,1.694,0.644,1.013,3.005,-15.557,-0.793,-2.299,-1.572,-1.746
0.961,0.948,-0.165,2.953,-0.206,0.009,0.788,0.585,-2.579,-0.874,-0.274,-0.003,-1.663,-1.965,0.898,1.064,-8.515,14.944,-0.540,1.676,0.698,1.029,4.909,-14.668,-0.794,-2.326,-1.565,-1.791
0.998,0.890,1.997,-1.565,-0.102,0.013,1.004,0.717,-2.526,-0.163,-0.209,0.000,-1.820,-1.982,0.838,1.065,-11.166,25.371,-0.534,1.705,0.758,1.017,5.207,-13.912,-0.797,-2.290,-1.576,-1.792
0.834,0.774,-3.396,4.852,-0.228,0.015,0.975,0.977,-1.688,-0.917,-0.362,-0.022,-1.778,-1.983,0.825,1.109,-18.465,33.082,-0.537,1.643,0.671,1.060,5.453,-13.031,-0.790,-2.294,-1.566,-1.779
1.016,0.854,-4.349,7.047,-0.215,0.012,0.863,0.860,-0.955,-0.349,-0.321,-0.007,-1.802,-2.003,0.983,1.068,-19.043,33.048,-0.527,1.667,0.678,1.063,6.683,-12.883,-0.789,-2.275,-1.563,-1.781
0.960,0.835,-4.703,7.743,-0.192,0.006,0.774,0.742,-0.255,-0.687,-0.258,-0.006,-1.661,-2.002,0.807,1.018,-15.636,27.741,-0.524,1.619,0.702,1.022,6.688,-11.180,-0.798,-2.311,-1.532,-1.788
0.761,0.941,-5.899,4.583,-0.173,0.023,0.915,0.717,0.377,-0.856,-0.308,-0.004,-1.614,-2.108,0.886,0.970,-15.115,18.854,-0.545,1.719,0.667,1.036,6.600,-10.257,-0.787,-2.295,-1.445,-1.785
0.988,0.800,-5.292,3.361,-0.226,0.021,0.933,0.770,-0.415,-0.186,-0.307,-0.001,-1.690,-2.002,0.881,1.060,-13.093,15.583,-0.537,1.676,0.685,0.994,6.430,-11.635,-0.792,-2.292,-1.414,-1.800
0.931,0.731,-6.487,2.760,-0.219,0.018,0.818,0.731,1.358,0.146,-0.280,-0.018,-1.644,-2.011,0.945,1.008,-13.905,12.096,-0.537,1.671,0.766,1.025,8.635,-9.072,-0.790,-2.301,-1.407,-1.811
1.032,0.890,-5.719,1.562,-0.189,0.013,0.989,0.795,2.113,-0.271,-0.321,-0.021,-1.627,-2.012,0.888,1.036,-11.650,7.877,-0.532,1.687,0.716,1.038,9.476,-12.417,-0.789,-2.303,-1.436,-1.821
0.875,0.835,-5.869,1.397,-0.227,0.008,1.160,0.781,3.335,-0.035,-0.302,-0.016,-1.546,-2.011,0.981,1.049,-11.067,6.426,-0.540,1.656,0.749,0.980,10.808,-11.107,-0.795,-2.308,-1.376,-1.814
0.903,0.796,-5.967,-0.053,-0.191,0.020,0.861,0.770,2.004,1.748,-0.304,-0.016,-1.580,-1.986,0.899,1.067,-8.887,2.854,-0.535,1.683,0.718,1.052,11.627,-14.336,-0.791,-2.292,-1.402,-1.785
0.903,0.774,-5.998,-0.381,-0.163,0.000,0.947,0.809,5.457,-4.242,-0.254,-0.013,-1.422,-2.088,0.927,1.025,-8.618,1.612,-0.539,1.671,0.726,1.029,14.378,-17.402,-0.792,-2.312,-1.427,-1.800
0.860,0.933,-5.562,-0.001,-0.033,-0.002,0.904,0.704,4.581,-4.812,-0.220,0.006,-1.591,-2.017,0.803,1.011,-8.170,2.784,-0.543,1.705,0.682,1.033,10.737,-16.656,-0.800,-2.314,-1.439,-1.785
0.946,0.726,-4.682,-0.586,-0.175,0.024,0.876,0.938,2.058,2.953,-0.243,-0.022,-1.702,-2.068,0.837,1.127,-5.669,0.757,-0.537,1.663,0.665,1.081,9.704,-11.870,-0.781,-2.301,-1.464,-1.776
0.960,0.792,-5.274,-0.167,-0.149,0.025,0.847,0.782,5.722,-5.194,-0.278,-0.010,-1.702,-2.068,0.864,0.982,-6.230,1.259,-0.532,1.702,0.724,1.039,12.522,-16.280,-0.796,-2.320,-1.499,-1.816
0.874,0.893,-4.015,-0.836,-0.239,0.012,0.860,0.782,3.441,-0.409,-0.334,-0.010,-1.302,-2.037,0.875,1.138,-4.392,0.278,-0.543,1.662,0.718,1.065,5.854,-5.740,-0.789,-2.290,-1.477,-1.783
0.989,0.731,-3.855,-1.088,-0.177,0.010,0.890,0.783,4.013,0.046,-0.289,-0.015,-1.530,-2.012,0.855,1.034,-3.725,-0.594,-0.537,1.682,0.717,1.030,6.671,-3.998,-0.797,-2.290,-1.482,-1.791
0.946,0.753,-3.368,-0.866,-0.190,0.005,0.832,0.861,0.889,3.848,-0.256,-0.020,-1.875,-2.031,0.866,1.009,-3.085,-0.591,-0.536,1.678,0.768,1.029,6.310,-8.191,-0.789,-2.338,-1.478,-1.798
0.946,0.753,-3.368,-0.866,-0.190,0.005,0.832,0.861,0.889,3.848,-0.256,-0.020,-1.875,-2.031,0.866,1.009,-3.085,-0.591,-0.536,1.678,0.768,1.029,10.589,-16.748,-0.789,-2.338,-1.478,-1.798
0.989,0.792,-3.367,-0.668,-0.177,0.024,0.990,0.717,-0.802,5.048,-0.345,0.003,-1.678,-1.989,0.934,1.048,-2.968,-0.391,-0.536,1.670,0.715,1.009,2.647,-2.579,-0.795,-2.280,-1.475,-1.779
0.989,0.792,-3.367,-0.668,-0.177,0.024,0.990,0.717,-0.802,5.048,-0.345,0.003,-1.678,-1.989,0.934,1.048,-2.968,-0.391,-0.536,1.670,0.715,1.009,2.647,-2.579,-0.795,-2.280,-1.475,-1.779
0.845,0.811,-2.972,-0.226,-0.145,0.026,0.876,0.820,3.495,-6.506,-0.288,-0.019,-1.845,-1.989,0.866,0.978,-2.855,0.239,-0.533,1.683,0.711,0.991,0.548,-1.570,-0.791,-2.313,-1.513,-1.804
0.961,0.835,-2.292,0.160,-0.215,0.005,0.833,0.768,-1.106,2.808,-0.346,-0.003,-1.708,-2.003,0.982,1.050,-1.516,1.150,-0.540,1.651,0.705,1.021,-13.476,24.803,-0.795,-2.261,-1.491,-1.716
0.875,0.697,-1.850,0.213,-0.167,0.030,1.033,0.850,-2.441,4.899,-0.203,-0.002,-1.945,-2.073,0.862,0.974,-1.308,0.698,-0.544,1.693,0.758,1.036,-15.025,31.700,-0.793,-2.344,-1.531,-1.788
0.736,0.832,-2.067,0.176,-0.173,0.018,0.776,0.873,-3.800,6.585,-0.325,0.007,-1.485,-1.983,0.904,1.036,-1.731,0.900,-0.537,1.694,0.693,1.022,-17.046,30.650,-0.792,-2.279,-1.506,-1.762
0.930,0.774,-1.789,-0.011,-0.186,0.014,1.047,0.712,-4.657,6.961,-0.303,-0.023,-1.783,-2.002,0.888,1.067,-1.047,0.856,-0.535,1.659,0.724,0.993,-16.019,27.201,-0.781,-2.279,-1.499,-1.772
0.919,0.869,-1.066,0.358,-0.213,0.012,1.133,0.823,-5.050,4.944,-0.291,-0.006,-1.783,-2.003,0.897,1.001,-0.706,1.001,-0.542,1.690,0.726,1.064,-15.098,20.013,-0.794,-2.306,-1.499,-1.761
1.002,0.872,-0.219,0.723,-0.161,0.028,0.890,0.809,-4.761,2.426,-0.291,-0.014,-1.830,-1.959,0.902,0.996,1.161,1.331,-0.540,1.672,0.713,1.006,-11.138,10.346,-0.791,-2.308,-1.520,-1.713
1.005,0.774,0.665,1.010,-0.100,0.007,0.962,0.834,-4.631,2.479,-0.267,0.006,-1.614,-1.889,0.893,1.003,2.758,2.019,-0.539,1.681,0.740,1.022,-9.708,9.893,-0.793,-2.301,-1.533,-1.709
1.078,0.828,1.181,1.104,-0.071,-0.006,0.976,0.716,-4.674,1.085,-0.229,0.012,-1.760,-2.024,0.872,1.053,2.796,2.015,-0.543,1.712,0.730,1.017,-9.542,6.739,-0.797,-2.313,-1.566,-1.747
1.060,0.713,0.931,1.171,-0.184,0.006,0.788,0.569,-4.302,0.714,-0.277,-0.019,-1.743,-1.973,0.875,1.025,1.955,1.905,-0.539,1.667,0.673,1.053,-8.050,4.623,-0.791,-2.297,-1.613,-1.759
0.875,0.988,0.952,0.658,-0.229,0.014,0.877,0.731,-3.805,-0.883,-0.265,-0.022,-1.774,-2.081,0.865,1.041,2.017,0.788,-0.541,1.686,0.711,1.031,-5.690,0.646,-0.794,-2.308,-1.660,-1.812
0.874,0.888,0.795,0.575,-0.178,0.016,0.975,0.834,-4.023,-0.308,-0.297,-0.008,-1.854,-2.037,0.896,1.001,1.328,1.071,-0.538,1.680,0.773,1.034,-5.775,0.530,-0.793,-2.296,-1.677,-1.785
1.131,0.734,0.827,0.681,-0.188,0.013,0.947,0.809,-3.252,-1.375,-0.276,-0.011,-1.914,-2.003,0.882,1.011,1.072,1.035,-0.534,1.674,0.714,1.028,-4.285,-0.066,-0.792,-2.300,-1.679,-1.783
1.116,0.853,0.433,0.633,-0.178,0.015,0.962,0.901,-3.527,-1.768,-0.324,-0.015,-1.840,-2.111,0.949,1.030,0.595,0.773,-0.537,1.683,0.704,1.029,-4.468,-1.037,-0.792,-2.298,-1.620,-1.825
0.749,0.832,-0.036,0.538,-0.201,0.008,0.961,0.756,-3.418,-1.823,-0.286,-0.012,-1.836,-2.062,0.888,1.028,-0.360,0.703,-0.538,1.681,0.637,1.038,-4.211,-1.449,-0.792,-2.306,-1.613,-1.807
1.032,0.774,-0.554,0.943,-0.179,0.016,0.991,0.980,-2.899,-1.714,-0.289,-0.018,-1.790,-2.079,0.889,1.005,-1.318,1.085,-0.537,1.675,0.749,1.026,-3.205,-1.484,-0.794,-2.305,-1.597,-1.784
0.903,0.890,-1.076,0.659,-0.211,0.027,0.890,0.731,-2.839,-1.852,-0.278,-0.010,-1.844,-2.036,0.926,1.055,-1.684,0.933,-0.539,1.681,0.696,1.035,-2.620,-1.642,-0.793,-2.303,-1.580,-1.770
0.934,0.890,-0.657,0.516,-0.161,0.028,0.947,0.729,-3.248,-2.073,-0.320,-0.013,-1.818,-2.019,0.869,1.017,-1.224,0.992,-0.537,1.684,0.745,1.064,-3.152,-1.587,-0.793,-2.299,-1.574,-1.772
0.903,0.832,-0.740,0.130,-0.138,0.015,1.020,0.860,-3.114,-1.464,-0.238,0.004,-1.869,-2.111,0.917,1.032,-1.374,0.370,-0.537,1.681,0.727,1.037,-3.088,-1.322,-0.795,-2.301,-1.570,-1.779
0.824,0.872,-1.510,0.500,-0.187,0.008,0.775,0.982,-2.161,-1.413,-0.322,-0.004,-1.727,-1.993,0.885,1.010,-2.388,0.675,-0.536,1.680,0.716,1.021,-1.952,-0.904,-0.791,-2.291,-1.526,-1.778
0.903,0.774,-1.987,0.212,-0.215,0.019,0.732,0.729,-2.396,-1.190,-0.279,-0.018,-1.670,-2.053,0.845,1.024,-3.454,0.163,-0.532,1.665,0.706,1.047,-2.425,-0.702,-0.788,-2.292,-1.512,-1.783
0.946,0.853,-2.191,0.356,-0.175,0.017,1.160,0.851,-2.562,-0.853,-0.333,-0.007,-1.757,-1.983,0.958,0.997,-6.541,6.598,-0.540,1.688,0.715,1.037,-2.234,0.029,-0.796,-2.312,-1.487,-1.775
1.029,0.756,-1.771,0.436,-0.192,0.020,1.061,0.781,-2.114,0.097,-0.289,-0.013,-1.717,-1.988,0.916,1.017,-9.729,15.463,-0.542,1.691,0.698,1.036,-1.674,1.378,-0.791,-2.295,-1.522,-1.782
0.903,0.790,-1.562,0.372,-0.185,0.014,1.034,0.941,-2.249,0.387,-0.304,-0.002,-1.829,-2.003,0.902,1.009,-13.919,23.995,-0.534,1.673,0.731,1.018,-2.122,1.727,-0.793,-2.305,-1.565,-1.792
1.048,0.709,-7.350,5.410,-0.120,0.020,0.932,0.834,-1.785,-0.180,-0.314,-0.010,-1.714,-2.003,0.928,1.033,-15.661,27.818,-0.536,1.692,0.741,1.046,-1.232,0.581,-0.795,-2.297,-1.568,-1.786
0.977,0.911,-5.182,5.518,-0.203,0.008,1.029,0.664,-1.079,0.429,-0.321,-0.005,-1.801,-1.965,0.856,1.065,-14.600,23.038,-0.534,1.683,0.732,1.033,-0.490,1.563,-0.793,-2.300,-1.567,-1.791
0.987,0.929,-4.137,2.390,-0.191,0.006,0.934,0.702,-0.928,0.470,-0.287,-0.007,-1.744,-2.074,0.863,0.990,-16.996,27.042,-0.534,1.657,0.719,0.987,-0.172,1.949,-0.793,-2.300,-1.553,-1.790
1.002,0.774,-9.795,12.117,-0.173,0.016,1.018,0.784,-1.579,1.301,-0.271,-0.016,-1.717,-2.038,0.879,1.031,-19.027,26.883,-0.539,1.692,0.662,1.023,-0.996,2.129,-0.793,-2.300,-1.544,-1.778
0.832,0.832,-7.071,9.911,-0.211,0.012,1.018,0.861,-1.334,0.968,-0.326,0.007,-1.772,-1.982,0.885,1.084,-10.821,17.775,-0.532,1.657,0.740,1.082,-0.923,1.751,-0.795,-2.311,-1.569,-1.774
1.101,0.836,-4.796,1.897,-0.183,0.021,0.919,0.886,-1.173,1.453,-0.293,-0.014,-1.882,-2.112,0.922,1.070,-10.731,10.494,-0.532,1.659,0.771,1.094,-0.882,2.444,-0.793,-2.302,-1.619,-1.773
1.017,0.853,-7.927,5.087,-0.187,0.013,0.904,0.807,-0.501,1.857,-0.302,-0.011,-1.745,-1.966,0.923,1.017,-9.129,2.431,-0.548,1.710,0.689,1.027,0.340,2.703,-0.794,-2.304,-1.536,-1.785
0.989,0.756,-5.753,2.281,-0.214,0.012,0.876,0.610,-0.368,1.065,-0.307,-0.009,-1.771,-2.002,0.909,1.070,-2.602,-4.029,-0.532,1.636,0.670,1.015,0.705,1.490,-0.793,-2.306,-1.559,-1.783
0.918,0.832,-6.110,2.487,-0.159,0.022,0.943,0.691,-0.310,0.736,-0.311,-0.010,-1.771,-2.038,0.901,1.030,-3.358,-6.208,-0.533,1.713,0.723,1.050,0.206,1.027,-0.793,-2.301,-1.569,-1.772
0.946,0.735,-7.092,2.125,-0.187,-0.000,1.005,1.084,-0.368,0.795,-0.268,0.005,-1.720,-2.038,0.885,1.065,-2.947,-9.439,-0.547,1.662,0.741,1.019,0.194,0.962,-0.793,-2.302,-1.565,-1.786
0.870,0.774,-5.150,-0.635,-0.243,-0.017,0.778,0.837,-0.618,0.602,-0.319,-0.005,-1.826,-2.002,0.894,1.013,-2.183,-9.743,-0.545,1.659,0.669,0.996,-0.758,0.775,-0.791,-2.297,-1.567,-1.794
0.891,0.813,-3.279,-4.712,-0.163,0.014,0.748,0.703,-1.005,0.649,-0.304,-0.016,-1.781,-2.038,0.898,1.015,0.439,-12.983,-0.538,1.669,0.709,0.978,-1.171,0.699,-0.789,-2.287,-1.557,-1.774
1.063,0.911,-5.970,1.265,-0.175,0.004,1.048,0.731,-1.340,0.640,-0.264,-0.001,-1.839,-2.111,0.890,1.019,0.379,-13.715,-0.535,1.658,0.743,1.042,-1.320,0.688,-0.792,-2.296,-1.586,-1.786
0.844,0.731,-3.976,0.026,-0.177,0.003,0.888,0.873,-1.310,0.862,-0.287,0.003,-1.840,-1.983,0.866,1.036,3.100,-15.479,-0.539,1.688,0.733,1.021,-1.370,0.780,-0.793,-2.300,-1.612,-1.780
1.003,0.774,-3.527,0.430,-0.199,0.023,0.968,0.705,-1.837,0.560,-0.364,-0.022,-1.799,-2.002,0.933,0.977,5.048,-13.467,-0.532,1.681,0.687,1.029,-2.095,0.759,-0.791,-2.297,-1.624,-1.796
1.036,0.850,-3.553,-0.652,-0.268,0.017,0.849,0.731,-1.589,0.916,-0.289,-0.001,-1.710,-2.038,0.911,1.038,3.218,-16.084,-0.546,1.665,0.722,1.035,-1.990,0.956,-0.793,-2.302,-1.569,-1.779
1.017,0.579,-3.334,-1.153,-0.162,0.014,1.046,0.717,-1.729,0.640,-0.305,-0.010,-1.803,-2.020,0.901,1.025,4.844,-16.406,-0.538,1.700,0.738,1.045,-1.964,1.113,-0.793,-2.303,-1.578,-1.775
0.931,0.796,-1.218,-1.579,-0.201,0.002,0.846,0.715,-1.539,0.780,-0.390,0.006,-1.818,-2.040,0.856,1.065,6.835,-15.070,-0.545,1.670,0.698,1.030,-5.144,6.980,-0.793,-2.304,-1.605,-1.781
1.019,0.615,-2.160,0.009,-0.214,0.018,0.975,0.731,-1.773,1.001,-0.284,-0.014,-1.804,-2.078,0.918,1.017,5.601,-13.026,-0.535,1.680,0.698,1.049,-9.350,15.901,-0.792,-2.306,-1.585,-1.778
1.032,0.811,-0.788,-0.784,-0.223,0.028,0.993,0.742,-1.672,0.871,-0.280,-0.012,-1.790,-2.003,0.869,1.042,7.195,-14.856,-0.539,1.676,0.782,1.072,-13.682,24.304,-0.794,-2.296,-1.577,-1.770
1.032,0.774,0.246,-1.053,-0.187,0.006,1.018,0.795,-8.143,12.809,-0.292,0.002,-1.850,-2.080,0.915,1.049,8.167,-12.024,-0.543,1.665,0.712,1.072,-16.909,30.940,-0.792,-2.298,-1.588,-1.786
1.032,0.774,0.246,-1.053,-0.187,0.006,1.018,0.795,-8.143,12.809,-0.292,0.002,-1.850,-2.080,0.915,1.049,9.993,-15.677,-0.543,1.665,0.712,1.072,-20.870,38.863,-0.792,-2.298,-1.588,-1.786
0.973,0.772,0.732,-1.416,-0.187,0.006,1.190,0.770,-8.336,10.254,-0.316,-0.005,-1.736,-2.003,0.820,1.013,6.022,-9.237,-0.539,1.691,0.807,1.001,-11.516,15.179,-0.778,-2.255,-1.586,-1.761
0.950,0.813,0.185,0.489,-0.180,0.026,1.104,0.834,-6.303,6.361,-0.341,0.003,-1.789,-2.032,0.878,1.076,5.657,-10.278,-0.545,1.722,0.725,1.085,-11.857,14.570,-0.793,-2.300,-1.587,-1.761
0.916,0.732,1.771,-3.445,-0.161,0.014,0.919,0.902,-5.796,9.088,-0.313,0.004,-1.767,-1.922,0.903,0.997,7.167,-9.281,-0.531,1.662,0.728,1.015,-8.908,2.250,-0.808,-2.311,-1.572,-1.701
0.888,0.832,1.776,-0.499,-0.108,-0.005,0.947,0.638,-7.004,4.999,-0.369,-0.016,-1.810,-1.968,0.967,0.996,8.363,-10.993,-0.545,1.700,0.754,0.989,-8.498,5.188,-0.794,-2.254,-1.595,-1.711
0.860,0.932,4.631,-5.265,-0.203,0.022,0.720,0.795,-10.578,7.178,-0.315,0.004,-1.887,-2.014,0.837,1.045,9.603,-12.013,-0.528,1.653,0.673,1.072,-7.976,0.841,-0.808,-2.278,-1.642,-1.756
1.143,0.771,1.194,-2.588,-0.201,0.016,0.822,0.834,-7.056,1.808,-0.262,-0.015,-1.789,-1.873,0.892,1.070,6.184,-12.866,-0.537,1.672,0.774,1.011,-5.504,-4.819,-0.792,-2.297,-1.609,-1.769
0.946,0.673,2.795,-4.440,-0.210,0.014,0.863,0.759,-7.485,3.245,-0.313,-0.019,-1.790,-1.969,0.905,0.910,8.130,-13.896,-0.543,1.698,0.798,0.975,-4.562,-4.812,-0.775,-2.328,-1.554,-1.782
0.989,0.734,4.255,3.659,-0.127,0.025,1.074,0.781,-4.165,-4.343,-0.342,-0.009,-1.837,-1.993,0.848,1.077,7.511,-10.450,-0.533,1.699,0.744,1.021,-4.713,-6.060,-0.799,-2.262,-1.626,-1.800
0.989,0.734,4.255,3.659,-0.127,0.025,1.074,0.781,-4.165,-4.343,-0.342,-0.009,-1.837,-1.993,0.848,1.077,11.473,-18.373,-0.533,1.699,0.744,1.021,-6.539,-2.408,-0.799,-2.262,-1.626,-1.800
0.803,0.732,1.400,-0.213,-0.215,0.019,0.935,0.677,-3.916,-0.143,-0.258,-0.020,-1.680,-2.053,0.844,0.849,2.978,-3.968,-0.539,1.683,0.661,0.945,2.232,-10.942,-0.788,-2.339,-1.523,-1.853
0.946,0.751,3.527,-1.759,-0.241,0.005,1.032,0.927,-5.062,1.330,-0.313,-0.005,-1.775,-2.075,0.876,0.954,5.831,-6.984,-0.544,1.646,0.687,1.015,0.847,-11.200,-0.793,-2.296,-1.571,-1.828
0.959,0.891,3.421,-3.084,-0.164,0.021,0.890,0.784,-4.614,1.265,-0.360,-0.000,-1.719,-2.038,0.888,1.098,6.566,-5.513,-0.537,1.712,0.657,1.075,2.152,-11.787,-0.801,-2.257,-1.612,-1.771
0.989,0.694,1.460,2.036,-0.186,0.020,0.899,0.834,-2.683,-1.413,-0.278,-0.016,-1.803,-2.075,0.915,1.005,-0.009,7.751,-0.545,1.675,0.758,1.036,4.790,-17.036,-0.786,-2.326,-1.569,-1.790
1.032,0.656,2.489,-0.685,-0.202,0.017,0.935,0.809,-3.098,0.158,-0.315,-0.004,-1.758,-2.020,0.929,0.972,-2.005,7.521,-0.545,1.678,0.721,1.018,4.608,-14.387,-0.791,-2.301,-1.579,-1.772
1.032,0.656,2.489,-0.685,-0.202,0.017,0.935,0.809,-3.098,0.158,-0.315,-0.004,-1.758,-2.020,0.929,0.972,-2.005,7.521,-0.545,1.678,0.721,1.018,4.779,-14.730,-0.791,-2.301,-1.579,-1.772
1.146,0.802,-1.540,5.582,-0.193,0.012,1.004,0.915,-1.169,-1.741,-0.299,-0.014,-1.758,-1.965,0.990,1.041,-8.065,18.047,-0.539,1.683,0.733,1.052,6.417,-15.068,-0.793,-2.294,-1.574,-1.784
0.817,0.853,-2.417,3.005,-0.190,0.021,0.904,0.792,-1.604,0.038,-0.294,-0.013,-1.803,-2.037,0.889,1.038,-16.963,29.975,-0.538,1.686,0.754,1.013,7.303,-13.387,-0.794,-2.309,-1.559,-1.791
0.974,0.832,-2.857,5.516,-0.252,-0.006,0.876,0.784,-0.556,0.012,-0.345,-0.005,-1.733,-2.038,0.879,1.028,-15.734,31.079,-0.559,1.667,0.669,1.046,8.238,-14.215,-0.792,-2.289,-1.559,-1.786
0.861,0.677,-5.158,5.482,-0.174,0.004,0.876,0.954,-0.356,-0.172,-0.266,-0.017,-1.787,-2.103,0.807,1.076,-15.904,24.810,-0.516,1.652,0.688,1.057,7.642,-13.223,-0.794,-2.313,-1.541,-1.772
0.832,0.655,-5.367,4.829,-0.223,0.001,1.017,0.690,0.602,-0.486,-0.293,-0.006,-1.654,-2.007,0.846,0.997,-14.314,19.430,-0.528,1.627,0.713,1.047,8.478,-13.016,-0.790,-2.302,-1.469,-1.792
0.832,0.655,-5.367,4.829,-0.223,0.001,1.017,0.690,0.602,-0.486,-0.293,-0.006,-1.654,-2.007,0.846,0.997,-14.314,19.430,-0.528,1.627,0.713,1.047,10.609,-17.279,-0.790,-2.302,-1.469,-1.792
1.046,0.969,-5.090,2.975,-0.247,0.023,1.106,0.728,1.537,-0.553,-0.272,-0.015,-1.605,-1.996,0.830,1.051,-12.957,12.644,-0.557,1.766,0.716,0.990,11.645,-19.075,-0.795,-2.293,-1.439,-1.790
0.947,0.771,-5.559,0.934,-0.173,0.017,0.946,0.823,3.369,-1.133,-0.316,-0.012,-1.500,-2.076,0.859,0.977,-10.410,5.511,-0.526,1.652,0.764,1.054,11.228,-13.006,-0.793,-2.301,-1.432,-1.811
1.118,0.872,-4.760,-0.055,-0.199,0.031,0.948,0.820,3.547,-3.227,-0.307,-0.001,-1.568,-2.037,0.875,1.038,-8.610,3.360,-0.545,1.694,0.738,1.032,10.903,-16.340,-0.792,-2.304,-1.422,-1.808
1.118,0.872,-4.760,-0.055,-0.199,0.031,0.948,0.820,3.547,-3.227,-0.307,-0.001,-1.568,-2.037,0.875,1.038,-8.610,3.360,-0.545,1.694,0.738,1.032,14.107,-22.747,-0.792,-2.304,-1.422,-1.808
0.874,0.933,-5.380,-0.071,-0.201,0.016,0.975,0.703,2.284,2.895,-0.317,-0.020,-1.571,-2.024,0.843,1.054,-8.071,2.325,-0.539,1.678,0.759,0.988,11.385,-11.288,-0.789,-2.305,-1.516,-1.794
0.916,0.832,-4.482,-0.226,-0.198,0.009,0.918,0.860,3.880,-2.752,-0.336,-0.011,-1.901,-2.005,0.816,1.013,-5.638,1.009,-0.542,1.666,0.697,1.021,9.940,-12.624,-0.795,-2.305,-1.519,-1.775
0.860,0.832,-4.502,-0.230,-0.206,0.016,0.933,0.808,3.120,-1.181,-0.309,-0.011,-1.821,-2.060,0.842,1.098,-5.312,1.013,-0.541,1.713,0.691,1.075,6.477,-8.176,-0.796,-2.286,-1.572,-1.777
0.987,0.795,-4.398,-0.811,-0.279,0.027,0.847,0.914,2.378,2.779,-0.298,-0.020,-1.715,-2.052,0.924,1.040,-5.138,-0.100,-0.534,1.656,0.722,1.021,4.831,-0.696,-0.789,-2.321,-1.536,-1.794
0.860,0.676,-3.578,-1.145,-0.173,0.037,0.990,0.809,5.451,-4.331,-0.317,-0.006,-1.762,-2.117,0.826,1.027,-3.496,-0.801,-0.539,1.691,0.713,1.034,3.541,-1.043,-0.793,-2.304,-1.547,-1.798
1.061,0.835,-3.729,-1.254,-0.199,0.023,0.947,0.704,3.238,-4.888,-0.317,-0.006,-1.763,-2.037,0.950,1.070,-3.719,-0.753,-0.537,1.677,0.669,1.054,5.177,-3.560,-0.793,-2.303,-1.558,-1.785
1.032,0.890,-3.794,-1.225,-0.213,0.012,1.105,0.978,0.681,1.390,-0.289,0.001,-1.709,-2.004,0.877,1.041,-3.648,-0.918,-0.538,1.669,0.681,1.035,0.179,1.274,-0.801,-2.287,-1.559,-1.786
1.074,0.771,-3.537,-1.025,-0.227,0.022,0.905,0.822,3.852,0.272,-0.305,-0.010,-1.724,-2.044,0.907,1.034,-3.538,-0.544,-0.534,1.685,0.747,1.020,2.874,-0.901,-0.791,-2.304,-1.541,-1.793
1.132,0.792,-3.749,-0.670,-0.200,0.023,0.659,0.770,3.215,-2.349,-0.279,-0.010,-1.764,-2.012,0.884,0.989,-3.441,-0.278,-0.539,1.682,0.681,1.049,-2.357,7.681,-0.787,-2.318,-1.543,-1.801
0.961,0.774,-2.830,-0.562,-0.217,0.012,1.033,0.873,-2.026,5.903,-0.304,-0.010,-1.779,-1.993,0.873,1.029,-2.532,0.284,-0.538,1.683,0.688,1.021,-8.455,17.466,-0.792,-2.273,-1.547,-1.761
0.832,0.753,-2.675,-0.049,-0.228,0.002,1.004,0.663,4.016,-4.801,-0.258,-0.013,-1.731,-2.065,0.887,1.012,-2.080,1.085,-0.542,1.667,0.690,0.995,-7.014,16.825,-0.787,-2.318,-1.557,-1.762
1.032,0.909,-1.409,0.377,-0.177,0.016,1.190,0.834,-2.202,3.962,-0.338,-0.001,-1.806,-1.944,0.874,1.046,-0.040,1.570,-0.540,1.681,0.713,0.994,-16.504,29.773,-0.796,-2.261,-1.630,-1.732
0.932,0.853,-2.289,0.377,-0.201,0.016,1.032,0.758,-3.387,4.999,-0.279,-0.025,-1.843,-1.987,0.908,1.020,-1.561,1.930,-0.537,1.664,0.764,1.053,-16.200,28.704,-0.785,-2.322,-1.669,-1.753
1.017,0.595,-2.002,0.499,-0.177,0.009,0.933,0.873,-3.571,6.617,-0.279,-0.018,-1.801,-2.034,0.889,0.975,-1.588,1.368,-0.535,1.695,0.784,1.010,-13.925,26.689,-0.788,-2.323,-1.641,-1.777
1.017,0.893,-1.611,0.213,-0.190,0.013,1.032,0.731,-4.797,5.140,-0.329,-0.008,-1.776,-1.960,0.898,1.006,-0.835,0.951,-0.538,1.683,0.686,1.001,-14.498,20.224,-0.787,-2.278,-1.571,-1.758
0.932,0.811,-1.229,-0.079,-0.226,0.022,1.076,0.702,-4.933,4.284,-0.331,-0.015,-1.801,-1.909,0.845,1.051,-0.617,0.628,-0.539,1.678,0.714,1.031,-13.679,18.045,-0.794,-2.303,-1.566,-1.709
0.961,0.774,0.001,0.503,-0.199,0.023,0.920,0.756,-4.777,2.515,-0.275,-0.004,-1.819,-2.024,0.871,1.010,1.692,1.420,-0.536,1.686,0.697,0.993,-10.828,10.358,-0.793,-2.280,-1.629,-1.766
0.903,0.909,0.969,0.800,-0.120,0.005,1.032,0.781,-4.835,1.256,-0.252,-0.011,-1.831,-2.095,0.905,1.053,2.471,1.712,-0.542,1.684,0.731,0.999,-9.560,6.349,-0.797,-2.315,-1.602,-1.758
1.003,0.811,0.965,1.017,-0.168,0.021,0.761,0.742,-4.804,0.843,-0.317,-0.006,-1.789,-2.018,0.865,1.020,2.562,1.798,-0.542,1.698,0.708,1.013,-8.306,4.619,-0.790,-2.296,-1.608,-1.770
1.032,0.851,0.708,1.028,-0.149,0.012,0.791,0.809,-4.399,-0.326,-0.269,-0.004,-1.827,-1.941,0.855,1.013,1.692,2.029,-0.532,1.660,0.703,1.007,-7.840,2.327,-0.791,-2.292,-1.615,-1.799
1.018,0.830,1.254,1.045,-0.045,-0.012,0.690,0.916,-4.013,-0.685,-0.153,0.028,-1.759,-2.037,0.867,1.009,1.845,1.833,-0.539,1.684,0.692,1.012,-5.669,0.707,-0.799,-2.324,-1.596,-1.793
0.932,0.694,0.647,0.435,-0.174,0.018,1.177,0.781,-3.263,-1.699,-0.311,-0.008,-1.829,-2.034,0.860,1.010,1.055,0.976,-0.526,1.653,0.770,1.046,-4.073,-1.387,-0.783,-2.276,-1.571,-1.798
0.874,0.732,0.393,0.598,-0.186,0.014,0.919,0.848,-3.309,-1.799,-0.277,-0.015,-1.777,-2.056,0.849,1.007,0.145,1.092,-0.532,1.656,0.751,1.014,-3.950,-1.091,-0.790,-2.290,-1.566,-1.792
0.989,0.853,-0.231,0.537,-0.205,0.022,0.775,0.823,-3.362,-1.768,-0.315,-0.004,-1.841,-1.973,0.824,1.018,-0.331,0.888,-0.541,1.694,0.745,1.017,-4.214,-1.580,-0.796,-2.309,-1.580,-1.759
0.874,0.715,-0.740,0.882,-0.216,0.012,0.903,0.652,-3.226,-1.715,-0.300,-0.015,-1.757,-1.992,0.850,1.005,-1.181,1.149,-0.538,1.675,0.741,1.024,-3.604,-1.447,-0.789,-2.292,-1.580,-1.770
0.975,0.732,-0.544,0.577,-0.200,0.023,0.662,0.834,-2.544,-1.967,-0.316,-0.006,-1.904,-2.014,0.886,1.047,-0.961,1.049,-0.538,1.681,0.652,1.019,-2.824,-1.703,-0.795,-2.304,-1.578,-1.760
0.917,0.771,-0.656,0.069,-0.198,0.017,1.033,0.767,-2.699,-2.078,-0.358,-0.009,-1.736,-1.960,0.863,0.985,-0.823,0.367,-0.536,1.684,0.749,1.028,-2.835,-1.696,-0.791,-2.298,-1.571,-1.754
1.004,0.796,-1.451,0.212,-0.214,0.012,0.918,0.758,-2.890,-1.935,-0.267,-0.014,-1.829,-2.037,0.931,1.089,-2.086,0.036,-0.540,1.675,0.732,1.050,-2.783,-1.289,-0.793,-2.303,-1.581,-1.764
0.863,0.832,-2.276,0.436,-0.177,0.003,0.833,0.859,-2.395,-1.691,-0.286,0.003,-1.710,-1.950,0.916,1.006,-2.965,1.004,-0.537,1.684,0.671,1.031,-2.077,-1.170,-0.792,-2.304,-1.535,-1.778
0.863,0.832,-2.276,0.436,-0.177,0.003,0.833,0.859,-2.395,-1.691,-0.286,0.003,-1.710,-1.950,0.906,1.009,-3.157,0.963,-0.537,1.685,0.671,1.033,-2.036,-1.129,-0.793,-2.304,-1.531,-1.779
0.820,0.755,-2.058,0.278,-0.206,0.022,0.920,0.795,-2.212,-1.090,-0.330,-0.014,-1.764,-2.003,0.883,1.029,-6.344,7.131,-0.536,1.689,0.680,1.042,-1.967,-0.120,-0.791,-2.300,-1.533,-1.789
0.875,1.049,-1.916,0.067,-0.173,0.017,0.915,0.809,-1.994,-0.498,-0.287,-0.008,-1.663,-2.002,0.885,1.035,-9.826,15.219,-0.536,1.679,0.710,0.996,-1.427,0.305,-0.793,-2.305,-1.537,-1.795
0.832,0.832,-4.284,5.557,-0.201,0.023,0.890,0.673,-2.062,0.328,-0.322,-0.004,-1.784,-2.113,0.834,1.041,-14.010,23.915,-0.541,1.691,0.754,1.023,-1.444,1.413,-0.793,-2.302,-1.558,-1.866
0.888,0.914,-3.081,2.513,-0.176,0.018,0.918,0.876,-1.272,0.078,-0.351,-0.003,-1.832,-2.012,0.870,1.036,-14.443,25.309,-0.534,1.673,0.671,1.030,-0.723,0.911,-0.792,-2.307,-1.560,-1.783
0.918,0.951,-2.558,0.953,-0.211,0.020,0.876,0.742,-1.440,0.063,-0.305,-0.010,-1.776,-1.956,0.904,1.007,-17.677,31.048,-0.539,1.684,0.731,1.046,-1.180,0.955,-0.793,-2.299,-1.560,-1.792
0.776,0.872,-8.889,13.628,-0.187,0.013,0.835,0.756,-1.373,0.648,-0.249,-0.012,-1.720,-2.034,0.852,0.987,-20.362,35.635,-0.540,1.683,0.681,1.040,-1.042,1.607,-0.792,-2.299,-1.544,-1.777
1.032,0.819,-7.849,12.159,-0.223,0.010,1.004,0.758,-1.300,1.231,-0.304,-0.016,-1.782,-1.976,0.882,1.143,-14.501,26.454,-0.527,1.675,0.743,1.100,-0.763,2.635,-0.791,-2.308,-1.583,-1.776
1.017,0.967,-5.247,3.709,-0.168,0.016,0.934,0.743,-1.251,0.743,-0.297,-0.014,-1.752,-2.010,0.906,1.117,-12.586,18.163,-0.501,1.562,0.724,0.994,-0.921,2.173,-0.792,-2.305,-1.567,-1.790
0.989,0.774,-6.666,5.212,-0.204,0.024,1.135,0.797,-0.132,1.565,-0.265,-0.022,-1.770,-2.037,0.937,0.952,-9.322,6.566,-0.562,1.770,0.753,1.104,0.669,2.783,-0.793,-2.303,-1.555,-1.776
0.875,0.854,-6.470,5.121,-0.235,0.024,0.861,0.860,0.080,1.669,-0.266,-0.016,-1.770,-2.038,0.867,1.094,-7.068,1.801,-0.565,1.768,0.727,1.023,1.504,3.116,-0.791,-2.305,-1.561,-1.770
0.946,0.731,-3.689,0.391,-0.201,0.023,0.947,0.705,-0.341,1.532,-0.278,-0.006,-1.745,-1.950,0.921,1.006,-5.587,-0.166,-0.526,1.643,0.714,1.048,0.370,2.385,-0.794,-2.295,-1.567,-1.776
1.051,0.771,-8.960,6.076,-0.213,0.026,0.791,0.834,-0.809,1.006,-0.333,-0.001,-1.720,-2.057,0.925,0.980,-7.374,2.087,-0.536,1.676,0.745,1.056,-0.565,1.676,-0.791,-2.309,-1.573,-1.775
0.934,0.774,-5.840,2.221,-0.190,0.029,1.030,0.717,-0.870,0.583,-0.333,-0.001,-1.776,-2.019,0.889,1.062,-3.608,-1.364,-0.553,1.727,0.706,1.040,-0.614,0.634,-0.793,-2.304,-1.567,-1.782
1.004,0.796,-5.352,0.440,-0.173,0.025,0.779,0.756,-0.839,0.780,-0.308,-0.017,-1.697,-2.038,0.883,1.027,-1.014,-9.171,-0.527,1.656,0.734,1.057,-0.891,1.116,-0.793,-2.297,-1.564,-1.791
1.032,0.710,-5.497,1.026,-0.215,0.019,0.915,0.873,-0.888,0.728,-0.277,-0.019,-1.785,-2.077,0.913,0.982,0.438,-9.796,-0.549,1.684,0.742,1.022,-0.871,0.874,-0.791,-2.306,-1.558,-1.774
1.025,0.658,-4.458,1.791,-0.125,0.009,0.980,0.717,-1.069,0.728,-0.290,0.020,-1.819,-2.002,0.873,1.064,2.808,-14.043,-0.533,1.676,0.719,1.034,-1.016,1.003,-0.794,-2.299,-1.609,-1.787
0.973,0.621,-3.384,-0.354,-0.120,-0.007,0.904,0.770,-0.987,0.926,-0.163,-0.001,-1.819,-2.023,0.854,0.978,3.868,-16.003,-0.531,1.655,0.698,1.025,-0.735,1.224,-0.793,-2.311,-1.625,-1.795
1.020,0.814,-2.854,-0.382,-0.055,-0.022,1.175,0.677,-1.585,0.851,-0.118,0.037,-1.819,-2.023,0.917,1.031,5.327,-15.432,-0.555,1.730,0.733,1.015,-2.286,0.966,-0.797,-2.313,-1.578,-1.791
0.817,0.942,-1.987,-0.765,-0.048,0.001,0.975,0.637,-1.380,0.940,-0.074,0.011,-1.764,-1.967,0.871,1.040,5.381,-14.113,-0.525,1.671,0.694,1.041,-1.625,1.125,-0.789,-2.296,-1.576,-1.775
1.017,0.655,-1.880,-1.543,-0.153,0.003,0.918,0.759,-2.034,0.811,-0.200,0.000,-1.804,-2.072,0.904,1.041,6.379,-15.966,-0.545,1.687,0.716,1.021,-2.384,0.689,-0.795,-2.309,-1.593,-1.778
0.891,0.988,-1.689,-0.266,-0.160,0.020,0.818,0.795,-1.461,0.585,-0.286,-0.012,-1.789,-1.985,0.914,1.024,5.521,-13.051,-0.534,1.680,0.733,1.012,-5.080,6.953,-0.787,-2.280,-1.602,-1.761
0.961,0.774,-0.941,0.150,-0.213,0.020,0.975,1.005,-1.984,0.817,-0.316,-0.012,-1.800,-1.973,0.856,1.008,7.306,-11.694,-0.533,1.683,0.712,1.047,-9.972,15.843,-0.794,-2.301,-1.583,-1.742
0.821,0.869,-0.628,-0.102,-0.202,0.008,0.975,0.636,-1.674,0.795,-0.268,-0.008,-1.844,-1.947,0.890,1.016,7.994,-12.479,-0.540,1.683,0.701,1.028,-13.881,24.544,-0.792,-2.299,-1.586,-1.753
0.985,0.734,0.076,0.383,-0.169,0.013,1.049,0.784,-3.054,8.299,-0.243,-0.010,-1.788,-2.098,0.865,1.015,7.048,-9.306,-0.534,1.680,0.737,0.989,-14.249,26.832,-0.790,-2.312,-1.572,-1.774
1.032,0.853,0.367,0.522,-0.163,0.015,0.947,0.689,-6.356,9.152,-0.269,-0.009,-1.734,-2.035,0.901,0.984,7.203,-11.511,-0.534,1.678,0.699,1.007,-17.197,31.851,-0.793,-2.310,-1.580,-1.784
0.900,0.888,-0.520,-0.228,-0.203,0.023,0.874,0.837,-6.288,10.283,-0.295,-0.014,-1.820,-2.089,0.919,1.012,6.052,-12.727,-0.542,1.682,0.686,1.032,-16.122,28.479,-0.786,-2.299,-1.581,-1.773
1.032,0.694,1.181,-0.959,-0.152,0.019,0.748,0.741,-8.204,9.006,-0.237,-0.002,-1.826,-2.046,0.835,1.057,8.130,-13.275,-0.539,1.687,0.742,1.048,-15.194,20.597,-0.785,-2.280,-1.585,-1.768
0.906,0.731,1.971,-2.142,-0.150,0.026,0.963,0.716,-8.651,8.105,-0.279,0.004,-1.776,-1.919,0.904,1.013,9.170,-14.746,-0.537,1.683,0.700,1.018,-14.069,13.644,-0.797,-2.319,-1.585,-1.768
0.973,0.915,0.600,1.836,-0.149,0.012,1.033,0.891,-5.026,-2.715,-0.327,-0.009,-1.869,-1.994,0.873,1.070,9.093,-13.552,-0.533,1.687,0.738,1.022,-10.627,4.701,-0.796,-2.272,-1.610,-1.770
1.103,0.792,1.872,-1.002,-0.259,0.024,1.018,0.850,-6.500,3.126,-0.306,-0.009,-1.841,-2.111,0.869,1.068,7.235,-9.745,-0.542,1.676,0.738,1.047,-7.363,-0.643,-0.792,-2.323,-1.581,-1.759
0.919,0.615,2.699,-1.487,-0.174,0.016,1.034,0.613,-4.550,1.296,-0.240,-0.030,-1.765,-2.108,0.916,0.969,9.133,-14.996,-0.544,1.697,0.782,0.969,-6.254,1.079,-0.778,-2.377,-1.563,-1.772
0.964,0.970,1.548,1.683,-0.189,0.006,1.136,0.702,-5.072,-1.420,-0.350,-0.005,-1.842,-2.175,0.923,0.982,10.009,-12.845,-0.537,1.675,0.768,1.027,-6.142,-4.394,-0.797,-2.270,-1.583,-1.783
1.032,0.713,3.427,-5.022,-0.177,0.021,1.132,0.745,-7.212,4.509,-0.251,-0.042,-1.713,-1.951,0.854,0.952,2.796,-4.357,-0.541,1.693,0.779,0.983,-0.861,-9.853,-0.785,-2.310,-1.582,-1.803
1.034,0.791,3.568,-2.809,-0.228,0.016,0.975,0.834,-3.647,0.675,-0.278,-0.018,-1.606,-1.950,0.887,0.989,1.620,-1.650,-0.554,1.658,0.692,1.063,2.774,-15.817,-0.789,-2.336,-1.555,-1.767
0.903,0.890,2.270,-0.248,-0.176,0.031,1.075,0.702,-5.515,-0.668,-0.334,-0.001,-1.767,-1.961,0.834,1.032,3.686,-3.601,-0.546,1.748,0.735,1.003,0.317,-14.474,-0.802,-2.299,-1.577,-1.779
0.903,0.890,2.270,-0.248,-0.176,0.031,1.075,0.702,-5.515,-0.668,-0.334,-0.001,-1.767,-1.961,0.834,1.032,7.885,-11.997,-0.546,1.748,0.735,1.003,-0.867,-12.105,-0.802,-2.299,-1.577,-1.779
0.933,0.792,0.063,0.884,-0.097,-0.007,0.947,0.585,-3.252,-0.724,-0.145,-0.009,-1.795,-2.056,0.872,0.965,-0.914,0.822,-0.538,1.647,0.695,1.047,4.199,-15.889,-0.791,-2.349,-1.573,-1.787
1.116,0.933,2.199,0.207,-0.051,-0.007,0.947,0.954,-2.855,-0.619,-0.176,0.011,-1.854,-2.081,0.825,1.061,1.971,0.502,-0.561,1.792,0.714,1.029,4.459,-15.172,-0.799,-2.322,-1.578,-1.806
0.820,0.755,2.149,-1.276,-0.195,0.007,0.818,0.888,-3.210,-0.969,-0.263,-0.004,-1.777,-2.051,0.780,1.036,-2.842,9.316,-0.546,1.662,0.703,1.035,4.234,-15.183,-0.791,-2.275,-1.575,-1.797
1.060,0.597,0.800,0.251,-0.084,0.017,1.132,0.823,-1.882,-1.174,-0.206,0.013,-1.840,-2.057,0.900,1.037,-11.114,21.913,-0.510,1.643,0.752,1.040,6.525,-15.978,-0.798,-2.305,-1.557,-1.789
0.777,0.732,-1.295,5.641,-0.073,-0.020,0.975,0.770,-2.298,-1.387,-0.159,0.010,-1.778,-1.963,0.870,1.030,-12.735,26.837,-0.557,1.719,0.732,0.992,5.564,-14.773,-0.804,-2.336,-1.567,-1.812
0.974,0.951,0.076,2.490,-0.140,0.010,1.090,0.873,-2.088,0.453,-0.289,0.007,-1.801,-1.983,0.886,1.110,-12.229,28.329,-0.546,1.739,0.697,1.052,5.793,-13.004,-0.790,-2.279,-1.572,-1.784
1.088,0.792,-3.040,3.179,-0.137,0.025,0.890,0.809,-1.993,-0.042,-0.301,-0.015,-1.820,-2.002,0.931,1.057,-16.976,27.139,-0.527,1.658,0.702,1.051,7.240,-16.022,-0.782,-2.253,-1.580,-1.786
0.970,0.810,-4.977,5.188,-0.243,0.030,1.002,0.671,-0.611,0.710,-0.257,-0.006,-1.671,-1.931,0.903,1.039,-15.834,24.547,-0.543,1.712,0.714,1.026,8.471,-13.559,-0.801,-2.322,-1.502,-1.799
0.905,0.836,-5.046,3.888,-0.181,0.024,1.018,0.795,0.391,-0.711,-0.316,-0.018,-1.659,-2.073,0.828,1.018,-12.916,17.786,-0.533,1.657,0.699,1.017,7.794,-12.890,-0.789,-2.288,-1.469,-1.795
1.004,0.792,-5.191,3.228,-0.149,0.018,1.004,0.887,1.168,0.660,-0.310,-0.017,-1.717,-2.023,0.866,1.051,-12.139,12.996,-0.540,1.693,0.708,1.086,8.800,-10.886,-0.798,-2.313,-1.478,-1.808
0.974,0.771,-6.134,1.773,-0.187,0.020,0.843,0.493,2.462,-0.334,-0.281,-0.009,-1.681,-2.012,0.838,1.014,-12.158,8.875,-0.539,1.671,0.702,1.016,10.331,-12.078,-0.787,-2.301,-1.467,-1.828
0.946,0.753,-5.131,0.229,-0.203,0.009,1.018,0.873,2.044,0.499,-0.273,-0.009,-1.572,-1.960,0.857,1.012,-9.074,3.956,-0.539,1.669,0.737,1.027,8.815,-9.382,-0.797,-2.312,-1.415,-1.793
0.974,0.889,-5.043,0.006,-0.175,0.018,0.961,0.978,3.767,-1.234,-0.338,-0.008,-1.669,-2.006,0.871,1.067,-7.901,3.575,-0.535,1.679,0.669,1.072,10.980,-12.749,-0.793,-2.295,-1.390,-1.800
0.833,0.774,-5.127,-0.167,-0.215,0.005,1.046,0.664,5.095,-2.695,-0.282,-0.017,-1.721,-2.059,0.880,1.028,-8.221,1.979,-0.537,1.668,0.740,1.038,13.101,-13.812,-0.794,-2.301,-1.419,-1.801
0.859,0.872,-5.449,0.268,-0.187,0.020,1.004,0.887,2.582,1.906,-0.291,-0.022,-1.722,-2.004,0.881,0.996,-8.270,2.706,-0.537,1.675,0.738,1.036,11.288,-13.544,-0.793,-2.302,-1.433,-1.801
0.903,0.832,-4.874,-0.224,-0.216,0.018,0.890,0.860,3.867,-0.578,-0.241,-0.018,-1.757,-2.021,0.873,1.045,-6.247,1.292,-0.536,1.680,0.719,1.023,13.877,-17.945,-0.791,-2.302,-1.425,-1.772
0.946,0.814,-4.066,-0.350,-0.175,0.024,1.061,0.795,3.914,-2.064,-0.309,-0.009,-1.702,-2.054,0.843,1.063,-4.691,1.117,-0.544,1.714,0.705,1.069,8.774,-10.320,-0.796,-2.291,-1.512,-1.789
0.961,0.734,-4.433,-0.504,-0.214,0.011,0.919,0.861,4.853,-2.801,-0.309,-0.017,-1.702,-2.006,0.886,1.018,-5.125,0.465,-0.532,1.665,0.724,1.031,9.680,-10.634,-0.795,-2.305,-1.484,-1.799
0.931,0.872,-3.790,-1.254,-0.241,0.018,0.961,0.729,4.590,-0.347,-0.319,-0.005,-1.644,-2.072,0.903,1.046,-4.725,-0.369,-0.541,1.676,0.679,1.050,7.581,-6.334,-0.790,-2.302,-1.470,-1.792
0.917,0.716,-3.711,-1.031,-0.135,0.001,0.889,0.611,0.359,2.051,-0.304,-0.010,-1.678,-2.062,0.839,1.049,-3.183,-0.904,-0.541,1.681,0.675,1.049,1.132,2.921,-0.796,-2.312,-1.462,-1.792
1.017,0.854,-3.411,-0.920,-0.187,0.013,0.975,0.860,3.752,-1.618,-0.291,-0.014,-1.733,-2.032,0.889,1.038,-3.686,-0.763,-0.534,1.671,0.727,1.029,4.224,-4.794,-0.788,-2.297,-1.488,-1.796
0.875,0.872,-3.288,-0.730,-0.266,0.037,1.033,0.860,4.077,-2.340,-0.275,-0.017,-1.647,-2.058,0.857,0.970,-3.125,-0.344,-0.531,1.669,0.711,1.031,3.880,-1.926,-0.792,-2.296,-1.502,-1.795
1.130,0.890,-3.033,-0.852,-0.227,0.015,0.947,0.820,1.063,2.608,-0.383,0.012,-1.702,-2.061,0.933,0.993,-2.676,-0.323,-0.541,1.673,0.703,1.025,-6.121,15.191,-0.795,-2.299,-1.487,-1.765
0.921,0.738,-2.215,-0.679,-0.187,0.020,0.975,0.822,1.934,-0.447,-0.299,-0.011,-1.567,-2.077,0.909,1.041,-1.953,0.181,-0.533,1.695,0.675,1.033,-9.138,20.667,-0.786,-2.294,-1.487,-1.771
0.921,0.738,-2.215,-0.679,-0.187,0.020,0.975,0.822,1.934,-0.447,-0.299,-0.011,-1.567,-2.077,0.909,1.041,-1.953,0.181,-0.533,1.695,0.675,1.033,-9.138,20.667,-0.786,-2.294,-1.487,-1.771
1.089,0.868,-2.135,0.041,-0.179,0.023,0.890,0.756,-2.362,6.060,-0.300,-0.015,-1.702,-1.947,0.906,1.041,-1.550,1.097,-0.539,1.686,0.705,1.026,-17.360,33.484,-0.789,-2.293,-1.490,-1.758
0.975,0.856,-2.228,0.518,-0.082,-0.003,0.962,0.636,-4.140,7.044,-0.301,-0.009,-1.643,-1.971,0.891,1.009,-1.838,1.519,-0.540,1.703,0.772,1.018,-16.999,27.987,-0.794,-2.311,-1.489,-1.788
0.903,0.792,-1.723,0.357,-0.149,0.012,0.918,0.795,-4.270,5.065,-0.265,-0.016,-1.784,-2.087,0.804,1.064,-0.943,1.203,-0.540,1.678,0.678,1.005,-14.361,22.648,-0.791,-2.297,-1.495,-1.766
0.961,0.811,-1.044,0.279,-0.174,0.017,0.818,0.574,-5.757,5.475,-0.273,-0.003,-1.812,-1.920,0.887,0.984,-0.710,0.985,-0.531,1.661,0.687,0.990,-15.591,20.589,-0.796,-2.315,-1.505,-1.737
0.904,0.813,-0.306,-0.006,-0.137,0.009,0.961,0.703,-4.908,2.272,-0.248,0.003,-1.699,-1.971,0.852,1.027,1.199,0.703,-0.544,1.698,0.732,1.002,-12.076,10.562,-0.792,-2.303,-1.520,-1.714
0.918,0.774,0.002,1.014,-0.150,0.018,0.945,0.799,-4.890,1.547,-0.293,-0.013,-1.599,-2.024,0.898,1.038,1.053,1.145,-0.530,1.662,0.729,1.046,-9.991,7.483,-0.792,-2.298,-1.528,-1.739
1.003,0.832,0.963,0.873,-0.148,0.025,0.976,0.672,-5.280,1.198,-0.264,-0.015,-1.540,-1.970,0.866,1.035,2.645,1.686,-0.535,1.681,0.742,0.992,-9.952,6.251,-0.796,-2.300,-1.582,-1.754
0.976,0.911,0.961,0.726,-0.227,0.015,0.847,0.781,-5.438,0.187,-0.282,-0.005,-1.849,-1.920,0.905,1.025,2.106,1.707,-0.542,1.688,0.689,1.018,-8.988,4.086,-0.793,-2.301,-1.631,-1.750
1.075,0.771,0.850,0.964,-0.123,0.012,1.119,0.781,-4.240,-0.313,-0.272,-0.009,-1.916,-2.022,0.856,1.013,1.831,2.379,-0.535,1.680,0.751,1.015,-6.608,1.863,-0.792,-2.299,-1.719,-1.773
0.918,0.946,0.782,0.477,-0.202,0.009,1.032,0.838,-3.736,-1.699,-0.324,-0.004,-1.910,-1.923,0.865,1.035,1.750,0.702,-0.538,1.673,0.740,1.024,-5.340,-0.213,-0.793,-2.282,-1.801,-1.768
0.918,0.946,0.782,0.477,-0.202,0.009,1.032,0.838,-3.736,-1.699,-0.324,-0.004,-1.910,-1.923,0.865,1.035,1.750,0.702,-0.538,1.673,0.740,1.024,-5.340,-0.213,-0.793,-2.282,-1.801,-1.768
0.890,0.774,0.240,0.740,-0.175,0.017,1.076,0.745,-3.841,-1.935,-0.294,-0.013,-1.781,-2.037,0.862,1.055,0.153,0.874,-0.539,1.681,0.739,1.046,-4.473,-0.972,-0.794,-2.300,-1.551,-1.805
0.931,0.811,-0.147,0.374,-0.238,0.012,1.119,0.809,-3.103,-1.799,-0.271,-0.024,-1.858,-2.098,0.855,1.030,-0.282,0.947,-0.537,1.676,0.710,1.021,-3.628,-1.454,-0.793,-2.304,-1.592,-1.774
0.874,0.811,-0.909,0.495,-0.177,0.017,0.861,0.702,-2.899,-1.988,-0.275,-0.004,-1.857,-2.056,0.881,1.037,-1.267,0.828,-0.536,1.678,0.744,1.040,-2.774,-1.405,-0.793,-2.298,-1.596,-1.790
1.017,0.832,-0.616,0.516,-0.136,0.003,0.805,0.731,-3.041,-2.186,-0.232,-0.001,-1.872,-2.068,0.914,1.023,-1.034,0.748,-0.541,1.684,0.675,1.015,-2.903,-1.496,-0.797,-2.308,-1.586,-1.766
0.974,0.930,-0.494,0.335,-0.161,0.014,0.961,0.745,-2.744,-1.631,-0.291,-0.001,-1.644,-2.003,0.876,1.046,-1.022,0.741,-0.539,1.688,0.691,1.031,-2.775,-1.450,-0.792,-2.301,-1.581,-1.775
0.860,0.694,-1.122,0.229,-0.203,0.016,0.846,0.727,-2.310,-1.907,-0.272,-0.009,-1.757,-2.037,0.872,1.042,-1.599,0.365,-0.539,1.681,0.735,1.015,-1.905,-1.419,-0.791,-2.300,-1.553,-1.773
0.860,0.694,-1.122,0.229,-0.203,0.016,0.846,0.727,-2.310,-1.907,-0.272,-0.009,-1.757,-2.037,0.872,1.042,-1.599,0.365,-0.539,1.681,0.735,1.015,-1.905,-1.419,-0.791,-2.300,-1.553,-1.773
0.860,0.835,-1.618,0.660,-0.177,0.023,0.975,0.678,-1.995,-1.295,-0.335,-0.008,-1.630,-1.958,0.880,1.019,-2.750,0.833,-0.541,1.676,0.706,1.025,-1.499,-0.867,-0.794,-2.307,-1.484,-1.773
0.977,0.774,-2.047,0.501,-0.191,0.019,0.947,0.773,-1.993,-0.787,-0.334,-0.014,-1.605,-2.037,0.870,1.049,-6.308,6.857,-0.538,1.680,0.708,1.039,-1.781,-0.136,-0.792,-2.299,-1.462,-1.769
0.918,0.832,-1.828,0.516,-0.213,0.012,0.890,0.691,-1.191,0.097,-0.279,-0.010,-1.699,-2.003,0.882,1.027,-9.634,15.865,-0.540,1.679,0.722,1.022,-0.398,1.505,-0.793,-2.300,-1.521,-1.790
1.189,0.813,-1.383,0.356,-0.187,0.027,0.861,0.703,-1.488,0.235,-0.282,-0.017,-1.823,-2.076,0.914,1.041,-13.607,23.764,-0.539,1.691,0.697,1.024,-0.851,1.672,-0.792,-2.300,-1.546,-1.795
0.817,0.756,-1.245,0.423,-0.187,0.020,0.748,0.834,-1.320,-0.023,-0.304,-0.002,-1.756,-2.034,0.899,1.047,-17.182,32.291,-0.537,1.674,0.743,1.054,-0.889,0.783,-0.791,-2.304,-1.575,-1.785
0.848,0.872,-7.430,12.807,-0.122,0.027,1.061,0.901,-1.205,0.512,-0.268,-0.022,-1.779,-2.045,0.926,1.047,-20.511,39.083,-0.536,1.687,0.720,1.015,-0.953,1.404,-0.795,-2.298,-1.567,-1.765
1.003,0.969,-5.359,7.678,-0.133,0.016,0.918,0.742,-0.936,0.767,-0.334,-0.022,-1.842,-1.984,0.933,1.071,-19.806,35.032,-0.534,1.676,0.736,1.019,-0.685,2.235,-0.792,-2.301,-1.558,-1.768
0.903,0.951,-3.676,1.843,-0.167,0.043,0.990,0.887,-0.170,1.192,-0.290,-0.007,-1.765,-2.027,0.882,1.078,-14.628,20.468,-0.538,1.674,0.716,1.011,1.055,2.099,-0.793,-2.297,-1.536,-1.798
0.845,0.752,-9.212,11.564,-0.186,0.014,1.046,0.891,0.019,1.823,-0.294,-0.014,-1.803,-1.996,0.887,0.902,-15.765,20.546,-0.562,1.761,0.782,1.002,1.317,3.094,-0.793,-2.305,-1.545,-1.812
1.030,0.854,-5.988,7.710,-0.140,0.008,0.990,0.742,-0.566,1.823,-0.315,-0.018,-1.829,-2.003,0.894,1.186,-3.187,6.275,-0.522,1.637,0.738,1.104,-0.386,3.071,-0.793,-2.285,-1.592,-1.786
0.992,0.678,-5.573,2.805,-0.153,-0.002,0.748,0.798,-0.820,1.152,-0.219,-0.004,-1.801,-2.079,0.867,1.034,-4.461,-3.569,-0.515,1.595,0.691,0.995,-0.905,2.036,-0.791,-2.314,-1.592,-1.785
0.932,0.699,-2.899,-2.652,-0.199,0.023,0.975,0.574,0.112,0.924,-0.279,-0.018,-1.742,-2.040,0.811,1.002,-3.581,-3.096,-0.553,1.740,0.763,1.024,0.797,1.442,-0.790,-2.299,-1.522,-1.777
0.932,0.699,-2.899,-2.652,-0.199,0.023,0.975,0.574,0.112,0.924,-0.279,-0.018,-1.742,-2.040,0.811,1.002,-6.004,1.751,-0.553,1.740,0.763,1.024,0.797,1.442,-0.790,-2.299,-1.522,-1.777
0.975,0.796,-3.037,-3.507,-0.141,0.023,1.089,0.784,1.002,0.859,-0.283,-0.020,-1.777,-1.982,0.882,1.075,-1.885,-7.755,-0.515,1.674,0.727,1.037,1.710,1.030,-0.791,-2.303,-1.621,-1.789
0.975,0.796,-3.037,-3.507,-0.141,0.023,1.089,0.784,1.002,0.859,-0.283,-0.020,-1.777,-1.982,0.882,1.075,-3.711,-4.103,-0.515,1.674,0.727,1.037,1.710,1.030,-0.791,-2.303,-1.621,-1.789
1.161,0.737,-6.587,6.258,-0.142,0.028,0.947,0.713,0.047,0.966,-0.279,-0.010,-1.773,-2.003,0.892,0.985,-5.063,1.880,-0.505,1.632,0.685,1.029,0.650,1.269,-0.793,-2.294,-1.598,-1.778
0.962,0.774,-4.232,-0.037,-0.198,0.009,1.147,0.782,-0.115,1.097,-0.241,-0.010,-1.801,-1.973,0.904,1.029,1.672,-13.683,-0.540,1.693,0.702,1.033,-0.098,1.420,-0.794,-2.305,-1.581,-1.775
0.946,0.737,-3.110,-0.043,-0.240,0.004,0.975,0.678,-0.115,0.965,-0.293,-0.006,-1.771,-2.003,0.898,1.014,3.864,-14.584,-0.541,1.626,0.762,1.035,-0.408,1.300,-0.792,-2.296,-1.559,-1.766
0.989,0.734,-3.142,0.092,-0.149,0.018,0.762,0.742,-0.074,0.751,-0.275,-0.009,-1.724,-1.880,0.869,1.052,5.647,-14.548,-0.535,1.729,0.696,1.042,-0.324,0.669,-0.792,-2.300,-1.578,-1.769
1.002,0.734,-2.407,0.001,-0.224,0.016,1.087,0.759,-0.561,0.583,-0.331,-0.009,-1.720,-2.053,0.895,1.054,5.247,-15.498,-0.534,1.658,0.722,1.019,-0.532,0.846,-0.793,-2.300,-1.569,-1.780
0.961,0.850,-1.161,-1.276,-0.207,0.024,0.975,0.770,-0.583,0.883,-0.279,-0.010,-1.807,-2.103,0.909,1.038,7.326,-15.914,-0.545,1.707,0.717,1.040,-1.102,0.785,-0.793,-2.302,-1.598,-1.789
1.004,0.890,-1.506,-0.456,-0.191,0.006,0.920,0.717,-1.053,0.727,-0.275,-0.009,-1.784,-2.189,0.897,1.047,6.811,-14.545,-0.533,1.669,0.746,1.021,-4.604,7.332,-0.793,-2.303,-1.604,-1.786
0.961,0.792,-0.021,-0.511,-0.179,0.016,0.969,0.862,-1.797,0.795,-0.290,-0.015,-1.750,-2.019,0.913,1.036,7.446,-12.558,-0.538,1.694,0.724,1.050,-10.345,15.686,-0.792,-2.301,-1.596,-1.781
0.961,0.792,-0.021,-0.511,-0.179,0.016,0.969,0.862,-1.797,0.795,-0.290,-0.015,-1.750,-2.019,0.913,1.036,8.630,-14.926,-0.538,1.694,0.724,1.050,-14.544,24.083,-0.792,-2.301,-1.596,-1.781
0.989,0.753,0.374,-0.600,-0.203,0.009,1.086,0.666,-1.422,0.805,-0.286,-0.019,-1.806,-1.964,0.943,1.019,10.510,-16.419,-0.536,1.679,0.698,1.009,-18.055,32.447,-0.794,-2.303,-1.601,-1.766
0.989,0.792,0.198,0.809,-0.161,0.014,0.889,0.860,-6.604,10.500,-0.275,-0.017,-1.878,-2.002,0.884,0.990,6.627,-11.382,-0.538,1.672,0.689,1.058,-18.315,33.099,-0.794,-2.290,-1.594,-1.778
0.989,0.792,0.198,0.809,-0.161,0.014,0.889,0.860,-6.604,10.500,-0.275,-0.017,-1.878,-2.002,0.884,0.990,8.758,-15.645,-0.538,1.672,0.689,1.058,-22.121,40.711,-0.794,-2.290,-1.594,-1.778
1.017,0.851,0.340,-0.736,-0.191,0.020,1.018,0.728,-7.313,12.282,-0.314,-0.020,-1.777,-2.228,0.867,1.020,9.927,-18.427,-0.541,1.691,0.740,1.021,-21.648,39.367,-0.787,-2.290,-1.590,-1.782
0.946,0.890,2.630,-0.557,-0.201,0.016,0.987,0.781,-7.487,5.694,-0.292,-0.013,-1.861,-1.919,0.857,1.055,9.753,-13.119,-0.538,1.679,0.764,1.058,-12.177,12.809,-0.796,-2.301,-1.587,-1.717
1.118,0.792,3.743,-4.170,-0.229,0.015,1.077,0.863,-8.841,8.101,-0.271,-0.012,-1.848,-2.070,0.899,1.022,10.771,-14.129,-0.541,1.693,0.707,1.022,-11.341,6.508,-0.825,-2.330,-1.580,-1.679
0.961,0.792,2.586,-0.371,-0.203,0.015,1.034,0.702,-6.669,1.540,-0.217,-0.032,-1.759,-1.938,0.878,1.016,8.356,-8.505,-0.537,1.655,0.756,1.036,-6.024,-4.219,-0.758,-2.319,-1.581,-1.773
0.761,0.694,3.124,-1.385,-0.191,0.014,0.844,0.809,-7.593,2.048,-0.301,-0.023,-1.840,-2.014,0.865,0.994,8.684,-11.261,-0.543,1.686,0.714,1.014,-5.347,-5.089,-0.784,-2.286,-1.583,-1.758
0.860,0.777,2.178,-0.027,-0.110,-0.012,0.887,0.834,-6.190,-0.026,-0.266,0.031,-1.834,-2.013,0.847,1.058,5.818,-6.528,-0.539,1.664,0.722,1.054,-3.050,-9.918,-0.815,-2.284,-1.586,-1.761
1.004,0.755,3.301,-0.715,-0.162,0.014,1.077,0.756,-6.414,0.069,-0.249,-0.015,-1.803,-2.194,0.932,1.011,7.986,-7.329,-0.543,1.683,0.756,1.020,-2.420,-11.570,-0.788,-2.309,-1.574,-1.776
0.817,0.734,4.623,-3.443,-0.177,0.033,0.915,0.716,-7.882,1.508,-0.326,-0.015,-1.839,-2.102,0.843,0.979,9.394,-11.061,-0.531,1.682,0.742,1.034,-2.931,-10.458,-0.783,-2.266,-1.576,-1.803
0.860,0.811,-0.344,4.958,-0.167,0.013,0.996,0.852,-3.717,-4.075,-0.336,0.005,-1.681,-2.037,0.959,0.952,5.030,-7.559,-0.536,1.698,0.751,1.017,-0.631,-11.521,-0.808,-2.292,-1.573,-1.793
0.989,0.911,4.924,-4.518,-0.197,0.019,0.791,0.873,-6.632,2.728,-0.369,-0.037,-1.767,-2.036,0.891,1.073,9.977,-12.510,-0.534,1.682,0.689,1.036,-2.148,-7.149,-0.783,-2.295,-1.576,-1.784
0.946,0.692,2.575,-4.506,-0.137,0.008,0.920,0.820,-4.053,0.621,-0.193,-0.005,-1.759,-2.080,0.904,0.966,4.300,-10.141,-0.541,1.681,0.848,0.994,2.681,-12.656,-0.786,-2.350,-1.564,-1.858
1.103,0.891,-0.465,1.771,-0.186,-0.001,1.002,0.766,-3.665,-1.316,-0.171,0.018,-1.809,-2.056,0.907,0.993,-0.242,0.167,-0.545,1.680,0.685,0.997,5.205,-16.509,-0.801,-2.329,-1.564,-1.811
0.860,1.012,0.215,-2.443,-0.151,0.024,1.018,0.794,-3.666,-0.555,-0.288,-0.009,-1.846,-1.999,0.898,1.115,-7.016,6.574,-0.526,1.715,0.664,1.109,3.072,-13.861,-0.786,-2.245,-1.611,-1.784
0.974,0.614,1.378,-1.498,-0.174,0.015,0.876,0.809,-3.095,-0.293,-0.297,-0.014,-1.736,-1.962,0.927,0.887,-8.901,19.184,-0.547,1.671,0.728,1.008,5.011,-13.940,-0.790,-2.336,-1.541,-1.779
1.105,0.950,-2.374,4.046,-0.170,0.009,1.018,0.731,-2.247,-1.105,-0.334,-0.001,-1.843,-2.036,0.924,1.021,-14.722,27.559,-0.534,1.680,0.683,0.961,5.557,-14.590,-0.801,-2.309,-1.567,-1.769
1.004,0.814,-3.178,3.765,-0.212,0.013,1.018,0.795,-2.242,-0.428,-0.282,-0.017,-1.777,-2.025,0.845,1.077,-17.467,30.183,-0.535,1.664,0.758,1.110,5.583,-14.257,-0.791,-2.309,-1.570,-1.764
1.108,0.677,-5.739,5.870,-0.161,0.014,0.975,0.820,-1.459,-0.403,-0.274,-0.003,-1.790,-2.080,0.914,0.960,-19.166,29.208,-0.536,1.657,0.730,1.018,7.414,-13.638,-0.795,-2.313,-1.544,-1.785
1.108,0.677,-5.739,5.870,-0.161,0.014,0.975,0.820,-1.459,-0.403,-0.274,-0.003,-1.790,-2.080,0.914,0.960,-19.166,29.208,-0.536,1.657,0.730,1.018,8.924,-16.657,-0.795,-2.313,-1.544,-1.785
0.931,0.721,-6.198,5.389,-0.216,0.019,0.918,0.717,-0.436,0.863,-0.319,-0.011,-1.727,-2.037,0.894,1.025,-17.842,25.563,-0.530,1.663,0.704,1.001,10.490,-17.115,-0.793,-2.285,-1.502,-1.788
0.959,0.854,-6.740,3.259,-0.225,0.015,1.189,0.912,0.730,0.107,-0.321,-0.021,-1.561,-2.037,0.920,1.053,-14.196,12.791,-0.532,1.656,0.718,1.067,7.384,-8.809,-0.793,-2.307,-1.389,-1.824
0.959,0.854,-6.740,3.259,-0.225,0.015,1.189,0.912,0.730,0.107,-0.321,-0.021,-1.561,-2.037,0.920,1.045,-15.141,13.886,-0.532,1.656,0.725,1.067,9.999,-13.492,-0.793,-2.307,-1.383,-1.827
0.948,0.835,-5.868,0.902,-0.165,0.020,0.790,0.887,2.713,-1.589,-0.268,-0.008,-1.418,-2.011,0.862,1.046,-11.004,6.207,-0.538,1.687,0.711,1.089,10.312,-14.071,-0.792,-2.311,-1.254,-1.824
0.903,0.756,-6.068,0.445,-0.202,0.009,0.975,0.742,3.665,-3.803,-0.316,-0.012,-1.424,-2.036,0.926,1.033,-10.061,5.066,-0.541,1.682,0.727,1.008,11.983,-16.775,-0.796,-2.309,-1.183,-1.805
0.846,0.778,-5.989,-0.425,-0.188,0.013,0.862,0.677,2.888,-0.878,-0.313,-0.013,-1.356,-2.090,0.854,1.045,-8.935,1.787,-0.539,1.680,0.736,1.000,9.609,-10.731,-0.793,-2.314,-1.247,-1.803
0.846,0.778,-5.989,-0.425,-0.188,0.013,0.862,0.677,2.888,-0.878,-0.313,-0.013,-1.356,-2.090,0.854,1.045,-8.935,1.787,-0.539,1.680,0.736,1.000,13.035,-17.583,-0.793,-2.314,-1.247,-1.803
1.003,0.817,-5.015,-0.664,-0.215,0.005,0.990,0.756,2.042,-0.626,-0.291,-0.014,-1.460,-2.062,0.926,1.085,-6.269,0.048,-0.548,1.685,0.732,1.077,6.160,-5.652,-0.794,-2.302,-1.192,-1.780
0.905,0.700,-5.067,-0.443,-0.161,0.021,1.005,0.756,4.923,-1.484,-0.226,-0.019,-1.576,-2.103,0.819,1.039,-6.066,0.598,-0.541,1.702,0.681,0.997,9.930,-9.595,-0.789,-2.310,-1.350,-1.783
0.916,0.792,-4.945,-0.165,-0.187,0.020,1.033,0.887,4.179,-3.541,-0.294,-0.014,-1.629,-2.037,0.952,1.011,-5.866,1.050,-0.530,1.680,0.707,1.091,8.610,-11.220,-0.795,-2.310,-1.413,-1.795
0.903,0.832,-4.634,-0.394,-0.203,0.017,0.917,0.717,3.650,-2.647,-0.297,-0.007,-1.482,-1.966,0.895,1.041,-5.010,0.386,-0.550,1.679,0.696,1.019,6.795,-8.589,-0.793,-2.295,-1.358,-1.761
0.946,0.778,-4.475,-1.033,-0.187,0.020,0.847,0.861,3.409,0.142,-0.286,-0.021,-1.495,-2.002,0.892,1.011,-4.683,-0.320,-0.537,1.659,0.703,1.096,6.408,-3.571,-0.793,-2.315,-1.366,-1.765
0.946,0.778,-4.475,-1.033,-0.187,0.020,0.847,0.861,3.409,0.142,-0.286,-0.021,-1.495,-2.002,0.892,1.011,-4.683,-0.320,-0.537,1.659,0.703,1.096,10.686,-12.128,-0.793,-2.315,-1.366,-1.765
0.976,0.756,-3.545,-0.307,-0.188,0.013,0.947,0.691,2.364,3.110,-0.295,-0.016,-1.576,-2.002,0.803,1.034,-2.725,0.256,-0.545,1.647,0.709,1.034,-3.039,5.218,-0.793,-2.297,-1.376,-1.782
0.976,0.756,-3.545,-0.307,-0.188,0.013,0.947,0.691,2.364,3.110,-0.295,-0.016,-1.576,-2.002,0.803,1.034,-2.725,0.256,-0.545,1.647,0.709,1.034,-3.039,5.218,-0.793,-2.297,-1.376,-1.782
0.903,0.659,-3.438,-0.516,-0.190,0.020,0.904,0.834,2.296,-0.308,-0.272,-0.012,-1.560,-2.011,0.920,1.006,-2.794,0.671,-0.539,1.699,0.749,1.050,-2.566,9.336,-0.787,-2.299,-1.392,-1.797
0.975,0.872,-2.629,0.407,-0.199,0.023,1.003,0.834,-0.694,4.356,-0.249,-0.012,-1.645,-2.044,0.885,1.018,-2.393,1.503,-0.540,1.690,0.719,1.037,-11.129,24.803,-0.795,-2.295,-1.398,-1.788
1.002,0.774,-2.732,0.131,-0.151,-0.003,0.890,0.901,-0.001,2.332,-0.276,-0.004,-1.566,-2.057,0.884,0.996,-1.965,1.224,-0.538,1.677,0.718,1.044,-13.001,26.594,-0.785,-2.300,-1.403,-1.788
0.960,0.951,-1.710,0.232,-0.162,0.021,0.933,0.756,-1.294,3.051,-0.313,-0.019,-1.566,-1.979,0.872,1.028,-0.906,0.877,-0.535,1.695,0.714,1.045,-13.689,27.753,-0.796,-2.318,-1.396,-1.788
0.975,0.814,-1.232,-0.379,-0.214,0.019,0.878,0.703,-3.639,5.834,-0.264,-0.015,-1.645,-2.038,0.851,1.097,0.187,0.196,-0.537,1.675,0.701,1.043,-13.819,26.003,-0.789,-2.291,-1.420,-1.759
0.903,1.007,-0.895,-0.142,-0.173,0.025,1.133,0.770,-4.343,4.355,-0.323,-0.006,-1.640,-1.965,0.855,1.011,0.110,0.644,-0.538,1.674,0.717,1.008,-12.448,17.517,-0.794,-2.310,-1.390,-1.735
1.145,0.731,-0.172,0.436,-0.188,0.020,1.004,0.650,-4.022,3.123,-0.310,-0.002,-1.643,-1.951,0.934,1.074,1.429,0.984,-0.539,1.677,0.691,1.069,-11.075,13.234,-0.792,-2.283,-1.387,-1.687
1.002,0.851,1.331,0.501,-0.186,0.014,1.004,0.741,-4.077,2.143,-0.293,-0.013,-1.546,-2.022,0.914,0.982,3.530,1.602,-0.537,1.683,0.685,1.029,-9.074,8.491,-0.794,-2.305,-1.387,-1.730
0.846,0.792,1.487,1.239,-0.176,0.017,1.061,0.674,-4.564,1.734,-0.271,-0.007,-1.690,-1.922,0.890,1.066,3.478,1.991,-0.539,1.671,0.748,1.030,-8.745,6.525,-0.793,-2.292,-1.406,-1.756
1.061,1.085,1.621,1.240,-0.175,0.017,1.090,0.982,-4.328,0.624,-0.290,-0.007,-1.546,-2.015,0.884,1.015,2.834,2.294,-0.539,1.689,0.714,1.037,-8.218,4.566,-0.794,-2.300,-1.412,-1.766
0.946,0.989,0.912,1.063,-0.200,0.023,0.874,0.888,-3.721,-0.715,-0.256,-0.006,-1.593,-2.111,0.873,1.004,2.253,1.993,-0.534,1.666,0.690,1.035,-6.197,1.538,-0.792,-2.304,-1.385,-1.775
0.917,0.830,1.244,0.655,-0.187,0.020,0.833,0.702,-3.674,-0.798,-0.290,-0.015,-1.643,-2.069,0.905,0.994,1.994,1.340,-0.535,1.685,0.663,1.018,-5.106,-0.063,-0.795,-2.294,-1.382,-1.806
1.032,0.832,1.128,0.433,-0.187,0.020,0.832,0.888,-3.472,-1.023,-0.294,-0.013,-1.642,-2.002,0.900,1.029,1.894,1.081,-0.540,1.675,0.684,1.049,-4.646,-0.413,-0.792,-2.300,-1.394,-1.808
0.860,0.832,1.473,0.516,-0.212,0.014,1.061,0.823,-3.184,-1.907,-0.293,-0.011,-1.642,-2.003,0.865,1.040,1.795,0.758,-0.540,1.691,0.715,1.032,-4.249,-1.231,-0.794,-2.297,-1.396,-1.809
1.046,0.832,0.526,0.711,-0.217,0.018,0.804,0.728,-3.015,-1.907,-0.319,-0.011,-1.546,-2.001,0.827,0.991,0.637,1.288,-0.536,1.679,0.667,1.006,-3.184,-1.589,-0.793,-2.304,-1.402,-1.820
0.860,0.811,0.103,0.375,-0.212,0.020,0.832,0.638,-2.968,-1.769,-0.283,-0.005,-1.546,-1.988,0.829,1.014,-0.258,0.359,-0.538,1.686,0.711,1.022,-3.156,-1.475,-0.793,-2.304,-1.392,-1.772
1.133,0.853,-0.022,0.316,-0.206,0.014,0.762,0.834,-2.506,-1.602,-0.315,-0.010,-1.401,-1.934,0.892,1.035,-0.523,0.662,-0.539,1.677,0.698,1.027,-2.336,-1.164,-0.792,-2.302,-1.399,-1.754
0.988,0.716,0.044,0.456,-0.176,0.024,0.918,0.877,-2.000,-2.160,-0.326,-0.020,-1.450,-2.121,0.926,1.018,-0.396,0.687,-0.539,1.685,0.674,1.020,-1.816,-0.841,-0.794,-2.301,-1.385,-1.773
0.932,0.673,-0.119,0.575,-0.186,0.021,1.088,0.770,-2.019,-1.486,-0.301,-0.023,-1.499,-1.962,0.854,1.011,-0.499,1.052,-0.534,1.684,0.754,1.029,-1.901,-1.249,-0.792,-2.300,-1.381,-1.753
0.946,0.969,-0.727,0.353,-0.188,0.020,0.975,0.915,-1.707,-1.072,-0.283,-0.019,-1.643,-2.024,0.872,1.047,-1.628,0.371,-0.539,1.673,0.717,1.018,-1.160,-0.859,-0.793,-2.303,-1.388,-1.752
1.017,0.830,-1.259,0.373,-0.162,0.035,1.049,0.756,-1.604,-0.867,-0.294,-0.013,-1.457,-2.077,0.907,1.012,-2.380,0.689,-0.538,1.691,0.766,1.010,-1.222,-0.313,-0.792,-2.299,-1.369,-1.767
0.888,0.753,-1.001,0.275,-0.187,0.020,1.061,0.837,-1.616,-0.200,-0.275,-0.025,-1.637,-2.056,0.881,1.006,-4.818,6.853,-0.537,1.683,0.745,1.040,-1.844,1.499,-0.791,-2.307,-1.380,-1.799
0.819,0.655,-1.978,0.212,-0.164,0.020,0.876,0.731,-1.418,0.242,-0.271,-0.020,-1.594,-2.054,0.881,1.009,-10.606,15.191,-0.537,1.680,0.685,1.032,-1.588,1.860,-0.793,-2.301,-1.378,-1.809
0.975,0.774,-2.115,0.292,-0.216,0.019,1.059,0.767,-1.257,0.014,-0.301,-0.022,-1.478,-2.042,0.845,1.018,-14.719,24.091,-0.538,1.679,0.697,1.034,-1.087,1.185,-0.792,-2.306,-1.344,-1.811
0.904,0.853,-4.186,5.085,-0.216,0.012,1.065,0.770,-1.594,0.731,-0.253,-0.013,-1.619,-1.965,0.866,1.015,-17.790,31.109,-0.537,1.681,0.746,1.003,-1.220,2.023,-0.793,-2.303,-1.363,-1.792
0.845,0.832,-6.596,9.091,-0.151,0.024,0.975,0.901,-1.395,1.193,-0.279,-0.004,-1.637,-1.909,0.868,1.040,-18.110,31.716,-0.536,1.678,0.734,1.054,-1.124,2.766,-0.793,-2.299,-1.388,-1.803
0.974,0.753,-6.600,6.078,-0.149,0.018,0.776,0.823,-0.944,0.848,-0.327,-0.014,-1.593,-1.966,0.884,1.040,-15.148,21.221,-0.535,1.676,0.696,1.033,-0.287,2.143,-0.792,-2.303,-1.384,-1.782
0.974,0.836,-6.190,3.594,-0.212,0.012,1.004,0.756,-0.498,1.673,-0.290,-0.020,-1.548,-2.038,0.896,1.004,-11.403,10.973,-0.533,1.657,0.726,0.988,0.370,2.657,-0.793,-2.299,-1.368,-1.778
0.946,0.807,-7.908,5.887,-0.225,0.015,1.003,0.834,-0.187,1.385,-0.291,-0.014,-1.535,-2.002,0.865,1.045,-12.812,11.103,-0.553,1.732,0.768,1.058,0.437,2.694,-0.792,-2.296,-1.361,-1.773
0.958,0.811,-3.559,-0.813,-0.230,0.015,0.762,0.652,-0.201,1.213,-0.323,-0.012,-1.566,-1.909,0.887,1.037,-9.267,6.488,-0.544,1.696,0.711,1.021,0.205,1.616,-0.792,-2.309,-1.383,-1.765
0.990,0.818,-5.195,0.431,-0.085,0.003,0.975,0.663,-0.870,1.000,-0.224,0.013,-1.543,-2.085,0.919,1.053,-6.058,-2.532,-0.543,1.708,0.672,1.056,-0.862,1.040,-0.794,-2.309,-1.389,-1.765
0.974,0.854,-6.383,2.254,-0.131,0.029,1.061,0.676,-0.534,0.668,-0.287,-0.002,-1.576,-1.933,0.879,1.011,-4.782,-2.962,-0.541,1.713,0.738,0.991,-0.571,0.893,-0.790,-2.289,-1.384,-1.783
1.017,0.832,-6.611,2.471,-0.120,0.012,0.963,0.782,-0.618,0.951,-0.242,-0.003,-1.566,-2.003,0.893,1.045,-3.555,-4.656,-0.533,1.642,0.734,1.072,-0.598,1.274,-0.790,-2.296,-1.387,-1.781
0.989,0.853,-6.121,1.708,-0.123,-0.015,0.947,0.622,-1.401,1.074,-0.213,0.009,-1.567,-1.965,0.927,1.059,-1.973,-7.759,-0.552,1.681,0.706,1.006,-0.965,1.387,-0.798,-2.321,-1.388,-1.780
0.920,0.698,-4.995,-1.260,-0.203,0.023,0.932,0.809,-0.533,0.951,-0.412,-0.034,-1.575,-2.040,0.839,1.040,-0.230,-14.087,-0.532,1.682,0.723,1.009,-0.728,0.846,-0.788,-2.286,-1.390,-1.784
0.831,0.851,-4.837,0.548,-0.174,0.016,1.104,0.717,-1.037,1.143,-0.291,-0.014,-1.558,-2.020,0.923,1.018,2.980,-15.136,-0.543,1.697,0.720,1.041,-0.978,1.374,-0.795,-2.311,-1.386,-1.791
0.848,0.832,-4.125,-0.976,-0.201,0.016,0.919,0.873,-1.257,0.609,-0.287,-0.018,-1.602,-2.186,0.880,1.085,2.327,-14.340,-0.542,1.692,0.729,1.052,-1.237,0.799,-0.791,-2.294,-1.390,-1.778
0.974,0.773,-3.923,-1.208,-0.204,0.022,0.889,0.717,-1.449,0.794,-0.266,-0.009,-1.519,-2.018,0.889,0.975,3.087,-14.071,-0.535,1.671,0.731,1.033,-2.059,1.216,-0.795,-2.308,-1.404,-1.780
0.917,0.888,-1.644,-2.800,-0.230,0.009,0.975,0.848,-1.568,0.933,-0.338,-0.011,-1.552,-2.001,0.902,1.001,2.439,-10.512,-0.533,1.680,0.705,0.984,-2.145,1.060,-0.794,-2.303,-1.406,-1.765
1.060,0.813,-2.756,0.525,-0.172,0.023,0.947,0.691,-1.920,0.641,-0.291,-0.009,-1.466,-1.965,0.886,1.030,3.516,-11.219,-0.534,1.675,0.722,0.997,-2.259,0.745,-0.795,-2.306,-1.403,-1.760
0.961,0.869,-1.752,0.588,-0.182,0.022,0.935,0.809,-1.986,0.856,-0.305,-0.004,-1.498,-2.027,0.864,1.046,6.742,-11.819,-0.534,1.682,0.704,1.055,-2.178,1.065,-0.794,-2.298,-1.440,-1.764
0.933,0.716,-1.163,-0.669,-0.201,0.016,0.891,0.731,-1.685,0.510,-0.259,-0.030,-1.645,-2.002,0.836,1.013,6.547,-13.056,-0.543,1.680,0.753,1.015,-5.024,6.899,-0.793,-2.298,-1.415,-1.772
1.073,0.655,-0.953,0.101,-0.189,0.027,0.866,0.759,-1.520,0.725,-0.267,-0.014,-1.594,-1.907,0.875,0.986,6.356,-11.444,-0.533,1.700,0.707,0.991,-8.934,15.683,-0.794,-2.303,-1.396,-1.720
1.032,0.813,-0.405,0.784,-0.203,0.008,1.021,0.823,-1.522,0.934,-0.395,-0.029,-1.594,-2.037,0.886,1.019,7.983,-11.919,-0.536,1.669,0.769,1.027,-13.244,24.288,-0.793,-2.299,-1.399,-1.759
1.073,0.832,0.507,-0.364,-0.187,0.013,1.175,0.795,-4.247,6.077,-0.319,0.002,-1.594,-2.029,0.898,1.039,10.112,-13.566,-0.537,1.672,0.717,1.027,-17.265,32.210,-0.793,-2.297,-1.394,-1.771
1.103,0.716,-0.368,0.512,-0.169,0.008,0.877,0.863,-3.373,4.714,-0.261,-0.016,-1.546,-2.037,0.871,1.042,8.320,-14.379,-0.545,1.684,0.760,1.013,-18.999,35.996,-0.791,-2.304,-1.392,-1.779
0.930,0.774,-1.020,2.046,-0.178,0.009,0.876,0.809,-3.807,3.765,-0.323,-0.006,-1.596,-2.036,0.911,1.019,6.138,-12.602,-0.540,1.672,0.710,1.040,-16.544,29.509,-0.789,-2.297,-1.402,-1.766
1.004,0.734,2.119,-1.125,-0.174,-0.002,0.919,0.690,-9.505,13.236,-0.227,0.000,-1.546,-1.941,0.896,1.061,10.110,-14.251,-0.536,1.690,0.740,1.057,-18.594,28.649,-0.795,-2.308,-1.393,-1.770
0.989,0.732,1.317,-0.725,-0.212,0.005,0.751,0.859,-5.439,7.163,-0.240,-0.009,-1.546,-1.951,0.994,0.966,7.842,-11.584,-0.549,1.672,0.714,0.966,-7.186,10.765,-0.788,-2.299,-1.412,-1.783
0.733,0.692,2.640,-2.429,-0.135,0.015,1.018,0.863,-6.929,5.851,-0.343,-0.010,-1.598,-1.967,0.853,1.013,9.728,-13.560,-0.527,1.677,0.673,0.990,-9.166,6.461,-0.785,-2.270,-1.419,-1.756
1.246,0.753,1.551,0.981,-0.174,0.016,0.834,0.573,-5.785,0.081,-0.274,-0.004,-1.609,-1.925,0.940,1.087,6.769,-5.994,-0.544,1.679,0.672,1.029,-3.048,-6.282,-0.797,-2.286,-1.413,-1.721
1.246,0.753,1.551,0.981,-0.174,0.016,0.834,0.573,-5.785,0.081,-0.274,-0.004,-1.609,-1.925,0.940,1.087,10.194,-12.846,-0.544,1.679,0.672,1.029,-5.749,-0.881,-0.797,-2.286,-1.413,-1.721
0.946,0.851,2.491,-2.127,-0.192,0.011,1.159,0.776,-6.374,2.082,-0.315,-0.015,-1.616,-2.015,0.881,0.991,12.490,-20.281,-0.530,1.664,0.751,0.998,-6.074,0.180,-0.784,-2.278,-1.394,-1.750
0.946,0.813,1.477,2.507,-0.203,0.015,0.803,0.784,-3.728,-1.728,-0.325,0.001,-1.498,-1.929,0.845,1.049,9.889,-11.132,-0.541,1.678,0.655,1.010,-1.663,-6.097,-0.798,-2.302,-1.397,-1.765
0.917,0.851,2.137,-0.645,-0.200,0.029,0.861,0.742,-5.594,-3.921,-0.316,-0.002,-1.617,-2.022,0.910,0.999,12.604,-17.400,-0.535,1.688,0.722,1.022,-4.294,-4.991,-0.799,-2.276,-1.401,-1.774
0.875,0.752,0.285,-0.910,-0.188,0.007,0.734,0.677,-6.047,-2.489,-0.310,-0.016,-1.648,-2.125,0.929,0.971,6.081,-9.240,-0.539,1.668,0.658,1.005,0.537,-8.689,-0.793,-2.317,-1.376,-1.813
1.131,0.832,6.305,-4.402,-0.139,0.014,0.875,0.545,-5.338,2.415,-0.319,0.010,-1.548,-2.025,0.915,1.034,10.453,-9.962,-0.532,1.693,0.662,1.052,0.885,-9.880,-0.801,-2.274,-1.399,-1.812
1.089,0.771,5.543,-3.786,-0.172,0.002,0.833,0.863,-3.429,1.907,-0.274,-0.015,-1.541,-2.041,0.960,0.996,7.591,-5.754,-0.543,1.685,0.728,0.973,4.530,-11.932,-0.790,-2.309,-1.395,-1.836
0.975,0.753,0.048,6.884,-0.122,0.032,0.876,0.848,-2.100,-2.416,-0.300,-0.001,-1.489,-1.988,0.928,1.058,3.021,0.827,-0.528,1.715,0.691,1.060,4.089,-14.108,-0.798,-2.284,-1.406,-1.768
1.060,0.755,3.856,-4.197,-0.048,-0.028,1.134,0.848,-2.459,0.820,-0.146,0.029,-1.556,-1.965,0.907,1.068,-6.849,14.504,-0.534,1.612,0.814,1.084,5.879,-13.464,-0.793,-2.327,-1.383,-1.785
1.060,0.675,1.028,1.068,0.007,-0.011,1.004,0.782,-1.275,-0.662,-0.106,0.011,-1.598,-1.981,0.885,0.952,-13.499,24.182,-0.569,1.743,0.716,1.030,8.025,-14.773,-0.797,-2.342,-1.388,-1.781
0.946,0.791,0.096,2.666,-0.125,-0.000,0.946,0.613,-1.424,-0.459,-0.192,0.008,-1.545,-2.025,0.789,0.952,-13.830,28.105,-0.594,1.854,0.697,0.915,7.412,-15.205,-0.796,-2.311,-1.383,-1.780
0.817,0.831,-3.334,7.820,-0.130,0.004,0.832,0.847,-0.908,-0.268,-0.330,-0.013,-1.601,-2.036,0.822,1.141,-17.217,34.442,-0.473,1.464,0.670,1.051,7.156,-13.962,-0.795,-2.311,-1.371,-1.778
0.944,0.691,-4.317,6.742,-0.111,-0.003,1.002,0.837,-0.034,-0.080,-0.270,-0.016,-1.595,-2.102,0.858,0.931,-17.221,29.683,-0.468,1.432,0.689,0.994,8.732,-13.426,-0.798,-2.318,-1.385,-1.791
1.017,0.876,-4.561,6.022,-0.152,0.011,0.946,0.809,0.229,-0.111,-0.316,-0.006,-1.594,-2.003,0.850,1.083,-14.645,23.983,-0.483,1.530,0.694,1.063,8.290,-13.331,-0.788,-2.284,-1.355,-1.787
1.003,0.792,-5.346,5.454,-0.228,0.015,0.975,0.742,0.951,-0.781,-0.280,0.001,-1.495,-2.094,0.866,1.024,-15.100,19.742,-0.451,1.386,0.707,1.033,8.334,-13.967,-0.794,-2.301,-1.294,-1.797
0.932,0.774,-5.374,2.615,-0.132,0.015,1.196,0.798,2.447,1.058,-0.317,-0.020,-1.469,-1.983,0.846,1.017,-12.166,11.657,-0.357,1.083,0.800,1.024,10.598,-10.561,-0.790,-2.292,-1.277,-1.783
0.832,0.850,-5.278,1.579,-0.245,0.024,0.805,0.703,2.432,-0.107,-0.332,0.004,-1.472,-2.022,0.844,1.019,-11.322,7.563,-0.367,1.107,0.708,0.997,9.645,-11.941,-0.793,-2.310,-1.298,-1.821
0.917,0.911,-5.190,0.598,-0.172,0.018,1.033,0.873,2.971,1.102,-0.316,-0.012,-1.494,-2.078,0.800,1.075,-9.840,4.752,-0.349,1.050,0.743,1.023,12.874,-14.789,-0.792,-2.310,-1.331,-1.797
1.103,0.853,-4.650,-0.207,-0.103,0.002,0.875,0.887,4.642,-3.104,-0.278,-0.010,-1.521,-1.989,0.870,1.020,-8.070,2.499,-0.339,1.013,0.740,1.022,12.216,-16.218,-0.795,-2.302,-1.388,-1.789
0.861,0.774,-5.254,0.178,-0.143,0.003,0.991,0.822,4.680,-2.257,-0.299,-0.014,-1.548,-2.078,0.894,1.084,-8.208,2.984,-0.395,1.204,0.712,1.082,11.390,-12.839,-0.797,-2.286,-1.383,-1.784
0.917,0.774,-5.237,0.217,-0.172,0.005,0.897,0.809,3.330,1.168,-0.281,-0.013,-1.492,-2.036,0.828,0.975,-7.588,1.898,-0.438,1.325,0.672,0.984,11.725,-14.152,-0.790,-2.301,-1.376,-1.783
1.117,0.716,-4.982,-0.229,-0.203,0.018,0.731,0.691,5.660,-5.158,-0.343,0.016,-1.561,-2.036,0.934,1.028,-7.146,1.777,-0.482,1.483,0.707,1.025,11.441,-16.779,-0.793,-2.316,-1.370,-1.784
1.031,0.814,-3.928,-0.839,-0.127,0.014,0.776,0.860,3.660,0.194,-0.279,-0.010,-1.599,-1.927,0.854,1.051,-4.342,0.149,-0.430,1.338,0.694,1.080,7.595,-5.553,-0.786,-2.294,-1.421,-1.772
0.932,0.832,-3.856,-0.976,-0.161,0.002,1.032,0.626,4.969,-1.976,-0.280,-0.018,-1.578,-2.057,0.819,1.019,-4.519,-0.308,-0.400,1.199,0.690,1.047,8.578,-9.221,-0.794,-2.314,-1.454,-1.799
0.988,0.771,-3.842,-0.894,-0.183,0.016,0.630,0.691,3.601,-0.568,-0.329,-0.007,-1.520,-2.057,0.829,1.012,-4.485,-0.697,-0.438,1.349,0.678,1.004,6.342,-5.176,-0.794,-2.296,-1.399,-1.790
0.991,0.835,-3.494,-0.922,-0.148,0.005,1.090,0.912,4.022,-2.063,-0.277,-0.018,-1.534,-1.933,0.896,1.048,-3.781,-0.796,-0.449,1.364,0.745,1.048,5.508,-6.550,-0.789,-2.299,-1.369,-1.777
0.903,0.853,-3.252,-0.783,-0.154,0.012,0.919,0.638,0.980,3.185,-0.320,-0.013,-1.576,-2.100,0.876,1.041,-3.013,-0.277,-0.424,1.317,0.726,1.064,6.498,-7.488,-0.794,-2.316,-1.387,-1.790
1.089,0.967,-2.986,-1.142,-0.164,0.009,1.004,0.781,3.288,-1.609,-0.383,0.007,-1.553,-2.078,0.880,1.072,-2.939,-1.048,-0.436,1.328,0.720,1.052,2.535,-1.437,-0.792,-2.307,-1.381,-1.785
0.932,0.681,-2.816,-0.447,-0.181,0.020,0.962,0.756,2.206,-0.913,-0.311,-0.006,-1.548,-2.106,0.876,1.033,-2.606,0.168,-0.429,1.334,0.686,1.029,-3.830,10.243,-0.797,-2.289,-1.376,-1.771
0.916,0.640,-2.098,-0.562,-0.190,0.001,0.933,0.743,-1.242,4.539,-0.258,-0.021,-1.576,-2.007,0.848,1.038,-1.234,0.313,-0.435,1.316,0.741,1.056,-7.668,15.440,-0.789,-2.301,-1.368,-1.772
0.889,0.771,-1.563,-0.390,-0.164,0.023,0.776,0.834,2.744,-5.025,-0.260,-0.020,-1.481,-2.038,0.911,1.031,-0.876,0.493,-0.433,1.330,0.736,1.027,-10.546,18.271,-0.785,-2.315,-1.388,-1.778
0.888,0.835,-2.011,0.304,-0.173,0.017,0.962,0.873,-1.892,5.985,-0.278,-0.010,-1.484,-1.948,0.855,1.060,-1.654,1.879,-0.433,1.329,0.742,1.018,-15.767,32.573,-0.789,-2.281,-1.371,-1.725
0.903,0.851,-2.264,0.374,-0.138,0.003,0.992,0.823,-3.425,6.041,-0.264,-0.021,-1.535,-2.081,0.891,0.959,-1.717,1.903,-0.430,1.318,0.645,1.044,-15.864,30.030,-0.786,-2.312,-1.392,-1.775
0.889,0.811,-1.656,0.436,-0.173,0.017,0.946,0.638,-3.731,7.391,-0.304,-0.016,-1.630,-2.132,0.855,0.997,-1.072,1.447,-0.429,1.345,0.737,0.964,-16.306,30.582,-0.792,-2.304,-1.396,-1.775
0.975,0.753,-0.890,0.139,-0.167,0.016,0.745,0.702,-4.823,3.238,-0.269,-0.009,-1.628,-1.950,0.893,1.024,0.156,0.861,-0.430,1.326,0.639,1.055,-12.907,14.117,-0.802,-2.329,-1.450,-1.704
0.975,0.753,-0.890,0.139,-0.167,0.016,0.745,0.702,-4.823,3.238,-0.269,-0.009,-1.628,-1.950,0.893,1.024,0.156,0.861,-0.430,1.326,0.639,1.055,-12.907,14.117,-0.802,-2.329,-1.450,-1.704
0.978,0.734,0.516,1.085,-0.062,-0.007,1.021,0.688,-4.313,2.122,-0.252,-0.006,-1.546,-2.062,0.870,1.039,1.900,1.718,-0.431,1.336,0.748,0.976,-9.767,10.153,-0.791,-2.306,-1.413,-1.729
0.889,0.773,0.669,0.718,-0.080,0.006,0.975,0.702,-4.612,1.635,-0.283,-0.019,-1.546,-2.015,0.843,1.032,2.267,1.883,-0.432,1.335,0.733,1.051,-9.333,7.264,-0.793,-2.298,-1.404,-1.754
0.945,0.811,0.627,0.982,-0.155,0.015,1.018,0.795,-4.124,0.475,-0.294,-0.008,-1.594,-2.110,0.864,1.007,1.893,1.826,-0.429,1.349,0.729,1.013,-7.425,4.040,-0.794,-2.307,-1.433,-1.776
0.903,0.830,1.040,0.598,-0.160,0.002,0.962,0.916,-3.908,-0.737,-0.276,-0.025,-1.602,-2.016,0.884,0.986,1.838,1.112,-0.432,1.314,0.735,1.027,-6.827,0.917,-0.791,-2.296,-1.384,-1.794
0.976,0.694,0.777,0.538,-0.152,0.012,0.933,0.945,-3.721,-0.978,-0.283,0.002,-1.391,-2.081,0.891,0.959,1.054,0.995,-0.430,1.338,0.696,1.008,-5.600,-0.264,-0.796,-2.292,-1.386,-1.791
1.031,0.792,1.213,0.211,-0.113,0.004,0.949,0.880,-3.213,-1.434,-0.226,-0.011,-1.546,-1.993,0.865,1.050,1.454,0.443,-0.433,1.328,0.667,1.046,-4.575,-0.465,-0.789,-2.305,-1.386,-1.788
0.829,0.890,0.939,0.821,-0.087,-0.001,1.133,0.529,-2.690,-1.685,-0.186,0.009,-1.545,-1.908,0.820,0.994,1.378,1.072,-0.432,1.330,0.713,1.016,-3.232,-1.526,-0.798,-2.312,-1.403,-1.791
1.076,0.888,0.872,0.398,-0.134,0.002,0.943,0.741,-2.808,-2.210,-0.186,0.009,-1.600,-1.931,0.889,1.037,0.974,0.846,-0.432,1.325,0.717,1.029,-3.201,-2.044,-0.793,-2.294,-1.390,-1.801
1.004,0.774,-0.139,0.334,-0.146,0.012,0.918,0.873,-2.502,-1.852,-0.295,-0.019,-1.436,-1.983,0.900,1.013,-0.816,0.606,-0.431,1.333,0.708,1.043,-2.543,-1.625,-0.792,-2.304,-1.395,-1.752
0.919,0.694,-0.167,0.598,-0.164,0.009,0.845,0.823,-2.078,-1.573,-0.396,-0.023,-1.698,-2.052,0.873,0.989,-1.193,0.527,-0.432,1.327,0.690,1.017,-1.705,-1.145,-0.793,-2.297,-1.393,-1.750
0.916,0.832,-0.742,0.516,-0.152,0.012,0.946,0.809,-1.633,-1.460,-0.320,-0.013,-1.449,-1.979,0.862,1.026,-1.671,0.755,-0.432,1.322,0.710,1.051,-1.500,-1.067,-0.792,-2.298,-1.381,-1.770
0.875,0.771,-1.041,0.516,-0.204,0.011,1.081,0.838,-1.884,-1.413,-0.305,-0.004,-1.641,-2.029,0.867,1.035,-1.816,0.654,-0.431,1.328,0.694,0.999,-1.351,-1.063,-0.792,-2.303,-1.379,-1.771
0.932,0.734,-1.142,-0.136,-0.136,0.017,0.919,0.742,-1.605,-1.130,-0.309,-0.003,-1.501,-1.985,0.880,1.027,-1.837,0.225,-0.432,1.323,0.655,1.050,-1.189,-0.398,-0.793,-2.301,-1.387,-1.770
1.114,0.832,-2.224,0.328,-0.150,0.013,0.960,0.703,-1.519,-0.128,-0.268,-0.008,-1.545,-1.879,0.892,1.021,-3.587,0.662,-0.431,1.323,0.710,1.046,-1.221,0.817,-0.794,-2.305,-1.364,-1.780
0.989,0.933,-2.343,0.565,-0.178,0.005,0.790,0.837,-1.772,0.311,-0.275,-0.011,-1.529,-2.036,0.869,1.048,-6.295,7.188,-0.431,1.319,0.694,1.019,-1.707,1.643,-0.793,-2.305,-1.348,-1.792
0.961,0.600,-1.837,0.276,-0.124,0.007,0.864,0.770,-1.388,0.258,-0.281,-0.009,-1.523,-2.003,0.871,1.047,-10.072,15.667,-0.432,1.333,0.719,1.026,-1.077,1.866,-0.792,-2.303,-1.365,-1.801
1.032,0.807,-1.722,0.291,-0.196,0.024,0.931,0.703,-1.529,1.058,-0.289,-0.013,-1.506,-2.020,0.871,1.010,-13.624,23.996,-0.433,1.348,0.653,1.038,-1.178,2.689,-0.792,-2.303,-1.380,-1.818
1.032,0.807,-1.722,0.291,-0.196,0.024,0.931,0.703,-1.529,1.058,-0.289,-0.013,-1.506,-2.020,0.871,1.010,-17.716,32.181,-0.433,1.348,0.653,1.038,-1.178,2.689,-0.792,-2.303,-1.380,-1.818
0.933,0.777,-6.154,9.764,-0.175,0.004,0.962,0.756,-0.723,1.075,-0.300,-0.015,-1.551,-2.020,0.861,1.028,-17.540,33.098,-0.427,1.328,0.707,1.052,-0.721,2.578,-0.792,-2.302,-1.383,-1.781
0.939,0.868,-6.074,9.441,-0.108,-0.004,0.833,0.756,-0.442,1.094,-0.285,0.002,-1.488,-2.020,0.865,1.037,-14.643,26.740,-0.432,1.332,0.662,1.053,0.048,2.227,-0.793,-2.306,-1.376,-1.785
0.919,0.734,-6.932,7.554,0.027,-0.033,0.818,0.639,-0.638,1.449,-0.141,0.018,-1.461,-2.038,0.863,1.041,-13.234,18.844,-0.432,1.334,0.730,1.044,-0.032,2.823,-0.798,-2.312,-1.352,-1.788
1.089,0.774,-7.197,10.246,-0.045,-0.009,1.090,0.770,-0.312,1.602,-0.250,-0.006,-1.535,-2.039,0.868,0.992,-12.052,17.231,-0.463,1.429,0.732,1.014,-0.015,2.550,-0.789,-2.298,-1.355,-1.768
0.903,0.756,-5.682,8.070,-0.099,0.001,0.861,0.745,-0.985,1.086,-0.264,-0.007,-1.564,-1.855,0.873,1.098,-6.699,10.724,-0.417,1.284,0.691,1.069,-0.566,1.588,-0.785,-2.283,-1.393,-1.779
1.161,0.774,-5.492,0.172,-0.054,-0.003,0.947,0.662,0.023,1.018,-0.199,0.014,-1.564,-2.003,0.931,0.960,-5.817,-3.836,-0.450,1.390,0.694,1.014,0.494,1.177,-0.795,-2.305,-1.364,-1.778
1.217,0.890,-6.142,3.317,-0.169,0.010,1.033,0.915,-0.360,0.504,-0.263,-0.007,-1.535,-2.041,0.869,1.057,-4.230,-1.343,-0.449,1.383,0.774,1.027,-0.396,0.847,-0.783,-2.276,-1.356,-1.768
1.060,0.698,-8.271,5.623,-0.153,0.012,1.018,0.876,-0.526,0.727,-0.272,0.003,-1.533,-1.976,0.888,1.026,-6.510,-1.610,-0.425,1.300,0.697,1.047,-0.245,0.576,-0.783,-2.267,-1.380,-1.776
0.903,0.753,-5.642,-0.318,-0.187,0.008,1.132,0.887,-0.865,0.806,-0.329,-0.013,-1.608,-2.055,0.891,1.009,-2.116,-9.708,-0.443,1.352,0.754,1.009,-1.014,1.142,-0.792,-2.302,-1.381,-1.786
0.903,0.753,-5.642,-0.318,-0.187,0.008,1.132,0.887,-0.865,0.806,-0.329,-0.013,-1.608,-2.055,0.891,1.009,-3.942,-6.055,-0.443,1.352,0.754,1.009,-1.014,1.142,-0.792,-2.302,-1.381,-1.786
0.890,0.753,-5.873,0.704,-0.176,0.006,1.030,0.860,-0.952,0.806,-0.322,-0.012,-1.577,-1.948,0.899,1.017,-3.063,-6.526,-0.446,1.345,0.739,1.040,-0.971,0.930,-0.789,-2.289,-1.393,-1.784
0.946,0.655,-3.832,-1.020,-0.181,0.014,1.018,0.664,-1.422,0.591,-0.308,-0.004,-1.593,-2.019,0.896,1.041,0.983,-12.663,-0.435,1.332,0.715,1.034,-1.972,0.490,-0.792,-2.292,-1.408,-1.792
1.017,0.774,-4.382,0.215,-0.175,0.005,0.890,0.638,-1.672,0.804,-0.326,-0.014,-1.598,-2.001,0.908,1.017,2.476,-14.130,-0.441,1.339,0.749,1.049,-2.307,1.124,-0.794,-2.306,-1.385,-1.778
1.017,0.774,-4.382,0.215,-0.175,0.005,0.890,0.638,-1.672,0.804,-0.326,-0.014,-1.598,-2.001,0.908,1.017,1.964,-13.105,-0.441,1.339,0.749,1.049,-2.307,1.124,-0.794,-2.306,-1.385,-1.778
0.943,0.948,-3.606,0.381,-0.149,0.011,1.047,0.731,-1.542,1.009,-0.253,-0.016,-1.598,-1.968,0.855,1.049,3.697,-14.026,-0.422,1.294,0.718,1.035,-2.051,0.960,-0.794,-2.302,-1.399,-1.770
1.035,0.813,-0.525,-1.247,-0.161,0.016,0.891,0.781,-1.935,0.695,-0.260,-0.014,-1.598,-2.019,0.921,1.044,6.457,-15.671,-0.443,1.333,0.736,1.018,-2.048,1.244,-0.793,-2.302,-1.383,-1.759
1.088,0.792,-1.161,-0.915,-0.137,0.005,0.819,0.756,-1.862,0.931,-0.305,-0.010,-1.645,-2.019,0.929,1.046,7.597,-16.789,-0.434,1.362,0.707,1.022,-5.662,7.394,-0.793,-2.297,-1.394,-1.755
0.891,0.811,-0.220,-0.277,-0.181,0.020,1.203,0.752,-1.693,0.642,-0.286,-0.010,-1.506,-2.054,0.832,1.038,9.036,-13.935,-0.427,1.326,0.730,1.030,-9.047,15.530,-0.792,-2.304,-1.393,-1.753
0.959,0.847,-0.194,-0.649,-0.155,0.000,0.776,0.781,-1.326,0.993,-0.264,-0.015,-1.551,-2.027,0.857,1.018,7.966,-14.541,-0.435,1.328,0.695,1.045,-12.971,24.153,-0.792,-2.299,-1.397,-1.782
1.204,0.755,-0.200,0.423,-0.169,0.008,0.932,0.781,-3.012,4.404,-0.305,-0.010,-1.735,-2.015,0.868,1.047,6.641,-11.683,-0.433,1.327,0.743,1.019,-14.543,27.956,-0.791,-2.301,-1.393,-1.782
0.860,0.832,0.720,-0.009,-0.123,0.013,1.119,0.677,-6.409,11.644,-0.234,-0.008,-1.404,-2.042,0.843,0.990,8.318,-13.763,-0.430,1.328,0.684,1.018,-17.740,35.156,-0.793,-2.313,-1.390,-1.789
0.860,0.872,-0.344,-0.745,-0.059,-0.009,0.904,0.755,-6.621,10.985,-0.214,0.002,-1.643,-2.068,0.860,1.024,6.963,-13.914,-0.437,1.340,0.775,1.045,-16.480,28.745,-0.794,-2.311,-1.400,-1.782
1.032,0.869,0.809,0.970,-0.164,0.009,0.846,0.691,-7.195,6.855,-0.250,0.001,-1.595,-2.055,0.906,1.005,7.179,-9.507,-0.432,1.329,0.687,1.030,-8.384,7.279,-0.799,-2.318,-1.417,-1.759
0.817,0.811,2.416,-0.969,-0.180,0.013,1.162,0.795,-6.252,6.239,-0.294,-0.014,-1.698,-1.985,0.900,1.052,9.575,-12.722,-0.432,1.328,0.764,1.092,-9.780,11.524,-0.809,-2.356,-1.432,-1.757
1.003,0.771,2.697,-1.691,-0.136,0.001,1.004,0.652,-5.746,6.051,-0.299,-0.006,-1.445,-1.972,0.869,0.967,9.534,-13.243,-0.431,1.320,0.763,0.981,-7.002,7.492,-0.799,-2.260,-1.416,-1.752
1.017,0.771,1.605,0.297,-0.143,0.004,0.747,0.860,-4.231,0.920,-0.292,-0.013,-1.563,-1.949,0.876,1.002,6.200,-7.066,-0.432,1.318,0.659,1.085,-3.668,-5.086,-0.793,-2.320,-1.403,-1.749
0.946,0.909,2.758,-1.733,-0.117,0.012,0.747,0.755,-5.974,1.524,-0.243,-0.003,-1.558,-2.024,0.846,1.054,8.703,-12.594,-0.429,1.335,0.738,1.017,-5.156,-4.046,-0.807,-2.313,-1.408,-1.746
1.060,0.655,3.374,-3.035,0.003,-0.030,1.004,0.565,-6.318,2.582,-0.062,0.027,-1.608,-2.068,0.932,1.022,9.063,-12.515,-0.437,1.331,0.753,1.018,-3.479,-3.471,-0.791,-2.295,-1.387,-1.785
0.875,0.733,2.939,-0.453,0.155,-0.059,1.084,0.823,-4.061,0.640,0.027,0.054,-1.497,-2.054,0.863,0.989,7.372,-6.346,-0.444,1.361,0.730,0.977,-0.326,-10.991,-0.805,-2.326,-1.392,-1.809
0.732,0.868,3.410,3.051,0.091,-0.052,0.846,0.703,-3.063,-2.899,-0.007,0.047,-1.598,-2.003,0.829,1.106,8.482,-11.064,-0.437,1.352,0.680,1.027,-1.427,-8.850,-0.803,-2.320,-1.394,-1.783
0.946,0.535,3.227,-2.866,-0.138,-0.011,1.005,0.809,-4.552,1.302,-0.166,-0.022,-1.497,-2.067,0.870,0.996,6.011,-10.670,-0.422,1.272,0.785,1.028,-0.276,-7.693,-0.780,-2.293,-1.380,-1.798
1.103,0.716,3.205,-4.223,-0.179,0.012,0.733,0.772,-5.017,2.630,-0.230,-0.028,-1.643,-2.042,0.870,1.036,6.052,-10.223,-0.429,1.317,0.724,1.018,2.048,-7.957,-0.784,-2.339,-1.377,-1.846
0.975,0.832,3.888,4.423,-0.178,0.005,0.905,0.770,-3.917,-1.977,-0.337,-0.003,-1.643,-1.983,0.840,1.037,4.197,-8.242,-0.434,1.323,0.651,1.008,1.873,-12.015,-0.801,-2.283,-1.401,-1.811
1.046,0.796,3.471,-5.762,-0.154,0.007,0.904,0.846,-4.131,1.603,-0.242,0.011,-1.594,-2.003,0.859,1.121,3.219,-8.834,-0.432,1.303,0.664,1.090,2.202,-11.040,-0.792,-2.296,-1.395,-1.754
0.960,1.008,-0.307,0.353,-0.213,-0.000,0.700,0.756,-2.276,-0.424,-0.290,-0.007,-1.692,-1.926,0.885,1.013,-9.209,12.398,-0.442,1.285,0.626,1.073,4.942,-14.119,-0.790,-2.318,-1.403,-1.765
0.832,0.756,3.358,-0.433,-0.146,0.031,0.904,0.876,-2.157,-0.663,-0.339,-0.002,-1.595,-2.041,0.848,1.071,-10.255,20.260,-0.420,1.367,0.702,1.025,5.562,-14.267,-0.796,-2.288,-1.431,-1.783
0.860,0.694,-1.214,2.818,-0.223,0.008,0.984,0.717,-1.754,-0.270,-0.269,-0.016,-1.648,-2.003,0.944,0.966,-16.351,32.548,-0.438,1.302,0.721,1.020,6.025,-14.063,-0.791,-2.310,-1.386,-1.774
0.903,0.731,-3.064,5.468,-0.190,0.001,0.805,0.636,-1.728,-0.342,-0.344,-0.003,-1.912,-2.003,0.851,1.033,-17.435,34.378,-0.435,1.311,0.701,1.029,6.616,-14.124,-0.792,-2.308,-1.375,-1.782
0.788,0.778,-4.558,6.586,-0.134,0.010,0.933,0.823,-0.260,-1.199,-0.268,-0.022,-1.594,-2.018,0.906,1.032,-16.921,28.564,-0.428,1.325,0.720,1.016,7.729,-13.042,-0.792,-2.309,-1.368,-1.799
0.700,0.854,-5.675,6.320,-0.213,0.007,0.920,1.058,-0.282,-0.964,-0.305,-0.010,-1.492,-2.020,0.873,1.013,-16.387,22.391,-0.426,1.312,0.683,1.079,7.160,-12.044,-0.794,-2.294,-1.322,-1.795
0.859,0.908,-5.743,5.422,-0.192,0.027,0.805,0.676,0.824,-0.731,-0.281,-0.012,-1.470,-1.982,0.820,1.033,-14.846,20.435,-0.439,1.370,0.714,1.005,8.949,-13.585,-0.792,-2.308,-1.277,-1.808
1.060,0.694,-5.614,3.444,-0.152,-0.001,1.005,0.717,2.067,2.312,-0.289,-0.012,-1.475,-2.044,0.909,1.005,-12.735,13.444,-0.430,1.319,0.693,1.029,9.865,-11.500,-0.793,-2.302,-1.245,-1.813
0.792,0.811,-5.716,1.853,-0.057,-0.001,1.004,0.582,3.312,-0.991,-0.278,-0.010,-1.464,-1.965,0.825,1.049,-11.412,8.523,-0.428,1.309,0.756,0.996,11.808,-13.329,-0.793,-2.310,-1.246,-1.820
0.989,0.872,-5.549,1.534,-0.159,0.008,1.292,0.731,2.984,-1.013,-0.344,-0.003,-1.427,-2.012,0.857,1.007,-10.290,6.425,-0.434,1.335,0.768,1.033,11.068,-12.558,-0.792,-2.297,-1.276,-1.796
1.017,0.835,-4.746,0.354,-0.109,0.004,1.290,0.691,4.088,-2.462,-0.276,-0.005,-1.482,-2.012,0.904,1.073,-9.285,4.268,-0.426,1.310,0.741,1.050,11.252,-13.352,-0.794,-2.303,-1.321,-1.784
0.755,0.796,-5.267,-0.458,-0.093,-0.008,0.790,0.743,5.023,0.806,-0.204,0.011,-1.608,-2.004,0.816,1.031,-8.176,2.298,-0.437,1.340,0.744,1.020,12.387,-15.090,-0.800,-2.324,-1.387,-1.788
1.093,0.853,-5.098,-0.443,-0.138,0.017,0.804,0.834,2.583,1.609,-0.315,-0.010,-1.592,-2.032,0.890,1.012,-7.123,1.391,-0.430,1.323,0.657,1.038,7.301,-6.824,-0.794,-2.295,-1.378,-1.767
1.033,0.720,-4.400,-0.227,-0.164,0.009,0.861,0.703,3.963,-1.964,-0.289,-0.012,-1.551,-1.993,0.870,1.061,-5.491,1.188,-0.436,1.328,0.754,1.052,8.752,-10.180,-0.796,-2.325,-1.416,-1.754
0.847,0.819,-4.326,-0.534,-0.160,0.015,1.004,0.808,4.115,-3.591,-0.282,-0.011,-1.639,-2.002,0.836,1.045,-5.527,0.882,-0.438,1.359,0.692,1.062,7.493,-8.574,-0.793,-2.309,-1.461,-1.774
0.860,0.792,-5.018,-0.583,-0.109,0.011,0.916,0.769,5.341,-3.562,-0.297,-0.007,-1.599,-1.816,0.875,1.025,-5.967,0.429,-0.420,1.313,0.723,1.046,9.643,-11.237,-0.790,-2.290,-1.459,-1.788
1.002,0.715,-3.640,-1.365,-0.177,0.002,0.991,0.900,1.638,2.276,-0.293,-0.013,-1.587,-2.002,0.906,1.004,-3.821,-0.696,-0.429,1.324,0.733,1.061,2.915,-1.093,-0.789,-2.298,-1.380,-1.800
1.002,0.715,-3.640,-1.365,-0.177,0.002,0.991,0.900,1.638,2.276,-0.293,-0.013,-1.587,-2.002,0.906,1.004,-3.821,-0.696,-0.429,1.324,0.733,1.061,7.114,-9.490,-0.789,-2.298,-1.380,-1.800
1.004,0.774,-3.283,-1.030,-0.188,0.007,0.944,0.769,5.225,-2.519,-0.305,0.001,-1.601,-2.012,0.837,1.027,-3.293,-0.830,-0.434,1.329,0.686,1.043,0.742,-3.045,-0.793,-2.296,-1.378,-1.785
1.049,0.853,-3.448,-0.921,-0.125,-0.015,0.890,0.900,1.821,0.539,-0.292,0.002,-1.628,-2.023,0.826,1.018,-3.217,-0.632,-0.431,1.324,0.674,1.074,-0.794,3.508,-0.798,-2.289,-1.367,-1.784
0.876,0.850,-3.692,-1.033,-0.178,0.005,0.890,0.547,2.566,-1.085,-0.316,-0.006,-1.519,-1.967,0.843,1.016,-3.485,-0.544,-0.432,1.328,0.727,1.025,-3.542,10.119,-0.789,-2.301,-1.358,-1.786
1.046,0.829,-3.384,-0.730,-0.158,0.002,1.046,0.795,1.569,2.020,-0.250,-0.019,-1.587,-1.967,0.896,1.008,-3.261,-0.313,-0.429,1.323,0.756,1.028,-4.387,14.244,-0.788,-2.306,-1.364,-1.789
0.960,0.813,-2.134,-0.220,-0.172,-0.010,1.105,0.927,-0.642,4.218,-0.302,-0.003,-1.533,-2.036,0.856,1.024,-1.487,0.531,-0.436,1.305,0.708,1.041,-12.233,26.837,-0.790,-2.301,-1.382,-1.761
0.989,0.853,-1.623,0.378,-0.105,0.016,0.847,0.795,-2.474,3.937,-0.296,-0.013,-1.563,-2.073,0.878,0.965,-0.302,1.585,-0.430,1.354,0.683,1.076,-15.351,29.606,-0.794,-2.320,-1.397,-1.756
0.945,0.832,-2.182,0.376,-0.121,0.005,0.918,0.702,-3.935,5.588,-0.333,-0.016,-1.539,-1.872,0.907,0.983,-1.244,1.402,-0.427,1.324,0.747,1.047,-16.270,26.141,-0.791,-2.291,-1.350,-1.727
0.876,0.732,-1.453,0.381,-0.106,0.010,0.677,0.703,-4.657,5.300,-0.271,-0.009,-1.548,-1.950,0.835,0.988,-0.728,1.113,-0.432,1.329,0.639,1.016,-14.497,20.194,-0.794,-2.304,-1.375,-1.700
0.876,0.830,-1.088,0.057,-0.081,-0.010,1.006,0.785,-4.897,3.790,-0.264,-0.001,-1.628,-1.973,0.940,1.048,-0.446,0.396,-0.435,1.333,0.703,1.026,-12.886,16.572,-0.795,-2.307,-1.404,-1.704
1.099,0.710,0.039,0.503,-0.151,0.007,1.005,0.768,-4.989,2.911,-0.294,-0.013,-1.547,-2.015,0.904,1.000,1.819,1.049,-0.431,1.322,0.659,1.063,-11.896,13.057,-0.794,-2.297,-1.396,-1.713
1.004,0.811,0.229,0.721,-0.186,0.022,1.004,0.545,-4.990,2.366,-0.291,-0.014,-1.586,-2.015,0.892,1.003,1.764,1.464,-0.425,1.326,0.711,0.992,-11.199,9.909,-0.790,-2.305,-1.423,-1.751
0.687,0.970,1.187,0.816,-0.178,0.018,0.948,0.826,-4.292,0.710,-0.279,-0.018,-1.731,-2.112,0.842,1.047,2.905,1.756,-0.428,1.320,0.687,1.024,-8.539,4.946,-0.793,-2.299,-1.443,-1.765
0.946,0.694,0.850,0.883,-0.175,0.011,0.890,0.770,-4.642,0.027,-0.271,-0.024,-1.594,-2.017,0.872,1.019,2.058,2.096,-0.430,1.326,0.729,1.033,-8.204,3.293,-0.793,-2.306,-1.442,-1.779
0.990,0.850,1.127,0.456,-0.163,0.015,0.876,0.742,-4.033,-1.208,-0.277,-0.019,-1.597,-2.070,0.876,1.020,2.077,0.849,-0.430,1.331,0.745,1.026,-5.795,0.128,-0.791,-2.306,-1.405,-1.805
0.818,0.734,0.951,0.680,-0.210,0.006,1.175,0.809,-4.129,-1.276,-0.283,-0.005,-1.544,-1.993,0.892,1.006,1.644,0.740,-0.432,1.324,0.747,1.041,-5.776,-0.082,-0.795,-2.299,-1.391,-1.812
0.860,0.675,1.019,0.763,-0.159,0.000,1.105,0.756,-3.050,-1.664,-0.301,-0.003,-1.543,-1.983,0.868,1.029,1.337,1.188,-0.433,1.328,0.741,1.004,-3.714,-1.034,-0.794,-2.307,-1.397,-1.788
1.110,0.774,0.716,0.270,-0.151,0.007,0.933,0.809,-3.651,-1.903,-0.285,-0.012,-1.745,-1.992,0.899,1.023,0.931,0.852,-0.430,1.321,0.714,1.048,-4.408,-1.341,-0.790,-2.298,-1.397,-1.787
0.932,0.795,0.410,0.434,-0.177,0.012,1.018,0.784,-3.445,-1.822,-0.330,0.000,-1.545,-1.972,0.835,1.023,0.559,0.902,-0.431,1.328,0.747,1.033,-4.373,-1.238,-0.792,-2.300,-1.392,-1.773
0.817,0.673,-0.587,0.375,-0.164,0.009,1.076,0.848,-2.668,-1.959,-0.289,-0.012,-1.547,-1.984,0.922,1.011,-1.161,0.680,-0.432,1.325,0.709,1.042,-2.744,-1.471,-0.792,-2.300,-1.385,-1.756
0.889,0.774,-0.834,0.638,-0.174,0.017,0.832,0.717,-2.476,-1.798,-0.270,-0.018,-1.546,-1.941,0.839,1.016,-1.779,0.941,-0.431,1.330,0.723,1.010,-2.148,-1.560,-0.794,-2.303,-1.366,-1.752
0.889,0.774,-0.834,0.638,-0.174,0.017,0.832,0.717,-2.476,-1.798,-0.270,-0.018,-1.546,-1.941,0.839,1.016,-1.779,0.941,-0.431,1.330,0.723,1.010,-2.148,-1.560,-0.794,-2.303,-1.366,-1.752
1.060,0.737,-0.741,0.537,-0.165,0.017,1.075,0.690,-2.615,-1.769,-0.290,-0.020,-1.457,-1.940,0.870,1.025,-1.592,1.147,-0.432,1.322,0.723,1.040,-2.593,-1.350,-0.793,-2.303,-1.365,-1.739
0.889,0.832,-1.230,0.356,-0.152,0.012,0.961,0.781,-2.442,-1.249,-0.316,-0.012,-1.561,-1.928,0.848,1.010,-2.105,0.579,-0.432,1.326,0.712,1.035,-2.415,-0.662,-0.794,-2.301,-1.392,-1.776
0.932,0.579,-1.570,0.483,-0.051,0.009,0.962,0.862,-2.115,-1.108,-0.275,-0.003,-1.507,-2.052,0.871,1.045,-2.429,0.549,-0.433,1.328,0.719,1.035,-1.778,-0.288,-0.794,-2.303,-1.363,-1.775
1.003,0.773,-2.115,0.500,-0.146,0.011,0.890,0.758,-2.246,0.020,-0.309,-0.009,-1.506,-1.907,0.868,0.999,-6.471,7.266,-0.429,1.314,0.726,1.025,-1.971,1.284,-0.793,-2.305,-1.335,-1.790
1.017,0.890,-1.384,0.674,-0.165,0.017,1.036,0.834,-1.381,0.162,-0.265,-0.023,-1.655,-2.015,0.916,1.017,-9.082,15.581,-0.431,1.316,0.765,1.035,-0.519,1.474,-0.791,-2.304,-1.386,-1.805
0.889,0.654,-3.973,5.427,-0.160,0.016,0.890,0.784,-1.216,-0.069,-0.275,-0.011,-1.617,-1.908,0.860,1.027,-13.031,24.029,-0.430,1.331,0.709,1.016,-0.212,0.789,-0.794,-2.298,-1.390,-1.828
0.889,0.654,-3.973,5.427,-0.160,0.016,0.890,0.784,-1.216,-0.069,-0.275,-0.011,-1.617,-1.908,0.860,1.027,-17.124,32.214,-0.430,1.331,0.709,1.016,-0.212,0.789,-0.794,-2.298,-1.390,-1.828
0.931,0.755,-4.784,7.323,-0.149,0.013,1.178,0.744,-1.333,0.765,-0.349,-0.017,-1.535,-2.037,0.853,1.036,-14.843,28.713,-0.431,1.322,0.733,1.057,-0.901,1.760,-0.793,-2.300,-1.381,-1.790
1.031,0.853,-8.432,12.329,-0.133,0.003,0.975,0.703,-0.574,0.861,-0.263,-0.007,-1.506,-2.041,0.878,1.013,-12.071,18.127,-0.424,1.313,0.725,1.022,0.035,2.415,-0.791,-2.303,-1.377,-1.774
1.031,0.853,-8.432,12.329,-0.133,0.003,0.975,0.703,-0.574,0.861,-0.263,-0.007,-1.506,-2.041,0.878,1.013,-15.699,25.381,-0.424,1.313,0.725,1.022,0.035,2.415,-0.791,-2.303,-1.377,-1.774
1.100,0.853,-6.193,7.763,-0.117,0.021,0.989,0.652,-0.501,1.335,-0.276,-0.025,-1.494,-1.999,0.928,1.020,-14.551,25.074,-0.412,1.268,0.699,1.029,0.383,2.552,-0.793,-2.307,-1.376,-1.783
0.989,0.794,-3.216,1.204,-0.105,0.018,0.806,0.689,0.222,1.742,-0.291,-0.014,-1.548,-1.941,0.974,1.087,-7.720,5.610,-0.434,1.335,0.751,1.022,-0.404,2.379,-0.791,-2.307,-1.378,-1.781
0.933,0.758,-6.478,3.716,-0.188,0.009,0.920,0.685,-0.062,1.031,-0.289,-0.013,-1.523,-2.040,0.917,1.010,-6.812,1.602,-0.422,1.284,0.766,0.975,-0.136,1.277,-0.793,-2.298,-1.373,-1.785
0.933,0.758,-6.478,3.716,-0.188,0.009,0.920,0.685,-0.062,1.031,-0.289,-0.013,-1.523,-2.040,0.917,1.010,-9.513,7.003,-0.422,1.284,0.766,0.975,-0.136,1.277,-0.793,-2.298,-1.373,-1.785
0.945,0.560,-3.387,-2.491,-0.172,0.012,0.834,0.898,0.497,0.886,-0.302,-0.011,-1.523,-2.041,0.913,1.040,-3.929,-5.160,-0.436,1.318,0.710,1.013,1.088,1.011,-0.794,-2.298,-1.377,-1.787
0.845,0.811,-7.691,2.824,-0.135,0.009,0.876,0.623,0.333,1.018,-0.326,-0.005,-1.577,-2.003,0.854,1.033,-1.878,-4.822,-0.435,1.351,0.705,0.987,0.953,1.036,-0.794,-2.301,-1.390,-1.779
1.017,0.774,-4.944,0.353,-0.121,0.022,0.821,0.899,-0.133,0.742,-0.317,-0.006,-1.662,-1.927,0.930,1.075,-0.018,-10.989,-0.419,1.326,0.724,1.087,-0.158,0.935,-0.794,-2.297,-1.443,-1.787
1.017,0.678,-5.037,2.099,-0.149,0.005,0.990,0.834,-0.034,0.408,-0.330,-0.008,-1.520,-2.155,0.850,1.036,-0.038,-7.983,-0.430,1.308,0.714,0.998,-0.332,0.925,-0.793,-2.301,-1.412,-1.774
0.863,0.753,-3.630,-1.220,-0.160,0.010,0.934,0.887,-0.115,0.873,-0.302,-0.000,-1.487,-2.037,0.923,1.045,1.692,-15.406,-0.432,1.324,0.731,1.073,-0.144,1.246,-0.793,-2.298,-1.375,-1.786
1.003,1.122,-2.660,0.775,-0.175,0.012,1.061,0.781,-0.134,0.504,-0.301,-0.009,-1.572,-2.041,0.867,1.026,5.135,-12.209,-0.432,1.319,0.768,1.042,-0.396,0.679,-0.794,-2.308,-1.403,-1.780
0.977,0.911,-2.760,0.126,-0.150,0.013,0.861,0.782,-0.419,0.649,-0.290,-0.007,-1.476,-2.003,0.875,1.037,5.054,-14.171,-0.431,1.356,0.715,1.057,-0.533,1.029,-0.791,-2.306,-1.398,-1.770
1.017,0.811,-1.530,-0.682,-0.141,0.017,0.919,0.688,-0.804,1.018,-0.290,-0.007,-1.564,-2.035,0.858,1.007,6.014,-14.249,-0.425,1.317,0.725,1.029,-1.132,1.203,-0.795,-2.299,-1.402,-1.782
1.018,0.792,-1.397,-1.042,-0.164,0.009,1.033,0.865,-0.969,0.504,-0.331,-0.009,-1.460,-1.971,0.892,1.020,6.861,-15.860,-0.441,1.318,0.769,1.067,-1.660,0.731,-0.793,-2.302,-1.406,-1.771
1.088,0.792,-1.701,-0.012,-0.150,0.013,0.947,0.731,-1.551,0.639,-0.300,-0.009,-1.548,-1.988,0.928,1.012,6.219,-13.864,-0.429,1.335,0.688,1.028,-5.116,6.941,-0.794,-2.303,-1.397,-1.766
1.087,0.868,0.067,-0.662,-0.169,0.015,0.890,0.795,-1.643,0.805,-0.278,-0.010,-1.550,-1.946,0.884,1.017,7.501,-12.316,-0.431,1.319,0.736,1.014,-9.900,15.969,-0.793,-2.298,-1.389,-1.760
0.860,0.811,0.033,-0.660,-0.178,0.005,0.889,0.860,-1.393,0.815,-0.308,-0.009,-1.589,-1.974,0.874,1.034,7.979,-13.743,-0.433,1.328,0.711,1.034,-13.665,24.434,-0.793,-2.301,-1.398,-1.758
1.046,0.851,-0.754,0.879,-0.159,0.002,1.160,0.742,-1.097,0.670,-0.293,-0.006,-1.548,-2.056,0.915,1.010,6.826,-13.129,-0.432,1.312,0.750,1.052,-17.232,32.451,-0.792,-2.302,-1.394,-1.771
0.918,0.658,-0.186,0.440,-0.173,0.004,0.932,0.742,-5.056,8.138,-0.261,-0.014,-1.546,-1.961,0.906,1.039,5.363,-11.432,-0.433,1.330,0.747,1.016,-15.323,28.038,-0.783,-2.308,-1.400,-1.788
0.789,0.713,-0.164,-0.449,-0.176,0.019,0.962,0.865,-7.887,9.600,-0.255,-0.013,-1.547,-2.041,0.852,0.954,6.161,-13.596,-0.435,1.311,0.721,1.002,-17.027,26.584,-0.787,-2.300,-1.415,-1.780
1.003,0.813,0.219,1.750,-0.161,0.024,0.808,0.806,-4.553,3.577,-0.291,0.000,-1.548,-1.951,0.965,1.017,9.298,-12.861,-0.426,1.346,0.752,1.039,-15.858,22.484,-0.791,-2.299,-1.396,-1.746
1.046,0.888,3.286,-3.303,-0.206,0.013,0.833,0.809,-10.215,11.413,-0.319,-0.019,-1.642,-1.877,0.863,1.059,11.257,-17.348,-0.434,1.317,0.653,1.062,-17.405,21.284,-0.804,-2.329,-1.391,-1.690
0.846,0.615,2.048,-3.144,-0.199,0.012,0.975,0.706,-7.213,5.595,-0.267,-0.022,-1.642,-2.116,0.885,1.073,11.850,-14.987,-0.429,1.325,0.696,0.910,-8.484,7.285,-0.777,-2.318,-1.425,-1.774
1.088,0.713,1.308,0.373,-0.133,0.009,0.933,0.781,-4.503,0.628,-0.270,-0.009,-1.545,-2.017,0.986,0.992,10.262,-14.318,-0.430,1.339,0.789,1.036,-9.087,4.825,-0.795,-2.312,-1.397,-1.760
1.003,0.774,4.896,-5.134,-0.138,0.017,0.989,0.703,-7.176,3.705,-0.288,-0.007,-1.494,-1.967,0.956,1.091,7.804,-10.570,-0.429,1.332,0.751,1.034,-3.628,-6.777,-0.793,-2.247,-1.380,-1.746
0.975,0.672,2.358,-0.059,-0.177,0.005,0.918,0.677,-5.362,0.959,-0.208,-0.036,-1.496,-2.113,0.835,0.926,5.601,-6.385,-0.437,1.314,0.683,0.975,-1.146,-10.469,-0.784,-2.376,-1.403,-1.794
1.060,0.734,1.629,2.612,-0.147,0.012,0.904,0.702,-3.326,-2.954,-0.303,-0.016,-1.644,-2.060,0.883,0.973,9.693,-10.427,-0.430,1.314,0.760,1.050,-1.572,-8.332,-0.799,-2.324,-1.386,-1.763
0.960,0.915,6.320,-6.159,-0.164,0.017,1.033,0.742,-6.851,3.657,-0.233,-0.030,-1.598,-2.017,0.908,1.117,6.568,-5.938,-0.433,1.319,0.652,1.109,0.033,-12.134,-0.787,-2.298,-1.398,-1.777
0.931,0.692,1.451,0.471,-0.217,0.001,0.933,0.863,-3.330,-0.669,-0.174,-0.016,-1.595,-2.113,0.818,0.878,1.725,-2.216,-0.434,1.312,0.715,0.982,3.704,-14.844,-0.790,-2.374,-1.355,-1.825
0.946,0.911,1.051,4.569,-0.123,0.013,0.960,0.838,-2.608,-2.904,-0.305,-0.002,-1.692,-2.098,0.899,0.992,6.832,-5.893,-0.427,1.327,0.690,0.991,2.185,-11.958,-0.798,-2.266,-1.392,-1.840
0.818,0.849,2.556,-1.486,-0.175,0.006,0.677,0.731,-3.719,0.969,-0.262,-0.024,-1.646,-2.032,0.846,1.124,4.863,-6.167,-0.430,1.328,0.625,1.073,2.057,-11.807,-0.794,-2.336,-1.402,-1.796
0.917,0.734,3.225,-2.609,-0.163,0.009,1.060,0.532,-2.708,0.566,-0.241,-0.030,-1.498,-2.041,0.894,0.920,3.268,-4.177,-0.431,1.294,0.774,1.018,4.675,-12.794,-0.782,-2.351,-1.362,-1.805
0.874,0.672,1.852,-3.510,-0.151,0.018,1.005,0.731,-2.289,0.359,-0.269,-0.002,-1.598,-2.037,0.876,1.000,-3.200,5.187,-0.434,1.354,0.718,0.937,4.865,-13.330,-0.792,-2.299,-1.359,-1.794
1.188,0.795,3.175,-0.594,-0.176,-0.022,0.760,0.888,-1.688,-0.210,-0.270,0.003,-1.551,-1.985,0.954,1.117,-6.735,21.223,-0.444,1.268,0.693,1.073,6.554,-14.437,-0.800,-2.280,-1.401,-1.779
0.789,0.832,-0.793,2.942,0.011,-0.011,0.818,0.876,-1.861,-0.478,-0.233,-0.001,-1.641,-1.999,0.901,0.959,-12.777,26.132,-0.435,1.373,0.699,1.058,6.495,-14.877,-0.794,-2.315,-1.406,-1.778
0.975,0.853,-3.180,4.461,-0.157,0.015,0.776,0.756,-0.939,-0.621,-0.305,-0.010,-1.734,-1.971,0.869,1.074,-17.178,32.559,-0.431,1.282,0.638,1.033,6.940,-14.124,-0.793,-2.297,-1.398,-1.779
0.761,0.911,-4.527,7.018,-0.149,0.013,0.832,0.588,0.157,-0.540,-0.284,-0.022,-1.505,-2.042,0.901,1.029,-15.774,27.700,-0.414,1.304,0.741,1.030,7.125,-12.584,-0.791,-2.307,-1.376,-1.786
1.060,0.665,-5.455,5.831,-0.178,0.020,0.948,0.676,-0.352,0.302,-0.263,0.006,-1.507,-2.042,0.855,1.038,-16.058,21.573,-0.446,1.353,0.730,1.046,7.335,-11.497,-0.792,-2.303,-1.328,-1.773
0.975,0.811,-4.872,3.328,-0.146,0.013,0.888,0.664,0.644,-0.402,-0.310,-0.017,-1.432,-2.037,0.915,0.991,-12.959,15.335,-0.424,1.317,0.749,0.988,7.699,-12.021,-0.794,-2.306,-1.260,-1.794
0.946,0.810,-5.340,3.579,-0.133,0.002,0.904,0.968,2.191,0.837,-0.247,0.004,-1.451,-2.075,0.869,1.027,-12.708,13.131,-0.435,1.328,0.702,1.042,9.252,-11.186,-0.794,-2.299,-1.263,-1.806
1.002,0.850,-5.395,1.230,-0.164,-0.005,1.062,0.728,1.840,1.255,-0.290,-0.020,-1.405,-2.066,0.827,0.994,-9.941,5.921,-0.427,1.315,0.708,1.046,8.737,-9.379,-0.786,-2.295,-1.290,-1.815
0.987,0.853,-5.126,0.239,-0.125,0.005,1.118,0.703,3.696,-1.471,-0.262,-0.002,-1.476,-2.035,0.894,1.080,-9.077,4.344,-0.427,1.310,0.774,1.029,11.231,-13.233,-0.789,-2.292,-1.314,-1.816
0.921,0.795,-5.012,-0.193,-0.063,-0.010,0.975,0.767,4.714,-2.297,-0.245,0.003,-1.593,-1.999,0.835,1.048,-7.669,2.884,-0.436,1.345,0.677,1.028,12.371,-14.547,-0.801,-2.331,-1.377,-1.812
0.946,0.676,-5.617,0.058,-0.149,0.005,0.890,0.783,4.043,-1.045,-0.307,-0.001,-1.600,-2.032,0.951,1.017,-8.213,2.479,-0.428,1.300,0.685,1.008,10.462,-10.875,-0.787,-2.259,-1.374,-1.794
1.046,0.734,-5.239,-0.144,-0.224,-0.003,0.918,0.781,2.282,2.378,-0.304,-0.016,-1.494,-2.034,0.860,1.028,-7.916,1.948,-0.434,1.325,0.673,1.023,11.302,-12.188,-0.790,-2.307,-1.356,-1.781
0.818,1.181,-4.515,-0.519,-0.178,0.005,1.161,0.688,3.694,-0.023,-0.320,-0.005,-1.632,-2.012,0.859,1.023,-5.660,1.380,-0.440,1.348,0.772,1.022,13.389,-17.807,-0.797,-2.325,-1.391,-1.788
0.960,0.890,-4.148,-0.331,-0.124,0.021,1.118,0.768,5.460,-7.391,-0.300,-0.007,-1.660,-1.965,0.925,1.034,-4.610,0.795,-0.426,1.326,0.757,1.037,12.131,-19.667,-0.788,-2.287,-1.455,-1.772
1.004,0.713,-4.010,-1.033,-0.206,0.019,1.204,0.756,2.242,2.256,-0.294,-0.013,-1.599,-1.983,0.845,1.028,-4.686,-0.229,-0.437,1.316,0.762,1.040,9.782,-12.131,-0.800,-2.290,-1.380,-1.756
0.745,0.832,-3.445,-0.950,-0.162,0.009,0.904,0.650,6.683,-6.793,-0.238,-0.031,-1.599,-2.023,0.870,1.019,-3.567,-0.843,-0.430,1.320,0.759,1.024,11.912,-16.010,-0.782,-2.324,-1.384,-1.817
1.060,0.813,-3.120,-1.396,-0.152,0.013,0.762,0.953,2.476,-2.089,-0.350,0.002,-1.580,-1.996,0.874,1.084,-2.878,-1.036,-0.435,1.333,0.665,1.077,2.524,-4.875,-0.799,-2.306,-1.387,-1.765
0.746,0.774,-2.772,-0.427,-0.160,0.022,1.090,0.731,5.585,-6.399,-0.227,-0.034,-1.526,-2.078,0.812,1.055,-3.201,-0.738,-0.430,1.317,0.670,1.031,4.369,-7.460,-0.794,-2.265,-1.370,-1.776
0.832,0.771,-2.238,-0.599,-0.134,0.018,0.975,0.821,5.166,-7.599,-0.278,-0.011,-1.617,-1.979,0.904,0.993,-1.440,0.384,-0.431,1.342,0.718,1.073,0.629,2.253,-0.793,-2.336,-1.366,-1.807
0.818,0.774,-2.208,-0.646,-0.094,-0.001,0.847,0.665,-0.084,0.968,-0.279,0.011,-1.544,-2.035,0.823,1.030,-1.552,-0.011,-0.441,1.321,0.730,1.040,-7.495,14.784,-0.800,-2.282,-1.363,-1.764
0.846,0.753,-2.222,-0.009,-0.165,0.017,0.827,0.782,1.235,-0.395,-0.268,-0.021,-1.526,-1.999,0.807,1.015,-1.571,1.097,-0.425,1.320,0.652,1.041,-10.081,20.249,-0.786,-2.287,-1.373,-1.801
1.003,0.851,-2.509,0.461,-0.164,0.009,0.904,0.678,1.617,-0.568,-0.252,-0.019,-1.544,-1.987,0.893,0.983,-2.095,1.491,-0.429,1.331,0.687,1.028,-12.535,26.938,-0.784,-2.339,-1.375,-1.785
0.946,0.851,-2.290,0.486,-0.171,0.018,0.861,0.809,-1.105,3.276,-0.293,-0.014,-1.562,-2.002,0.942,1.025,-1.918,1.741,-0.435,1.331,0.687,1.048,-16.513,33.655,-0.797,-2.327,-1.362,-1.756
0.875,0.673,-1.469,-0.011,-0.135,0.010,0.877,0.728,-3.760,6.543,-0.355,0.007,-1.544,-2.003,0.871,0.938,-0.814,0.824,-0.430,1.318,0.670,1.023,-16.525,29.837,-0.786,-2.289,-1.389,-1.778
0.946,0.851,-1.254,-0.011,-0.145,0.012,0.746,0.731,-4.332,6.826,-0.285,-0.012,-1.509,-2.050,0.899,1.049,-0.475,0.879,-0.432,1.334,0.692,1.054,-14.682,27.239,-0.791,-2.301,-1.389,-1.747
0.989,0.851,-0.848,0.066,-0.174,0.004,0.949,0.745,-5.060,5.594,-0.273,-0.010,-1.706,-2.022,0.887,1.003,-0.114,0.775,-0.430,1.321,0.725,1.024,-15.200,20.816,-0.792,-2.303,-1.417,-1.708
0.860,0.753,0.289,0.794,-0.134,0.016,0.862,0.781,-4.567,2.535,-0.289,-0.013,-1.579,-1.921,0.877,0.989,1.690,1.930,-0.430,1.329,0.704,1.018,-10.793,10.559,-0.789,-2.310,-1.420,-1.692
0.931,0.832,1.259,1.224,-0.165,0.004,0.919,0.770,-4.012,1.488,-0.324,-0.005,-1.766,-1.909,0.893,1.044,2.851,1.937,-0.433,1.317,0.697,1.041,-8.633,7.608,-0.795,-2.296,-1.396,-1.717
0.932,0.771,1.263,1.027,-0.192,0.014,0.904,0.728,-4.449,1.461,-0.393,0.006,-1.552,-1.864,0.808,1.039,3.244,1.686,-0.432,1.316,0.715,1.050,-9.171,6.606,-0.795,-2.302,-1.430,-1.751
0.903,0.790,1.418,0.842,-0.141,0.011,0.747,0.756,-3.995,0.994,-0.343,-0.009,-1.594,-2.025,0.870,1.027,2.891,1.913,-0.429,1.331,0.685,1.015,-7.143,4.641,-0.793,-2.302,-1.413,-1.762
0.948,0.792,1.214,1.167,-0.178,0.011,1.032,0.731,-3.663,-0.713,-0.293,-0.013,-1.641,-2.015,0.873,1.009,2.198,1.321,-0.433,1.317,0.718,1.018,-6.361,1.125,-0.793,-2.300,-1.377,-1.809
1.071,0.813,0.913,0.937,-0.174,0.004,0.746,0.756,-3.070,-0.853,-0.289,-0.013,-1.499,-2.064,0.841,1.022,1.309,1.259,-0.431,1.324,0.684,1.029,-4.870,1.195,-0.793,-2.305,-1.387,-1.823
0.889,0.872,1.723,0.293,-0.187,0.008,0.948,0.731,-3.330,-1.214,-0.240,-0.025,-1.594,-2.061,0.868,1.071,2.761,0.754,-0.430,1.326,0.720,1.034,-4.360,-0.472,-0.791,-2.312,-1.401,-1.803
1.003,0.832,0.830,0.846,-0.112,0.011,0.818,0.913,-2.300,-1.742,-0.244,-0.003,-1.452,-2.124,0.875,1.008,1.302,1.158,-0.432,1.325,0.745,1.012,-3.127,-1.440,-0.794,-2.296,-1.394,-1.791
1.076,0.771,0.393,0.516,-0.136,0.001,1.018,0.799,-2.350,-2.073,-0.313,-0.013,-1.502,-2.027,0.902,1.008,-0.103,0.482,-0.432,1.317,0.716,1.023,-2.080,-1.590,-0.793,-2.295,-1.386,-1.787
0.960,0.872,0.470,0.516,-0.117,-0.001,0.889,0.662,-1.800,-1.602,-0.287,0.000,-1.549,-2.014,0.850,1.015,0.091,0.530,-0.427,1.317,0.689,1.036,-1.896,-1.295,-0.787,-2.280,-1.390,-1.754
0.946,0.832,0.010,0.293,-0.148,0.005,1.162,0.702,-1.405,-1.297,-0.245,0.004,-1.509,-1.948,0.941,1.025,-0.610,0.349,-0.436,1.333,0.709,1.013,-1.226,-1.085,-0.796,-2.312,-1.384,-1.743
1.002,1.026,0.071,0.315,-0.134,0.016,0.790,0.745,-1.400,-0.990,-0.264,-0.015,-1.502,-2.115,0.847,1.022,-0.081,0.603,-0.424,1.311,0.700,1.009,-1.260,-0.721,-0.786,-2.278,-1.357,-1.737
0.975,0.874,-0.237,0.151,-0.179,0.020,0.904,0.702,-1.626,-1.271,-0.353,-0.006,-1.552,-1.973,0.899,1.023,-0.673,0.279,-0.434,1.337,0.713,1.037,-1.336,-0.619,-0.795,-2.309,-1.362,-1.736
0.946,0.694,-1.677,0.031,-0.180,0.020,1.131,0.848,-1.546,-0.736,-0.315,-0.012,-1.514,-1.848,0.868,1.029,-2.799,0.313,-0.435,1.319,0.730,1.048,-1.280,0.022,-0.796,-2.310,-1.380,-1.767
0.989,0.715,-1.512,0.678,-0.156,0.013,0.861,0.849,-1.691,-0.270,-0.282,-0.017,-1.480,-2.020,0.900,1.013,-3.104,0.538,-0.428,1.328,0.695,1.017,-1.540,1.354,-0.790,-2.297,-1.343,-1.771
0.988,0.694,-1.485,0.292,-0.167,0.002,0.944,0.741,-1.704,0.963,-0.304,-0.016,-1.505,-2.069,0.824,1.026,-5.459,6.468,-0.434,1.319,0.759,1.028,-1.824,1.586,-0.793,-2.307,-1.359,-1.792
0.875,0.792,-1.697,0.691,-0.193,0.022,1.118,0.742,-1.603,0.317,-0.289,0.001,-1.566,-2.046,0.867,1.006,-10.035,15.442,-0.428,1.329,0.730,1.030,-1.622,1.265,-0.792,-2.302,-1.393,-1.808
0.789,0.734,-1.823,0.529,-0.135,0.009,0.818,0.944,-1.751,1.062,-0.264,0.012,-1.535,-1.943,0.942,1.049,-14.705,24.184,-0.432,1.331,0.788,1.032,-1.645,2.157,-0.795,-2.310,-1.377,-1.805
1.103,0.890,-4.034,4.243,-0.131,0.016,0.962,0.756,-1.897,1.358,-0.279,-0.010,-1.588,-2.081,0.901,1.003,-17.454,28.904,-0.431,1.325,0.712,1.034,-1.664,2.626,-0.789,-2.292,-1.380,-1.806
1.103,0.890,-4.034,4.243,-0.131,0.016,0.962,0.756,-1.897,1.358,-0.279,-0.010,-1.588,-2.081,0.901,1.003,-21.415,36.827,-0.431,1.325,0.712,1.034,-1.664,2.626,-0.789,-2.292,-1.380,-1.806
0.947,0.756,-6.035,7.193,-0.164,0.029,0.904,1.007,-0.652,1.747,-0.288,-0.015,-1.565,-2.003,0.889,1.047,-14.861,22.104,-0.427,1.321,0.709,1.046,-0.209,2.787,-0.791,-2.295,-1.379,-1.774
1.102,0.735,-7.775,7.476,-0.122,0.007,0.833,0.717,-0.422,1.457,-0.294,-0.021,-1.588,-1.987,0.881,1.040,-14.116,18.108,-0.421,1.286,0.737,1.101,-0.026,2.809,-0.793,-2.301,-1.391,-1.792
0.931,0.890,-6.851,8.125,-0.192,0.009,0.975,0.954,0.180,1.155,-0.320,-0.013,-1.512,-2.063,0.828,1.036,-10.779,13.275,-0.421,1.279,0.718,0.976,1.054,1.765,-0.792,-2.310,-1.366,-1.769
0.931,0.890,-6.851,8.125,-0.192,0.009,0.975,0.954,0.180,1.155,-0.320,-0.013,-1.512,-2.063,0.828,1.036,-13.983,19.682,-0.421,1.279,0.718,0.976,1.054,1.765,-0.792,-2.310,-1.366,-1.769
1.017,0.583,-6.019,2.766,-0.123,-0.001,1.005,0.781,-0.015,0.827,-0.262,0.001,-1.580,-1.973,0.887,1.073,-6.229,-1.210,-0.425,1.304,0.756,1.052,-0.120,1.034,-0.794,-2.295,-1.358,-1.773
1.089,0.872,-5.605,1.999,-0.032,-0.013,1.230,0.742,-0.019,1.194,-0.160,-0.002,-1.509,-1.988,0.882,0.969,-3.349,-4.610,-0.437,1.328,0.778,0.995,0.562,1.670,-0.795,-2.317,-1.373,-1.774
1.174,0.735,-6.412,2.363,-0.160,0.001,0.947,0.834,0.397,0.795,-0.278,-0.010,-1.637,-1.988,0.917,1.077,-3.580,-5.903,-0.447,1.370,0.708,1.063,1.133,1.004,-0.790,-2.292,-1.389,-1.776
0.990,1.045,-3.468,-2.173,-0.190,-0.022,1.018,0.717,0.393,0.951,-0.152,0.022,-1.487,-1.988,0.916,1.010,1.538,-14.210,-0.429,1.303,0.734,1.043,0.789,1.214,-0.801,-2.321,-1.379,-1.772
0.990,1.045,-3.468,-2.173,-0.190,-0.022,1.018,0.717,0.393,0.951,-0.152,0.022,-1.487,-1.988,0.916,1.010,-0.288,-10.557,-0.429,1.303,0.734,1.043,0.789,1.214,-0.801,-2.321,-1.379,-1.772
0.889,0.930,-4.593,-0.826,-0.159,0.008,1.047,0.781,0.271,1.018,-0.216,0.009,-1.579,-2.075,0.910,1.039,-1.617,-9.589,-0.446,1.323,0.711,1.027,0.374,1.143,-0.796,-2.319,-1.376,-1.783
1.002,0.850,-3.617,-0.093,-0.202,0.011,0.975,0.731,-0.196,0.918,-0.309,-0.022,-1.646,-2.003,0.865,1.036,1.507,-9.800,-0.431,1.312,0.707,1.012,0.018,0.981,-0.794,-2.310,-1.451,-1.791
1.002,0.850,-3.617,-0.093,-0.202,0.011,0.975,0.731,-0.196,0.918,-0.309,-0.022,-1.646,-2.003,0.865,1.036,0.656,-8.098,-0.431,1.312,0.707,1.012,0.018,0.981,-0.794,-2.310,-1.451,-1.791
0.803,0.853,-3.189,1.226,-0.120,0.014,0.933,0.705,-0.643,1.074,-0.325,-0.009,-1.592,-2.042,0.885,1.058,4.858,-12.732,-0.429,1.354,0.689,1.061,-0.614,1.165,-0.791,-2.301,-1.390,-1.780
0.975,0.731,-2.705,0.231,-0.138,0.016,1.074,0.691,-0.693,0.901,-0.276,-0.011,-1.586,-2.066,0.884,0.980,4.827,-14.366,-0.423,1.322,0.750,1.003,-1.182,1.298,-0.793,-2.306,-1.387,-1.785
0.889,0.771,-1.651,-1.382,-0.190,0.015,1.190,0.967,-0.749,0.580,-0.272,-0.003,-1.564,-2.030,0.812,1.039,6.288,-15.699,-0.442,1.323,0.727,1.078,-1.375,0.910,-0.792,-2.294,-1.385,-1.770
0.889,1.045,-1.258,-0.554,-0.151,0.013,1.004,0.809,-1.304,0.640,-0.293,-0.013,-1.552,-2.002,0.889,1.055,7.695,-15.097,-0.435,1.327,0.721,1.056,-4.745,7.276,-0.791,-2.304,-1.382,-1.770
0.875,0.792,-0.149,-1.159,-0.160,0.008,0.919,0.862,-1.927,0.803,-0.294,-0.008,-1.720,-1.889,0.865,1.049,7.585,-13.439,-0.433,1.326,0.694,1.038,-10.121,15.954,-0.794,-2.303,-1.389,-1.758
1.045,0.951,0.025,-0.789,-0.202,-0.002,0.953,0.795,-1.976,0.999,-0.274,-0.010,-1.468,-1.993,0.900,1.023,8.363,-15.058,-0.439,1.319,0.644,1.026,-14.123,24.390,-0.792,-2.305,-1.383,-1.760
0.974,0.811,0.227,0.003,-0.125,0.028,0.890,0.741,-3.585,4.675,-0.300,-0.014,-1.514,-2.018,0.901,0.994,7.766,-12.909,-0.427,1.335,0.710,1.033,-16.819,29.294,-0.792,-2.302,-1.387,-1.771
1.060,0.753,1.101,-0.214,-0.175,0.011,0.947,0.702,-6.295,10.114,-0.272,-0.016,-1.638,-2.055,0.923,1.000,8.920,-13.868,-0.431,1.318,0.717,0.998,-17.967,33.027,-0.789,-2.305,-1.391,-1.771
0.946,0.676,-0.346,0.951,-0.154,0.006,0.892,0.706,-4.304,4.992,-0.292,-0.006,-1.588,-1.951,0.862,1.024,6.730,-14.998,-0.434,1.341,0.723,1.023,-17.998,30.276,-0.790,-2.295,-1.394,-1.779
1.116,0.733,0.173,0.308,-0.213,0.006,0.904,0.860,-6.161,6.353,-0.292,-0.011,-1.639,-1.950,0.879,1.027,8.989,-17.048,-0.433,1.323,0.684,1.084,-18.446,28.468,-0.792,-2.298,-1.429,-1.768
1.174,0.811,1.362,1.813,-0.119,0.006,0.849,0.849,-4.432,1.224,-0.281,-0.017,-1.642,-2.013,0.942,1.046,9.939,-13.678,-0.438,1.318,0.709,1.063,-11.891,14.712,-0.793,-2.279,-1.424,-1.735
0.960,0.790,4.583,-4.322,-0.191,0.023,1.008,0.652,-9.505,10.629,-0.397,0.011,-1.544,-2.019,0.872,0.974,12.524,-17.836,-0.427,1.336,0.667,1.032,-14.061,16.426,-0.801,-2.299,-1.423,-1.747
0.776,0.834,3.181,-2.210,-0.160,0.008,0.904,0.863,-7.372,6.306,-0.253,-0.033,-1.702,-2.016,0.867,0.961,9.837,-13.340,-0.433,1.322,0.729,1.003,-7.647,4.627,-0.781,-2.331,-1.416,-1.764
0.975,0.795,3.281,-1.616,-0.108,-0.004,1.046,0.742,-6.008,1.603,-0.318,0.002,-1.552,-2.016,0.913,1.015,8.616,-10.852,-0.426,1.338,0.751,1.020,-3.059,-5.801,-0.802,-2.290,-1.394,-1.757
0.831,0.792,0.984,2.578,-0.155,0.012,0.904,0.898,-4.346,-3.200,-0.369,0.005,-1.498,-1.975,0.895,1.011,8.841,-11.676,-0.433,1.333,0.689,1.011,-4.384,-7.404,-0.796,-2.278,-1.398,-1.764
0.802,0.755,6.460,-3.171,-0.111,-0.006,0.842,0.873,-6.597,5.197,-0.275,0.008,-1.539,-1.969,0.862,1.121,14.231,-12.672,-0.430,1.323,0.691,1.110,-3.308,-2.644,-0.801,-2.276,-1.389,-1.780
0.946,0.851,4.531,2.063,-0.084,-0.017,0.847,0.731,-3.265,-2.213,-0.159,0.014,-1.546,-2.064,0.800,0.999,4.051,-0.867,-0.444,1.304,0.685,1.072,3.232,-14.808,-0.799,-2.332,-1.378,-1.797
1.146,0.752,4.216,-0.835,-0.087,-0.009,0.933,0.702,-4.871,1.195,-0.183,0.031,-1.546,-1.777,0.908,1.002,6.291,-5.127,-0.429,1.297,0.681,1.014,0.609,-11.334,-0.801,-2.281,-1.366,-1.773
0.989,0.792,3.858,-1.462,-0.035,-0.008,0.875,0.863,-4.368,0.555,-0.160,0.041,-1.545,-1.984,0.855,1.026,6.374,-5.700,-0.425,1.357,0.716,1.048,0.992,-12.792,-0.800,-2.258,-1.396,-1.783
0.932,0.811,0.661,2.121,-0.149,0.005,0.904,0.525,-2.363,-1.508,-0.302,-0.003,-1.643,-2.094,0.850,0.959,-0.163,3.117,-0.428,1.298,0.722,1.028,4.563,-13.970,-0.787,-2.291,-1.390,-1.813
0.804,0.734,2.668,0.538,-0.192,0.014,0.847,0.780,-2.882,-0.916,-0.309,-0.001,-1.595,-2.041,0.856,1.068,2.611,2.898,-0.427,1.322,0.690,0.973,4.089,-15.874,-0.798,-2.261,-1.393,-1.800
0.804,0.734,2.668,0.538,-0.192,0.014,0.847,0.780,-2.882,-0.916,-0.309,-0.001,-1.595,-2.041,0.856,1.068,2.611,2.898,-0.427,1.322,0.690,0.973,3.918,-15.531,-0.798,-2.261,-1.393,-1.800
1.104,0.868,2.586,-0.874,-0.164,0.009,0.818,0.702,-1.833,-0.829,-0.249,-0.020,-1.497,-2.027,0.863,0.996,-2.005,10.067,-0.434,1.341,0.658,1.019,5.792,-15.062,-0.795,-2.309,-1.395,-1.780
0.804,1.059,1.143,1.351,-0.175,0.011,0.832,0.756,-1.537,-0.374,-0.295,-0.008,-1.549,-2.028,0.874,1.053,-13.148,27.743,-0.431,1.331,0.722,1.011,6.650,-14.803,-0.796,-2.303,-1.392,-1.775
0.804,1.059,1.143,1.351,-0.175,0.011,0.832,0.756,-1.537,-0.374,-0.295,-0.008,-1.549,-2.028,0.874,1.053,-13.148,27.743,-0.431,1.331,0.722,1.011,7.501,-16.505,-0.796,-2.303,-1.392,-1.775
0.960,0.890,-1.576,5.259,-0.178,0.011,1.162,0.848,-0.683,-0.284,-0.289,-0.012,-1.592,-1.948,0.876,1.058,-15.289,30.669,-0.432,1.329,0.746,1.071,8.319,-16.400,-0.793,-2.297,-1.395,-1.783
0.846,1.012,-4.765,5.676,0.077,-0.040,0.890,0.712,0.900,-0.172,-0.075,0.046,-1.502,-2.019,0.864,1.109,-15.172,22.543,-0.443,1.375,0.690,1.058,8.607,-13.095,-0.799,-2.318,-1.367,-1.774
1.031,0.755,-5.587,4.784,0.060,-0.051,0.975,0.849,1.290,-0.475,-0.045,0.050,-1.493,-2.003,0.856,0.986,-15.194,18.388,-0.444,1.366,0.734,1.022,8.781,-12.758,-0.800,-2.316,-1.296,-1.782
0.989,0.836,-5.383,2.699,0.049,-0.041,0.933,0.809,2.190,1.794,-0.035,0.029,-1.521,-2.003,0.868,1.068,-12.684,11.065,-0.427,1.305,0.731,1.046,9.869,-8.890,-0.791,-2.295,-1.291,-1.792
0.903,0.816,-5.517,1.509,0.035,-0.031,1.047,0.797,3.262,0.210,-0.054,0.022,-1.463,-2.001,0.885,0.960,-10.993,7.699,-0.434,1.348,0.793,1.003,11.078,-11.427,-0.794,-2.320,-1.285,-1.803
0.875,0.637,-5.481,0.532,0.040,-0.053,1.218,0.834,4.136,-1.325,0.004,0.034,-1.436,-2.010,0.844,1.094,-10.039,5.130,-0.435,1.330,0.764,1.071,11.993,-14.422,-0.795,-2.324,-1.320,-1.815
0.918,0.853,-5.273,0.180,-0.031,-0.015,1.146,0.914,4.618,-1.348,-0.143,0.019,-1.465,-1.989,0.895,1.006,-8.867,3.046,-0.429,1.318,0.732,1.034,12.180,-12.469,-0.789,-2.293,-1.352,-1.796
0.974,0.731,-5.318,0.427,-0.170,0.003,0.774,0.728,4.835,-1.472,-0.315,-0.018,-1.578,-2.054,0.877,1.018,-8.047,3.034,-0.430,1.311,0.698,1.026,12.301,-11.920,-0.786,-2.289,-1.369,-1.805
0.889,0.890,-4.882,-0.304,-0.166,0.017,1.162,0.728,5.517,-4.405,-0.290,-0.007,-1.579,-1.989,0.903,1.059,-7.333,1.375,-0.431,1.331,0.735,1.043,7.925,-7.507,-0.798,-2.302,-1.368,-1.777
0.889,0.890,-4.882,-0.304,-0.166,0.017,1.162,0.728,5.517,-4.405,-0.290,-0.007,-1.579,-1.989,0.903,1.059,-7.333,1.375,-0.431,1.331,0.735,1.043,11.552,-14.761,-0.798,-2.302,-1.368,-1.777
0.975,0.814,-3.870,-0.949,-0.146,0.025,0.847,0.860,2.748,4.233,-0.280,-0.026,-1.575,-1.989,0.898,1.062,-4.243,0.362,-0.433,1.361,0.710,1.034,9.740,-8.995,-0.790,-2.314,-1.421,-1.797
0.978,1.021,-4.042,-0.949,-0.134,0.023,1.106,0.795,7.646,-5.145,-0.305,-0.010,-1.585,-2.011,0.861,0.991,-4.477,-0.550,-0.427,1.310,0.748,1.011,13.651,-16.245,-0.792,-2.311,-1.406,-1.793
0.871,1.007,-3.344,-1.005,-0.186,0.013,1.004,0.717,3.446,-1.323,-0.261,-0.007,-1.552,-2.002,0.865,1.063,-3.245,-0.961,-0.434,1.332,0.735,1.016,5.257,-6.445,-0.796,-2.312,-1.364,-1.768
0.860,0.774,-2.847,-1.231,-0.173,0.004,0.805,0.795,3.619,-2.528,-0.348,-0.002,-1.517,-1.982,0.857,1.024,-2.387,-0.599,-0.428,1.320,0.711,1.029,4.918,-7.421,-0.801,-2.233,-1.371,-1.747
1.001,0.700,-2.520,-1.171,-0.154,0.001,0.890,0.860,3.711,-1.925,-0.214,-0.031,-1.544,-2.073,0.829,1.010,-2.177,-0.582,-0.434,1.330,0.719,1.055,4.602,-4.825,-0.782,-2.361,-1.383,-1.802
1.001,0.700,-2.520,-1.171,-0.154,0.001,0.890,0.860,3.711,-1.925,-0.214,-0.031,-1.544,-2.073,0.829,1.010,-2.177,-0.582,-0.434,1.330,0.719,1.055,7.737,-11.096,-0.782,-2.361,-1.383,-1.802
0.898,0.713,-2.145,-0.479,-0.141,0.003,1.005,0.599,-0.827,7.084,-0.332,-0.020,-1.549,-1.954,0.842,0.997,-1.545,-0.089,-0.436,1.322,0.716,1.007,-3.447,8.717,-0.790,-2.309,-1.349,-1.794
0.959,0.832,-2.361,0.106,-0.146,0.012,0.845,0.703,2.941,-5.577,-0.311,-0.010,-1.713,-2.043,0.857,0.977,-2.059,0.082,-0.432,1.318,0.680,1.031,-6.424,9.074,-0.790,-2.313,-1.374,-1.777
0.932,0.851,-1.918,0.205,-0.178,0.018,0.874,0.737,1.608,-3.126,-0.306,-0.002,-1.564,-2.038,0.852,1.048,-1.665,1.346,-0.429,1.324,0.698,1.017,-13.321,22.481,-0.797,-2.298,-1.370,-1.759
0.975,0.872,-1.980,0.884,-0.168,0.010,1.001,0.770,-2.172,6.444,-0.253,-0.024,-1.544,-1.997,0.885,0.994,-1.676,2.230,-0.428,1.321,0.681,1.013,-15.611,30.603,-0.785,-2.326,-1.390,-1.800
0.975,0.872,-1.980,0.884,-0.168,0.010,1.001,0.770,-2.172,6.444,-0.253,-0.024,-1.544,-1.997,0.885,0.994,-1.676,2.230,-0.428,1.321,0.681,1.013,-15.611,30.603,-0.785,-2.326,-1.390,-1.800
0.886,0.713,-1.982,0.502,-0.180,0.013,0.861,1.154,-3.507,6.324,-0.276,-0.017,-1.580,-2.035,0.866,0.998,-1.960,1.590,-0.430,1.339,0.724,1.006,-16.316,30.033,-0.780,-2.357,-1.392,-1.788
0.860,0.730,-0.934,0.134,-0.150,0.013,0.789,0.731,-5.401,5.609,-0.303,-0.016,-1.696,-1.951,0.846,0.998,0.001,0.389,-0.433,1.318,0.703,1.037,-15.528,20.374,-0.794,-2.296,-1.429,-1.709
1.044,0.795,-0.554,-0.081,-0.138,0.017,0.773,0.691,-4.454,2.689,-0.318,-0.012,-1.552,-1.870,0.908,1.022,0.093,0.581,-0.432,1.325,0.630,1.003,-11.329,11.980,-0.795,-2.288,-1.416,-1.693
0.975,0.830,0.329,0.722,-0.112,0.019,0.962,0.677,-4.464,1.751,-0.290,-0.007,-1.566,-2.075,0.873,1.035,1.722,1.803,-0.428,1.328,0.712,1.013,-9.836,9.394,-0.791,-2.287,-1.374,-1.722
0.946,0.817,1.041,0.649,-0.189,0.010,0.802,0.927,-4.657,1.020,-0.307,-0.009,-1.597,-2.043,0.874,1.033,3.198,1.632,-0.433,1.322,0.698,1.015,-9.517,6.430,-0.796,-2.310,-1.405,-1.743
0.804,0.813,1.378,0.883,-0.147,0.019,1.133,0.806,-4.181,0.865,-0.306,-0.002,-1.822,-2.031,0.818,1.039,3.044,1.933,-0.429,1.321,0.664,1.047,-8.111,5.227,-0.791,-2.296,-1.416,-1.766
0.932,0.753,1.121,0.963,-0.164,0.017,0.990,0.877,-3.288,-1.226,-0.283,-0.007,-1.640,-2.014,0.866,1.028,1.863,1.539,-0.432,1.320,0.707,1.045,-5.072,0.662,-0.791,-2.307,-1.384,-1.799
1.060,0.734,1.148,0.763,-0.216,0.027,1.060,0.688,-3.692,-1.151,-0.338,-0.002,-1.598,-2.015,0.874,0.989,1.339,0.904,-0.429,1.335,0.685,0.992,-5.468,0.402,-0.795,-2.300,-1.375,-1.800
0.914,0.771,1.219,0.622,-0.189,0.007,0.904,0.731,-3.294,-0.757,-0.305,-0.010,-1.598,-1.973,0.873,1.011,1.927,1.022,-0.432,1.319,0.649,1.009,-4.579,0.620,-0.793,-2.290,-1.384,-1.796
0.962,0.890,1.311,0.574,-0.186,0.008,1.033,0.726,-2.773,-2.186,-0.290,-0.007,-1.645,-2.074,0.824,1.020,1.818,0.903,-0.431,1.326,0.720,1.028,-2.864,-1.662,-0.793,-2.304,-1.413,-1.799
1.004,0.734,0.840,0.798,-0.152,0.012,0.805,0.781,-2.564,-1.578,-0.311,-0.003,-1.598,-1.993,0.894,1.024,0.813,0.962,-0.433,1.325,0.671,1.039,-2.660,-1.354,-0.795,-2.302,-1.383,-1.791
0.988,0.790,0.066,0.375,-0.154,0.012,0.576,0.770,-2.254,-1.935,-0.319,-0.011,-1.595,-2.021,0.898,1.011,-0.096,0.793,-0.428,1.332,0.671,1.019,-2.357,-1.408,-0.793,-2.307,-1.382,-1.768
1.017,0.752,0.248,0.598,-0.155,0.001,0.875,0.740,-1.798,-1.966,-0.344,-0.009,-1.640,-1.978,0.854,1.010,-0.111,0.683,-0.432,1.327,0.704,1.053,-1.822,-1.722,-0.793,-2.303,-1.377,-1.761
1.004,0.872,-0.037,0.538,-0.183,0.020,0.975,0.784,-1.439,-1.547,-0.313,-0.021,-1.467,-2.197,0.866,1.012,-0.345,0.883,-0.430,1.327,0.719,1.017,-0.665,-1.182,-0.792,-2.302,-1.372,-1.753
1.050,0.734,-0.673,0.740,-0.150,0.013,0.862,0.770,-1.500,-1.296,-0.333,-0.007,-1.469,-1.973,0.925,1.018,-1.027,0.710,-0.432,1.320,0.735,1.021,-0.710,-0.981,-0.792,-2.299,-1.368,-1.757
1.007,0.755,-0.961,0.374,-0.161,0.007,0.990,0.742,-1.821,-1.413,-0.317,-0.006,-1.566,-1.966,0.885,1.034,-2.450,0.851,-0.432,1.324,0.744,1.043,-1.505,-1.101,-0.793,-2.302,-1.374,-1.762
0.989,0.832,-1.473,0.455,-0.097,0.007,0.832,0.888,-1.466,-0.658,-0.238,-0.002,-1.446,-2.062,0.849,1.015,-2.335,0.666,-0.432,1.329,0.670,1.036,-1.258,0.124,-0.794,-2.305,-1.371,-1.766
0.975,0.715,-1.787,-0.029,-0.057,-0.009,0.833,0.781,-1.575,-0.050,-0.176,0.004,-1.566,-2.024,0.880,1.024,-5.681,6.298,-0.435,1.317,0.692,1.058,-1.735,1.406,-0.792,-2.299,-1.371,-1.783
0.946,0.869,-1.729,0.292,0.070,-0.047,0.762,0.767,-1.678,0.555,-0.077,0.032,-1.462,-2.023,0.959,1.049,-10.299,15.115,-0.438,1.348,0.647,1.039,-1.704,1.590,-0.799,-2.322,-1.371,-1.789
1.031,0.811,-2.123,0.451,0.131,-0.053,1.146,0.728,-1.535,0.527,-0.029,0.040,-1.595,-2.022,0.899,1.015,-14.952,23.840,-0.441,1.363,0.741,1.007,-1.491,1.632,-0.802,-2.331,-1.364,-1.798
0.960,0.792,-3.149,5.162,-0.052,-0.011,1.118,0.809,-1.294,0.723,-0.174,0.019,-1.576,-2.056,0.926,1.044,-16.136,31.376,-0.424,1.300,0.744,1.033,-1.123,2.372,-0.787,-2.281,-1.382,-1.801
1.118,0.890,-8.019,11.592,-0.052,-0.005,0.719,0.859,-1.091,1.190,-0.129,0.027,-1.535,-2.003,0.881,1.051,-14.255,23.605,-0.432,1.331,0.697,1.027,-0.800,2.511,-0.798,-2.319,-1.377,-1.809
0.932,0.716,-5.849,4.366,-0.005,-0.014,0.717,0.837,-0.286,0.950,-0.164,0.021,-1.552,-2.034,0.819,1.024,-14.565,17.083,-0.415,1.279,0.693,1.008,0.554,2.141,-0.790,-2.291,-1.371,-1.783
0.932,0.694,-5.917,4.285,-0.175,0.012,1.104,0.613,-0.310,1.746,-0.310,-0.017,-1.703,-2.003,0.847,0.996,-11.340,13.573,-0.441,1.342,0.699,0.954,0.622,2.998,-0.790,-2.296,-1.349,-1.773
1.060,0.869,-4.993,4.327,-0.088,0.020,0.875,0.902,-0.314,1.533,-0.302,-0.017,-1.584,-2.051,0.944,1.064,-8.468,7.880,-0.433,1.349,0.695,1.075,0.141,2.844,-0.789,-2.289,-1.346,-1.774
1.073,0.796,-5.387,5.664,-0.167,0.000,0.974,0.714,-0.754,0.952,-0.315,-0.004,-1.602,-2.027,0.914,1.116,-6.240,7.791,-0.424,1.303,0.689,1.070,-0.588,1.728,-0.793,-2.310,-1.389,-1.782
1.031,0.792,-4.021,-1.174,-0.149,0.019,0.919,0.901,0.154,0.861,-0.328,-0.008,-1.557,-1.999,0.869,0.975,-7.837,2.897,-0.433,1.341,0.733,1.044,0.740,1.032,-0.793,-2.291,-1.375,-1.779
0.960,0.792,-7.259,4.033,-0.213,0.006,0.876,0.703,0.785,1.109,-0.293,-0.014,-1.582,-1.947,0.878,1.001,-6.898,0.371,-0.435,1.305,0.712,0.990,1.086,1.260,-0.797,-2.302,-1.370,-1.759
0.803,0.832,-4.190,2.330,-0.165,0.009,1.147,0.873,0.468,0.625,-0.273,-0.015,-1.617,-1.963,0.875,1.059,-4.720,-1.140,-0.442,1.358,0.763,1.066,0.814,1.032,-0.792,-2.306,-1.413,-1.787
1.046,0.850,-5.295,1.740,-0.231,-0.005,0.732,0.770,0.149,0.784,-0.293,-0.014,-1.782,-2.081,0.870,1.030,-2.068,-5.469,-0.427,1.298,0.682,1.041,0.421,1.131,-0.793,-2.304,-1.392,-1.774
0.975,0.735,-5.113,1.580,-0.176,0.005,0.890,0.756,-0.258,0.861,-0.298,-0.015,-1.649,-2.003,0.884,1.037,-0.975,-8.609,-0.441,1.329,0.718,1.052,0.238,0.910,-0.792,-2.300,-1.397,-1.788
0.874,0.869,-5.075,-0.130,-0.131,0.009,0.975,0.780,-0.196,1.164,-0.311,-0.002,-1.545,-2.076,0.837,1.008,0.490,-12.829,-0.426,1.324,0.720,0.939,-0.102,1.353,-0.794,-2.310,-1.386,-1.772
0.889,0.777,-2.462,-0.734,-0.151,0.013,0.890,0.821,-0.157,0.660,-0.297,-0.008,-1.492,-2.017,0.871,1.046,3.070,-13.495,-0.431,1.331,0.693,1.069,-0.194,0.927,-0.792,-2.303,-1.387,-1.781
1.002,0.755,-2.639,0.780,-0.164,0.009,0.776,0.781,-0.358,0.885,-0.268,-0.008,-1.546,-1.988,0.844,1.000,3.946,-12.133,-0.434,1.333,0.712,1.028,-0.266,1.078,-0.794,-2.307,-1.378,-1.775
0.845,0.890,-2.967,0.519,-0.124,0.021,0.904,0.742,-0.457,0.795,-0.313,-0.019,-1.608,-2.042,0.883,1.017,4.286,-13.050,-0.430,1.323,0.709,1.033,-0.345,0.892,-0.791,-2.300,-1.378,-1.774
1.002,0.718,-1.199,-0.531,-0.206,0.012,0.975,0.673,-0.722,0.795,-0.305,-0.010,-1.491,-2.014,0.865,1.010,5.188,-11.938,-0.439,1.316,0.736,1.039,-0.898,1.155,-0.795,-2.301,-1.394,-1.771
1.002,0.718,-1.199,-0.531,-0.206,0.012,0.975,0.673,-0.722,0.795,-0.305,-0.010,-1.491,-2.014,0.865,1.010,5.359,-12.281,-0.439,1.316,0.736,1.039,-0.898,1.155,-0.795,-2.301,-1.394,-1.771
1.103,0.771,-0.783,-0.517,-0.181,0.030,0.919,0.720,-0.951,0.571,-0.319,-0.019,-1.617,-2.055,0.869,0.986,5.771,-12.154,-0.420,1.310,0.720,1.022,-4.600,7.040,-0.792,-2.296,-1.405,-1.761
1.103,0.771,-0.783,-0.517,-0.181,0.030,0.919,0.720,-0.951,0.571,-0.319,-0.019,-1.617,-2.055,0.869,0.986,6.622,-13.856,-0.420,1.310,0.720,1.022,-8.878,15.597,-0.792,-2.296,-1.405,-1.761
1.003,0.988,-0.725,0.824,-0.198,0.010,1.103,0.834,-1.374,0.513,-0.333,-0.007,-1.558,-2.015,0.903,1.024,8.327,-12.846,-0.442,1.327,0.738,1.032,-13.627,24.250,-0.794,-2.302,-1.399,-1.741
0.918,1.141,0.000,0.664,-0.157,-0.000,0.875,0.784,-4.359,2.529,-0.267,-0.014,-1.504,-1.984,0.886,1.005,7.081,-12.099,-0.438,1.318,0.710,0.997,-17.840,32.303,-0.792,-2.300,-1.401,-1.769
0.918,1.141,0.000,0.664,-0.157,-0.000,0.875,0.784,-4.359,2.529,-0.267,-0.014,-1.504,-1.984,0.886,1.005,8.907,-15.751,-0.438,1.318,0.710,0.997,-21.802,40.226,-0.792,-2.300,-1.401,-1.769
1.163,0.617,0.211,0.113,-0.145,0.012,1.090,0.702,-6.214,10.968,-0.245,-0.017,-1.639,-1.960,0.885,0.996,9.018,-17.662,-0.428,1.341,0.736,0.999,-21.528,41.400,-0.790,-2.302,-1.381,-1.775
0.846,0.673,1.528,1.713,-0.110,0.025,1.047,0.785,-4.761,3.667,-0.315,-0.005,-1.644,-2.037,0.917,0.978,9.441,-13.365,-0.432,1.342,0.728,0.998,-15.938,22.465,-0.783,-2.277,-1.416,-1.770
0.960,0.811,1.770,0.668,-0.100,0.000,0.889,0.795,-6.561,4.560,-0.275,0.010,-1.644,-1.882,0.831,1.024,11.069,-15.580,-0.432,1.315,0.724,1.089,-17.184,20.001,-0.808,-2.338,-1.396,-1.694
0.903,0.734,2.282,-0.513,0.110,-0.041,0.877,0.830,-5.820,2.260,-0.001,0.026,-1.542,-2.112,0.846,1.013,8.643,-10.170,-0.444,1.352,0.742,0.999,-3.730,0.728,-0.781,-2.344,-1.386,-1.786
0.989,0.732,3.964,-2.065,-0.040,-0.027,0.818,0.717,-7.216,5.622,-0.155,0.022,-1.647,-1.919,0.852,0.927,9.987,-12.387,-0.440,1.314,0.679,1.029,-6.794,2.919,-0.794,-2.321,-1.423,-1.768
0.945,0.772,3.537,-2.200,-0.140,0.011,1.047,0.873,-6.427,4.764,-0.292,0.007,-1.650,-2.019,0.926,1.043,9.076,-12.362,-0.413,1.324,0.742,0.992,-3.865,-5.519,-0.791,-2.275,-1.391,-1.729
0.703,0.853,2.494,0.137,-0.191,-0.007,0.789,0.863,-5.233,-0.462,-0.352,0.001,-1.444,-1.917,0.800,1.001,6.313,-6.075,-0.441,1.317,0.700,1.052,-1.480,-10.790,-0.797,-2.298,-1.397,-1.741
1.017,0.556,2.882,4.148,-0.117,0.020,0.989,0.652,-3.161,-3.895,-0.274,-0.017,-1.394,-1.960,0.900,0.991,11.099,-8.165,-0.430,1.340,0.720,0.995,-1.434,-9.063,-0.792,-2.322,-1.394,-1.780
0.932,1.007,4.516,-3.361,-0.154,0.018,0.849,0.728,-6.668,1.960,-0.287,-0.002,-1.545,-1.968,0.904,1.088,8.629,-12.293,-0.428,1.309,0.713,1.055,-1.733,-8.254,-0.800,-2.254,-1.399,-1.775
1.103,0.849,5.075,-4.375,-0.216,0.007,0.947,0.680,-4.667,2.638,-0.226,-0.019,-1.547,-2.064,0.931,0.935,8.622,-11.585,-0.439,1.326,0.812,1.002,1.735,-9.320,-0.784,-2.348,-1.357,-1.820
1.046,0.811,2.810,-0.734,-0.060,-0.012,1.004,0.610,-3.668,-0.108,-0.230,0.007,-1.500,-2.034,0.980,0.982,4.471,-1.766,-0.432,1.306,0.761,1.025,3.243,-14.231,-0.796,-2.278,-1.360,-1.808
0.889,0.792,3.324,-1.256,-0.054,-0.003,1.090,0.595,-3.987,-1.252,-0.192,0.021,-1.643,-2.089,0.816,1.066,4.269,1.659,-0.434,1.344,0.665,1.012,3.484,-17.364,-0.802,-2.317,-1.425,-1.794
0.975,0.832,3.989,-0.560,-0.101,0.028,1.105,0.808,-2.909,-0.008,-0.203,-0.016,-1.595,-2.056,0.925,0.983,3.122,1.014,-0.421,1.332,0.690,1.083,4.797,-15.264,-0.790,-2.307,-1.394,-1.809
0.817,0.891,-0.165,3.723,-0.132,0.008,1.005,0.663,-1.977,-1.522,-0.315,-0.018,-1.642,-2.027,0.917,1.041,-7.403,16.879,-0.436,1.323,0.640,1.029,5.579,-15.298,-0.796,-2.292,-1.408,-1.799
0.874,0.830,1.599,-0.108,-0.138,0.017,0.967,0.860,-1.958,-0.234,-0.243,-0.011,-1.501,-2.003,0.822,0.998,-13.039,27.018,-0.429,1.324,0.651,1.059,5.745,-14.004,-0.789,-2.287,-1.396,-1.789
0.874,0.830,1.599,-0.108,-0.138,0.017,0.967,0.860,-1.958,-0.234,-0.243,-0.011,-1.501,-2.003,0.822,0.998,-13.039,27.018,-0.429,1.324,0.651,1.059,6.258,-15.029,-0.789,-2.287,-1.396,-1.789
1.046,0.908,-3.659,7.028,-0.167,0.008,0.920,0.677,-0.401,-0.381,-0.306,-0.010,-1.545,-2.003,0.845,1.029,-18.201,33.140,-0.428,1.327,0.654,0.997,7.676,-13.866,-0.795,-2.305,-1.371,-1.780
1.046,0.853,-4.545,7.094,-0.147,0.013,1.005,0.965,-0.410,-0.134,-0.300,-0.007,-1.639,-1.996,0.924,1.054,-16.891,29.798,-0.420,1.284,0.727,1.063,8.543,-13.417,-0.787,-2.279,-1.391,-1.781
1.046,0.853,-4.545,7.094,-0.147,0.013,1.005,0.965,-0.410,-0.134,-0.300,-0.007,-1.639,-1.996,0.924,1.054,-16.891,29.798,-0.420,1.284,0.727,1.063,10.053,-16.437,-0.787,-2.279,-1.391,-1.781
0.834,0.792,-5.326,3.440,-0.178,0.012,0.877,0.921,1.824,1.058,-0.298,-0.010,-1.405,-2.003,0.847,1.051,-12.431,13.299,-0.430,1.312,0.747,1.018,8.796,-10.060,-0.790,-2.294,-1.244,-1.783
0.834,0.792,-5.326,3.440,-0.178,0.012,0.877,0.921,1.824,1.058,-0.298,-0.010,-1.405,-2.003,0.847,1.051,-12.431,13.299,-0.430,1.312,0.747,1.018,10.928,-14.323,-0.790,-2.294,-1.244,-1.783
0.804,0.818,-5.405,2.402,-0.126,-0.000,1.090,0.823,2.470,0.835,-0.247,-0.013,-1.412,-1.997,0.812,1.085,-12.147,12.038,-0.432,1.322,0.760,1.035,13.193,-15.370,-0.794,-2.304,-1.256,-1.782
0.961,0.930,-5.355,0.520,-0.176,0.005,0.775,0.740,4.151,1.436,-0.333,-0.010,-1.481,-1.928,0.811,1.061,-9.871,4.896,-0.430,1.313,0.680,1.042,12.606,-14.415,-0.785,-2.282,-1.298,-1.796
1.106,0.792,-4.930,-0.067,-0.132,0.010,0.907,0.544,4.060,-0.769,-0.226,0.001,-1.557,-2.057,0.864,1.019,-7.613,2.377,-0.435,1.350,0.677,1.060,11.068,-11.104,-0.802,-2.326,-1.384,-1.802
1.106,0.792,-4.930,-0.067,-0.132,0.010,0.907,0.544,4.060,-0.769,-0.226,0.001,-1.557,-2.057,0.864,1.019,-7.613,2.377,-0.435,1.350,0.677,1.060,14.271,-17.511,-0.802,-2.326,-1.384,-1.802
0.817,0.932,-5.355,0.268,-0.177,0.005,1.031,0.781,4.024,0.254,-0.308,-0.009,-1.525,-2.035,0.834,0.976,-7.851,2.486,-0.428,1.297,0.756,0.984,13.452,-15.511,-0.780,-2.262,-1.368,-1.804
1.017,0.813,-4.640,-0.310,-0.146,0.011,1.132,0.601,4.406,-2.811,-0.367,0.009,-1.513,-2.011,0.875,0.993,-6.291,1.348,-0.436,1.329,0.650,1.048,9.908,-9.012,-0.802,-2.327,-1.390,-1.788
0.932,0.832,-3.859,-0.345,-0.141,0.018,0.800,0.742,5.642,-3.725,-0.283,-0.011,-1.580,-2.010,0.869,1.033,-4.315,1.015,-0.430,1.353,0.678,1.046,10.154,-12.300,-0.795,-2.293,-1.427,-1.776
1.030,0.951,-3.733,-0.811,-0.179,0.012,0.776,0.755,5.267,-2.025,-0.331,-0.015,-1.609,-1.870,0.885,1.039,-4.233,-0.118,-0.426,1.305,0.656,1.089,9.473,-8.413,-0.788,-2.297,-1.442,-1.791
1.047,0.889,-4.075,-1.309,-0.217,0.015,0.945,0.638,6.019,-3.028,-0.283,-0.005,-1.585,-2.016,0.848,0.975,-4.451,-0.885,-0.437,1.325,0.709,1.000,9.059,-7.502,-0.796,-2.313,-1.401,-1.786
0.975,0.850,-3.236,-1.088,-0.173,0.012,0.975,0.742,3.399,1.150,-0.310,-0.005,-1.544,-2.023,0.884,1.024,-3.008,-0.458,-0.431,1.311,0.704,1.005,5.186,-2.688,-0.788,-2.299,-1.357,-1.774
0.961,0.869,-2.818,-1.088,-0.138,0.017,0.762,0.903,3.757,-1.566,-0.316,-0.012,-1.508,-1.968,0.859,1.006,-2.483,-0.780,-0.433,1.324,0.644,1.033,4.331,-5.278,-0.793,-2.307,-1.397,-1.787
0.778,0.811,-2.257,-1.337,-0.177,0.013,0.933,0.926,3.660,-2.197,-0.333,-0.007,-1.562,-1.967,0.839,1.026,-1.484,-1.224,-0.433,1.325,0.722,1.050,3.117,-1.879,-0.795,-2.302,-1.388,-1.791
1.002,0.792,-2.163,-0.783,-0.126,0.020,0.902,0.691,2.110,-0.811,-0.294,-0.013,-1.544,-1.967,0.914,0.989,-1.449,-0.539,-0.426,1.330,0.696,1.049,-4.348,10.391,-0.793,-2.297,-1.362,-1.767
1.033,0.893,-2.361,-0.514,-0.126,-0.007,0.863,0.756,1.488,0.200,-0.242,-0.003,-1.506,-2.017,0.918,0.975,-1.717,0.594,-0.435,1.327,0.728,1.007,-10.233,21.632,-0.790,-2.307,-1.366,-1.780
0.860,0.849,-1.944,0.461,-0.179,0.013,1.158,0.717,-1.037,3.099,-0.301,-0.017,-1.544,-2.040,0.843,0.992,-1.515,2.029,-0.426,1.313,0.703,0.996,-16.123,29.038,-0.783,-2.284,-1.376,-1.774
0.831,0.732,-1.896,0.741,-0.193,0.016,0.822,0.702,-1.778,5.934,-0.266,-0.014,-1.547,-1.969,0.883,1.040,-1.648,2.383,-0.427,1.310,0.664,1.008,-15.222,29.430,-0.786,-2.286,-1.387,-1.786
1.119,0.774,-1.757,0.758,-0.135,0.023,0.602,0.756,-3.089,6.058,-0.239,-0.016,-1.544,-1.965,0.886,1.032,-1.118,1.882,-0.432,1.332,0.666,1.046,-15.381,30.363,-0.795,-2.313,-1.372,-1.754
1.046,0.792,-0.981,0.203,-0.145,0.012,0.954,0.731,-4.083,5.104,-0.298,-0.015,-1.632,-1.961,0.869,1.017,0.246,0.985,-0.430,1.319,0.674,1.005,-13.848,21.231,-0.791,-2.292,-1.427,-1.767
0.883,0.752,-0.723,0.275,-0.161,0.016,0.690,0.873,-5.601,5.389,-0.167,0.012,-1.619,-1.993,0.841,0.979,0.184,0.903,-0.432,1.314,0.717,1.021,-14.484,20.360,-0.792,-2.304,-1.450,-1.726
0.860,0.753,-0.079,0.796,-0.134,0.010,0.805,0.809,-4.299,2.472,-0.255,-0.020,-1.552,-1.919,0.894,1.024,0.888,1.480,-0.432,1.340,0.677,1.049,-10.994,10.276,-0.789,-2.287,-1.406,-1.696
0.917,0.773,1.110,0.656,-0.135,0.017,1.005,0.795,-3.912,1.551,-0.302,-0.016,-1.564,-1.928,0.867,0.985,3.126,1.549,-0.427,1.308,0.652,1.006,-9.020,8.511,-0.788,-2.291,-1.391,-1.716
0.961,0.753,1.501,1.252,-0.156,0.021,0.923,0.770,-4.612,1.093,-0.305,-0.010,-1.685,-2.021,0.881,1.049,2.958,1.999,-0.435,1.332,0.690,1.068,-9.343,6.046,-0.795,-2.302,-1.425,-1.761
0.804,0.732,1.511,0.701,-0.073,-0.014,0.946,0.688,-3.914,-0.013,-0.219,0.017,-1.457,-2.018,0.853,1.020,2.701,1.446,-0.431,1.320,0.721,0.986,-7.009,3.089,-0.793,-2.304,-1.395,-1.758
0.889,0.851,1.166,0.903,0.067,-0.038,1.118,0.902,-3.753,-0.854,-0.063,0.038,-1.552,-1.918,0.854,1.006,1.915,1.382,-0.437,1.336,0.730,1.027,-5.835,0.797,-0.796,-2.322,-1.382,-1.795
1.057,0.733,1.409,-0.118,0.076,-0.050,0.872,0.859,-3.805,-1.109,-0.094,0.057,-1.466,-2.017,0.871,1.008,1.728,0.582,-0.440,1.358,0.742,1.023,-5.540,0.083,-0.805,-2.322,-1.382,-1.796
0.945,0.891,1.353,0.705,-0.001,-0.015,0.991,0.756,-3.271,-1.295,-0.152,0.016,-1.464,-1.969,0.874,1.044,2.104,0.787,-0.429,1.312,0.712,1.047,-4.668,-0.352,-0.786,-2.284,-1.384,-1.779
1.050,0.734,1.646,0.293,-0.023,-0.032,0.875,0.688,-2.826,-1.691,-0.263,0.008,-1.595,-1.978,0.874,1.042,1.979,0.529,-0.434,1.329,0.695,1.019,-3.207,-1.572,-0.791,-2.290,-1.395,-1.784
0.889,0.734,0.393,0.398,-0.085,0.005,0.861,0.716,-2.508,-2.125,-0.276,-0.019,-1.548,-2.059,0.795,1.024,-0.046,0.892,-0.435,1.343,0.740,1.023,-2.745,-1.470,-0.796,-2.313,-1.388,-1.785
0.932,0.734,0.393,0.395,-0.132,0.010,0.861,0.873,-2.035,-1.715,-0.211,-0.010,-1.548,-1.923,0.868,1.019,-0.096,0.868,-0.429,1.326,0.698,1.036,-1.850,-1.414,-0.796,-2.308,-1.392,-1.747
0.988,0.851,0.181,0.397,-0.132,0.008,1.104,0.795,-1.987,-1.715,-0.231,0.002,-1.556,-2.145,0.852,1.014,-0.251,0.698,-0.439,1.344,0.728,1.028,-1.556,-1.408,-0.798,-2.325,-1.380,-1.750
0.961,0.851,-0.071,0.495,-0.159,0.008,0.975,0.795,-1.579,-1.626,-0.290,-0.007,-1.552,-2.016,0.851,1.006,-0.501,0.838,-0.430,1.328,0.735,1.039,-0.879,-1.303,-0.788,-2.288,-1.374,-1.761
0.760,0.773,-0.238,0.354,-0.173,0.012,0.890,0.703,-1.642,-1.354,-0.253,-0.005,-1.552,-2.066,0.849,1.017,-0.963,0.276,-0.433,1.326,0.688,1.028,-1.341,-0.695,-0.797,-2.319,-1.371,-1.756
0.760,0.773,-0.238,0.354,-0.173,0.012,0.890,0.703,-1.642,-1.354,-0.253,-0.005,-1.552,-2.066,0.849,1.017,-0.963,0.276,-0.433,1.326,0.688,1.028,-1.341,-0.695,-0.797,-2.319,-1.371,-1.756
0.959,0.811,-1.358,0.373,-0.163,0.009,0.761,0.902,-1.654,-1.108,-0.248,-0.004,-1.559,-1.922,0.872,1.027,-2.542,0.178,-0.436,1.320,0.692,1.056,-1.543,-0.521,-0.795,-2.303,-1.393,-1.764
0.817,0.673,-1.369,0.248,-0.159,0.008,0.982,0.809,-1.400,0.168,-0.281,-0.007,-1.535,-2.019,0.841,1.010,-5.675,6.935,-0.436,1.322,0.716,1.029,-1.482,1.913,-0.796,-2.311,-1.350,-1.782
0.988,0.814,-1.205,0.372,-0.174,0.017,1.004,0.664,-1.702,0.452,-0.305,-0.010,-1.471,-1.798,0.904,1.027,-9.097,15.287,-0.431,1.328,0.680,1.025,-1.796,1.999,-0.792,-2.300,-1.388,-1.802
1.004,0.832,-2.046,0.421,-0.120,0.014,1.004,0.530,-1.382,0.343,-0.258,-0.014,-1.546,-2.172,0.887,1.047,-14.473,23.961,-0.434,1.322,0.724,1.012,-1.254,1.306,-0.794,-2.306,-1.380,-1.814
1.004,0.832,-2.046,0.421,-0.120,0.014,1.004,0.530,-1.382,0.343,-0.258,-0.014,-1.546,-2.172,0.887,1.047,-18.566,32.146,-0.434,1.322,0.724,1.012,-1.254,1.306,-0.794,-2.306,-1.380,-1.814
1.060,0.732,-4.324,5.008,-0.162,0.010,1.105,0.795,-1.092,0.951,-0.299,-0.007,-1.588,-1.988,0.837,0.997,-21.803,38.967,-0.433,1.335,0.692,1.038,-1.118,2.929,-0.792,-2.294,-1.378,-1.797
0.946,0.813,-2.792,1.858,-0.141,0.014,0.946,0.756,-0.572,1.110,-0.317,-0.014,-1.559,-2.018,0.936,1.067,-22.112,39.678,-0.427,1.322,0.674,1.063,0.194,1.726,-0.794,-2.308,-1.382,-1.778
0.960,0.834,-7.263,10.999,-0.067,-0.006,1.018,0.731,-0.322,1.398,-0.223,0.007,-1.504,-1.934,0.896,0.993,-20.540,37.627,-0.436,1.339,0.717,0.996,0.697,2.407,-0.796,-2.308,-1.374,-1.770
0.960,0.834,-7.263,10.999,-0.067,-0.006,1.018,0.731,-0.322,1.398,-0.223,0.007,-1.504,-1.934,0.896,0.993,-23.965,44.479,-0.436,1.339,0.717,0.996,0.697,2.407,-0.796,-2.308,-1.374,-1.770
0.960,0.834,-7.263,10.999,-0.067,-0.006,1.018,0.731,-0.322,1.398,-0.223,0.007,-1.504,-1.934,0.896,0.993,-27.168,50.885,-0.436,1.339,0.717,0.996,0.697,2.407,-0.796,-2.308,-1.374,-1.770
0.960,0.834,-7.263,10.999,-0.067,-0.006,1.018,0.731,-0.322,1.398,-0.223,0.007,-1.504,-1.934,0.896,0.993,-30.130,56.807,-0.436,1.339,0.717,0.996,0.697,2.407,-0.796,-2.308,-1.374,-1.770
0.960,0.834,-7.263,10.999,-0.067,-0.006,1.018,0.731,-0.322,1.398,-0.223,0.007,-1.504,-1.934,0.896,0.993,-32.830,62.208,-0.436,1.339,0.717,0.996,0.697,2.407,-0.796,-2.308,-1.374,-1.770
0.903,0.717,-6.654,6.167,-0.072,-0.007,0.803,0.652,-0.341,1.741,-0.142,0.009,-1.577,-1.833,0.921,1.045,-26.756,43.856,-0.416,1.273,0.712,1.069,-0.075,2.880,-0.797,-2.314,-1.384,-1.781
0.903,0.717,-6.654,6.167,-0.072,-0.007,0.803,0.652,-0.341,1.741,-0.142,0.009,-1.577,-1.833,0.921,1.045,-28.888,48.119,-0.416,1.273,0.712,1.069,-0.075,2.880,-0.797,-2.314,-1.384,-1.781
1.161,0.713,-1.008,-2.814,-0.194,0.009,1.033,0.756,0.352,1.097,-0.290,-0.016,-1.617,-2.002,0.938,1.087,-22.094,38.365,-0.445,1.339,0.728,1.029,0.718,1.397,-0.792,-2.302,-1.438,-1.790
0.974,1.027,-5.440,5.121,0.089,-0.042,0.875,0.847,0.050,0.437,-0.106,0.039,-1.448,-2.056,0.860,1.269,-9.724,14.594,-0.424,1.322,0.639,1.141,-0.070,0.945,-0.802,-2.318,-1.471,-1.798
0.974,1.027,-5.440,5.121,0.089,-0.042,0.875,0.847,0.050,0.437,-0.106,0.039,-1.448,-2.056,0.860,1.269,-10.908,16.962,-0.424,1.322,0.639,1.141,-0.070,0.945,-0.802,-2.318,-1.471,-1.798
0.974,1.027,-5.440,5.121,0.089,-0.042,0.875,0.847,0.050,0.437,-0.106,0.039,-1.448,-2.056,0.860,1.269,-11.759,18.664,-0.424,1.322,0.639,1.141,-0.070,0.945,-0.802,-2.318,-1.471,-1.798
0.974,1.027,-5.440,5.121,0.089,-0.042,0.875,0.847,0.050,0.437,-0.106,0.039,-1.448,-2.056,0.860,1.269,-12.272,19.689,-0.424,1.322,0.639,1.141,-0.070,0.945,-0.802,-2.318,-1.471,-1.798
0.974,1.027,-5.440,5.121,0.089,-0.042,0.875,0.847,0.050,0.437,-0.106,0.039,-1.448,-2.056,0.860,1.269,-12.443,20.032,-0.424,1.322,0.639,1.141,-0.070,0.945,-0.802,-2.318,-1.471,-1.798
0.974,1.027,-5.440,5.121,0.089,-0.042,0.875,0.847,0.050,0.437,-0.106,0.039,-1.448,-2.056,0.860,1.269,-12.272,19.689,-0.424,1.322,0.639,1.141,-0.070,0.945,-0.802,-2.318,-1.471,-1.798
0.974,1.027,-5.440,5.121,0.089,-0.042,0.875,0.847,0.050,0.437,-0.106,0.039,-1.448,-2.056,0.860,1.269,-11.759,18.664,-0.424,1.322,0.639,1.141,-3.206,7.215,-0.802,-2.318,-1.471,-1.798
0.974,1.027,-5.440,5.121,0.089,-0.042,0.875,0.847,0.050,0.437,-0.106,0.039,-1.448,-2.056,0.860,1.269,-10.908,16.962,-0.424,1.322,0.639,1.141,-7.484,15.772,-0.802,-2.318,-1.471,-1.798
0.860,0.933,-7.489,5.316,0.139,-0.054,0.990,0.850,-0.257,0.862,0.030,0.048,-1.502,-2.003,0.811,1.005,-4.628,-1.713,-0.433,1.316,0.776,0.942,-11.494,24.487,-0.796,-2.331,-1.312,-1.767
0.946,0.771,-0.465,1.597,0.065,-0.050,0.847,0.781,-1.883,0.805,0.010,0.050,-1.691,-1.950,0.852,1.038,-3.459,11.485,-0.687,2.138,0.744,1.016,-18.302,32.456,-0.796,-2.311,-1.475,-1.744
0.946,0.771,-0.465,1.597,0.065,-0.050,0.847,0.781,-1.883,0.805,0.010,0.050,-1.691,-1.950,0.852,1.038,-1.633,7.832,-0.687,2.138,0.744,1.016,-22.263,40.379,-0.796,-2.311,-1.475,-1.744
0.860,0.673,-5.849,15.385,0.230,-0.059,0.947,0.823,-1.945,0.950,0.022,0.051,-1.661,-1.973,0.872,1.050,6.872,-2.387,-0.708,2.254,0.740,0.962,-26.092,47.958,-0.793,-2.308,-1.470,-1.773
0.860,0.673,-5.849,15.385,0.230,-0.059,0.947,0.823,-1.945,0.950,0.022,0.051,-1.661,-1.973,0.872,1.050,9.296,-7.234,-0.708,2.254,0.740,0.962,-29.719,55.212,-0.793,-2.308,-1.470,-1.773
0.834,0.828,-2.652,1.698,0.108,-0.032,0.718,0.823,-0.862,0.785,0.041,0.054,-1.451,-2.014,0.754,1.024,16.917,-38.880,-0.637,2.011,0.708,1.031,-31.422,62.262,-0.793,-2.312,-1.233,-1.771
0.834,0.828,-2.652,1.698,0.108,-0.032,0.718,0.823,-0.862,0.785,0.041,0.054,-1.451,-2.014,0.754,1.024,19.878,-44.802,-0.637,2.011,0.708,1.031,-34.625,68.669,-0.793,-2.312,-1.233,-1.771
0.834,0.828,-2.652,1.698,0.108,-0.032,0.718,0.823,-0.862,0.785,0.041,0.054,-1.451,-2.014,0.754,1.024,23.082,-51.209,-0.637,2.011,0.708,1.031,-37.586,74.591,-0.793,-2.312,-1.233,-1.771
1.017,0.771,1.253,-2.614,0.052,-0.048,0.822,0.717,-9.299,17.141,0.028,0.040,-1.566,-1.987,0.818,1.063,24.939,-49.564,-0.641,2.008,0.626,0.975,-37.837,72.679,-0.793,-2.309,-1.383,-1.781
1.017,0.771,1.253,-2.614,0.052,-0.048,0.822,0.717,-9.299,17.141,0.028,0.040,-1.566,-1.987,0.818,1.063,28.566,-56.818,-0.641,2.008,0.626,0.975,-40.261,77.526,-0.793,-2.309,-1.383,-1.781
1.017,0.771,1.253,-2.614,0.052,-0.048,0.822,0.717,-9.299,17.141,0.028,0.040,-1.566,-1.987,0.818,1.063,32.372,-64.430,-0.641,2.008,0.626,0.975,-42.392,81.789,-0.793,-2.309,-1.383,-1.781
1.017,0.771,1.253,-2.614,0.052,-0.048,0.822,0.717,-9.299,17.141,0.028,0.040,-1.566,-1.987,0.818,1.063,36.333,-72.353,-0.641,2.008,0.626,0.975,-44.219,85.441,-0.793,-2.309,-1.383,-1.781
0.716,0.692,-0.121,2.501,0.099,-0.029,1.032,0.834,-2.912,-1.217,-0.003,0.067,-1.600,-1.871,0.759,1.067,36.523,-68.608,-0.616,1.974,0.718,1.111,-33.790,57.018,-0.832,-2.412,-1.461,-1.670
0.902,0.872,0.173,-1.866,0.164,-0.045,1.175,0.688,-5.751,10.394,0.007,0.060,-1.545,-1.822,0.889,1.114,34.717,-73.717,-0.626,1.992,0.695,1.063,-30.742,61.920,-0.796,-2.287,-1.395,-1.792
1.076,0.652,-0.476,0.263,0.048,-0.048,0.947,0.564,-3.180,5.018,0.071,0.035,-1.552,-2.023,0.878,0.908,38.074,-78.017,-0.630,1.955,0.718,0.895,-26.911,53.616,-0.769,-2.306,-1.369,-1.834
1.076,0.652,-0.476,0.263,0.048,-0.048,0.947,0.564,-3.180,5.018,0.071,0.035,-1.552,-2.023,0.878,0.908,41.209,-84.287,-0.630,1.955,0.718,0.895,-27.424,54.641,-0.769,-2.306,-1.369,-1.834
1.047,0.833,1.937,-3.893,0.175,-0.055,1.204,0.902,-7.542,9.573,0.053,0.059,-1.645,-2.027,0.978,1.051,38.009,-77.032,-0.618,1.973,0.768,1.101,-23.403,40.625,-0.798,-2.336,-1.379,-1.804
1.047,0.833,1.937,-3.893,0.175,-0.055,1.204,0.902,-7.542,9.573,0.053,0.059,-1.645,-2.027,0.978,1.051,38.009,-77.032,-0.618,1.973,0.768,1.101,-23.232,40.283,-0.798,-2.336,-1.379,-1.804
0.946,0.753,1.082,-0.819,0.164,-0.045,0.861,0.902,-4.874,3.712,-0.124,0.102,-1.591,-1.933,0.873,1.055,36.081,-66.163,-0.612,2.005,0.701,1.068,-16.289,25.177,-0.825,-2.247,-1.350,-1.712
0.946,0.753,1.082,-0.819,0.164,-0.045,0.861,0.902,-4.874,3.712,-0.124,0.102,-1.591,-1.933,0.873,1.055,36.081,-66.163,-0.612,2.005,0.701,1.068,-15.438,23.475,-0.825,-2.247,-1.350,-1.712
0.946,0.753,1.082,-0.819,0.164,-0.045,0.861,0.902,-4.874,3.712,-0.124,0.102,-1.591,-1.933,0.873,1.055,36.081,-66.163,-0.612,2.005,0.701,1.068,-14.254,21.106,-0.825,-2.247,-1.350,-1.712
0.974,0.792,-0.201,1.760,0.122,-0.055,1.047,0.795,-1.535,-1.764,0.183,0.018,-1.644,-2.066,0.829,1.030,31.961,-62.638,-0.629,1.944,0.806,1.025,-8.001,10.307,-0.764,-2.390,-1.361,-1.773
0.974,0.792,-0.201,1.760,0.122,-0.055,1.047,0.795,-1.535,-1.764,0.183,0.018,-1.644,-2.066,0.829,1.030,31.961,-62.638,-0.629,1.944,0.806,1.025,-6.174,6.654,-0.764,-2.390,-1.361,-1.773
0.974,0.792,-0.201,1.760,0.122,-0.055,1.047,0.795,-1.535,-1.764,0.183,0.018,-1.644,-2.066,0.829,1.030,31.961,-62.638,-0.629,1.944,0.806,1.025,-4.043,2.391,-0.764,-2.390,-1.361,-1.773
0.974,0.792,-0.201,1.760,0.122,-0.055,1.047,0.795,-1.535,-1.764,0.183,0.018,-1.644,-2.066,0.829,1.030,31.961,-62.638,-0.629,1.944,0.806,1.025,-1.619,-2.456,-0.764,-2.390,-1.361,-1.773
0.975,0.893,10.243,-21.138,0.111,-0.061,1.136,0.717,-0.774,-1.651,0.020,0.060,-1.550,-2.024,0.877,1.132,14.800,-34.350,-0.619,1.917,0.692,1.032,5.377,-14.359,-0.797,-2.314,-1.435,-1.769
0.975,0.893,10.243,-21.138,0.111,-0.061,1.136,0.717,-0.774,-1.651,0.020,0.060,-1.550,-2.024,0.877,1.132,14.800,-34.350,-0.619,1.917,0.692,1.032,8.338,-20.282,-0.797,-2.314,-1.435,-1.769
0.775,0.951,6.356,-6.267,0.332,0.029,1.076,0.912,-5.668,2.837,-0.021,0.078,-1.935,-2.003,0.844,1.154,1.152,13.744,-0.665,2.413,0.713,1.196,20.423,-51.631,-0.808,-2.283,-1.736,-1.816
0.775,0.951,6.356,-6.267,0.332,0.029,1.076,0.912,-5.668,2.837,-0.021,0.078,-1.935,-2.003,0.844,1.154,1.152,13.744,-0.665,2.413,0.713,1.196,23.849,-58.483,-0.808,-2.283,-1.736,-1.816
0.775,0.951,6.356,-6.267,0.332,0.029,1.076,0.912,-5.668,2.837,-0.021,0.078,-1.935,-2.003,0.844,1.154,1.152,13.744,-0.665,2.413,0.713,1.196,27.476,-65.737,-0.808,-2.283,-1.736,-1.816
0.775,0.951,6.356,-6.267,0.332,0.029,1.076,0.912,-5.668,2.837,-0.021,0.078,-1.935,-2.003,0.844,1.154,1.152,13.744,-0.665,2.413,0.713,1.196,31.282,-73.349,-0.808,-2.283,-1.736,-1.816
0.775,0.951,6.356,-6.267,0.332,0.029,1.076,0.912,-5.668,2.837,-0.021,0.078,-1.935,-2.003,0.844,1.154,1.152,13.744,-0.665,2.413,0.713,1.196,35.243,-81.272,-0.808,-2.283,-1.736,-1.816
0.775,0.951,6.356,-6.267,0.332,0.029,1.076,0.912,-5.668,2.837,-0.021,0.078,-1.935,-2.003,0.844,1.154,1.152,13.744,-0.665,2.413,0.713,1.196,39.336,-89.457,-0.808,-2.283,-1.736,-1.816
0.775,0.951,6.356,-6.267,0.332,0.029,1.076,0.912,-5.668,2.837,-0.021,0.078,-1.935,-2.003,0.844,1.154,1.152,13.744,-0.665,2.413,0.713,1.196,43.534,-97.854,-0.808,-2.283,-1.736,-1.816
0.775,0.951,6.356,-6.267,0.332,0.029,1.076,0.912,-5.668,2.837,-0.021,0.078,-1.935,-2.003,0.844,1.154,1.152,13.744,-0.665,2.413,0.713,1.196,47.813,-106.410,-0.808,-2.283,-1.736,-1.816
0.775,0.951,6.356,-6.267,0.332,0.029,1.076,0.912,-5.668,2.837,-0.021,0.078,-1.935,-2.003,0.844,1.154,1.152,13.744,-0.665,2.413,0.713,1.196,50.948,-112.681,-0.808,-2.283,-1.736,-1.816
0.605,1.043,-1.824,4.166,-0.024,-0.065,0.920,0.926,-1.550,-2.083,0.116,0.040,-1.663,-1.973,0.657,1.262,-14.172,27.890,-0.700,2.039,0.634,1.157,56.102,-117.753,-0.804,-2.340,-1.409,-1.752
0.605,1.043,-1.824,4.166,-0.024,-0.065,0.920,0.926,-1.550,-2.083,0.116,0.040,-1.663,-1.973,0.657,1.262,-14.172,27.890,-0.700,2.039,0.634,1.157,56.102,-117.753,-0.804,-2.340,-1.409,-1.752
0.605,1.043,-1.824,4.166,-0.024,-0.065,0.920,0.926,-1.550,-2.083,0.116,0.040,-1.663,-1.973,0.657,1.262,-14.172,27.890,-0.700,2.039,0.634,1.157,56.102,-117.753,-0.804,-2.340,-1.409,-1.752
0.932,0.911,-2.859,0.430,0.109,-0.045,1.033,0.834,-0.029,3.780,0.033,0.067,-1.493,-2.096,0.791,1.017,-1.239,-3.769,-0.652,2.062,0.768,1.006,50.074,-94.599,-0.794,-2.305,-1.318,-1.767
0.932,0.911,-2.859,0.430,0.109,-0.045,1.033,0.834,-0.029,3.780,0.033,0.067,-1.493,-2.096,0.791,1.017,-1.239,-3.769,-0.652,2.062,0.768,1.006,50.074,-94.599,-0.794,-2.305,-1.318,-1.767
0.932,0.911,-2.859,0.430,0.109,-0.045,1.033,0.834,-0.029,3.780,0.033,0.067,-1.493,-2.096,0.791,1.017,-1.239,-3.769,-0.652,2.062,0.768,1.006,50.074,-94.599,-0.794,-2.305,-1.318,-1.767
0.932,0.911,-2.859,0.430,0.109,-0.045,1.033,0.834,-0.029,3.780,0.033,0.067,-1.493,-2.096,0.791,1.017,-1.239,-3.769,-0.652,2.062,0.768,1.006,50.074,-94.599,-0.794,-2.305,-1.318,-1.767
0.932,0.911,-2.859,0.430,0.109,-0.045,1.033,0.834,-0.029,3.780,0.033,0.067,-1.493,-2.096,0.791,1.017,-1.239,-3.769,-0.652,2.062,0.768,1.006,50.074,-94.599,-0.794,-2.305,-1.318,-1.767
0.932,0.911,-2.859,0.430,0.109,-0.045,1.033,0.834,-0.029,3.780,0.033,0.067,-1.493,-2.096,0.791,1.017,-1.239,-3.769,-0.652,2.062,0.768,1.006,50.074,-94.599,-0.794,-2.305,-1.318,-1.767
0.932,0.911,-2.859,0.430,0.109,-0.045,1.033,0.834,-0.029,3.780,0.033,0.067,-1.493,-2.096,0.791,1.017,-1.239,-3.769,-0.652,2.062,0.768,1.006,50.074,-94.599,-0.794,-2.305,-1.318,-1.767
1.053,0.853,-2.425,0.052,0.072,-0.046,0.890,0.834,1.201,2.263,0.041,0.050,-1.538,-2.003,0.841,1.048,-4.497,4.605,-0.649,2.035,0.758,1.058,42.744,-80.100,-0.794,-2.328,-1.397,-1.820
0.754,0.853,-0.356,0.929,0.114,-0.041,1.188,0.768,-1.797,1.682,0.032,0.057,-1.564,-1.798,0.851,1.037,0.153,2.832,-0.654,2.053,0.787,1.054,37.926,-79.630,-0.795,-2.306,-1.369,-1.743
1.035,0.753,-0.065,0.517,0.106,-0.044,1.018,0.639,11.675,-21.935,-0.009,0.061,-1.610,-1.985,0.846,1.021,0.609,2.042,-0.652,2.047,0.694,1.017,37.821,-81.178,-0.796,-2.308,-1.381,-1.708
1.035,0.753,-0.065,0.517,0.106,-0.044,1.018,0.639,11.675,-21.935,-0.009,0.061,-1.610,-1.985,0.846,1.021,0.609,2.042,-0.652,2.047,0.694,1.017,37.821,-81.178,-0.796,-2.308,-1.381,-1.708
1.035,0.753,-0.065,0.517,0.106,-0.044,1.018,0.639,11.675,-21.935,-0.009,0.061,-1.610,-1.985,0.846,1.021,0.609,2.042,-0.652,2.047,0.694,1.017,37.821,-81.178,-0.796,-2.308,-1.381,-1.708
1.035,0.753,-0.065,0.517,0.106,-0.044,1.018,0.639,11.675,-21.935,-0.009,0.061,-1.610,-1.985,0.846,1.021,0.609,2.042,-0.652,2.047,0.694,1.017,37.821,-81.178,-0.796,-2.308,-1.381,-1.708
1.035,0.753,-0.065,0.517,0.106,-0.044,1.018,0.639,11.675,-21.935,-0.009,0.061,-1.610,-1.985,0.846,1.021,0.609,2.042,-0.652,2.047,0.694,1.017,37.821,-81.178,-0.796,-2.308,-1.381,-1.708
0.970,0.700,0.543,0.940,0.168,-0.038,1.004,0.756,-0.288,2.543,0.229,-0.001,-1.576,-1.922,0.884,0.977,1.063,2.254,-0.650,2.036,0.801,1.051,16.762,-32.033,-0.752,-2.448,-1.375,-1.800
0.970,0.700,0.543,0.940,0.168,-0.038,1.004,0.756,-0.288,2.543,0.229,-0.001,-1.576,-1.922,0.884,0.977,1.063,2.254,-0.650,2.036,0.801,1.051,16.762,-32.033,-0.752,-2.448,-1.375,-1.800
0.970,0.700,0.543,0.940,0.168,-0.038,1.004,0.756,-0.288,2.543,0.229,-0.001,-1.576,-1.922,0.884,0.977,1.063,2.254,-0.650,2.036,0.801,1.051,16.762,-32.033,-0.752,-2.448,-1.375,-1.800
0.970,0.700,0.543,0.940,0.168,-0.038,1.004,0.756,-0.288,2.543,0.229,-0.001,-1.576,-1.922,0.884,0.977,1.063,2.254,-0.650,2.036,0.801,1.051,16.762,-32.033,-0.752,-2.448,-1.375,-1.800
