5.098679542541504,-2.2452707290649414,2.9041388034820557,3.7138290405273438,-0.04889577627182007,-0.004329201299697161,-5.107613563537598,2.3379669189453125,1.282618761062622,2.1777634620666504,0.05223122239112854,0.005508681293576956,-0.12691204249858856,-0.10707699507474899,0.1463930904865265,-0.5160853266716003,7.04344367980957,7.978785037994385,-0.04889577627182007,-0.004329201299697161,-0.1473381221294403,0.6214174032211304,6.587406158447266,5.208613395690918,0.05223122239112854,0.005508681293576956,-0.12691204249858856,-0.10707699507474899
5.134938716888428,-2.239039897918701,3.2407729625701904,2.7265396118164062,-0.06305292248725891,-0.002575742080807686,-5.142299175262451,2.3983795642852783,2.7677817344665527,2.2714147567749023,-0.12447124719619751,0.0037848283536732197,-0.24673713743686676,-0.2128918319940567,0.15374493598937988,-0.5074155330657959,6.893361568450928,1.9079513549804688,-0.06305292248725891,-0.002575742080807686,-0.16580891609191895,0.6979832053184509,5.776698112487793,3.537705421447754,-0.12447124719619751,0.0037848283536732197,-0.24673713743686676,-0.2128918319940567
5.155783653259277,-2.288578510284424,3.592602491378784,1.6993473768234253,-0.20432749390602112,-0.000767231045756489,-5.158384323120117,2.202915668487549,3.702141761779785,6.094854354858398,0.27900969982147217,0.0032080181408673525,-0.3585076928138733,-0.3158137798309326,0.1469031274318695,-0.5700604319572449,4.506094932556152,4.33308744430542,-0.20432749390602112,-0.000767231045756489,-0.16086621582508087,0.44941726326942444,1.4179056882858276,2.22119140625,0.27900969982147217,0.0032080181408673525,-0.3585076928138733,-0.3158137798309326
5.1646809577941895,-2.2742621898651123,2.2877774238586426,2.6582229137420654,-0.10272210836410522,-0.0016787550412118435,-5.170775413513184,2.0947999954223633,0.2220911979675293,4.05092191696167,0.22537493705749512,0.0020396008621901274,-0.46136534214019775,-0.4143376052379608,0.162066251039505,-0.5486200451850891,2.493725538253784,4.813427448272705,-0.10272210836410522,-0.0016787550412118435,-0.1631033718585968,0.31730353832244873,-0.9744548797607422,-8.294414520263672,0.22537493705749512,0.0020396008621901274,-0.46136534214019775,-0.4143376052379608
5.174645900726318,-2.2250585556030273,1.0348453521728516,1.681977391242981,-0.15329891443252563,-0.0008064553840085864,-5.181597709655762,2.2060532569885254,-3.2992053031921387,0.7595534324645996,-0.1293269395828247,0.0007935830508358777,-0.5547339916229248,-0.5072150230407715,0.15140698850154877,-0.483894020318985,1.4742755889892578,2.117802619934082,-0.15329891443252563,-0.0008064553840085864,-0.16446173191070557,0.4640467166900635,-6.086433410644531,-7.453670501708984,-0.1293269395828247,0.0007935830508358777,-0.5547339916229248,-0.5072150230407715
5.178739547729492,-2.265817403793335,-0.3534090518951416,1.1221187114715576,-0.2127057909965515,-0.0014437093632295728,-5.188324928283691,2.182720422744751,-7.541646957397461,0.6403012275695801,-0.16427814960479736,0.0019482250791043043,-0.6382888555526733,-0.5934461355209351,0.167806938290596,-0.5366401672363281,-0.3098435401916504,2.9450039863586426,-0.2127057909965515,-0.0014437093632295728,-0.17249302566051483,0.43643322587013245,-10.502103805541992,-6.223243713378906,-0.16427814960479736,0.0019482250791043043,-0.6382888555526733,-0.5934461355209351
5.185671329498291,-2.2171642780303955,-1.7654311656951904,1.016815423965454,-0.20363567769527435,-0.0009006902109831572,-5.194673538208008,2.1563363075256348,-10.77910327911377,-0.7685973644256592,-0.28206193447113037,0.0022685143630951643,-0.711927056312561,-0.6722687482833862,0.15699797868728638,-0.4727754294872284,-1.5294098854064941,2.423860549926758,-0.20363567769527435,-0.0009006902109831572,-0.17558632791042328,0.4058144986629486,-12.732233047485352,-9.087127685546875,-0.28206193447113037,0.0022685143630951643,-0.711927056312561,-0.6722687482833862
5.188726425170898,-2.2316644191741943,-2.8836512565612793,0.44840526580810547,-0.2422361820936203,-0.001621056697331369,-5.20150089263916,2.17806077003479,-13.25870132446289,-2.101599931716919,-0.4295506477355957,0.0024570696987211704,-0.7757384777069092,-0.7431438565254211,0.1712292730808258,-0.4924212396144867,-2.4487674236297607,1.6693143844604492,-0.2422361820936203,-0.001621056697331369,-0.17739364504814148,0.4358676075935364,-15.035331726074219,-8.707443237304688,-0.4295506477355957,0.0024570696987211704,-0.7757384777069092,-0.7431438565254211
5.19495153427124,-2.203716993331909,-3.879058361053467,0.16463720798492432,-0.2646182179450989,-0.0008682379848323762,-5.207271575927734,2.1874852180480957,-15.241608619689941,-2.3812918663024902,-0.4830043315887451,0.0037307743914425373,-0.8299756050109863,-0.8057384490966797,0.15922406315803528,-0.45646101236343384,-3.378925323486328,1.7868070602416992,-0.2646182179450989,-0.0008682379848323762,-0.1899576485157013,0.44932031631469727,-16.580101013183594,-8.010246276855469,-0.4830043315887451,0.0037307743914425373,-0.8299756050109863,-0.8057384490966797
5.1972575187683105,-2.2144205570220947,-4.694222450256348,-0.02982485294342041,-0.2727586030960083,-0.001710511976853013,-5.21402645111084,2.1774744987487793,-16.389463424682617,-2.767364501953125,-0.5333142280578613,0.004101058468222618,-0.8750271797180176,-0.8599075675010681,0.17295311391353607,-0.47138556838035583,-3.9758143424987793,1.4605276584625244,-0.2727586030960083,-0.001710511976853013,-0.19307830929756165,0.4376630187034607,-17.055225372314453,-8.187362670898438,-0.5333142280578613,0.004101058468222618,-0.8750271797180176,-0.8599075675010681
5.202938556671143,-2.188209295272827,-5.292396068572998,-0.30738353729248047,-0.29070085287094116,-0.0010088395792990923,-5.221827030181885,2.185669422149658,-16.81306266784668,-3.039524555206299,-0.5752301216125488,0.004561603534966707,-0.9113908410072327,-0.9056742191314697,0.16189907491207123,-0.43813809752464294,-4.403918266296387,1.2668862342834473,-0.29070085287094116,-0.0010088395792990923,-0.19904479384422302,0.4487084150314331,-17.063434600830078,-7.510383605957031,-0.5752301216125488,0.004561603534966707,-0.9113908410072327,-0.9056742191314697
5.205046653747559,-2.207447052001953,-5.760748386383057,-0.4622321128845215,-0.30372628569602966,-0.001817055162973702,-5.22943639755249,2.208940267562866,-16.669870376586914,-2.905637264251709,-0.5821871757507324,0.005795841105282307,-0.9396496415138245,-0.9432107210159302,0.17513315379619598,-0.46428021788597107,-4.778045654296875,1.5604209899902344,-0.30372628569602966,-0.001817055162973702,-0.21521581709384918,0.4784180223941803,-16.54759979248047,-6.47564697265625,-0.5821871757507324,0.005795841105282307,-0.9396496415138245,-0.9432107210159302
5.210351943969727,-2.1790711879730225,-6.076807498931885,-0.4498227834701538,-0.2989100515842438,-0.0011986527824774384,-5.238394737243652,2.2065093517303467,-15.955034255981445,-2.6556954383850098,-0.5718984603881836,0.005930216517299414,-0.9604482650756836,-0.972815752029419,0.16494043171405792,-0.42813095450401306,-4.889179706573486,1.4852569103240967,-0.2989100515842438,-0.0011986527824774384,-0.2195460945367813,0.4746963679790497,-15.450096130371094,-5.595489501953125,-0.5718984603881836,0.005930216517299414,-0.9604482650756836,-0.972815752029419
5.21245813369751,-2.1961886882781982,-6.190464496612549,-0.5856266021728516,-0.3072598874568939,-0.0019638643134385347,-5.247921943664551,2.2325680255889893,-14.741958618164062,-2.3489725589752197,-0.5504508018493652,0.00699293427169323,-0.9744746685028076,-0.9948948621749878,0.17763537168502808,-0.4516300559043884,-4.829522132873535,1.3047654628753662,-0.3072598874568939,-0.0019638643134385347,-0.23730674386024475,0.506950318813324,-13.973834991455078,-4.541473388671875,-0.5504508018493652,0.00699293427169323,-0.9744746685028076,-0.9948948621749878
5.217621803283691,-2.1817221641540527,-6.224257469177246,-0.6233364343643188,-0.31397491693496704,-0.001354485983029008,-5.2589592933654785,2.2293453216552734,-13.151930809020996,-1.9100552797317505,-0.5140149593353271,0.00668371981009841,-0.9824391603469849,-1.0099409818649292,0.16879652440547943,-0.43345916271209717,-4.827171802520752,1.7809572219848633,-0.31397491693496704,-0.001354485983029008,-0.2397436797618866,0.5011281967163086,-12.23093032836914,-3.3054733276367188,-0.5140149593353271,0.00668371981009841,-0.9824391603469849,-1.0099409818649292
5.219878673553467,-2.191195249557495,-6.205085754394531,-0.4565622806549072,-0.2987399399280548,-0.0020713554695248604,-5.26933479309082,2.255547046661377,-11.271530151367188,-1.397050380706787,-0.46610546112060547,0.007554298732429743,-0.9850602746009827,-1.0185154676437378,0.180108442902565,-0.4465767443180084,-4.61651086807251,1.83301842212677,-0.2987399399280548,-0.0020713554695248604,-0.25757384300231934,0.5325413346290588,-10.27804183959961,-2.0755996704101562,-0.46610546112060547,0.007554298732429743,-0.9850602746009827,-1.0185154676437378
5.224710464477539,-2.1755008697509766,-6.142746448516846,-0.5220438241958618,-0.299655944108963,-0.0016162844840437174,-5.281261444091797,2.2874703407287598,-9.185792922973633,-0.8788745403289795,-0.4116511344909668,0.008589905686676502,-0.9830502867698669,-1.0212286710739136,0.1742767095565796,-0.4268701374530792,-4.188937187194824,1.4353450536727905,-0.299655944108963,-0.0016162844840437174,-0.2799248993396759,0.5708203315734863,-8.220237731933594,-0.8671417236328125,-0.4116511344909668,0.008589905686676502,-0.9830502867698669,-1.0212286710739136
5.227578163146973,-2.1955134868621826,-5.97341251373291,-0.6019608974456787,-0.3125897943973541,-0.0020800777710974216,-5.294647216796875,2.286149263381958,-6.995354652404785,-0.3651036024093628,-0.3530144691467285,0.008114752359688282,-0.9771034717559814,-1.0187252759933472,0.18319071829319,-0.4535348415374756,-3.9430031776428223,2.0221691131591797,-0.3125897943973541,-0.0020800777710974216,-0.2844716012477875,0.5660902261734009,-6.1689910888671875,0.3465576171875,-0.3530144691467285,0.008114752359688282,-0.9771034717559814,-1.0187252759933472
5.232097148895264,-2.182037591934204,-5.827028274536133,-0.30860447883605957,-0.2897432744503021,-0.0018522936152294278,-5.307430744171143,2.317108631134033,-4.795483589172363,0.13416075706481934,-0.29216432571411133,0.008986123837530613,-0.9678851366043091,-1.0116662979125977,0.18062131106853485,-0.4361425042152405,-3.5772669315338135,2.356855630874634,-0.2897432744503021,-0.0018522936152294278,-0.30672022700309753,0.6024011373519897,-4.209133148193359,1.5303421020507812,-0.29216432571411133,0.008986123837530613,-0.9678851366043091,-1.0116662979125977
5.235415935516357,-2.1842496395111084,-5.552874565124512,-0.2836627960205078,-0.28146204352378845,-0.0021795090287923813,-5.321100234985352,2.32918643951416,-2.6674647331237793,0.5926938056945801,-0.23220086097717285,0.009013301692903042,-0.9560258388519287,-1.0007168054580688,0.18755432963371277,-0.4396015405654907,-2.906475305557251,1.7254985570907593,-0.28146204352378845,-0.0021795090287923813,-0.3188644349575043,0.6142570376396179,-2.409229278564453,2.6455154418945312,-0.23220086097717285,0.009013301692903042,-0.9560258388519287,-1.0007168054580688
5.239994049072266,-2.1943459510803223,-5.170108318328857,-0.412395715713501,-0.30086931586265564,-0.001970904879271984,-5.334997177124023,2.3486485481262207,-0.6825826168060303,0.9945626258850098,-0.17557549476623535,0.009367718361318111,-0.9421130418777466,-0.9865336418151855,0.18749165534973145,-0.45294636487960815,-2.559999704360962,2.4036054611206055,-0.30086931586265564,-0.001970904879271984,-0.33588582277297974,0.6353799104690552,-0.8321952819824219,3.6924209594726562,-0.17557549476623535,0.009367718361318111,-0.9421130418777466,-0.9865336418151855
5.242947578430176,-2.2272748947143555,-4.833301067352295,4.179250717163086,-0.3060518801212311,-0.001938968780450523,-5.352160453796387,2.341094970703125,1.0995688438415527,1.3390281200408936,-0.12443423271179199,0.008662200532853603,-0.9266877770423889,-0.9697524309158325,0.19026044011116028,-0.495673805475235,-2.7012126445770264,2.863144874572754,-0.3060518801212311,-0.001938968780450523,-0.3411891460418701,0.6216444969177246,0.47768402099609375,4.675895690917969,-0.12443423271179199,0.008662200532853603,-0.9266877770423889,-0.9697524309158325
5.244572162628174,-2.213974714279175,-0.03407883644104004,-0.5978796482086182,-0.22761976718902588,-0.002512359991669655,-5.364551544189453,2.379833459854126,2.6361846923828125,1.6290702819824219,-0.07984471321105957,0.009896794334053993,-0.9102408289909363,-0.9509820342063904,0.19789385795593262,-0.4778996407985687,-2.327813148498535,1.2427550554275513,-0.22761976718902588,-0.002512359991669655,-0.36937999725341797,0.6673491597175598,1.4956951141357422,5.599308013916016,-0.07984471321105957,0.009896794334053993,-0.9102408289909363,-0.9509820342063904
5.248289108276367,-2.224524974822998,-2.4022445678710938,-0.7115428447723389,-0.2351321280002594,-0.0028824140317738056,-5.378225326538086,2.4010379314422607,3.902177095413208,1.8698878288269043,-0.04333186149597168,0.010459384880959988,-0.8932130336761475,-0.9307950139045715,0.20565874874591827,-0.4909721910953522,-2.478808879852295,1.3234658241271973,-0.2351321280002594,-0.0028824140317738056,-0.38947799801826477,0.690552294254303,2.217754364013672,6.465301513671875,-0.04333186149597168,0.010459384880959988,-0.8932130336761475,-0.9307950139045715
5.255039691925049,-2.147520065307617,-0.058348894119262695,-0.5260330438613892,-0.07182598859071732,-0.0015437209513038397,-5.394958019256592,2.3882644176483154,4.888728141784668,2.0712411403656006,-0.015564680099487305,0.00965032447129488,-0.8759917616844177,-0.9097203612327576,0.18453626334667206,-0.3897501528263092,-2.075477361679077,-0.020511388778686523,-0.07182598859071732,-0.0015437209513038397,-0.39222127199172974,0.6701988577842712,2.653982162475586,7.285257339477539,-0.015564680099487305,0.00965032447129488,-0.8759917616844177,-0.9097203612327576
5.257491111755371,-2.1637136936187744,-0.04816436767578125,-0.6389400959014893,-0.08218160271644592,-0.0020118134561926126,-5.410059928894043,2.385089159011841,5.601676940917969,2.2466511726379395,0.003448486328125,0.009237742982804775,-0.8589127659797668,-0.8882419466972351,0.1940082311630249,-0.41060593724250793,-2.1158926486968994,0.06767392158508301,-0.08218160271644592,-0.0020118134561926126,-0.3989107608795166,0.6623708605766296,2.826139450073242,8.074427604675293,0.003448486328125,0.009237742982804775,-0.8589127659797668,-0.8882419466972351
5.261430740356445,-2.2445037364959717,-4.642703056335449,3.7558610439300537,-0.3302697241306305,-0.0025955820456147194,-5.422069549560547,2.3827247619628906,6.067954063415527,6.225593566894531,0.06554019451141357,0.009087069891393185,-0.8422619104385376,-0.866792619228363,0.21088078618049622,-0.5158427357673645,-2.8294942378997803,2.8676648139953613,-0.3302697241306305,-0.0025955820456147194,-0.4068615734577179,0.6558966636657715,2.9481139183044434,8.04648494720459,0.06554019451141357,0.009087069891393185,-0.8422619104385376,-0.866792619228363
5.267959117889404,-2.1471190452575684,-0.04424619674682617,-0.6690157651901245,-0.07898041605949402,-0.0016337501583620906,-5.433650970458984,2.3959646224975586,7.0661091804504395,2.7372469902038574,0.053888678550720215,0.010131445713341236,-0.8262771368026733,-0.8457538485527039,0.1943015307188034,-0.3882772624492645,-2.0485987663269043,-0.1537458896636963,-0.07898041605949402,-0.0016337501583620906,-0.4345470368862152,0.6702651977539062,4.263114929199219,2.0045785903930664,0.053888678550720215,0.010131445713341236,-0.8262771368026733,-0.8457538485527039
5.268465042114258,-2.226715087890625,-4.665411472320557,-1.0171581506729126,-0.260512113571167,-0.002938178600743413,-5.45254373550415,2.3886985778808594,4.014528274536133,1.0094897747039795,-0.06810343265533447,0.008868190459907055,-0.8111497163772583,-0.8254550099372864,0.21933570504188538,-0.4922194480895996,-2.5143308639526367,1.4191715717315674,-0.260512113571167,-0.002938178600743413,-0.4288042187690735,0.6578405499458313,3.6703641414642334,4.161403656005859,-0.06810343265533447,0.008868190459907055,-0.8111497163772583,-0.8254550099372864
5.276333332061768,-2.1536428928375244,-0.019800424575805664,-0.916279673576355,-0.09829197078943253,-0.0017832941375672817,-5.461650371551514,2.427908182144165,4.0601654052734375,1.7091469764709473,-0.07212525606155396,0.010136774741113186,-0.7970292568206787,-0.8061725497245789,0.20241698622703552,-0.39636608958244324,-2.0871779918670654,-0.24550259113311768,-0.09829197078943253,-0.0017832941375672817,-0.4541596472263336,0.7052802443504333,3.1832313537597656,7.378866195678711,-0.07212525606155396,0.010136774741113186,-0.7970292568206787,-0.8061725497245789
5.276802062988281,-2.227363348007202,-4.663351058959961,-0.5376394987106323,-0.2715645432472229,-0.0029016099870204926,-5.4764723777771,2.411569595336914,4.056328296661377,2.867657423019409,-0.05923827737569809,0.009612007066607475,-0.7840254306793213,-0.7881331443786621,0.2241913080215454,-0.49264541268348694,-2.5678155422210693,1.719682216644287,-0.2715645432472229,-0.0029016099870204926,-0.4589498043060303,0.681685209274292,3.130229949951172,8.515060424804688,-0.05923827737569809,0.009612007066607475,-0.7840254306793213,-0.7881331443786621
5.2849297523498535,-2.149024248123169,-0.026058435440063477,-0.8987970352172852,-0.09559924155473709,-0.0017494442872703075,-5.489144325256348,2.418506622314453,4.241808891296387,3.144972324371338,-0.0671444833278656,0.009771064855158329,-0.7722129225730896,-0.7715131044387817,0.20731449127197266,-0.389995276927948,-2.0647878646850586,-0.1663188934326172,-0.09559924155473709,-0.0017494442872703075,-0.47369539737701416,0.6885132193565369,3.300386428833008,8.324844360351562,-0.0671444833278656,0.009771064855158329,-0.7722129225730896,-0.7715131044387817
5.286543846130371,-2.244189977645874,-4.607791900634766,3.412188768386841,-0.34841883182525635,-0.0027470181230455637,-5.501952171325684,2.4120466709136963,4.395677089691162,3.169266700744629,-0.09126055240631104,0.008839880116283894,-0.7616336941719055,-0.7564431428909302,0.22976833581924438,-0.5143678188323975,-2.7626121044158936,2.452418565750122,-0.34841883182525635,-0.0027470181230455637,-0.47146663069725037,0.6784319877624512,3.111978530883789,8.96826171875,-0.09126055240631104,0.008839880116283894,-0.7616336941719055,-0.7564431428909302
5.290737628936768,-2.2330803871154785,-4.62703275680542,3.436950445175171,-0.2832908034324646,-0.0030638042371720076,-5.513563632965088,2.4356391429901123,4.3187384605407715,3.6106326580047607,-0.11378687620162964,0.009120212867856026,-0.7523024678230286,-0.7430110573768616,0.2366245687007904,-0.49974560737609863,-2.5723235607147217,1.7857667207717896,-0.2832908034324646,-0.0030638042371720076,-0.4866187870502472,0.7068105340003967,2.6307144165039062,10.23468017578125,-0.11378687620162964,0.009120212867856026,-0.7523024678230286,-0.7430110573768616
5.2940592765808105,-2.234638214111328,-4.627392292022705,3.4403276443481445,-0.2816961407661438,-0.0031836910638958216,-5.5247602462768555,2.4347164630889893,4.095282554626465,4.172811031341553,-0.13516879081726074,0.00858878344297409,-0.7442092895507812,-0.731264054775238,0.24050363898277283,-0.5016621947288513,-2.5856523513793945,1.7444186210632324,-0.2816961407661438,-0.0031836910638958216,-0.4891563653945923,0.7039826512336731,2.1881370544433594,10.995010375976562,-0.13516879081726074,0.00858878344297409,-0.7442092895507812,-0.731264054775238
5.297996520996094,-2.2351834774017334,-4.613629341125488,3.364163875579834,-0.28778010606765747,-0.003162854351103306,-5.534337043762207,2.4318764209747314,3.839728593826294,4.492856979370117,-0.1641533374786377,0.007973906584084034,-0.7373227477073669,-0.721213698387146,0.2428395301103592,-0.5023302435874939,-2.5716123580932617,1.6804418563842773,-0.28778010606765747,-0.003162854351103306,-0.48953717947006226,0.6990100741386414,1.7924880981445312,11.307151794433594,-0.1641533374786377,0.007973906584084034,-0.7373227477073669,-0.721213698387146
5.302011489868164,-2.23728609085083,-4.598441123962402,3.331207752227783,-0.293287992477417,-0.0031562671065330505,-5.541954040527344,2.4434666633605957,3.531348705291748,4.704714775085449,-0.19967567920684814,0.007775506470352411,-0.7315952181816101,-0.7128404378890991,0.24548116326332092,-0.504991888999939,-2.5974721908569336,1.8476989269256592,-0.293287992477417,-0.0031562671065330505,-0.4950098395347595,0.7127710580825806,1.3025970458984375,11.737106323242188,-0.19967567920684814,0.007775506470352411,-0.7315952181816101,-0.7128404378890991
5.310970783233643,-2.1634140014648438,0.05691838264465332,-1.2749481201171875,-0.12978386878967285,-0.001866595703177154,-5.548685550689697,2.4432425498962402,3.1403253078460693,4.966459274291992,-0.2351372241973877,0.0071268025785684586,-0.7269639372825623,-0.7060956954956055,0.22773823142051697,-0.40828874707221985,-2.14221453666687,0.1293400526046753,-0.12978386878967285,-0.001866595703177154,-0.4928979277610779,0.7116266489028931,0.7552413940429688,12.197769165039062,-0.2351372241973877,0.0071268025785684586,-0.7269639372825623,-0.7060956954956055
5.311922550201416,-2.23134183883667,-4.560478210449219,3.176942825317383,-0.2944713830947876,-0.0029866634868085384,-5.551388740539551,2.4399538040161133,2.7090282440185547,5.173171043395996,-0.26969337463378906,0.006383485626429319,-0.7233569025993347,-0.7009080648422241,0.24952547252178192,-0.49710631370544434,-2.542721748352051,1.5659334659576416,-0.2944713830947876,-0.0029866634868085384,-0.48621025681495667,0.7069616317749023,0.2508430480957031,12.375167846679688,-0.26969337463378906,0.006383485626429319,-0.7233569025993347,-0.7009080648422241
5.316207408905029,-2.1778314113616943,0.06795287132263184,-1.3107783794403076,-0.10782286524772644,-0.0024523064494132996,-5.542437553405762,2.3501880168914795,1.1253764629364014,7.070309638977051,-0.21100759506225586,0.004820225760340691,-0.7206927537918091,-0.6971871256828308,0.24069875478744507,-0.42711159586906433,-2.119241952896118,-0.07087051868438721,-0.10782286524772644,-0.0024523064494132996,-0.4551610052585602,0.5931321382522583,-1.209136962890625,12.052818298339844,-0.21100759506225586,0.004820225760340691,-0.7206927537918091,-0.6971871256828308
5.319173336029053,-2.182011604309082,0.07208371162414551,-1.4129645824432373,-0.13744716346263885,-0.0024271116126328707,-5.504489421844482,2.1005735397338867,-2.607426643371582,10.12230110168457,0.015765905380249023,0.0025864860508590937,-0.7188857793807983,-0.6948259472846985,0.24208363890647888,-0.4324348270893097,-2.2179372310638428,0.33797526359558105,-0.13744716346263885,-0.0024271116126328707,-0.3876953125,0.279947966337204,-3.6208457946777344,6.040122985839844,0.015765905380249023,0.0025864860508590937,-0.7188857793807983,-0.6948259472846985
5.321709156036377,-2.1763453483581543,0.052490949630737305,-1.3443348407745361,-0.10581928491592407,-0.002706860890612006,-5.4676361083984375,2.1565566062927246,-4.282392501831055,4.714812278747559,-0.13094139099121094,0.0040404824540019035,-0.7178466320037842,-0.693706214427948,0.24748529493808746,-0.42507708072662354,-2.052640676498413,-0.5467158555984497,-0.10581928491592407,-0.002706860890612006,-0.3926587402820587,0.3611907958984375,-4.13031005859375,-4.085792541503906,-0.13094139099121094,0.0040404824540019035,-0.7178466320037842,-0.693706214427948
5.322690010070801,-2.024653911590576,-3.603229522705078,4.098747253417969,0.16189628839492798,-0.0032481341622769833,-5.470676422119141,2.266395330429077,-6.64181661605835,2.3265602588653564,-0.292771577835083,0.005101005081087351,-0.7174838781356812,-0.6937012076377869,0.25039300322532654,-0.2305460125207901,-5.925227165222168,1.3347854614257812,0.16189628839492798,-0.0032481341622769833,-0.4111860692501068,0.506865918636322,-8.259082794189453,0.317291259765625,-0.292771577835083,0.005101005081087351,-0.7174838781356812,-0.6937012076377869
5.323237419128418,-1.9180591106414795,-6.125857353210449,1.8106849193572998,0.10399013757705688,-0.0036028502508997917,-5.473464488983154,2.185338258743286,-9.446274757385254,2.9767045974731445,-0.23969006538391113,0.004392888396978378,-0.7177087068557739,-0.6946797966957092,0.2619760036468506,-0.10332654416561127,-6.503167152404785,-11.27743911743164,0.10399013757705688,-0.0036028502508997917,-0.39216136932373047,0.4075165390968323,-10.484672546386719,0.47888946533203125,-0.23969006538391113,0.004392888396978378,-0.7177087068557739,-0.6946797966957092
5.332289218902588,-2.050783395767212,-8.517822265625,-1.1601195335388184,-0.2528209686279297,-0.002565304981544614,-5.467794418334961,2.1749730110168457,-10.975798606872559,1.2102208137512207,-0.2875702381134033,0.004452484659850597,-0.7184333801269531,-0.6965081095695496,0.2629173994064331,-0.28423619270324707,-10.444969177246094,-8.308452606201172,-0.2528209686279297,-0.002565304981544614,-0.3861745595932007,0.400167852640152,-10.788265228271484,-3.636890411376953,-0.2875702381134033,0.004452484659850597,-0.7184333801269531,-0.6965081095695496
5.336964130401611,-2.0214219093322754,-11.489669799804688,-0.4625629186630249,-0.21079981327056885,-0.0031558533664792776,-5.470361232757568,2.219182014465332,-12.054885864257812,-0.18128609657287598,-0.3726069927215576,0.004770954139530659,-0.719573974609375,-0.699052095413208,0.26938241720199585,-0.24957039952278137,-13.219573974609375,-6.913673400878906,-0.21079981327056885,-0.0031558533664792776,-0.38996413350105286,0.4611999988555908,-11.961633682250977,-2.9600677490234375,-0.3726069927215576,0.004770954139530659,-0.719573974609375,-0.699052095413208
5.341556549072266,-2.012895345687866,-13.299290657043457,-1.74118971824646,-0.3214588165283203,-0.003425036324188113,-5.473866939544678,2.19966197013855,-13.02407455444336,-0.2175006866455078,-0.3639718294143677,0.004593877587467432,-0.7210510969161987,-0.7021821141242981,0.275013267993927,-0.24328261613845825,-13.980289459228516,-9.853141784667969,-0.3214588165283203,-0.003425036324188113,-0.38375553488731384,0.43981581926345825,-12.568904876708984,-2.584156036376953,-0.3639718294143677,0.004593877587467432,-0.7210510969161987,-0.7021821141242981
5.348471641540527,-2.0526721477508545,-14.513690948486328,-2.54874324798584,-0.4381382465362549,-0.0035629726480692625,-5.474332809448242,2.195284366607666,-13.372504234313965,-0.7848162651062012,-0.3760796785354614,0.0045639099553227425,-0.7227900624275208,-0.7057729363441467,0.28038060665130615,-0.29782962799072266,-15.14406967163086,-8.39813232421875,-0.4381382465362549,-0.0035629726480692625,-0.37975001335144043,0.438004732131958,-12.260215759277344,-3.8515052795410156,-0.3760796785354614,0.0045639099553227425,-0.7227900624275208,-0.7057729363441467
5.35452127456665,-2.0581045150756836,-15.303141593933105,-2.331033945083618,-0.45248985290527344,-0.004107755608856678,-5.4762959480285645,2.2138562202453613,-13.34583854675293,-1.269124984741211,-0.4035440683364868,0.004647336900234222,-0.7247226238250732,-0.7097054123878479,0.2896704375743866,-0.30595070123672485,-15.456558227539062,-7.585273742675781,-0.45248985290527344,-0.004107755608856678,-0.3791290521621704,0.46483880281448364,-12.040141105651855,-3.6726455688476562,-0.4035440683364868,0.004647336900234222,-0.7247226238250732,-0.7097054123878479
5.36095666885376,-2.0721030235290527,-15.3401460647583,-2.482268810272217,-0.48848700523376465,-0.004583923611789942,-5.478443145751953,2.2138097286224365,-13.138708114624023,-1.2522203922271729,-0.39591920375823975,0.0045992289669811726,-0.7267869710922241,-0.7138689756393433,0.29967939853668213,-0.32476311922073364,-14.933094024658203,-7.570289611816406,-0.48848700523376465,-0.004583923611789942,-0.3763010501861572,0.4672136604785919,-11.57979965209961,-3.3897533416748047,-0.39591920375823975,0.0045992289669811726,-0.7267869710922241,-0.7138689756393433
5.368692398071289,-2.096602201461792,-14.848774909973145,-2.401338815689087,-0.510265588760376,-0.004946478176862001,-5.479579448699951,2.2178003787994385,-12.638206481933594,-1.3190021514892578,-0.3909648656845093,0.004583258181810379,-0.7289270162582397,-0.7181607484817505,0.30959486961364746,-0.3560428321361542,-14.19118881225586,-6.387725830078125,-0.510265588760376,-0.004946478176862001,-0.3741152882575989,0.4745010733604431,-10.755967140197754,-3.5999069213867188,-0.3909648656845093,0.004583258181810379,-0.7289270162582397,-0.7181607484817505
5.37711238861084,-2.1161646842956543,-13.946582794189453,-1.9593379497528076,-0.4976155757904053,-0.005400662776082754,-5.480918884277344,2.2296783924102783,-11.944506645202637,-1.3332586288452148,-0.3897740840911865,0.004600148648023605,-0.7310938835144043,-0.7224892377853394,0.3220866322517395,-0.3798043727874756,-13.019966125488281,-5.206199645996094,-0.4976155757904053,-0.005400662776082754,-0.37317973375320435,0.49137938022613525,-9.909594535827637,-3.3708038330078125,-0.3897740840911865,0.004600148648023605,-0.7310938835144043,-0.7224892377853394
5.386116027832031,-2.137112855911255,-12.619056701660156,-1.5405585765838623,-0.4776456356048584,-0.005822387058287859,-5.482233047485352,2.2363698482513428,-11.1514892578125,-1.1714746952056885,-0.37620341777801514,0.004579089116305113,-0.733244776725769,-0.7267718315124512,0.3355439007282257,-0.40466517210006714,-11.455142974853516,-4.2371978759765625,-0.4776456356048584,-0.005822387058287859,-0.37197059392929077,0.5011587738990784,-8.980356216430664,-3.0836639404296875,-0.37620341777801514,0.004579089116305113,-0.733244776725769,-0.7267718315124512
5.396143913269043,-2.1600732803344727,-10.973808288574219,-1.0756620168685913,-0.4485023021697998,-0.006142336409538984,-5.483229637145996,2.244372606277466,-10.254456520080566,-1.0144376754760742,-0.36258232593536377,0.004564175847917795,-0.7353432774543762,-0.7309378385543823,0.34901782870292664,-0.4313705563545227,-9.717945098876953,-3.0074539184570312,-0.4485023021697998,-0.006142336409538984,-0.37120509147644043,0.512296199798584,-7.9525837898254395,-2.9352874755859375,-0.36258232593536377,0.004564175847917795,-0.7353432774543762,-0.7309378385543823
5.407395839691162,-2.1805570125579834,-9.117705345153809,-0.5089296102523804,-0.405942440032959,-0.006372254807502031,-5.484262466430664,2.254678249359131,-9.305867195129395,-0.8335026502609253,-0.34975719451904297,0.004556098487228155,-0.7373594641685486,-0.7349255681037903,0.3627173900604248,-0.4541131854057312,-7.854648590087891,-1.712890625,-0.405942440032959,-0.006372254807502031,-0.37104249000549316,0.526016891002655,-6.946053981781006,-2.662001609802246,-0.34975719451904297,0.004556098487228155,-0.7373594641685486,-0.7349255681037903
5.4202117919921875,-2.1964056491851807,-7.113615036010742,0.05021476745605469,-0.35662055015563965,-0.006423508748412132,-5.48530912399292,2.263338565826416,-8.352354049682617,-0.601781964302063,-0.3332148790359497,0.004535252694040537,-0.7392686009407043,-0.7386847734451294,0.37535086274147034,-0.4702342748641968,-5.914012908935547,-0.5203323364257812,-0.35662055015563965,-0.006423508748412132,-0.37106168270111084,0.5373103022575378,-5.958992004394531,-2.382038116455078,-0.3332148790359497,0.004535252694040537,-0.7392686009407043,-0.7386847734451294
5.433569431304932,-2.221628427505493,-5.039917945861816,0.5660910606384277,-0.3040459156036377,-0.006822739727795124,-5.486294269561768,2.2721762657165527,-7.4084086418151855,-0.3771846294403076,-0.3171219229698181,0.004514687694609165,-0.7410523295402527,-0.742175281047821,0.39478006958961487,-0.49818164110183716,-4.003253936767578,0.6508865356445312,-0.3040459156036377,-0.006822739727795124,-0.3713887929916382,0.5485783815383911,-5.000076770782471,-2.1532955169677734,-0.3171219229698181,0.004514687694609165,-0.7410523295402527,-0.742175281047821
5.447105884552002,-2.234433174133301,-2.9819066524505615,1.0515501499176025,-0.24910688400268555,-0.006703123915940523,-5.487320423126221,2.280921459197998,-6.564564228057861,-0.15640079975128174,-0.3016846776008606,0.0044924295507371426,-0.7426959276199341,-0.7453656792640686,0.4056873917579651,-0.5096176266670227,-2.200092315673828,1.8014297485351562,-0.24910688400268555,-0.006703123915940523,-0.3720250725746155,0.5594918131828308,-4.108415126800537,-1.9133806228637695,-0.3016846776008606,0.0044924295507371426,-0.7426959276199341,-0.7453656792640686
5.4613542556762695,-2.2504937648773193,-1.0082247257232666,1.485978364944458,-0.19414567947387695,-0.006787068210542202,-5.488212585449219,2.286223888397217,-5.939492225646973,0.00119781494140625,-0.2884664535522461,0.004457609727978706,-0.7441903948783875,-0.7482343912124634,0.4206470549106598,-0.5250582098960876,-0.5557899475097656,2.8715744018554688,-0.19414567947387695,-0.006787068210542202,-0.37252116203308105,0.5658615231513977,-3.2041516304016113,-1.8599586486816406,-0.2884664535522461,0.004457609727978706,-0.7441903948783875,-0.7482343912124634
5.475146770477295,-2.273327350616455,0.8238239288330078,1.847259521484375,-0.14186835289001465,-0.007191935088485479,-5.489104270935059,2.2951135635375977,-5.297909736633301,0.11834394931793213,-0.28104186058044434,0.0044411225244402885,-0.7455295920372009,-0.7507678270339966,0.44095709919929504,-0.5492882132530212,0.8791542053222656,3.8558883666992188,-0.14186835289001465,-0.007191935088485479,-0.3735693097114563,0.576687753200531,-2.377190589904785,-1.6914262771606445,-0.28104186058044434,0.0044411225244402885,-0.7455295920372009,-0.7507678270339966
5.489874839782715,-2.2888832092285156,2.464177370071411,2.1363048553466797,-0.09409260749816895,-0.0073714908212423325,-5.490068435668945,2.301666498184204,-4.6818108558654785,0.2929950952529907,-0.2691507935523987,0.004413585644215345,-0.7467119097709656,-0.7529602646827698,0.45789217948913574,-0.5639957785606384,2.064350128173828,4.771339416503906,-0.09409260749816895,-0.0073714908212423325,-0.3745766878128052,0.5843784809112549,-1.6312510967254639,-1.4616632461547852,-0.2691507935523987,0.004413585644215345,-0.7467119097709656,-0.7529602646827698
5.505142688751221,-2.2971105575561523,3.8754000663757324,2.3611176013946533,-0.05207681655883789,-0.007325402460992336,-5.492274761199951,2.319459915161133,-2.18514347076416,0.9895892143249512,-0.22981923818588257,0.004405620973557234,-0.7477384209632874,-0.7548124194145203,0.4708309769630432,-0.5692365765571594,2.978912353515625,5.6217803955078125,-0.05207681655883789,-0.007325402460992336,-0.3771074116230011,0.6058911085128784,-1.6001323461532593,-0.13190841674804688,-0.22981923818588257,0.004405620973557234,-0.7477384209632874,-0.7548124194145203
5.519814491271973,-2.3093481063842773,5.035704612731934,2.5277538299560547,-0.016881704330444336,-0.007511562202125788,-5.493721008300781,2.3321053981781006,-2.276763439178467,1.5377297401428223,-0.19126927852630615,0.004382864572107792,-0.7486128807067871,-0.7563314437866211,0.4873228669166565,-0.579953670501709,3.618377685546875,6.4098052978515625,-0.016881704330444336,-0.007511562202125788,-0.3790467381477356,0.6208755373954773,-1.6037193536758423,0.0907430648803711,-0.19126927852630615,0.004382864572107792,-0.7486128807067871,-0.7563314437866211
5.534895896911621,-2.3187432289123535,5.937053680419922,2.646242141723633,0.010672330856323242,-0.007656783796846867,-5.494827747344971,2.3218469619750977,0.7885439395904541,1.5597344636917114,-0.17354384064674377,0.004291919991374016,-0.7493410706520081,-0.7575294375419617,0.5030633211135864,-0.5872194766998291,3.9900150299072266,7.1487579345703125,0.010672330856323242,-0.007656783796846867,-0.3786346912384033,0.6065933704376221,-1.4951499700546265,-0.5951056480407715,-0.17354384064674377,0.004291919991374016,-0.7493410706520081,-0.7575294375419617
5.5493974685668945,-2.3226478099823,6.583327293395996,2.7321407794952393,0.03035712242126465,-0.007631379645317793,-5.49555778503418,2.3401436805725098,-3.835630416870117,1.3596513271331787,-0.19647765159606934,0.004328299779444933,-0.7499306201934814,-0.7584232091903687,0.5147981643676758,-0.5877127647399902,4.112388610839844,7.855266571044922,0.03035712242126465,-0.007631379645317793,-0.38083457946777344,0.6289587020874023,-1.6561212539672852,-0.6324639320373535,-0.19647765159606934,0.004328299779444933,-0.7499306201934814,-0.7584232091903687
5.563610076904297,-2.326141119003296,6.9892988204956055,2.8021607398986816,0.04226100444793701,-0.007641246542334557,-5.495911598205566,2.346527576446533,-3.811431407928467,1.1143767833709717,-0.21754026412963867,0.004332566633820534,-0.7503912448883057,-0.7590323686599731,0.5265977382659912,-0.5880623459815979,4.013718605041504,8.541977882385254,0.04226100444793701,-0.007641246542334557,-0.38168519735336304,0.636211097240448,-1.6834385395050049,-0.7179355621337891,-0.21754026412963867,0.004332566633820534,-0.7503912448883057,-0.7590323686599731
5.578015327453613,-2.3279199600219727,7.1785125732421875,2.7544445991516113,0.0467151403427124,-0.007621838711202145,-5.496230125427246,2.344041585922241,-3.8387694358825684,1.0719603300094604,-0.21866625547409058,0.0043076700530946255,-0.7507323026657104,-0.7593796849250793,0.5376479625701904,-0.5865657925605774,3.7284693717956543,9.218045234680176,0.0467151403427124,-0.007621838711202145,-0.38159751892089844,0.6321396827697754,-1.7180849313735962,-0.6899638175964355,-0.21866625547409058,0.0043076700530946255,-0.7507323026657104,-0.7593796849250793
5.585485935211182,-2.287823438644409,7.796706199645996,4.575882434844971,0.12296187877655029,-0.006967923603951931,-5.496222019195557,2.343442678451538,-3.8557724952697754,1.045350432395935,-0.21695494651794434,0.004295590333640575,-0.7509649395942688,-0.7594895958900452,0.5307056903839111,-0.5317291617393494,4.668001174926758,3.344923496246338,0.12296187877655029,-0.006967923603951931,-0.38154107332229614,0.6306352615356445,-1.706973671913147,-0.8282451629638672,-0.21695494651794434,0.004295590333640575,-0.7509649395942688,-0.7594895958900452
5.59205436706543,-2.3119616508483887,4.7388787269592285,1.2170166969299316,-0.04087519645690918,-0.007594472728669643,-5.4962310791015625,2.3369226455688477,-3.8685061931610107,1.016115665435791,-0.2136707305908203,0.0042655328288674355,-0.7511005401611328,-0.7593885660171509,0.5482767820358276,-0.5615895986557007,4.85513973236084,2.458563804626465,-0.04087519645690918,-0.007594472728669643,-0.3808087408542633,0.6215978264808655,-1.6752026081085205,-1.056849718093872,-0.2136707305908203,0.0042655328288674355,-0.7511005401611328,-0.7593885660171509
5.608650207519531,-2.342329502105713,4.84023380279541,1.3316686153411865,-0.06690287590026855,-0.00791395828127861,-5.496129989624023,2.325082302093506,-1.7315031290054321,0.985672116279602,-0.20855796337127686,0.0042213816195726395,-0.7511503100395203,-0.7591031789779663,0.5664837956428528,-0.5985507965087891,3.931978225708008,7.292898178100586,-0.06690287590026855,-0.00791395828127861,-0.37948280572891235,0.6058195233345032,-1.6013038158416748,-1.3759584426879883,-0.20855796337127686,0.0042213816195726395,-0.7511503100395203,-0.7591031789779663
5.621002674102783,-2.32087779045105,4.588574409484863,3.1608004570007324,-0.03742066025733948,-0.007148537784814835,-5.49580192565918,2.3402395248413086,-3.876620292663574,0.8857349157333374,-0.22225211560726166,0.004279022105038166,-0.7511253952980042,-0.7586603760719299,0.5597004890441895,-0.568080484867096,3.507650375366211,9.495986938476562,-0.03742066025733948,-0.007148537784814835,-0.3807872235774994,0.6247106790542603,-1.7018444538116455,-1.2360243797302246,-0.22225211560726166,0.004279022105038166,-0.7511253952980042,-0.7586603760719299
5.620566368103027,-2.301229953765869,4.628243446350098,3.5677947998046875,-0.03704584389925003,-0.006668179761618376,-5.495551586151123,2.336261749267578,-3.8889293670654297,0.8545747995376587,-0.22177426517009735,0.004269081633538008,-0.751036524772644,-0.7580863237380981,0.5502538681030273,-0.5415605306625366,3.746034622192383,8.461009979248047,-0.03704584389925003,-0.006668179761618376,-0.38018709421157837,0.6191306710243225,-1.67854905128479,-1.3497700691223145,-0.22177426517009735,0.004269081633538008,-0.751036524772644,-0.7580863237380981
5.618974685668945,-2.3127081394195557,4.768065452575684,3.215132236480713,-0.06884622573852539,-0.006722132209688425,-5.495297431945801,2.3305444717407227,-3.3846325874328613,0.8313065767288208,-0.2194780707359314,0.004254575818777084,-0.7508957386016846,-0.7574071288108826,0.5508643388748169,-0.5561022162437439,3.6026382446289062,8.619152069091797,-0.06884622573852539,-0.006722132209688425,-0.37936705350875854,0.6113701462745667,-1.643998622894287,-1.463870882987976,-0.2194780707359314,0.004254575818777084,-0.7508957386016846,-0.7574071288108826
5.620419979095459,-2.324124574661255,4.643606662750244,3.5676116943359375,-0.09406441450119019,-0.006570171564817429,-5.494932651519775,2.3336751461029053,-3.8999180793762207,0.8270660638809204,-0.2212246209383011,0.004271337762475014,-0.750711977481842,-0.7566472887992859,0.548798680305481,-0.5701409578323364,3.0053863525390625,10.241958618164062,-0.09406441450119019,-0.006570171564817429,-0.37937283515930176,0.6149916052818298,-1.671188235282898,-1.4297940731048584,-0.2212246209383011,0.004271337762475014,-0.750711977481842,-0.7566472887992859
5.618671894073486,-2.3196969032287598,4.343830585479736,4.245127201080322,-0.11060428619384766,-0.006112830713391304,-5.494525909423828,2.3295416831970215,-1.9409946203231812,0.8201204538345337,-0.21845856308937073,0.004265488125383854,-0.7504944801330566,-0.7558302879333496,0.5379068851470947,-0.5636408925056458,2.499744415283203,11.113471984863281,-0.11060428619384766,-0.006112830713391304,-0.3786779046058655,0.6093634963035583,-1.6269903182983398,-1.5888216495513916,-0.21845856308937073,0.004265488125383854,-0.7504944801330566,-0.7558302879333496
5.611737251281738,-2.316020965576172,4.0524516105651855,4.53114128112793,-0.1375027894973755,-0.0057326918467879295,-5.494085311889648,2.3493404388427734,-3.8899972438812256,0.7741677761077881,-0.2321305125951767,0.004344644956290722,-0.7502522468566895,-0.7549769878387451,0.525001049041748,-0.5586708188056946,2.120258331298828,11.192314147949219,-0.1375027894973755,-0.0057326918467879295,-0.380379319190979,0.6344138383865356,-1.7750730514526367,-1.2839083671569824,-0.2321305125951767,0.004344644956290722,-0.7502522468566895,-0.7549769878387451
5.602852821350098,-2.3199007511138916,3.7264575958251953,4.656377792358398,-0.1741032600402832,-0.005458759609609842,-5.493829250335693,2.326615333557129,-1.03518807888031,0.7948775291442871,-0.21703815460205078,0.004271403886377811,-0.7499933242797852,-0.754107654094696,0.5128398537635803,-0.5637962818145752,1.6089057922363281,11.586875915527344,-0.1741032600402832,-0.005458759609609842,-0.37782225012779236,0.6050134301185608,-1.6204639673233032,-1.7081995010375977,-0.21703815460205078,0.004271403886377811,-0.7499933242797852,-0.754107654094696
5.5928239822387695,-2.321018695831299,3.3004379272460938,4.926441192626953,-0.20870089530944824,-0.005111112259328365,-5.49334716796875,2.35247802734375,-3.8960208892822266,0.7317098379135132,-0.23555824160575867,0.004373711999505758,-0.749724268913269,-0.7532393336296082,0.49797719717025757,-0.5654001235961914,1.0084266662597656,12.143791198730469,-0.20870089530944824,-0.005111112259328365,-0.38010749220848083,0.6378940343856812,-1.811550259590149,-1.2798222303390503,-0.23555824160575867,0.004373711999505758,-0.749724268913269,-0.7532393336296082
5.580350399017334,-2.317150115966797,2.830634832382202,5.149291038513184,-0.24172759056091309,-0.004715621471405029,-5.493097305297852,2.3260583877563477,-0.8370420932769775,0.7749366760253906,-0.2174042910337448,0.004288695752620697,-0.7494515180587769,-0.7523878216743469,0.48015689849853516,-0.5608028769493103,0.4709053039550781,12.288894653320312,-0.24172759056091309,-0.004715621471405029,-0.3772216737270355,0.6038190126419067,-1.6272854804992676,-1.7551339864730835,-0.2174042910337448,0.004288695752620697,-0.7494515180587769,-0.7523878216743469
5.559503078460693,-2.2372355461120605,1.204453706741333,6.914668083190918,-0.18941450119018555,-0.0037035762798041105,-5.492825508117676,2.3240509033203125,-0.9286083579063416,0.76340651512146,-0.21637409925460815,0.004289944190531969,-0.7491807341575623,-0.7515661716461182,0.4406588077545166,-0.4587101936340332,-1.1429023742675781,11.643104553222656,-0.18941450119018555,-0.0037035762798041105,-0.376769095659256,0.601026177406311,-1.6337558031082153,-1.7603681087493896,-0.21637409925460815,0.004289944190531969,-0.7491807341575623,-0.7515661716461182
5.516439914703369,-2.05183744430542,-2.7623958587646484,9.605241775512695,0.006063699722290039,-0.0038434427697211504,-5.49237585067749,2.347369909286499,-3.917111873626709,0.7177520990371704,-0.2322525680065155,0.004383503459393978,-0.7489162087440491,-0.7507858276367188,0.4002946615219116,-0.22539974749088287,-4.281455993652344,5.098640441894531,0.006063699722290039,-0.0038434427697211504,-0.3788700997829437,0.6307262182235718,-1.7985752820968628,-1.378491759300232,-0.2322525680065155,0.004383503459393978,-0.7489162087440491,-0.7507858276367188
5.490067958831787,-2.036733865737915,-5.1061577796936035,4.165097236633301,-0.16437005996704102,-0.004220013041049242,-5.492035865783691,2.3545215129852295,-3.914958953857422,0.7093156576156616,-0.23641274869441986,0.0044167535379529,-0.7486619353294373,-0.7500556111335754,0.39489221572875977,-0.21853679418563843,-5.807735443115234,-4.3623046875,-0.16437005996704102,-0.004220013041049242,-0.37935417890548706,0.6397275328636169,-1.8487069606781006,-1.280174970626831,-0.23641274869441986,0.0044167535379529,-0.7486619353294373,-0.7500556111335754
5.4900665283203125,-2.12144136428833,-8.039884567260742,2.083271026611328,-0.3135690689086914,-0.004589545540511608,-5.486695766448975,2.177849054336548,-3.4715723991394043,4.097503662109375,0.08229139447212219,0.003828214481472969,-0.7484208345413208,-0.7493829727172852,0.4047800600528717,-0.33705100417137146,-10.143714904785156,0.2056884765625,-0.3135690689086914,-0.004589545540511608,-0.360412061214447,0.415209025144577,-6.773042678833008,5.75507926940918,0.08229139447212219,0.003828214481472969,-0.7484208345413208,-0.7493829727172852
5.487714767456055,-2.0493521690368652,-11.057342529296875,2.480365037918091,-0.2718393802642822,-0.003817351069301367,-5.466285228729248,1.9689562320709229,-6.045038223266602,3.554032802581787,0.2666535973548889,0.004162931814789772,-0.7481955885887146,-0.7487733960151672,0.3798867464065552,-0.24961397051811218,-12.328699111938477,-0.5433502197265625,-0.2718393802642822,-0.003817351069301367,-0.3476617634296417,0.15701979398727417,-5.292181968688965,-10.511024475097656,0.2666535973548889,0.004162931814789772,-0.7481955885887146,-0.7487733960151672
5.476881980895996,-2.0402021408081055,-12.785533905029297,0.49583160877227783,-0.3396036624908447,-0.003953777719289064,-5.465202808380127,2.210521936416626,-7.348108768463135,-1.3003612756729126,-0.2563573122024536,0.0048565552569925785,-0.747987687587738,-0.7482295632362366,0.3713528513908386,-0.24594536423683167,-12.946107864379883,-4.338020324707031,-0.3396036624908447,-0.003953777719289064,-0.36822614073753357,0.47247326374053955,-8.2518310546875,-9.949153900146484,-0.2563573122024536,0.0048565552569925785,-0.747987687587738,-0.7482295632362366
5.4733076095581055,-2.0744776725769043,-14.055826187133789,-0.6800971031188965,-0.4125458002090454,-0.004144080448895693,-5.47076416015625,2.1650846004486084,-10.215936660766602,-0.05313754081726074,-0.21260929107666016,0.0046679917722940445,-0.7477987408638,-0.7477542161941528,0.36881223320961,-0.2967284917831421,-14.17017936706543,-3.289539337158203,-0.4125458002090454,-0.004144080448895693,-0.3620940148830414,0.4160870611667633,-11.99601936340332,-4.9694671630859375,-0.21260929107666016,0.0046679917722940445,-0.7477987408638,-0.7477542161941528
5.252474308013916,-2.058152198791504,-15.006561279296875,-0.7555341720581055,-0.4015542268753052,-0.004133273381739855,-5.464074611663818,2.1188507080078125,-12.02247142791748,-0.6782870292663574,-0.24742448329925537,0.004721113480627537,-0.7476293444633484,-0.7473474740982056,0.36038124561309814,-0.28015372157096863,-14.545669555664062,-3.358898162841797,-0.4015542268753052,-0.004133273381739855,-0.35301294922828674,0.36075854301452637,-12.270257949829102,-9.072364807128906,-0.24742448329925537,0.004721113480627537,-0.7476293444633484,-0.7473474740982056
5.46904182434082,-2.058493137359619,-15.265541076660156,-1.4107775688171387,-0.4212148189544678,-0.004301437176764011,-5.459575176239014,2.186903953552246,-12.96969985961914,-2.152698516845703,-0.4152946472167969,0.0055350675247609615,-0.7474795579910278,-0.7470084428787231,0.35833385586738586,-0.28518879413604736,-14.156221389770508,-4.4763946533203125,-0.4212148189544678,-0.004301437176764011,-0.3572460412979126,0.4503833055496216,-13.253536224365234,-8.632308959960938,-0.4152946472167969,0.0055350675247609615,-0.7474795579910278,-0.7470084428787231
5.402651309967041,-2.073317289352417,-15.145452499389648,-1.752162218093872,-0.4394080638885498,-0.004245597869157791,-5.45719051361084,2.188175916671753,-13.853206634521484,-1.8803976774215698,-0.4369535446166992,0.005887401755899191,-0.747349739074707,-0.7467354536056519,0.3542323708534241,-0.3080083131790161,-13.784689903259277,-4.03594970703125,-0.4394080638885498,-0.004245597869157791,-0.3549416959285736,0.45284005999565125,-14.091972351074219,-6.7460784912109375,-0.4369535446166992,0.005887401755899191,-0.747349739074707,-0.7467354536056519
5.442958354949951,-2.0754103660583496,-14.754270553588867,-1.6894588470458984,-0.42610418796539307,-0.004272913560271263,-5.451580047607422,2.184420347213745,-14.103652954101562,-1.8408217430114746,-0.4537630081176758,0.006279770750552416,-0.747238039970398,-0.7465255856513977,0.351318359375,-0.31328487396240234,-13.03232192993164,-3.8848304748535156,-0.42610418796539307,-0.004272913560271263,-0.35164234042167664,0.4488154649734497,-13.724506378173828,-7.029914855957031,-0.4537630081176758,0.006279770750552416,-0.747238039970398,-0.7465255856513977
5.426953315734863,-2.0822129249572754,-14.032015800476074,-1.7391252517700195,-0.4210231304168701,-0.004215602297335863,-5.446561336517334,2.210740089416504,-13.75947380065918,-2.041149616241455,-0.4908933639526367,0.00692548044025898,-0.7471458315849304,-0.7463751435279846,0.34820014238357544,-0.3242141604423523,-11.978997230529785,-3.9788436889648438,-0.4210231304168701,-0.004215602297335863,-0.35314756631851196,0.48257625102996826,-13.150245666503906,-6.393623352050781,-0.4908933639526367,0.00692548044025898,-0.7471458315849304,-0.7463751435279846
5.4623026847839355,-2.0949103832244873,-13.119291305541992,-1.6415624618530273,-0.41248834133148193,-0.00416882848367095,-5.443221092224121,2.227410078048706,-13.105733871459961,-1.7412514686584473,-0.4885711669921875,0.00742387305945158,-0.7470710277557373,-0.7462797164916992,0.3456796407699585,-0.3420543968677521,-10.891098022460938,-3.587757110595703,-0.41248834133148193,-0.00416882848367095,-0.3548715114593506,0.5030520558357239,-12.38995361328125,-5.039337158203125,-0.4885711669921875,0.00742387305945158,-0.7470710277557373,-0.7462797164916992
5.458712577819824,-2.103233575820923,-12.080512046813965,-1.4084482192993164,-0.3933316469192505,-0.004105816595256329,-5.440239429473877,2.2391357421875,-12.093308448791504,-1.3379077911376953,-0.4680168628692627,0.00786551646888256,-0.7470124959945679,-0.7462345957756042,0.3430008888244629,-0.35354694724082947,-9.67663860321045,-3.2976417541503906,-0.3933316469192505,-0.004105816595256329,-0.35716748237609863,0.5166927576065063,-11.169784545898438,-4.133460998535156,-0.4680168628692627,0.00786551646888256,-0.7470124959945679,-0.7462345957756042
5.462892532348633,-2.1143174171447754,-10.934056282043457,-1.192566156387329,-0.3765699863433838,-0.004067146219313145,-5.438574314117432,2.258187770843506,-10.737255096435547,-1.0228877067565918,-0.4451899528503418,0.008365808054804802,-0.7469689249992371,-0.7462342381477356,0.3411174714565277,-0.36816293001174927,-8.402281761169434,-3.0518836975097656,-0.3765699863433838,-0.004067146219313145,-0.3623625636100769,0.5391958951950073,-9.711997985839844,-3.197784423828125,-0.4451899528503418,0.008365808054804802,-0.7469689249992371,-0.7462342381477356
5.461636543273926,-2.1265053749084473,-9.750673294067383,-0.9226499795913696,-0.3580196499824524,-0.0040511563420295715,-5.439229965209961,2.278266191482544,-9.166125297546387,-0.6214251518249512,-0.4110422134399414,0.008821402676403522,-0.7469391226768494,-0.7462738156318665,0.340278685092926,-0.38369253277778625,-7.1616363525390625,-2.6764450073242188,-0.3580196499824524,-0.0040511563420295715,-0.3699009418487549,0.5624217987060547,-8.167709350585938,-2.0055007934570312,-0.4110422134399414,0.008821402676403522,-0.7469391226768494,-0.7462738156318665
5.460890293121338,-2.137162923812866,-8.568709373474121,-0.6230592727661133,-0.33688199520111084,-0.004035098943859339,-5.442138195037842,2.2962098121643066,-7.451981544494629,-0.15656280517578125,-0.36661410331726074,0.009204191155731678,-0.7469214797019958,-0.7463479042053223,0.34022119641304016,-0.3968147933483124,-5.944239616394043,-2.355712890625,-0.33688199520111084,-0.004035098943859339,-0.3792482018470764,0.5824373960494995,-6.5312652587890625,-0.8556060791015625,-0.36661410331726074,0.009204191155731678,-0.7469214797019958,-0.7463479042053223
5.460724830627441,-2.147695302963257,-7.514189720153809,-0.3410673141479492,-0.3170197010040283,-0.0040167043916881084,-5.447384357452393,2.3143701553344727,-5.641786098480225,0.2667205333709717,-0.31858229637145996,0.00955510139465332,-0.746914803981781,-0.7464508414268494,0.3409759998321533,-0.4094580411911011,-4.781830787658691,-2.075089454650879,-0.3170197010040283,-0.0040167043916881084,-0.3908653259277344,0.6023497581481934,-4.864555358886719,0.195465087890625,-0.31858229637145996,0.00955510139465332,-0.746914803981781,-0.7464508414268494
5.461028575897217,-2.1550137996673584,-6.69654655456543,-0.1473613977432251,-0.3014554977416992,-0.003985507879406214,-5.455281734466553,2.332714080810547,-3.8090286254882812,0.6460506916046143,-0.2689516544342041,0.009867819026112556,-0.7469174861907959,-0.7465776205062866,0.34212595224380493,-0.41773971915245056,-3.60897159576416,-1.9981670379638672,-0.3014554977416992,-0.003985507879406214,-0.4047263562679291,0.6221585273742676,-3.2672462463378906,1.2421035766601562,-0.2689516544342041,0.009867819026112556,-0.7469174861907959,-0.7465776205062866
5.461901664733887,-2.1657490730285645,-5.856232166290283,0.023778557777404785,-0.2909170985221863,-0.003964224364608526,-5.465791702270508,2.349677085876465,-2.027442455291748,0.9997272491455078,-0.21851873397827148,0.010119600221514702,-0.7469282150268555,-0.7467231154441833,0.34424060583114624,-0.4303177297115326,-2.5355377197265625,-1.7365379333496094,-0.2909170985221863,-0.003964224364608526,-0.4203105866909027,0.6399283409118652,-1.7983322143554688,2.2693939208984375,-0.21851873397827148,0.010119600221514702,-0.7469282150268555,-0.7467231154441833
5.464816093444824,-2.208704710006714,-5.15548038482666,0.9924240708351135,-0.25192099809646606,-0.004035999998450279,-5.478594779968262,2.3647537231445312,-0.3517420291900635,1.3097453117370605,-0.16962027549743652,0.01031144242733717,-0.7469456195831299,-0.7468820810317993,0.35060733556747437,-0.48395293951034546,-2.509323835372925,0.6393489837646484,-0.25192099809646606,-0.004035999998450279,-0.4371104836463928,0.655105471611023,-0.4945411682128906,3.2269973754882812,-0.16962027549743652,0.01031144242733717,-0.7469456195831299,-0.7468820810317993
5.467766284942627,-2.2069544792175293,-0.1318812370300293,1.86020827293396,-0.17834746837615967,-0.00391992274671793,-5.493304252624512,2.3780317306518555,1.1733729839324951,1.5614564418792725,-0.12453532218933105,0.010451158508658409,-0.7469686269760132,-0.7470505237579346,0.35255563259124756,-0.4791426658630371,-2.325958728790283,0.6824569702148438,-0.17834746837615967,-0.00391992274671793,-0.45472604036331177,0.6678897142410278,0.6057701110839844,4.117683410644531,-0.12453532218933105,0.010451158508658409,-0.7469686269760132,-0.7470505237579346
5.4703192710876465,-2.202065944671631,0.047049760818481445,1.9420397281646729,-0.15610367059707642,-0.0038156721275299788,-5.509443759918213,2.3892908096313477,2.5097036361694336,1.7614259719848633,-0.08463311195373535,0.010538402013480663,-0.7469955086708069,-0.7472240328788757,0.35422655940055847,-0.47051939368247986,-2.190189838409424,-0.2877798080444336,-0.15610367059707642,-0.0038156721275299788,-0.4725363254547119,0.6780772805213928,1.4738197326660156,4.962921142578125,-0.08463311195373535,0.010538402013480663,-0.7469955086708069,-0.7472240328788757
5.472982883453369,-2.2168116569519043,-3.354032039642334,1.6863526105880737,-0.17890185117721558,-0.003805286716669798,-5.526411056518555,2.398306369781494,3.631269931793213,1.9216177463531494,-0.050840139389038086,0.010571189224720001,-0.7470256090164185,-0.7473991513252258,0.35806581377983093,-0.48766037821769714,-2.3928070068359375,-0.27615928649902344,-0.17890185117721558,-0.003805286716669798,-0.48989519476890564,0.6854590773582458,2.1001148223876953,5.768604278564453,-0.050840139389038086,0.010571189224720001,-0.7470256090164185,-0.7473991513252258
5.475244522094727,-2.2137277126312256,-3.7906455993652344,1.4205012321472168,-0.19553446769714355,-0.003740348620340228,-5.543533802032471,2.4051060676574707,4.5265960693359375,2.0507450103759766,-0.023928165435791016,0.010555092245340347,-0.7470581531524658,-0.7475724220275879,0.35981297492980957,-0.4819014072418213,-2.3915328979492188,-0.5731706619262695,-0.19553446769714355,-0.003740348620340228,-0.5061907768249512,0.6901445388793945,2.4895477294921875,6.538520812988281,-0.023928165435791016,0.010555092245340347,-0.7470581531524658,-0.7475724220275879
5.4773054122924805,-2.2169570922851562,-4.536468505859375,1.2620232105255127,-0.20956984162330627,-0.0037086044903844595,-5.56012487411499,2.4099597930908203,5.196147918701172,2.15920352935791,-0.0043277740478515625,0.010493303649127483,-0.747092068195343,-0.7477408647537231,0.36216604709625244,-0.4846882224082947,-2.4351468086242676,-0.5265955924987793,-0.20956984162330627,-0.0037086044903844595,-0.5208554267883301,0.6925415992736816,2.6562938690185547,7.283210754394531,-0.0043277740478515625,0.010493303649127483,-0.747092068195343,-0.7477408647537231
5.479300022125244,-2.2121999263763428,-3.4751484394073486,1.168963074684143,-0.21198031306266785,-0.0036517472472041845,-5.575573921203613,2.413198471069336,5.650035858154297,2.260469436645508,0.007901191711425781,0.01039072498679161,-0.7471264004707336,-0.7479022741317749,0.36352968215942383,-0.47730550169944763,-2.37652587890625,-0.6776375770568848,-0.21198031306266785,-0.0036517472472041845,-0.5334862470626831,0.6931223273277283,2.6221961975097656,8.01602554321289,0.007901191711425781,0.01039072498679161,-0.7471264004707336,-0.7479022741317749
5.481393337249756,-2.203352451324463,0.12903952598571777,1.1174969673156738,-0.2042132019996643,-0.003581744385883212,-5.589508533477783,2.4008564949035645,5.916755676269531,6.2038068771362305,0.0657954216003418,0.009924533776938915,-0.7471607327461243,-0.7480543851852417,0.36434781551361084,-0.4647417664527893,-2.2883949279785156,-0.8931236267089844,-0.2042132019996643,-0.003581744385883212,-0.5387890338897705,0.6740321516990662,2.60487699508667,7.915310859680176,0.0657954216003418,0.009924533776938915,-0.7471607327461243,-0.7480543851852417
5.483169078826904,-2.2132697105407715,-3.157553195953369,1.0918033123016357,-0.21599087119102478,-0.0035844920203089714,-5.590596675872803,2.3904497623443604,6.89218282699585,2.624934673309326,0.04869186878204346,0.009883813560009003,-0.7471940517425537,-0.7481957077980042,0.36717689037323,-0.4769010543823242,-2.3604819774627686,-0.7195148468017578,-0.21599087119102478,-0.0035844920203089714,-0.5401116013526917,0.6588690280914307,3.823300361633301,1.846818447113037,0.04869186878204346,0.009883813560009003,-0.7471940517425537,-0.7481957077980042
5.485065937042236,-2.215972423553467,-4.526243209838867,1.0590749979019165,-0.2176133692264557,-0.003561497200280428,-5.602909564971924,2.416914224624634,3.7239952087402344,0.7397685050964355,-0.07831472158432007,0.010175906121730804,-0.7472261190414429,-0.7483246326446533,0.36910346150398254,-0.4797188341617584,-2.390519380569458,-0.6853542327880859,-0.2176133692264557,-0.003561497200280428,-0.5544589757919312,0.6901248097419739,3.423511028289795,3.706392288208008,-0.07831472158432007,0.010175906121730804,-0.7472261190414429,-0.7483246326446533
5.486822128295898,-2.2119140625,-2.2735228538513184,1.0464513301849365,-0.21395111083984375,-0.0035174423828721046,-5.614410400390625,2.4240803718566895,3.742543935775757,1.519993782043457,-0.08228322863578796,0.009953468106687069,-0.7472565770149231,-0.7484404444694519,0.37010008096694946,-0.4738515019416809,-2.335195541381836,-0.9542756080627441,-0.21395111083984375,-0.0035174423828721046,-0.5600441098213196,0.6966205835342407,2.7830123901367188,7.406885147094727,-0.08228322863578796,0.009953468106687069,-0.7472565770149231,-0.7484404444694519
5.488531589508057,-2.2149085998535156,-4.523678779602051,1.0011919736862183,-0.21752792596817017,-0.0035016017500311136,-5.618529319763184,2.404451370239258,3.6833367347717285,2.848377227783203,-0.06520043313503265,0.009280047379434109,-0.7472851872444153,-0.748543381690979,0.3717775046825409,-0.47724926471710205,-2.377216339111328,-0.9902980327606201,-0.21752792596817017,-0.0035016017500311136,-0.5528621673583984,0.6694013476371765,2.707134246826172,8.59756088256836,-0.06520043313503265,0.009280047379434109,-0.7472851872444153,-0.748543381690979
5.490030765533447,-2.211885929107666,-2.7035062313079834,0.9354678392410278,-0.2196219563484192,-0.0034681707620620728,-5.616013050079346,2.400437116622925,3.8730695247650146,3.1021132469177246,-0.07258845865726471,0.009024834260344505,-0.7473113536834717,-0.7486323714256287,0.3725876212120056,-0.4729098677635193,-2.335101842880249,-1.2193071842193604,-0.2196219563484192,-0.0034681707620620728,-0.5476628541946411,0.662912905216217,2.947235107421875,8.179691314697266,-0.07258845865726471,0.009024834260344505,-0.7473113536834717,-0.7486323714256287
5.491418838500977,-2.2135541439056396,-3.93985652923584,0.8817033767700195,-0.22386005520820618,-0.0034546791575849056,-5.614192485809326,2.4156317710876465,4.057609558105469,3.0452933311462402,-0.09848594665527344,0.008982034400105476,-0.747334897518158,-0.7487071752548218,0.37383753061294556,-0.4747437536716461,-2.353789806365967,-1.2381986379623413,-0.22386005520820618,-0.0034546791575849056,-0.5467948913574219,0.6810742616653442,2.7896289825439453,8.78530502319336,-0.09848594665527344,0.008982034400105476,-0.747334897518158,-0.7487071752548218
5.492686748504639,-2.2165584564208984,-4.514834403991699,0.8288224935531616,-0.22904720902442932,-0.003447802970185876,-5.612948417663574,2.4248838424682617,3.9961812496185303,3.49743390083313,-0.12101012468338013,0.008667999878525734,-0.7473567128181458,-0.7487686276435852,0.3750779330730438,-0.4783823490142822,-2.379248857498169,-1.172307014465332,-0.22904720902442932,-0.003447802970185876,-0.5418649911880493,0.6914974451065063,2.3058090209960938,10.166549682617188,-0.12101012468338013,0.008667999878525734,-0.7473567128181458,-0.7487686276435852
5.493860244750977,-2.2167930603027344,-4.516315460205078,0.842275857925415,-0.22805553674697876,-0.00343327852897346,-5.608160495758057,2.423675537109375,3.786208391189575,4.1048479080200195,-0.14083218574523926,0.008172194473445415,-0.7473753690719604,-0.748816967010498,0.3758689761161804,-0.47841960191726685,-2.3986642360687256,-1.1215577125549316,-0.22805553674697876,-0.00343327852897346,-0.5311076045036316,0.688744306564331,1.8885536193847656,10.95733642578125,-0.14083218574523926,0.008172194473445415,-0.7473753690719604,-0.748816967010498
5.494794845581055,-2.215759038925171,-4.520691394805908,0.8475435972213745,-0.2260698676109314,-0.003417136613279581,-5.599560260772705,2.4250872135162354,3.5607502460479736,4.428016185760498,-0.16886460781097412,0.007752362173050642,-0.7473910450935364,-0.7488530874252319,0.3763885498046875,-0.4768790304660797,-2.3851308822631836,-1.2232547998428345,-0.2260698676109314,-0.003417136613279581,-0.518880307674408,0.6896873712539673,1.5417671203613281,11.223945617675781,-0.16886460781097412,0.007752362173050642,-0.7473910450935364,-0.7488530874252319
5.49561071395874,-2.217180013656616,-4.516461372375488,0.8127334117889404,-0.22857698798179626,-0.0034117132890969515,-5.589250564575195,2.4314091205596924,3.289055585861206,4.628788471221924,-0.20416522026062012,0.007374626584351063,-0.747406005859375,-0.7488778829574585,0.3770641088485718,-0.47857245802879333,-2.397390127182007,-1.2515273094177246,-0.22857698798179626,-0.0034117132890969515,-0.5062633752822876,0.6970978379249573,1.0884552001953125,11.654502868652344,-0.20416522026062012,0.007374626584351063,-0.747406005859375,-0.7488778829574585
5.496396064758301,-2.217439651489258,-4.5275726318359375,0.8221027851104736,-0.22786550223827362,-0.0034032019320875406,-5.57746696472168,2.4349167346954346,2.9286704063415527,4.902846813201904,-0.23897576332092285,0.006918544881045818,-0.7474172711372375,-0.7488918304443359,0.37749630212783813,-0.4787222743034363,-2.436753273010254,-1.2051005363464355,-0.22786550223827362,-0.0034032019320875406,-0.49123430252075195,0.701052188873291,0.5657768249511719,12.152565002441406,-0.23897576332092285,0.006918544881045818,-0.7474172711372375,-0.7488918304443359
5.496925354003906,-2.216343879699707,-4.545956611633301,0.8243788480758667,-0.22623324394226074,-0.0033937457483261824,-5.563501834869385,2.434783458709717,2.5259625911712646,5.12611198425293,-0.27251315116882324,0.006419025361537933,-0.7474262714385986,-0.7488963603973389,0.37764105200767517,-0.47716671228408813,-2.4448440074920654,-1.2937425374984741,-0.22623324394226074,-0.0033937457483261824,-0.4738468527793884,0.7006121873855591,0.09264373779296875,12.336898803710938,-0.27251315116882324,0.006419025361537933,-0.7474262714385986,-0.7488963603973389
5.497323036193848,-2.215359926223755,-4.5602312088012695,0.7921208143234253,-0.22695808112621307,-0.00338499853387475,-5.54022216796875,2.3481316566467285,0.97261643409729,7.027649879455566,-0.212860107421875,0.005222385749220848,-0.7474337220191956,-0.7488923072814941,0.377660870552063,-0.47578415274620056,-2.449831962585449,-1.3805427551269531,-0.22695808112621307,-0.00338499853387475,-0.4343668818473816,0.5908451080322266,-1.3354682922363281,12.010040283203125,-0.212860107421875,0.005222385749220848,-0.7474337220191956,-0.7488923072814941
5.497588157653809,-2.214003324508667,-4.572824478149414,0.7577979564666748,-0.22799041867256165,-0.003380273003131151,-4.665218353271484,2.1265625953674316,-2.7329931259155273,10.086668014526367,0.014999628067016602,0.004722083918750286,-0.7474400401115417,-0.7488807439804077,0.37758442759513855,-0.47394034266471863,-2.444000244140625,-1.4519267082214355,-0.22799041867256165,-0.003380273003131151,-0.3823034465312958,0.3132566213607788,-3.72454833984375,6.0150299072265625,0.014999628067016602,0.004722083918750286,-0.7474400401115417,-0.7488807439804077
5.49774169921875,-2.213616371154785,-4.580207824707031,0.7361887693405151,-0.22902336716651917,-0.003378693014383316,-5.471255779266357,2.161238431930542,-4.38381290435791,4.688779830932617,-0.13168907165527344,0.005848865490406752,-0.747443675994873,-0.7488628625869751,0.37750205397605896,-0.47337889671325684,-2.4444026947021484,-1.4611315727233887,-0.22902336716651917,-0.003378693014383316,-0.3936700224876404,0.3664514422416687,-4.209300994873047,-4.1075592041015625,-0.13168907165527344,0.005848865490406752,-0.747443675994873,-0.7488628625869751
5.493406295776367,-2.0572502613067627,-4.055180072784424,3.8483524322509766,0.07281413674354553,-0.002879395382478833,-5.4721198081970215,2.2643749713897705,-6.719447135925293,2.3028619289398193,-0.2936568260192871,0.00593029148876667,-0.7474462985992432,-0.7488395571708679,0.3587697148323059,-0.27159151434898376,-7.329267978668213,4.786566734313965,0.07281413674354553,-0.002879395382478833,-0.402020126581192,0.5036299824714661,-8.315410614013672,0.29473114013671875,-0.2936568260192871,0.00593029148876667,-0.7474462985992432,-0.7488395571708679
5.483539581298828,-2.0673820972442627,-6.790572643280029,2.5705206394195557,0.18115681409835815,-0.0034684264101088047,-5.468147277832031,2.184626340866089,-9.504021644592285,2.9589381217956543,-0.24013185501098633,0.005014349240809679,-0.7474473118782043,-0.748812198638916,0.3672110438346863,-0.2922225296497345,-6.7399492263793945,-11.808391571044922,0.18115681409835815,-0.0034684264101088047,-0.3763572573661804,0.40605947375297546,-10.52530288696289,0.46917724609375,-0.24013185501098633,0.005014349240809679,-0.7474473118782043,-0.748812198638916
5.480109691619873,-2.0764288902282715,-8.700887680053711,-1.7508445978164673,-0.2999717593193054,-0.0035089184530079365,-5.456198692321777,2.175931215286255,-11.016742706298828,1.199847936630249,-0.2876706123352051,0.005139104090631008,-0.7474470138549805,-0.7487813234329224,0.3665555715560913,-0.31058287620544434,-10.349315643310547,-9.469528198242188,-0.2999717593193054,-0.0035089184530079365,-0.3671572804450989,0.40085962414741516,-10.81314468383789,-3.6424636840820312,-0.2876706123352051,0.005139104090631008,-0.7474470138549805,-0.7487813234329224
5.480100631713867,-2.0221099853515625,-11.720534324645996,-0.4054023027420044,-0.22344601154327393,-0.0033392112236469984,-5.452477931976318,2.219879388809204,-12.080157279968262,-0.18900609016418457,-0.37266552448272705,0.0053431130945682526,-0.7474461793899536,-0.748748242855072,0.35828685760498047,-0.24341842532157898,-13.595582962036133,-5.875396728515625,-0.22344601154327393,-0.0033392112236469984,-0.36597925424575806,0.46159204840660095,-11.971878051757812,-2.9661941528320312,-0.37266552448272705,0.0053431130945682526,-0.7474461793899536,-0.748748242855072
5.47099494934082,-1.9926528930664062,-13.459835052490234,-1.5339852571487427,-0.3032578229904175,-0.0034369786735624075,-5.413069725036621,2.2010955810546875,-13.03640079498291,-0.22162342071533203,-0.36384499073028564,0.005168907810002565,-0.7474437355995178,-0.7487136125564575,0.3510744571685791,-0.2113192081451416,-13.912864685058594,-10.085609436035156,-0.3032578229904175,-0.0034369786735624075,-0.3560975193977356,0.441167414188385,-12.569198608398438,-2.583404541015625,-0.36384499073028564,0.005168907810002565,-0.7474437355995178,-0.7487136125564575
5.466347694396973,-2.0567336082458496,-14.484184265136719,-2.6623332500457764,-0.44876229763031006,-0.004083691164851189,-5.446700096130371,2.197831869125366,-13.374488830566406,-0.7845349311828613,-0.37571799755096436,0.005278368946164846,-0.7474414110183716,-0.7486786246299744,0.3564109206199646,-0.29879269003868103,-14.986061096191406,-8.585601806640625,-0.44876229763031006,-0.004083691164851189,-0.3520117998123169,0.44073453545570374,-12.251734733581543,-3.847850799560547,-0.37571799755096436,0.005278368946164846,-0.7474414110183716,-0.7486786246299744
5.463776111602783,-2.0555224418640137,-15.236005783081055,-2.240541696548462,-0.4512209892272949,-0.004289706703275442,-5.445463180541992,2.215820789337158,-13.338919639587402,-1.2668015956878662,-0.4031057357788086,0.005281423684209585,-0.7474376559257507,-0.7486434578895569,0.353340208530426,-0.2987483739852905,-15.36349868774414,-7.234870910644531,-0.4512209892272949,-0.004289706703275442,-0.34913134574890137,0.4668148458003998,-12.024102210998535,-3.6686134338378906,-0.4031057357788086,0.005281423684209585,-0.7474376559257507,-0.7486434578895569
5.4580817222595215,-2.063675880432129,-15.210220336914062,-2.3446223735809326,-0.4800727367401123,-0.004623517859727144,-5.444745063781738,2.2160065174102783,-13.124914169311523,-1.2478079795837402,-0.3953784704208374,0.005222609266638756,-0.747434139251709,-0.748609185218811,0.35129547119140625,-0.31067341566085815,-14.69439697265625,-7.53533935546875,-0.4800727367401123,-0.004623517859727144,-0.3449953496456146,0.4694793224334717,-11.55893611907959,-3.3826465606689453,-0.3953784704208374,0.005222609266638756,-0.747434139251709,-0.748609185218811
5.453601837158203,-2.094576835632324,-14.636574745178223,-2.3438186645507812,-0.5076038837432861,-0.005126563366502523,-5.443737030029297,2.220116138458252,-12.619349479675293,-1.3125853538513184,-0.3903106451034546,0.005210956558585167,-0.747429609298706,-0.7485759258270264,0.35368525981903076,-0.3508930802345276,-13.902214050292969,-6.358741760253906,-0.5076038837432861,-0.005126563366502523,-0.34220242500305176,0.47690749168395996,-10.731453895568848,-3.591632843017578,-0.3903106451034546,0.005210956558585167,-0.747429609298706,-0.7485759258270264
5.450375080108643,-2.1128623485565186,-13.701148986816406,-1.8527191877365112,-0.49257874488830566,-0.005479629151523113,-5.443696975708008,2.232058525085449,-11.92192268371582,-1.3258378505706787,-0.38906753063201904,0.0052273571491241455,-0.7474251985549927,-0.7485445141792297,0.3552684187889099,-0.373323917388916,-12.7393798828125,-5.026519775390625,-0.49257874488830566,-0.005479629151523113,-0.34122565388679504,0.49385613203048706,-9.882623672485352,-3.362438201904297,-0.38906753063201904,0.0052273571491241455,-0.7474251985549927,-0.7485445141792297
5.447242259979248,-2.131709575653076,-12.349815368652344,-1.4080159664154053,-0.4702928066253662,-0.005843072198331356,-5.444376468658447,2.238790988922119,-11.12656021118164,-1.1633610725402832,-0.37546443939208984,0.005205309484153986,-0.7474214434623718,-0.7485148310661316,0.35818541049957275,-0.3957441747188568,-11.143062591552734,-4.11798095703125,-0.4702928066253662,-0.005843072198331356,-0.34054726362228394,0.5036757588386536,-8.952457427978516,-3.074502944946289,-0.37546443939208984,0.005205309484153986,-0.7474214434623718,-0.7485148310661316
5.445643901824951,-2.1570050716400146,-10.681681632995605,-0.967476487159729,-0.4422576427459717,-0.006251961458474398,-5.445448398590088,2.2467708587646484,-10.228399276733398,-1.0057755708694458,-0.36182713508605957,0.005183334928005934,-0.7474167943000793,-0.7484873533248901,0.36413902044296265,-0.42571237683296204,-9.39447021484375,-2.9215316772460938,-0.4422576427459717,-0.006251961458474398,-0.34076809883117676,0.5147730112075806,-7.9246320724487305,-2.9260425567626953,-0.36182713508605957,0.005183334928005934,-0.7474167943000793,-0.7484873533248901
5.446204662322998,-2.1807026863098145,-8.821847915649414,-0.4011404514312744,-0.3998415470123291,-0.006602610927075148,-5.447169780731201,2.257030487060547,-9.279593467712402,-0.8248292207717896,-0.34900230169296265,0.005160278175026178,-0.7474122643470764,-0.7484629154205322,0.37184029817581177,-0.45275068283081055,-7.549449920654297,-1.594268798828125,-0.3998415470123291,-0.006602610927075148,-0.341960072517395,0.5284268856048584,-6.918793201446533,-2.6532325744628906,-0.34900230169296265,0.005160278175026178,-0.7474122643470764,-0.7484629154205322
5.448692321777344,-2.2028555870056152,-6.827166557312012,0.16299891471862793,-0.350172758102417,-0.006910161580890417,-5.4494242668151855,2.265620231628418,-8.326659202575684,-0.5933220386505127,-0.33248257637023926,0.00512052932754159,-0.747408390045166,-0.7484415769577026,0.3812805116176605,-0.4771585762500763,-5.627429962158203,-0.4096832275390625,-0.350172758102417,-0.006910161580890417,-0.3436281681060791,0.5396242141723633,-5.933177947998047,-2.3735265731811523,-0.33248257637023926,0.00512052932754159,-0.747408390045166,-0.7484415769577026
5.45338249206543,-2.225429058074951,-4.768526077270508,0.6669378280639648,-0.2981224060058594,-0.007201845292001963,-5.452061653137207,2.2743678092956543,-7.383965492248535,-0.3690347671508789,-0.31641101837158203,0.00507606053724885,-0.7474050521850586,-0.7484230399131775,0.39297041296958923,-0.5016169548034668,-3.738689422607422,0.7352828979492188,-0.2981224060058594,-0.007201845292001963,-0.3458743095397949,0.5507748126983643,-4.976176738739014,-2.145331382751465,-0.31641101837158203,0.00507606053724885,-0.7474050521850586,-0.7484230399131775
5.460521697998047,-2.2469639778137207,-2.733081102371216,1.1386966705322266,-0.2438960075378418,-0.007454069796949625,-5.455090522766113,2.282944679260254,-6.545182228088379,-0.1489722728729248,-0.3009912967681885,0.005026417318731546,-0.7474021911621094,-0.7484069466590881,0.40651237964630127,-0.5243081450462341,-1.9683914184570312,1.8776779174804688,-0.2438960075378418,-0.007454069796949625,-0.34855949878692627,0.5614741444587708,-4.08624792098999,-1.9074201583862305,-0.3009912967681885,0.005026417318731546,-0.7474021911621094,-0.7484069466590881
5.469915390014648,-2.266223669052124,-0.7890443801879883,1.5638327598571777,-0.1895301342010498,-0.007656998001039028,-5.458257675170898,2.288180351257324,-5.920778274536133,0.006760954856872559,-0.2879202961921692,0.004962739069014788,-0.7473981380462646,-0.7483931183815002,0.4213446378707886,-0.5437648296356201,-0.36125946044921875,2.9405364990234375,-0.1895301342010498,-0.007656998001039028,-0.3512725532054901,0.5677641034126282,-3.1836326122283936,-1.8553895950317383,-0.2879202961921692,0.004962739069014788,-0.7473981380462646,-0.7483931183815002
5.481248378753662,-2.283271312713623,1.0100288391113281,1.9136991500854492,-0.13801145553588867,-0.007818588986992836,-5.461635112762451,2.29693603515625,-5.280461311340332,0.12413644790649414,-0.2805134654045105,0.0049117449671030045,-0.747394323348999,-0.7483811378479004,0.4371427893638611,-0.5602194666862488,1.0371665954589844,3.9090805053710938,-0.13801145553588867,-0.007818588986992836,-0.3545786440372467,0.5784263014793396,-2.3597569465637207,-1.6847095489501953,-0.2805134654045105,0.0049117449671030045,-0.747394323348999,-0.7483811378479004
5.494201183319092,-2.2979629039764404,2.6162006855010986,2.189260244369507,-0.09107708930969238,-0.007940391078591347,-5.465206146240234,2.3033134937286377,-4.476043701171875,0.2985788583755493,-0.26860326528549194,0.004849148448556662,-0.7473910450935364,-0.7483728528022766,0.45345431566238403,-0.5736110806465149,2.1858444213867188,4.810234069824219,-0.09107708930969238,-0.007940391078591347,-0.3578472435474396,0.5859042406082153,-1.615869402885437,-1.4569635391235352,-0.26860326528549194,0.004849148448556662,-0.7473910450935364,-0.7483728528022766
5.5083327293396,-2.309922456741333,3.9930288791656494,2.401874303817749,-0.04986429214477539,-0.00802009366452694,-5.470096111297607,2.3205454349517822,-2.1314027309417725,1.0009512901306152,-0.22859150171279907,0.004802392795681953,-0.7473881840705872,-0.7483664155006409,0.4696963429450989,-0.5835713148117065,3.0647544860839844,5.6507415771484375,-0.04986429214477539,-0.00802009366452694,-0.3625992238521576,0.6067082285881042,-1.5899429321289062,-0.13347625732421875,-0.22859150171279907,0.004802392795681953,-0.7473881840705872,-0.7483664155006409
5.5230889320373535,-2.319052219390869,5.120212554931641,2.557901382446289,-0.015464067459106445,-0.008058670908212662,-5.474192142486572,2.3429267406463623,-3.9764676094055176,1.548471450805664,-0.19687560200691223,0.004783491604030132,-0.7473857998847961,-0.7483621835708618,0.48529279232025146,-0.5900908708572388,3.671802520751953,6.428882598876953,-0.015464067459106445,-0.008058670908212662,-0.36766865849494934,0.6341841816902161,-1.6668555736541748,0.2567887306213379,-0.19687560200691223,0.004783491604030132,-0.7473857998847961,-0.7483621835708618
5.5379157066345215,-2.325568199157715,5.991204261779785,2.666661262512207,0.011368751525878906,-0.008061609230935574,-5.477848529815674,2.330928325653076,0.7986654043197632,1.5600308179855347,-0.18005210161209106,0.004653200972825289,-0.7473839521408081,-0.7483603954315186,0.49981844425201416,-0.5935512781143188,4.015308380126953,7.158954620361328,0.011368751525878906,-0.008061609230935574,-0.3691965341567993,0.6177240610122681,-1.5219879150390625,-0.5306696891784668,-0.18005210161209106,0.004653200972825289,-0.7473839521408081,-0.7483603954315186
5.552295684814453,-2.3297176361083984,6.610750198364258,2.7441511154174805,0.030402660369873047,-0.008029836229979992,-5.481217861175537,2.3474602699279785,-3.822927236557007,1.34976065158844,-0.2012975811958313,0.004647097550332546,-0.7473824620246887,-0.7483601570129395,0.5128121376037598,-0.5943515300750732,4.114038467407227,7.858512878417969,0.030402660369873047,-0.008029836229979992,-0.3732379376888275,0.6378409266471863,-1.6835095882415771,-0.5680942535400391,-0.2012975811958313,0.004647097550332546,-0.7473824620246887,-0.7483601570129395
5.565733432769775,-2.331831455230713,6.994126796722412,2.8072752952575684,0.04175829887390137,-0.007966140285134315,-5.48412561416626,2.347071647644043,-3.8105132579803467,1.110217809677124,-0.21748846769332886,0.0045928084291517735,-0.7473812699317932,-0.748361349105835,0.5239319801330566,-0.5929784178733826,3.9964218139648438,8.54010009765625,0.04175829887390137,-0.007966140285134315,-0.3753121495246887,0.6364304423332214,-1.677680492401123,-0.7387075424194336,-0.21748846769332886,0.0045928084291517735,-0.7473812699317932,-0.748361349105835
5.57780122756958,-2.3323168754577637,7.165253639221191,2.7370102405548096,0.04576826095581055,-0.007871854119002819,-5.486705780029297,2.3427538871765137,-3.83486270904541,1.0433117151260376,-0.2187580168247223,0.004530724603682756,-0.7473801970481873,-0.7483643889427185,0.5328980088233948,-0.5899949669837952,3.697174310684204,9.212458610534668,0.04576826095581055,-0.007871854119002819,-0.3767208755016327,0.630065381526947,-1.6746718883514404,-0.7877223491668701,-0.2187580168247223,0.004530724603682756,-0.7473801970481873,-0.7483643889427185
5.582201957702637,-2.2880873680114746,7.785418510437012,4.570956707000732,0.12072598934173584,-0.007039699703454971,-5.488946914672852,2.3454976081848145,-3.843754291534424,1.0330212116241455,-0.21879014372825623,0.00450094323605299,-0.7473793029785156,-0.7483685612678528,0.5207681655883789,-0.5300148725509644,4.618893146514893,3.368135929107666,0.12072598934173584,-0.007039699703454971,-0.3785706162452698,0.6328427791595459,-1.7163821458816528,-0.761085033416748,-0.21879014372825623,0.00450094323605299,-0.7473793029785156,-0.7483685612678528
5.583778381347656,-2.3108091354370117,4.753492832183838,1.1348137855529785,-0.04324549436569214,-0.007649201434105635,-5.490850448608398,2.3483054637908936,-3.8493738174438477,1.0120763778686523,-0.21959364414215088,0.004479639697819948,-0.7473785281181335,-0.7483733296394348,0.5349355936050415,-0.5584344863891602,4.91867733001709,2.299933433532715,-0.04324549436569214,-0.007649201434105635,-0.3802018463611603,0.6358024477958679,-1.7381623983383179,-0.8699572086334229,-0.21959364414215088,0.004479639697819948,-0.7473785281181335,-0.7483733296394348
5.597499847412109,-2.3450326919555664,4.858822345733643,1.2985461950302124,-0.06810778379440308,-0.008029837161302567,-5.492485046386719,2.3451051712036133,-3.8569705486297607,0.9444946050643921,-0.2214687168598175,0.004444317426532507,-0.7473791837692261,-0.7483790516853333,0.5528016090393066,-0.6006107330322266,3.9333505630493164,7.375722885131836,-0.06810778379440308,-0.008029837161302567,-0.38100796937942505,0.6311535835266113,-1.6963284015655518,-1.129065752029419,-0.2214687168598175,0.004444317426532507,-0.7473791837692261,-0.7483790516853333
5.607649803161621,-2.322985887527466,4.5908284187316895,3.206425428390503,-0.037110596895217896,-0.007258269935846329,-5.493955135345459,2.3476459980010986,-3.8581557273864746,0.8719061613082886,-0.22726862132549286,0.004432757385075092,-0.7473803758621216,-0.7483856678009033,0.5444982051849365,-0.5694604516029358,3.5001087188720703,9.581459045410156,-0.037110596895217896,-0.007258269935846329,-0.38221022486686707,0.6338917016983032,-1.729790449142456,-1.1461983919143677,-0.22726862132549286,0.004432757385075092,-0.7473803758621216,-0.7483856678009033
5.605184555053711,-2.303194046020508,4.632241249084473,3.5908188819885254,-0.0370471216738224,-0.0068001821637153625,-5.4952239990234375,2.3433966636657715,-3.8708548545837402,0.8440196514129639,-0.22642911970615387,0.004400074481964111,-0.7473813891410828,-0.7483920454978943,0.534270703792572,-0.5428650975227356,3.7584152221679688,8.428882598876953,-0.0370471216738224,-0.0068001821637153625,-0.38250941038131714,0.627981424331665,-1.7182687520980835,-1.2268584966659546,-0.22642911970615387,0.004400074481964111,-0.7473813891410828,-0.7483920454978943
5.602346420288086,-2.315800666809082,4.775606155395508,3.1999073028564453,-0.0697946846485138,-0.006889092270284891,-5.496311664581299,2.329512357711792,-3.8995041847229004,0.8638445138931274,-0.2168484479188919,0.004337943159043789,-0.7473822832107544,-0.7483994960784912,0.5350937843322754,-0.5589511394500732,3.6087913513183594,8.584930419921875,-0.0697946846485138,-0.006889092270284891,-0.3816600739955902,0.6097642779350281,-1.6514066457748413,-1.4423757791519165,-0.2168484479188919,0.004337943159043789,-0.7473822832107544,-0.7483994960784912
5.603293418884277,-2.3276357650756836,4.6429524421691895,3.562291145324707,-0.09515058994293213,-0.00675013056024909,-5.497045993804932,2.3311684131622314,-3.902247428894043,0.8371405601501465,-0.2186809629201889,0.004336515907198191,-0.7473829984664917,-0.748406171798706,0.5333403944969177,-0.5735567808151245,2.9927291870117188,10.26171875,-0.09515058994293213,-0.00675013056024909,-0.382208913564682,0.611526608467102,-1.6682608127593994,-1.461605191230774,-0.2186809629201889,0.004336515907198191,-0.7473829984664917,-0.748406171798706
5.601341247558594,-2.322733163833618,4.334475994110107,4.254288673400879,-0.11151564121246338,-0.0062928409315645695,-5.497554302215576,2.327969551086426,-2.773698568344116,0.819340705871582,-0.21754607558250427,0.004319493658840656,-0.7473836541175842,-0.7484137415885925,0.5227115750312805,-0.5664581060409546,2.4839401245117188,11.126945495605469,-0.11151564121246338,-0.0062928409315645695,-0.3820765018463135,0.60712069272995,-1.6379320621490479,-1.5885484218597412,-0.21754607558250427,0.004319493658840656,-0.7473836541175842,-0.7484137415885925
5.594443321228027,-2.318816661834717,4.041050910949707,4.531500816345215,-0.13864612579345703,-0.005917744245380163,-5.497773170471191,2.352527618408203,-3.8885955810546875,0.760529637336731,-0.23448853194713593,0.004403440281748772,-0.7473841905593872,-0.7484206557273865,0.5103933811187744,-0.5612112283706665,2.1080856323242188,11.178077697753906,-0.13864612579345703,-0.005917744245380163,-0.38459154963493347,0.6383037567138672,-1.8152544498443604,-1.2127090692520142,-0.23448853194713593,0.004403440281748772,-0.7473841905593872,-0.7484206557273865
5.58595085144043,-2.3227367401123047,3.713825225830078,4.649087905883789,-0.1755770444869995,-0.005647819954901934,-5.497962474822998,2.351468324661255,-3.8929238319396973,0.7380274534225464,-0.2349812388420105,0.004400206264108419,-0.7473846673965454,-0.7484268546104431,0.4990862011909485,-0.5664240717887878,1.5932731628417969,11.578392028808594,-0.1755770444869995,-0.005647819954901934,-0.3844659626483917,0.6366997361183167,-1.8055709600448608,-1.270530343055725,-0.2349812388420105,0.004400206264108419,-0.7473846673965454,-0.7484268546104431
5.576579570770264,-2.3236091136932373,3.2848150730133057,4.9229536056518555,-0.2102069854736328,-0.005295219831168652,-5.498126029968262,2.3256945610046387,-1.22406804561615,0.7774699926376343,-0.21759605407714844,0.004310909193009138,-0.7473850846290588,-0.7484328150749207,0.4850989878177643,-0.5677397847175598,0.9889984130859375,12.146270751953125,-0.2102069854736328,-0.005295219831168652,-0.38176780939102173,0.6034495234489441,-1.6270184516906738,-1.7247297763824463,-0.21759605407714844,0.004310909193009138,-0.7473850846290588,-0.7484328150749207
5.564899444580078,-2.319333076477051,2.8135108947753906,5.147149085998535,-0.24320435523986816,-0.004891210701316595,-5.498076915740967,2.329447031021118,-3.1639599800109863,0.7612030506134033,-0.2201649248600006,0.004328988492488861,-0.7473854422569275,-0.7484391927719116,0.4681975543498993,-0.5626544952392578,0.45269775390625,12.284996032714844,-0.24320435523986816,-0.004891210701316595,-0.38197094202041626,0.6080445647239685,-1.6667602062225342,-1.6489927768707275,-0.2201649248600006,0.004328988492488861,-0.7473854422569275,-0.7484391927719116
5.544955253601074,-2.2391512393951416,1.1876559257507324,6.909236907958984,-0.19152593612670898,-0.003869905835017562,-5.497890472412109,2.332709312438965,-3.9300780296325684,0.7511017322540283,-0.22181782126426697,0.004344702232629061,-0.7473857402801514,-0.7484448552131653,0.42967459559440613,-0.4602653980255127,-1.1597862243652344,11.634002685546875,-0.19152593612670898,-0.003869905835017562,-0.38200411200523376,0.6120412349700928,-1.695067048072815,-1.6089413166046143,-0.22181782126426697,0.004344702232629061,-0.7473857402801514,-0.7484448552131653
3.927558660507202,-2.0273847579956055,-2.7788991928100586,9.598149299621582,0.002843141555786133,-0.0031560049392282963,-5.497768402099609,2.32650089263916,-3.948638916015625,0.7883275747299194,-0.22065475583076477,0.004327928181737661,-0.7473859786987305,-0.7484498023986816,0.3765111267566681,-0.1924280822277069,-4.297801971435547,5.0881195068359375,0.002843141555786133,-0.0031560049392282963,-0.38107529282569885,0.6038811206817627,-1.6949652433395386,-1.5435869693756104,-0.22065475583076477,0.004327928181737661,-0.7473859786987305,-0.7484498023986816
5.484190940856934,-2.035647392272949,-5.123000144958496,4.158237457275391,-0.1664438247680664,-0.004341328516602516,-5.497256755828857,2.3284778594970703,-2.2841343879699707,0.7896853685379028,-0.2158803641796112,0.004341892432421446,-0.7473861575126648,-0.7484541535377502,0.39100509881973267,-0.2159707248210907,-5.825714111328125,-4.3684539794921875,-0.1664438247680664,-0.004341328516602516,-0.3808601200580597,0.6063103675842285,-1.6675214767456055,-1.6958107948303223,-0.2158803641796112,0.004341892432421446,-0.7473861575126648,-0.7484541535377502
5.485076904296875,-2.1215057373046875,-8.057069778442383,2.0787341594696045,-0.31491541862487793,-0.0046615139581263065,-5.491843223571777,2.172922134399414,-3.5090909004211426,4.195598125457764,0.09234637022018433,0.003841916099190712,-0.7473863363265991,-0.7484578490257263,0.4017318785190582,-0.33616453409194946,-10.161609649658203,0.203338623046875,-0.31491541862487793,-0.0046615139581263065,-0.36385923624038696,0.4088025987148285,-6.814215660095215,5.770991325378418,0.09234637022018433,0.003841916099190712,-0.7473863363265991,-0.7484578490257263
5.483555316925049,-2.0493836402893066,-11.07359504699707,2.4757988452911377,-0.2732863426208496,-0.00385433086194098,-5.4693474769592285,1.9668864011764526,-6.05281400680542,3.497798442840576,0.26341038942337036,0.0039035887457430363,-0.7473865151405334,-0.7484610080718994,0.3773840665817261,-0.24881906807422638,-12.343984603881836,-0.5499801635742188,-0.2732863426208496,-0.00385433086194098,-0.34587377309799194,0.15444251894950867,-5.274868011474609,-10.67996597290039,0.26341038942337036,0.0039035887457430363,-0.7473865151405334,-0.7484610080718994
5.473959922790527,-2.04083251953125,-12.800285339355469,0.4903147220611572,-0.34078919887542725,-0.004019641783088446,-5.465651035308838,2.2121479511260986,-7.371377468109131,-1.3189444541931152,-0.2592289447784424,0.004846024326980114,-0.747386634349823,-0.7484637498855591,0.37057173252105713,-0.2460155487060547,-12.960075378417969,-4.3434906005859375,-0.34078919887542725,-0.004019641783088446,-0.36695098876953125,0.47457534074783325,-8.311140060424805,-9.862640380859375,-0.2592289447784424,0.004846024326980114,-0.747386634349823,-0.7484637498855591
5.471475601196289,-2.074415683746338,-14.06944465637207,-0.6840102672576904,-0.4133739471435547,-0.00416309479624033,-5.469954490661621,2.16347599029541,-10.251136779785156,-0.035325050354003906,-0.21057701110839844,0.004733038600534201,-0.7473867535591125,-0.7484661340713501,0.36831340193748474,-0.29599231481552124,-14.183101654052734,-3.2916336059570312,-0.4133739471435547,-0.00416309479624033,-0.36051610112190247,0.4140538275241852,-12.024600982666016,-4.976417541503906,-0.21057701110839844,0.004733038600534201,-0.7473867535591125,-0.7484661340713501
5.44030237197876,-2.05914568901062,-15.018568992614746,-0.7588155269622803,-0.40230023860931396,-0.004158817697316408,-5.46270751953125,2.118957757949829,-12.043991088867188,-0.6997919082641602,-0.24871492385864258,0.004838728811591864,-0.7473868727684021,-0.7484674453735352,0.3604147136211395,-0.2809159457683563,-14.556163787841797,-3.362529754638672,-0.40230023860931396,-0.004158817697316408,-0.3516732156276703,0.3609461188316345,-12.281822204589844,-9.121566772460938,-0.24871492385864258,0.004838728811591864,-0.7473868727684021,-0.7484674453735352
5.435719966888428,-2.0575833320617676,-15.275632858276367,-1.4141802787780762,-0.4218730926513672,-0.004223986063152552,-5.458113670349121,2.1872799396514893,-12.991291046142578,-2.1638216972351074,-0.41639208793640137,0.005661315750330687,-0.7473869323730469,-0.7484675049781799,0.35655444860458374,-0.2835714817047119,-14.164796829223633,-4.479541778564453,-0.4218730926513672,-0.004223986063152552,-0.3560124933719635,0.4508948028087616,-13.281208038330078,-8.615249633789062,-0.41639208793640137,0.005661315750330687,-0.7473869323730469,-0.7484675049781799
5.442240238189697,-2.0734448432922363,-15.153898239135742,-1.7546179294586182,-0.43992769718170166,-0.004218754358589649,-5.455681800842285,2.1877245903015137,-13.8751859664917,-1.879137635231018,-0.43678855895996094,0.0060103717260062695,-0.7473870515823364,-0.7484673857688904,0.3531094789505005,-0.3078201711177826,-13.791759490966797,-4.0374298095703125,-0.43992769718170166,-0.004218754358589649,-0.3536839783191681,0.4522910714149475,-14.110191345214844,-6.7478179931640625,-0.43678855895996094,0.0060103717260062695,-0.7473870515823364,-0.7484673857688904
5.407095432281494,-2.0748162269592285,-14.761008262634277,-1.691406488418579,-0.426563024520874,-0.004213808570057154,-5.450080394744873,2.184323310852051,-14.11919116973877,-1.8487846851348877,-0.4542229175567627,0.0064063891768455505,-0.7473871111869812,-0.7484671473503113,0.34960752725601196,-0.3122159540653229,-13.03744125366211,-3.886699676513672,-0.426563024520874,-0.004213808570057154,-0.35050439834594727,0.44872575998306274,-13.73415756225586,-7.046424865722656,-0.4542229175567627,0.0064063891768455505,-0.7473871111869812,-0.7484671473503113
5.463890552520752,-2.0823750495910645,-14.037101745605469,-1.7408204078674316,-0.42144227027893066,-0.004197763279080391,-5.445149898529053,2.210824728012085,-13.77169418334961,-2.0476479530334473,-0.49138784408569336,0.007047133054584265,-0.747387170791626,-0.748466968536377,0.34706345200538635,-0.3241822421550751,-11.982638359069824,-3.9801769256591797,-0.42144227027893066,-0.004197763279080391,-0.35211747884750366,0.482713520526886,-13.161239624023438,-6.392852783203125,-0.49138784408569336,0.007047133054584265,-0.747387170791626,-0.748466968536377
5.4522175788879395,-2.094667673110962,-13.122950553894043,-1.6425933837890625,-0.41284751892089844,-0.004130440764129162,-5.441906929016113,2.2273061275482178,-13.116024017333984,-1.7423112392425537,-0.488663911819458,0.007535854820162058,-0.747387170791626,-0.7484667301177979,0.3441774249076843,-0.34153488278388977,-10.893421173095703,-3.5881404876708984,-0.41284751892089844,-0.004130440764129162,-0.35391753911972046,0.50294429063797,-12.39767074584961,-5.0379791259765625,-0.488663911819458,0.007535854820162058,-0.747387170791626,-0.7484667301177979
5.46259069442749,-2.1031882762908936,-12.082816123962402,-1.4091870784759521,-0.3936570882797241,-0.0040797642432153225,-5.439032554626465,2.239067554473877,-12.099893569946289,-1.340005874633789,-0.46813392639160156,0.007969464175403118,-0.7473872303962708,-0.7484666109085083,0.3416491150856018,-0.35331910848617554,-9.677619934082031,-3.2982826232910156,-0.3936570882797241,-0.0040797642432153225,-0.3563157320022583,0.5166301131248474,-11.1724853515625,-4.137733459472656,-0.46813392639160156,0.007969464175403118,-0.7473872303962708,-0.7484666109085083
5.461119174957275,-2.1143784523010254,-10.935199737548828,-1.1930363178253174,-0.3768911361694336,-0.004053976386785507,-5.43747615814209,2.258207321166992,-10.740754127502441,-1.0249755382537842,-0.44532036781311035,0.008462164551019669,-0.7473872900009155,-0.7484654784202576,0.340022474527359,-0.36809802055358887,-8.40234088897705,-3.0519580841064453,-0.3768911361694336,-0.004053976386785507,-0.3616116940975189,0.5392431020736694,-9.71292495727539,-3.1983642578125,-0.44532036781311035,0.008462164551019669,-0.7473872900009155,-0.7484654784202576
5.460122108459473,-2.1265602111816406,-9.750876426696777,-0.9227354526519775,-0.3583032488822937,-0.004043830558657646,-5.438251495361328,2.278287887573242,-9.167474746704102,-0.6215498447418213,-0.4110558032989502,0.008906565606594086,-0.7473872900009155,-0.74846351146698,0.3394782245159149,-0.3836366832256317,-7.1609015464782715,-2.67620849609375,-0.3583032488822937,-0.004043830558657646,-0.3692610561847687,0.5624681711196899,-8.166923522949219,-2.0037307739257812,-0.4110558032989502,0.008906565606594086,-0.7473872900009155,-0.74846351146698
5.459665775299072,-2.1371960639953613,-8.568116188049316,-0.6229301691055298,-0.33716249465942383,-0.004027203656733036,-5.441280841827393,2.2962255477905273,-7.451313018798828,-0.15588068962097168,-0.3665595054626465,0.00927919615060091,-0.7473873496055603,-0.7484617829322815,0.3396461606025696,-0.3967462480068207,-5.942835807800293,-2.3554210662841797,-0.33716249465942383,-0.004027203656733036,-0.3787115812301636,0.5824731588363647,-6.528339385986328,-0.8548355102539062,-0.3665595054626465,0.00927919615060091,-0.7473873496055603,-0.7484617829322815
5.459787368774414,-2.1477065086364746,-7.514004230499268,-0.3408854007720947,-0.31727802753448486,-0.004008179530501366,-5.446655750274658,2.314408540725708,-5.639227390289307,0.2673053741455078,-0.31852149963378906,0.009619822725653648,-0.7473873496055603,-0.7484602332115173,0.3406279981136322,-0.4093749225139618,-4.779770374298096,-2.0751514434814453,-0.31727802753448486,-0.004008179530501366,-0.39042097330093384,0.6024118065834045,-4.860095977783203,0.1961517333984375,-0.31852149963378906,0.009619822725653648,-0.7473873496055603,-0.7484602332115173
5.460354804992676,-2.155029773712158,-6.695681571960449,-0.14736831188201904,-0.30174022912979126,-0.003973710350692272,-5.4546732902526855,2.332780599594116,-3.805173635482788,0.6471006870269775,-0.2688634395599365,0.009922701865434647,-0.7473874092102051,-0.7484589219093323,0.34195610880851746,-0.41767600178718567,-3.6063780784606934,-1.9981040954589844,-0.30174022912979126,-0.003973710350692272,-0.404396116733551,0.6222531795501709,-3.2621078491210938,1.2440185546875,-0.2688634395599365,0.009922701865434647,-0.7473874092102051,-0.7484589219093323
5.461474418640137,-2.165762424468994,-5.854864120483398,0.024100661277770996,-0.2911660671234131,-0.003950754180550575,-5.4653096199035645,2.349735736846924,-2.0227150917053223,1.0013351440429688,-0.21838927268981934,0.010163833387196064,-0.7473874092102051,-0.7484577298164368,0.34424981474876404,-0.43026089668273926,-2.5327529907226562,-1.7357673645019531,-0.2911660671234131,-0.003950754180550575,-0.4200635552406311,0.6400101780891418,-1.7926063537597656,2.2716064453125,-0.21838927268981934,0.010163833387196064,-0.7473874092102051,-0.7484577298164368
5.46461296081543,-2.2072501182556152,-5.1571550369262695,0.9902600646018982,-0.2514870762825012,-0.004015255719423294,-5.478227138519287,2.364819049835205,-0.3464395999908447,1.311540126800537,-0.1694650650024414,0.010346882976591587,-0.7473874092102051,-0.7484567165374756,0.350628137588501,-0.4819934666156769,-2.49010968208313,0.5899286270141602,-0.2514870762825012,-0.004015255719423294,-0.4369642734527588,0.6551936268806458,-0.4884834289550781,3.228759765625,-0.1694650650024414,0.010346882976591587,-0.7473874092102051,-0.7484567165374756
5.467922687530518,-2.2046849727630615,-0.14873099327087402,1.9092705249786377,-0.17396092414855957,-0.003890109481289983,-5.4930419921875,2.37809157371521,1.178919792175293,1.5630531311035156,-0.12438058853149414,0.010478289797902107,-0.7473874092102051,-0.7484557628631592,0.35263943672180176,-0.47605592012405396,-2.3461105823516846,0.7029476165771484,-0.17396092414855957,-0.003890109481289983,-0.45464569330215454,0.6679680943489075,0.6116256713867188,4.119140625,-0.12438058853149414,0.010478289797902107,-0.7473874092102051,-0.7484557628631592
5.47044038772583,-2.2018485069274902,0.04192185401916504,1.9149537086486816,-0.1577191948890686,-0.003796566743403673,-5.509280681610107,2.3893516063690186,2.515209197998047,1.7629485130310059,-0.08448648452758789,0.010557751171290874,-0.7473874092102051,-0.7484549880027771,0.3546103239059448,-0.4702112078666687,-2.179669141769409,-0.37564945220947266,-0.1577191948890686,-0.003796566743403673,-0.4725292921066284,0.6781549453735352,1.4794120788574219,4.9644927978515625,-0.08448648452758789,0.010557751171290874,-0.7473874092102051,-0.7484549880027771
5.473341941833496,-2.2167224884033203,-3.6658174991607666,1.6710546016693115,-0.18045204877853394,-0.0037836001720279455,-5.526336193084717,2.3983521461486816,3.6364951133728027,1.923316478729248,-0.05069470405578613,0.010584082454442978,-0.7473874092102051,-0.7484542727470398,0.358555406332016,-0.4874953031539917,-2.4018843173980713,-0.26912498474121094,-0.18045204877853394,-0.0037836001720279455,-0.4899488091468811,0.685515820980072,2.105194091796875,5.770526885986328,-0.05069470405578613,0.010584082454442978,-0.7473874092102051,-0.7484542727470398
5.475717544555664,-2.210749626159668,-1.8126360177993774,1.4047542810440063,-0.1935846209526062,-0.003707263618707657,-5.54353141784668,2.4051387310028076,4.531406402587891,2.0523858070373535,-0.023784399032592773,0.010561570525169373,-0.7473874688148499,-0.7484536170959473,0.36004289984703064,-0.47798410058021545,-2.361013174057007,-0.6457071304321289,-0.1935846209526062,-0.003707263618707657,-0.5062850117683411,0.6901839375495911,2.4941272735595703,6.539806365966797,-0.023784399032592773,0.010561570525169373,-0.7473874688148499,-0.7484536170959473
5.477994441986084,-2.2035348415374756,0.12619733810424805,1.2451199293136597,-0.19787952303886414,-0.0036349392030388117,-5.560187339782715,2.409987688064575,5.200493812561035,2.160334825515747,-0.0042057037353515625,0.010494913905858994,-0.7473874688148499,-0.7484530806541443,0.3612939119338989,-0.46711963415145874,-2.307417631149292,-0.8607006072998047,-0.19787952303886414,-0.0036349392030388117,-0.5209931135177612,0.6925744414329529,2.6602210998535156,7.283945083618164,-0.0042057037353515625,0.010494913905858994,-0.7473874688148499,-0.7484530806541443
5.480100631713867,-2.1969640254974365,0.11999893188476562,1.1459022760391235,-0.19720470905303955,-0.003571926848962903,-5.57568883895874,2.413214683532715,5.653790473937988,2.2614212036132812,0.008006811141967773,0.010388537310063839,-0.7473874688148499,-0.7484526038169861,0.3624974489212036,-0.457373708486557,-2.2283780574798584,-1.0741195678710938,-0.19720470905303955,-0.003571926848962903,-0.533643901348114,0.6931397318840027,2.6253719329833984,8.016944885253906,0.008006811141967773,0.010388537310063839,-0.7473874688148499,-0.7484526038169861
5.482011318206787,-2.2180404663085938,-4.534918785095215,1.1492509841918945,-0.2166658341884613,-0.0036122254095971584,-5.589657306671143,2.4008846282958984,5.9198198318481445,6.204718589782715,0.06589186191558838,0.009923085570335388,-0.7473874688148499,-0.7484521865844727,0.36671727895736694,-0.4839206635951996,-2.435948371887207,-0.49745750427246094,-0.2166658341884613,-0.0036122254095971584,-0.5389698147773743,0.6740649938583374,2.607267379760742,7.916179656982422,0.06589186191558838,0.009923085570335388,-0.7473874688148499,-0.7484521865844727
5.483969688415527,-2.209135055541992,-0.6426757574081421,1.0831139087677002,-0.213548481464386,-0.0035461150109767914,-5.590794563293457,2.390450954437256,6.894445419311523,2.625732421875,0.04877161979675293,0.009888162836432457,-0.7473874688148499,-0.7484517693519592,0.36744222044944763,-0.4714972972869873,-2.320315361022949,-0.8434538841247559,-0.213548481464386,-0.0035461150109767914,-0.5403175354003906,0.6588666439056396,3.8250672817230225,1.8473596572875977,0.04877161979675293,0.009888162836432457,-0.7473874688148499,-0.7484517693519592
5.485910892486572,-2.20884108543396,-1.0345474481582642,1.0650675296783447,-0.2120065689086914,-0.003511867020279169,-5.603109359741211,2.416867256164551,3.725831985473633,0.7401845455169678,-0.07825720310211182,0.010167150758206844,-0.7473874688148499,-0.7484514713287354,0.36898523569107056,-0.47039884328842163,-2.32328200340271,-0.9054510593414307,-0.2120065689086914,-0.003511867020279169,-0.5546252131462097,0.6900622248649597,3.4248995780944824,3.7064342498779297,-0.07825720310211182,0.010167150758206844,-0.7473874688148499,-0.7484514713287354
5.4876389503479,-2.213912010192871,-3.79008150100708,1.0380959510803223,-0.21569973230361938,-0.0035013346932828426,-5.614598751068115,2.4240517616271973,3.7438530921936035,1.5203545093536377,-0.08223608136177063,0.009940116666257381,-0.7473874688148499,-0.7484511733055115,0.3710189759731293,-0.4764499366283417,-2.3660051822662354,-0.9198288917541504,-0.21569973230361938,-0.0035013346932828426,-0.5602074861526489,0.6965831518173218,2.7838478088378906,7.4072265625,-0.08223608136177063,0.009940116666257381,-0.7473874688148499,-0.7484511733055115
5.489396095275879,-2.214552640914917,-4.528166770935059,0.985548734664917,-0.21866175532341003,-0.0034774262458086014,-5.618723392486572,2.40443754196167,3.6841256618499756,2.8487634658813477,-0.06515634059906006,0.009274177253246307,-0.7473874688148499,-0.7484495043754578,0.37241029739379883,-0.47676628828048706,-2.3879852294921875,-0.9696686267852783,-0.21866175532341003,-0.0034774262458086014,-0.5530480146408081,0.6693837642669678,2.7075271606445312,8.59780502319336,-0.06515634059906006,0.009274177253246307,-0.7473874688148499,-0.7484495043754578
5.490843772888184,-2.2179183959960938,-4.520000457763672,0.9210010766983032,-0.22466152906417847,-0.003467707661911845,-5.616223335266113,2.400428056716919,3.8735623359680176,3.1022887229919434,-0.0725623220205307,0.009024574421346188,-0.7473874688148499,-0.7484475374221802,0.37393710017204285,-0.4807792603969574,-2.4058003425598145,-1.0097439289093018,-0.22466152906417847,-0.003467707661911845,-0.5478609800338745,0.6629018187522888,2.9474849700927734,8.179618835449219,-0.0725623220205307,0.009024574421346188,-0.7473874688148499,-0.7484475374221802
5.492185115814209,-2.217498302459717,-4.514023780822754,0.8644181489944458,-0.2277248501777649,-0.0034474695567041636,-5.614414691925049,2.415621280670166,4.058000087738037,3.0451698303222656,-0.09846681356430054,0.008983654901385307,-0.7473874688148499,-0.7484472990036011,0.3748857080936432,-0.47990724444389343,-2.3865139484405518,-1.102757453918457,-0.2277248501777649,-0.0034474695567041636,-0.5469989776611328,0.6810615658760071,2.789876937866211,8.785171508789062,-0.09846681356430054,0.008983654901385307,-0.7473874688148499,-0.7484472990036011
5.493432998657227,-2.215920925140381,-4.512089729309082,0.8453012704849243,-0.2277984768152237,-0.0034249608870595694,-5.613177299499512,2.424861431121826,3.9962871074676514,3.4975368976593018,-0.12098902463912964,0.008673259988427162,-0.7473874688148499,-0.7484474778175354,0.3755599558353424,-0.4775601327419281,-2.3673551082611084,-1.163301944732666,-0.2277984768152237,-0.0034249608870595694,-0.5420696139335632,0.6914706230163574,2.3055458068847656,10.166854858398438,-0.12098902463912964,0.008673259988427162,-0.7473874688148499,-0.7484474778175354
5.494512557983398,-2.216705322265625,-4.506437301635742,0.8378981351852417,-0.22824497520923615,-0.0034132967703044415,-5.608397006988525,2.423656702041626,3.786092758178711,4.104947090148926,-0.14081156253814697,0.008183642290532589,-0.7473874688148499,-0.7484476566314697,0.3763689696788788,-0.4783385992050171,-2.3751046657562256,-1.153883457183838,-0.22824497520923615,-0.0034132967703044415,-0.5313178300857544,0.6887226700782776,1.8882713317871094,10.957244873046875,-0.14081156253814697,0.008183642290532589,-0.7473874688148499,-0.7484476566314697
5.495454788208008,-2.216399669647217,-4.508095741271973,0.8446255922317505,-0.22689229249954224,-0.0034000289160758257,-5.5998029708862305,2.4250659942626953,3.560520887374878,4.427849769592285,-0.1688528060913086,0.007771428674459457,-0.7473874688148499,-0.748447835445404,0.376922607421875,-0.47772592306137085,-2.3798763751983643,-1.1886215209960938,-0.22689229249954224,-0.0034000289160758257,-0.5190889239311218,0.6896631717681885,1.5414237976074219,11.223541259765625,-0.1688528060913086,0.007771428674459457,-0.7473874688148499,-0.748447835445404
5.496204853057861,-2.2167277336120605,-4.509342193603516,0.8287776708602905,-0.22736293077468872,-0.0033908311743289232,-5.589504241943359,2.431389331817627,3.2887609004974365,4.628547668457031,-0.20417296886444092,0.007400001399219036,-0.7473874688148499,-0.7484479546546936,0.37738117575645447,-0.47798463702201843,-2.3868212699890137,-1.242033839225769,-0.22736293077468872,-0.0033908311743289232,-0.5064795017242432,0.6970762014389038,1.0880355834960938,11.654449462890625,-0.20417296886444092,0.007400001399219036,-0.7473874688148499,-0.7484479546546936
5.4968461990356445,-2.217355489730835,-4.516623020172119,0.8193352222442627,-0.22792553901672363,-0.0033851407933980227,-5.577719688415527,2.434887647628784,2.928164482116699,4.902892589569092,-0.23896241188049316,0.006950025446712971,-0.7473874688148499,-0.7484480738639832,0.3777526021003723,-0.47863534092903137,-2.4166390895843506,-1.2343363761901855,-0.22792553901672363,-0.0033851407933980227,-0.4914371967315674,0.7010189890861511,0.5651168823242188,12.152633666992188,-0.23896241188049316,0.006950025446712971,-0.7473874688148499,-0.7484480738639832
5.497315406799316,-2.2169225215911865,-4.533927917480469,0.8216543197631836,-0.22695553302764893,-0.003378991736099124,-5.563750743865967,2.434757709503174,2.5255000591278076,5.125874996185303,-0.2725067138671875,0.006457626353949308,-0.7473874688148499,-0.7484481334686279,0.3778819143772125,-0.4779258072376251,-2.4416885375976562,-1.2644404172897339,-0.22695553302764893,-0.003378991736099124,-0.4740448296070099,0.7005841135978699,0.09216690063476562,12.33636474609375,-0.2725067138671875,0.006457626353949308,-0.7473874688148499,-0.7484481334686279
5.497611045837402,-2.21665096282959,-4.551182746887207,0.8015605211257935,-0.2275252342224121,-0.0033766673877835274,-5.540473461151123,2.348137378692627,0.9720985889434814,7.027495384216309,-0.21285200119018555,0.005280852783471346,-0.7473874688148499,-0.7484482526779175,0.37797078490257263,-0.4774705469608307,-2.4569339752197266,-1.3340883255004883,-0.2275252342224121,-0.0033766673877835274,-0.434579074382782,0.5908572673797607,-1.3360176086425781,12.009994506835938,-0.21285200119018555,0.005280852783471346,-0.7473874688148499,-0.7484482526779175
5.497807502746582,-2.2138473987579346,-4.567364692687988,0.7650046348571777,-0.22735287249088287,-0.0033663781359791756,-4.726508140563965,2.1273155212402344,-2.7335057258605957,10.0865478515625,0.015012979507446289,0.004841687623411417,-0.7473874688148499,-0.7484483122825623,0.37764546275138855,-0.4737376868724823,-2.437623977661133,-1.4621206521987915,-0.22735287249088287,-0.0033663781359791756,-0.38287582993507385,0.3142251670360565,-3.7250938415527344,6.014923095703125,0.015012979507446289,0.004841687623411417,-0.7473874688148499,-0.7484483122825623
5.497830867767334,-2.218538284301758,-4.564952850341797,0.716867208480835,-0.2341463267803192,-0.003385083517059684,-5.471623420715332,2.1617231369018555,-4.3842949867248535,4.688673973083496,-0.13169622421264648,0.005972836632281542,-0.7473874688148499,-0.7484484314918518,0.3781414330005646,-0.47982561588287354,-2.4784140586853027,-1.3633801937103271,-0.2341463267803192,-0.003385083517059684,-0.3943816125392914,0.3670651316642761,-4.209743499755859,-4.107704162597656,-0.13169622421264648,0.005972836632281542,-0.7473874688148499,-0.7484484314918518
5.493422985076904,-2.0592617988586426,-4.031375885009766,3.7970094680786133,0.06743443012237549,-0.002875517588108778,-5.472675800323486,2.2642979621887207,-6.7198591232299805,2.302720308303833,-0.29365038871765137,0.006002761889249086,-0.7473874688148499,-0.7484484910964966,0.3590250611305237,-0.2742691934108734,-7.30708646774292,4.779555320739746,0.06743443012237549,-0.002875517588108778,-0.4024971127510071,0.5035228133201599,-8.315765380859375,0.2945556640625,-0.29365038871765137,0.006002761889249086,-0.7473874688148499,-0.7484484910964966
5.4830403327941895,-2.0539886951446533,-6.783727645874023,2.602299213409424,0.1829701066017151,-0.0034310605842620134,-5.468705177307129,2.184568405151367,-9.504373550415039,2.9588308334350586,-0.24012422561645508,0.005075946915894747,-0.7473874688148499,-0.7484485507011414,0.36583212018013,-0.27505388855934143,-6.746004104614258,-11.720714569091797,0.1829701066017151,-0.0034310605842620134,-0.37677472829818726,0.40597984194755554,-10.525630950927734,0.46910858154296875,-0.24012422561645508,0.005075946915894747,-0.7473874688148499,-0.7484485507011414
5.479548931121826,-2.0750837326049805,-8.687254905700684,-1.744290828704834,-0.29878270626068115,-0.00350989680737257,-5.456519603729248,2.1757304668426514,-11.01703929901123,1.199716567993164,-0.28766512870788574,0.00517742894589901,-0.7473874688148499,-0.7484485507011414,0.3665091097354889,-0.309341162443161,-10.319999694824219,-9.520858764648438,-0.29878270626068115,-0.00350989680737257,-0.3671056032180786,0.4006076157093048,-10.813398361206055,-3.642627716064453,-0.28766512870788574,0.00517742894589901,-0.7473874688148499,-0.7484485507011414
5.479931354522705,-2.023038148880005,-11.703899383544922,-0.4136674404144287,-0.22456121444702148,-0.0033414994832128286,-5.452581882476807,2.219846248626709,-12.080429077148438,-0.18908977508544922,-0.3726605176925659,0.005386242177337408,-0.7473874688148499,-0.7484486103057861,0.3585074543952942,-0.24506932497024536,-13.584991455078125,-5.8642730712890625,-0.22456121444702148,-0.0033414994832128286,-0.3658990263938904,0.46155625581741333,-11.97213363647461,-2.9662246704101562,-0.3726605176925659,0.005386242177337408,-0.7473874688148499,-0.7484486103057861
5.471024513244629,-1.9927035570144653,-13.450581550598145,-1.5219687223434448,-0.3024864196777344,-0.003428344614803791,-5.386665344238281,2.201080799102783,-13.03663158416748,-0.22168231010437012,-0.363842248916626,0.005213428754359484,-0.7473874688148499,-0.7484486699104309,0.3511519730091095,-0.21173597872257233,-13.90780258178711,-10.064933776855469,-0.3024864196777344,-0.003428344614803791,-0.3559949994087219,0.44115516543388367,-12.56938362121582,-2.583477020263672,-0.363842248916626,0.005213428754359484,-0.7473874688148499,-0.7484486699104309
5.466376781463623,-2.0567080974578857,-14.474660873413086,-2.659785270690918,-0.4484677314758301,-0.004073399119079113,-5.446725368499756,2.197753667831421,-13.374664306640625,-0.7846038341522217,-0.3757127523422241,0.005318782292306423,-0.7473874688148499,-0.7484486699104309,0.3564431071281433,-0.299065500497818,-14.974502563476562,-8.598175048828125,-0.4484677314758301,-0.004073399119079113,-0.35194024443626404,0.4406389892101288,-12.25186538696289,-3.847949981689453,-0.3757127523422241,0.005318782292306423,-0.7473874688148499,-0.7484486699104309
5.463816165924072,-2.0558485984802246,-15.227771759033203,-2.241351842880249,-0.45139288902282715,-0.004280413966625929,-5.445422649383545,2.215796709060669,-13.339057922363281,-1.2668519020080566,-0.4031010866165161,0.0053212461061775684,-0.7473874688148499,-0.7484487295150757,0.35340040922164917,-0.2994290590286255,-15.358684539794922,-7.230537414550781,-0.45139288902282715,-0.004280413966625929,-0.3490369915962219,0.466789186000824,-12.024215698242188,-3.6686363220214844,-0.4031010866165161,0.0053212461061775684,-0.7473874688148499,-0.7484487295150757
5.458116054534912,-2.0637474060058594,-15.205521583557129,-2.3405659198760986,-0.4798417091369629,-0.004611588083207607,-5.444659233093262,2.2159881591796875,-13.125008583068848,-1.2478299140930176,-0.3953704833984375,0.005261074285954237,-0.7473874688148499,-0.7484487295150757,0.3512883484363556,-0.31097590923309326,-14.692253112792969,-7.5297088623046875,-0.4798417091369629,-0.004611588083207607,-0.34488168358802795,0.46946120262145996,-11.558991432189941,-3.382671356201172,-0.3953704833984375,0.005261074285954237,-0.7473874688148499,-0.7484487295150757
5.45359468460083,-2.0946238040924072,-14.633147239685059,-2.342714309692383,-0.5075173377990723,-0.005115633364766836,-5.443619251251221,2.2201039791107178,-12.61940860748291,-1.3126044273376465,-0.39030253887176514,0.0052482797764241695,-0.7473874688148499,-0.7484487891197205,0.3536659777164459,-0.3511331379413605,-13.899547576904297,-6.362236022949219,-0.5075173377990723,-0.005115633364766836,-0.34207552671432495,0.476897269487381,-10.731473922729492,-3.5917015075683594,-0.39030253887176514,0.0052482797764241695,-0.7473874688148499,-0.7484487891197205
