0,1,0,0,0,0,0.001,0.002,-0.005,-0.006,-0.001,0.003,-0.023,0.022,0.029,0.03,0.008,0.006,-0.007,0.046,-0.018,0,0.004,0.002,0,0,0,0.001,0,-0.002,0,0,0,0,0,0.001,0,0,0.029,-0.054,-0.16,-0.105,-2.9,-0.334,-0.09,0.01,0.005,-4.396,0.711,-0.476
0,1,0,0,0,0,0,-0.001,-0.005,-0.006,-0.001,0.003,-0.023,0.022,0.029,0.03,0.008,0.006,-0.007,0.046,-0.018,0,0.004,0.002,0,0,0.001,0,0,0,0,0,0,0,0,0,0,0,0.029,-0.054,-0.16,-0.105,-2.897,-0.334,-0.089,0.009,0.004,-4.392,0.711,-0.476
0,1,0,0,0,0,-0.001,0.002,-0.005,-0.006,-0.001,0.003,-0.023,0.022,0.029,0.031,0.008,0.006,-0.007,0.046,-0.018,0,0.004,0.002,0,0,0,-0.001,0,0,0,0,0,0,0,0,0,0,0.029,-0.054,-0.161,-0.106,-2.896,-0.335,-0.09,0.01,0.004,-4.393,0.71,-0.475
0,1,0,0,0,0,-0.001,0.002,-0.005,-0.006,-0.001,0.003,-0.023,0.022,0.029,0.031,0.008,0.006,-0.007,0.046,-0.018,0,0.004,0.002,0,0,0,-0.001,0,0,0,0,0,0,0,0,0,0,0.029,-0.054,-0.16,-0.106,-2.895,-0.335,-0.09,0.009,0.004,-4.394,0.712,-0.477
0,1,0,0,0,-0.001,0.001,0.002,-0.005,-0.006,-0.001,0.003,-0.023,0.022,0.029,0.031,0.008,0.006,-0.007,0.047,-0.018,0,0.004,0.002,0,0,0,0,0,0,0,0,0,0,0,0,0,0,0.029,-0.054,-0.16,-0.106,-2.895,-0.335,-0.09,0.009,0.004,-4.394,0.712,-0.477
0,1,0,0,0,-0.001,0.001,0.002,-0.005,-0.006,-0.001,0.003,-0.023,0.022,0.029,0.031,0.008,0.006,-0.007,0.047,-0.018,0,0.004,0.002,0,0,0,0,0,0,0,0,0,0,0,0,0,0,0.029,-0.054,-0.16,-0.106,-2.896,-0.335,-0.09,0.01,0.004,-4.392,0.711,-0.476
0,1,0,0,0,0,-0.001,-0.003,-0.005,-0.006,-0.001,0.003,-0.023,0.022,0.029,0.03,0.008,0.006,-0.007,0.046,-0.018,0,0.004,0.002,0,0,0,-0.001,0,-0.002,0,0,0,-0.001,0,0.002,0,0,0.029,-0.054,-0.16,-0.106,-2.896,-0.335,-0.089,0.009,0.004,-4.391,0.711,-0.476
0,1,0,0,0,0.001,-0.001,-0.001,-0.005,-0.006,-0.001,0.003,-0.023,0.022,0.029,0.03,0.008,0.006,-0.007,0.047,-0.017,0,0.004,0.002,0,0,0.001,0,0,-0.002,0,0,0,0,0.001,0.002,0,0,0.028,-0.054,-0.161,-0.104,-2.902,-0.334,-0.09,0.011,0.004,-4.399,0.709,-0.474
0,1,0,0,0,0,0,0.002,-0.005,-0.006,-0.001,0.003,-0.024,0.022,0.029,0.03,0.008,0.006,-0.007,0.046,-0.017,0,0.004,0.002,0,0,0,-0.001,0,0.001,0,0,0,0.001,0,0.001,0,0,0.029,-0.054,-0.162,-0.104,-2.901,-0.333,-0.09,0.01,0.004,-4.402,0.71,-0.476
0,1,0,0,0,-0.002,-0.002,-0.002,-0.005,-0.006,-0.001,0.003,-0.023,0.022,0.029,0.03,0.008,0.006,-0.007,0.046,-0.017,0,0.004,0.002,0,0,0,0,0,0,0,0,0,-0.001,0,-0.001,0,0,0.03,-0.054,-0.16,-0.105,-2.901,-0.333,-0.09,0.009,0.004,-4.406,0.711,-0.476
0,1,0,0,0,0,0.002,0.001,-0.005,-0.006,-0.001,0.003,-0.023,0.022,0.029,0.03,0.008,0.006,-0.007,0.047,-0.017,0,0.004,0.002,0,0,0,0,0,0.001,0,0,0,0,0,-0.001,0,0,0.027,-0.054,-0.162,-0.105,-2.909,-0.333,-0.09,0.009,0.005,-4.42,0.708,-0.473
0,1,0,0,0,-0.002,0.001,0.001,-0.005,-0.006,-0.001,0.003,-0.024,0.022,0.029,0.03,0.008,0.006,-0.007,0.047,-0.018,0,0.004,0.002,0,0,0,0,0,0,0,0,-0.001,-0.001,0,0,0,0,0.03,-0.054,-0.16,-0.106,-2.905,-0.333,-0.09,0.009,0.005,-4.412,0.71,-0.475
0,1,0,0,0,0.002,0.002,-0.001,-0.005,-0.006,-0.001,0.003,-0.023,0.022,0.029,0.03,0.008,0.006,-0.007,0.046,-0.018,0,0.004,0.002,0,0,0,0,0,-0.001,0,0,0,0,0,0.001,0,0,0.028,-0.054,-0.16,-0.106,-2.909,-0.333,-0.09,0.009,0.005,-4.414,0.709,-0.474
0,1,0,0,0,0.002,0.002,-0.001,-0.005,-0.006,-0.001,0.003,-0.023,0.022,0.029,0.03,0.008,0.006,-0.007,0.046,-0.018,0,0.004,0.002,0,0,0,0,0,0,0,0,-0.001,0,0,-0.001,0,0,0.029,-0.054,-0.161,-0.104,-2.903,-0.334,-0.09,0.011,0.005,-4.405,0.71,-0.475
0,1,0,0,0,0.002,0.002,-0.001,-0.005,-0.006,-0.001,0.003,-0.023,0.022,0.029,0.03,0.008,0.006,-0.007,0.046,-0.018,0,0.004,0.002,0,0,0,0,0,0,0,0,-0.001,0,0,-0.001,0,0,0.03,-0.054,-0.161,-0.105,-2.895,-0.335,-0.09,0.011,0.005,-4.394,0.71,-0.475
0,1,0,0,0,-0.001,-0.002,-0.001,-0.005,-0.007,-0.001,0.003,-0.023,0.022,0.029,0.03,0.008,0.006,-0.007,0.046,-0.017,0,0.004,0.002,0,0,0,0,0,-0.001,0,0,0,0,0,0,0,0,0.03,-0.054,-0.161,-0.105,-2.892,-0.335,-0.089,0.011,0.005,-4.386,0.71,-0.475
0,1,0,0,0,-0.002,-0.003,0.001,-0.005,-0.007,-0.001,0.003,-0.023,0.022,0.029,0.03,0.008,0.006,-0.007,0.046,-0.017,0,0.004,0.002,0,0,0,0.001,0,0.001,0,0,0,0,0,0,0,0,0.028,-0.054,-0.162,-0.105,-2.904,-0.333,-0.09,0.009,0.004,-4.404,0.709,-0.474
0,1,0,0,0,-0.003,0,0.001,-0.005,-0.007,-0.001,0.003,-0.023,0.022,0.029,0.03,0.008,0.006,-0.007,0.046,-0.018,0,0.004,0.002,0,0,0,-0.001,0,0,0,0,-0.001,0,0,0,0,0,0.028,-0.054,-0.161,-0.105,-2.913,-0.332,-0.09,0.007,0.005,-4.427,0.709,-0.475
0,1,0,0,0,0,-0.002,-0.001,-0.005,-0.007,-0.001,0.003,-0.023,0.022,0.029,0.03,0.008,0.006,-0.007,0.046,-0.017,0,0.004,0.002,0,0,0,0.001,0,0,0,0,0,0,0,0,0,0,0.029,-0.054,-0.159,-0.106,-2.918,-0.332,-0.09,0.008,0.006,-4.429,0.709,-0.474
0,1,0,0,0,0,-0.002,0.001,-0.005,-0.007,-0.001,0.003,-0.023,0.022,0.029,0.03,0.008,0.006,-0.008,0.046,-0.018,0,0.004,0.002,0,0,0.001,0,0,0,0,0,0,-0.001,0,0,0,0,0.027,-0.054,-0.162,-0.105,-2.919,-0.333,-0.09,0.008,0.004,-4.441,0.709,-0.475
0,1,0,0,0,0.002,0,0,-0.005,-0.007,-0.001,0.003,-0.023,0.022,0.029,0.03,0.008,0.006,-0.007,0.046,-0.018,0,0.004,0.002,0,0,0,0,0,0,0,0,0,-0.001,0,-0.001,0,0,0.029,-0.054,-0.16,-0.104,-2.919,-0.332,-0.09,0.007,0.005,-4.447,0.71,-0.475
0,1,0,0,0,0,0,0,-0.005,-0.007,-0.001,0.003,-0.023,0.022,0.029,0.03,0.008,0.006,-0.007,0.046,-0.017,0,0.004,0.002,0,0,0.001,0,0,0,0,0,0,0,0,-0.001,0,0,0.029,-0.054,-0.16,-0.104,-2.915,-0.333,-0.09,0.009,0.004,-4.445,0.71,-0.476
0,1,0,0,0,0,0,0,-0.005,-0.007,-0.001,0.003,-0.023,0.022,0.029,0.03,0.008,0.006,-0.007,0.046,-0.017,0,0.004,0.002,0,0,0.001,0,0,0,0,0,0,0,0,-0.001,0,0,0.029,-0.054,-0.16,-0.104,-2.917,-0.332,-0.09,0.008,0.005,-4.441,0.71,-0.475
0,1,0,0,0,0,0.001,0.001,-0.005,-0.007,-0.001,0.003,-0.023,0.022,0.029,0.03,0.008,0.006,-0.007,0.047,-0.017,0,0.004,0.002,0,0,0.001,0,0,0,0,0,0.001,0,0,0.001,0,0,0.028,-0.054,-0.16,-0.105,-2.918,-0.333,-0.09,0.008,0.005,-4.442,0.71,-0.475
0,1,0,0,0,0,0,-0.001,-0.005,-0.007,-0.001,0.003,-0.023,0.022,0.029,0.03,0.008,0.006,-0.007,0.046,-0.017,0,0.004,0.002,0,0,0,0,0,0,0,0,0,0,0,0,0,0,0.03,-0.054,-0.159,-0.105,-2.918,-0.333,-0.09,0.009,0.005,-4.435,0.71,-0.475
0,1,0,0,0,0,0.002,0.002,-0.005,-0.007,-0.001,0.003,-0.023,0.022,0.029,0.03,0.008,0.006,-0.007,0.047,-0.017,0,0.004,0.002,0,0,0,0,0,0,0,0,0,0.001,0,0,0,0,0.028,-0.054,-0.16,-0.104,-2.919,-0.333,-0.09,0.009,0.004,-4.438,0.71,-0.475
0,1,0,0,0,0.001,-0.001,0,-0.005,-0.007,-0.001,0.003,-0.023,0.022,0.029,0.03,0.008,0.006,-0.007,0.047,-0.017,0,0.004,0.002,0,0,0,0,0,0,0,0,0,0,0,0,0,0,0.03,-0.054,-0.159,-0.105,-2.916,-0.332,-0.09,0.008,0.005,-4.431,0.711,-0.475
0,1,0,0,0,-0.002,0,0.001,-0.005,-0.007,-0.001,0.003,-0.024,0.022,0.029,0.03,0.008,0.006,-0.007,0.047,-0.017,0,0.004,0.002,0,0,-0.001,-0.001,0,0,0,0,-0.001,0,0,0,0,0,0.028,-0.054,-0.161,-0.104,-2.917,-0.333,-0.09,0.009,0.004,-4.441,0.71,-0.476
0,1,0,0,0,0.001,0.001,-0.001,-0.005,-0.007,-0.001,0.003,-0.023,0.022,0.029,0.03,0.008,0.006,-0.007,0.046,-0.017,0,0.004,0.002,0,0,0,0,0,-0.001,0,0,0,0,0,0,0,0,0.029,-0.054,-0.159,-0.105,-2.924,-0.331,-0.09,0.007,0.005,-4.447,0.71,-0.474
0,1,0,0,0,0.001,0.001,-0.001,-0.005,-0.007,-0.001,0.003,-0.023,0.022,0.029,0.03,0.008,0.006,-0.007,0.046,-0.017,0,0.004,0.002,0,0,0,0,0,0.001,0,0,0,0.002,0,0,0,0,0.027,-0.054,-0.16,-0.104,-2.923,-0.333,-0.09,0.009,0.005,-4.446,0.71,-0.475
0,1,0,0,0,0,0,0,-0.005,-0.007,-0.001,0.003,-0.024,0.022,0.029,0.03,0.008,0.006,-0.008,0.046,-0.017,0,0.004,0.002,0,0,0.001,0.001,0,0,0,0,0,-0.001,0,0,0,0,0.03,-0.054,-0.16,-0.105,-2.92,-0.333,-0.09,0.009,0.005,-4.439,0.71,-0.475
0,1,0,0,0,0.002,0.001,0.002,-0.005,-0.007,-0.001,0.003,-0.024,0.022,0.029,0.03,0.008,0.006,-0.007,0.047,-0.017,0,0.004,0.002,0,0,0,0,0,0,0,0,0,0,0,0,0,0,0.029,-0.054,-0.16,-0.104,-2.919,-0.333,-0.09,0.008,0.004,-4.44,0.71,-0.475
0,1,0,0,0,0.002,0.001,0.002,-0.005,-0.007,-0.001,0.003,-0.023,0.022,0.029,0.03,0.008,0.006,-0.007,0.046,-0.017,0,0.004,0.002,0,0,0.001,0,0,0,0,0,-0.001,0,0,0,0,0,0.03,-0.054,-0.159,-0.104,-2.915,-0.333,-0.09,0.009,0.004,-4.436,0.711,-0.476
0,1,0,0,0,0,0.001,0.002,-0.005,-0.007,-0.001,0.003,-0.023,0.022,0.029,0.03,0.008,0.006,-0.007,0.046,-0.017,0,0.004,0.002,0,0,0.001,-0.001,0,0,0,0,0,0,0,0,0,0,0.029,-0.054,-0.159,-0.104,-2.911,-0.334,-0.09,0.009,0.004,-4.43,0.712,-0.477
0,1,0,0,0,0.001,0.002,0,-0.005,-0.007,-0.001,0.003,-0.023,0.022,0.029,0.03,0.008,0.006,-0.007,0.046,-0.017,0,0.004,0.002,0,0,0,0,0,0,0,0,0,0.001,0,0,0,0,0.03,-0.054,-0.159,-0.105,-2.913,-0.334,-0.09,0.009,0.004,-4.424,0.711,-0.476
0,1,0,0,0,0.003,0,-0.002,-0.005,-0.007,-0.001,0.003,-0.023,0.022,0.029,0.03,0.008,0.006,-0.007,0.047,-0.017,0,0.004,0.002,0,0,0,-0.001,0,-0.001,0,0,0,0,0,0,0,0,0.029,-0.054,-0.159,-0.105,-2.91,-0.334,-0.09,0.011,0.004,-4.416,0.711,-0.476
0,1,0,0,0,0.003,0,0.001,-0.005,-0.007,-0.001,0.003,-0.024,0.022,0.029,0.03,0.008,0.006,-0.007,0.046,-0.017,0,0.004,0.002,0,0,0,0,0,0,0,0,0,0,0,0.001,0,0,0.029,-0.054,-0.161,-0.104,-2.908,-0.334,-0.09,0.011,0.003,-4.418,0.711,-0.477
0,1,0,0,0,0,0.002,0.001,-0.005,-0.007,-0.001,0.003,-0.023,0.022,0.029,0.03,0.008,0.006,-0.008,0.046,-0.018,0,0.004,0.002,0,0,0,0,0,0,0,0,-0.001,0.001,0,0,0,0,0.03,-0.054,-0.16,-0.104,-2.905,-0.334,-0.09,0.01,0.003,-4.419,0.712,-0.477
0,1,0,0,0,0,0.002,0.001,-0.005,-0.007,-0.001,0.003,-0.023,0.022,0.029,0.03,0.008,0.006,-0.007,0.047,-0.017,0,0.004,0.002,0,0,0,0,0,0,0,0,0,-0.001,0,0,0,0,0.029,-0.054,-0.159,-0.105,-2.906,-0.334,-0.09,0.009,0.005,-4.412,0.711,-0.475
0,1,0,0,0,0,0.003,-0.001,-0.005,-0.007,-0.001,0.003,-0.023,0.022,0.029,0.03,0.008,0.006,-0.007,0.046,-0.017,0,0.004,0.002,0,0,-0.001,0,0,0,0,0,0.001,0,0,0,0,0,0.029,-0.054,-0.16,-0.104,-2.909,-0.334,-0.09,0.01,0.005,-4.414,0.711,-0.476
0,1,0,0,0,0.001,0.002,-0.002,-0.005,-0.007,-0.001,0.003,-0.023,0.022,0.029,0.03,0.008,0.006,-0.007,0.046,-0.018,0,0.004,0.002,0,0,-0.001,0,0,0,0,0,0,0,0,0,0,0,0.029,-0.054,-0.16,-0.104,-2.908,-0.334,-0.09,0.011,0.005,-4.41,0.71,-0.475
0,1,0,0,0,0.001,0.002,0.003,-0.005,-0.007,-0.001,0.003,-0.023,0.022,0.029,0.03,0.008,0.006,-0.008,0.047,-0.018,0,0.004,0.002,0,0,0,0,0,0,0,0,0,0,0,0,0,0,0.029,-0.054,-0.161,-0.104,-2.904,-0.334,-0.09,0.011,0.004,-4.404,0.71,-0.475
0,1,0,0,0,0.001,0,0.001,-0.005,-0.007,-0.001,0.003,-0.023,0.022,0.029,0.03,0.008,0.006,-0.008,0.046,-0.018,0,0.004,0.002,0,0,0,0,0,-0.001,0,0,-0.001,0,0,0,0,0,0.03,-0.054,-0.16,-0.105,-2.902,-0.334,-0.089,0.009,0.004,-4.406,0.712,-0.477
0,1,0,0,0,0.001,0.004,0,-0.005,-0.007,-0.001,0.003,-0.023,0.022,0.029,0.03,0.008,0.006,-0.007,0.046,-0.017,0,0.004,0.002,0,0,0,0,0,0,0,0,0,0,0,0.001,0,0,0.028,-0.054,-0.16,-0.104,-2.903,-0.335,-0.09,0.01,0.004,-4.413,0.711,-0.476
0,1,0,0,0,0.002,0.001,-0.002,-0.005,-0.007,-0.001,0.003,-0.023,0.022,0.029,0.03,0.008,0.006,-0.007,0.047,-0.018,0,0.004,0.002,0,0,0,0.001,0,0.001,0,0,-0.001,0,0,-0.001,0,0,0.031,-0.054,-0.158,-0.104,-2.902,-0.334,-0.089,0.012,0.005,-4.395,0.711,-0.475
0,1,0,0,0,-0.001,0.001,0,-0.005,-0.007,-0.001,0.003,-0.023,0.022,0.029,0.03,0.008,0.006,-0.007,0.047,-0.018,0,0.004,0.002,0,0,0,0,0,0.001,0,0,0,0,0,0,0,0,0.028,-0.054,-0.162,-0.105,-2.897,-0.335,-0.09,0.012,0.004,-4.397,0.71,-0.476
0,1,0,0,0,0.003,0.001,0.001,-0.005,-0.007,-0.001,0.003,-0.023,0.022,0.029,0.03,0.008,0.006,-0.007,0.047,-0.018,0,0.004,0.002,0,0,0,0,0,0,0,0,-0.001,0,0,0,0,0,0.03,-0.054,-0.16,-0.105,-2.904,-0.334,-0.09,0.009,0.005,-4.399,0.71,-0.475
0,1,0,0,0,0.003,0.001,0.001,-0.005,-0.007,-0.001,0.003,-0.023,0.022,0.029,0.03,0.008,0.006,-0.007,0.047,-0.018,0,0.004,0.002,0,0,0,0,0,0,0,0,-0.001,0,0,0,0,0,0.028,-0.054,-0.16,-0.105,-2.897,-0.335,-0.09,0.011,0.004,-4.401,0.712,-0.478
0,1,0,0,0,0,0.003,-0.001,-0.005,-0.007,-0.001,0.003,-0.023,0.022,0.029,0.03,0.008,0.006,-0.007,0.046,-0.018,0,0.004,0.002,0,0,0,0,0,0,0,0,0,0,0,0,0,0,0.03,-0.054,-0.16,-0.105,-2.893,-0.336,-0.09,0.011,0.003,-4.397,0.713,-0.478
0,1,0,0,0,0,0.003,-0.001,-0.005,-0.007,-0.001,0.003,-0.023,0.022,0.029,0.03,0.008,0.006,-0.007,0.046,-0.018,0,0.004,0.002,0,0,0,0,0,0,0,0,0,0,0,0,0,0,0.03,-0.054,-0.16,-0.105,-2.895,-0.335,-0.089,0.012,0.005,-4.383,0.71,-0.475
0,1,0,0,0,0.003,0.002,0.001,-0.005,-0.007,-0.001,0.003,-0.023,0.022,0.029,0.03,0.008,0.006,-0.007,0.047,-0.018,0,0.004,0.002,0,0,0,0,0,0,0,0,0,0.001,0,0,0,0,0.03,-0.054,-0.161,-0.105,-2.895,-0.335,-0.089,0.012,0.005,-4.377,0.71,-0.475
0,1,0,0,0,0.001,0.001,0.001,-0.005,-0.007,0,0.003,-0.023,0.022,0.029,0.03,0.008,0.006,-0.007,0.047,-0.018,0,0.004,0.002,0,0,0.001,0,0,0,0,0,0,-0.001,0,0,0,0,0.029,-0.054,-0.161,-0.105,-2.888,-0.336,-0.089,0.012,0.003,-4.375,0.713,-0.478
0,1,0,0,0,-0.003,0.001,-0.001,-0.005,-0.007,0,0.003,-0.024,0.022,0.029,0.03,0.008,0.006,-0.007,0.047,-0.018,0,0.004,0.002,0,0,0.001,0,0,0,0,0,0.001,0.001,0,0.001,0,0,0.03,-0.054,-0.161,-0.105,-2.885,-0.336,-0.089,0.011,0.003,-4.373,0.712,-0.477
0,1,0,0,0,-0.001,0,0,-0.005,-0.007,0,0.003,-0.023,0.022,0.029,0.031,0.008,0.006,-0.007,0.046,-0.018,0,0.004,0.002,0,0,0.001,0,0,0,0,0,0,0,0,0,0,0,0.029,-0.054,-0.161,-0.106,-2.894,-0.335,-0.089,0.011,0.005,-4.369,0.709,-0.474
0,1,0,0,0,0,0.002,0,-0.005,-0.006,0,0.003,-0.023,0.022,0.029,0.031,0.008,0.006,-0.007,0.046,-0.018,0,0.004,0.002,0.001,0,0.001,0,0,0,0,0,0,0,0,0,0,0,0.028,-0.054,-0.162,-0.106,-2.895,-0.335,-0.089,0.01,0.005,-4.379,0.71,-0.476
0,1,0,0,0,-0.001,0.001,0,-0.005,-0.006,0,0.003,-0.023,0.022,0.029,0.031,0.008,0.006,-0.007,0.046,-0.018,0,0.004,0.002,0.001,0,0,0,0,0,0,0,0.001,0.001,0,0.001,0,0,0.03,-0.054,-0.16,-0.106,-2.892,-0.335,-0.089,0.011,0.004,-4.374,0.711,-0.476
0,1,0,0,0,0.001,-0.001,0,-0.005,-0.006,0,0.003,-0.023,0.022,0.029,0.031,0.008,0.006,-0.008,0.046,-0.018,0,0.004,0.002,0,0,-0.001,0,0,0,0,0,-0.001,0.001,0,0,0,0,0.029,-0.054,-0.161,-0.106,-2.894,-0.335,-0.089,0.011,0.004,-4.374,0.71,-0.475
0,1,0,0,0,0.001,0,0.002,-0.005,-0.006,0,0.003,-0.023,0.022,0.029,0.031,0.008,0.006,-0.007,0.046,-0.018,0,0.004,0.002,0,0,0,0,0,0,0,0,0,0,0,0,0,0,0.028,-0.054,-0.161,-0.106,-2.891,-0.335,-0.09,0.01,0.004,-4.384,0.711,-0.477
0,1,0,0,0,0,0.001,-0.001,-0.005,-0.006,0,0.003,-0.023,0.022,0.029,0.031,0.008,0.006,-0.007,0.047,-0.018,0,0.004,0.002,0,0,0,0,0,0,0,0,0,0,0,0,0,0,0.03,-0.054,-0.16,-0.106,-2.891,-0.335,-0.089,0.01,0.004,-4.384,0.712,-0.477
0,1,0,0,0,-0.001,-0.001,0,-0.005,-0.006,0,0.003,-0.023,0.022,0.029,0.031,0.008,0.006,-0.007,0.047,-0.018,0,0.004,0.002,0,0,0,0,0,0,0,0,0,-0.001,0,0,0,0,0.029,-0.054,-0.161,-0.106,-2.89,-0.336,-0.09,0.012,0.004,-4.374,0.711,-0.475
0,1,0,0,0,0,0,-0.003,-0.005,-0.006,0,0.003,-0.023,0.022,0.029,0.031,0.008,0.006,-0.007,0.047,-0.018,0,0.004,0.002,0,0,0,-0.001,0,0,0,0,0,0,0,0,0,0,0.029,-0.054,-0.162,-0.106,-2.893,-0.335,-0.089,0.01,0.004,-4.383,0.711,-0.476
0,1,0,0,0,-0.001,0,-0.002,-0.005,-0.006,0,0.003,-0.023,0.022,0.029,0.031,0.008,0.006,-0.007,0.047,-0.018,0,0.004,0.002,0,0,0,-0.001,0,0,0,0,0.001,0.001,0,0,0,0,0.029,-0.054,-0.162,-0.105,-2.896,-0.335,-0.09,0.012,0.005,-4.386,0.709,-0.474
0,1,0,0,0,-0.001,0,-0.001,-0.005,-0.006,0,0.003,-0.023,0.022,0.029,0.031,0.008,0.006,-0.007,0.046,-0.018,0,0.004,0.002,0,0,-0.001,0,0,-0.001,0,0,0,0,0,0.001,0,0,0.029,-0.054,-0.162,-0.106,-2.897,-0.334,-0.089,0.01,0.004,-4.387,0.71,-0.475
0,1,0,0,0,-0.003,-0.002,-0.002,-0.005,-0.006,0,0.003,-0.023,0.022,0.029,0.03,0.008,0.006,-0.007,0.047,-0.018,0,0.004,0.002,0,0,0,0.001,0,0,0,0,0,0,0,0.001,0,0,0.028,-0.054,-0.161,-0.105,-2.9,-0.334,-0.09,0.01,0.005,-4.396,0.709,-0.475
0,1,0,0,0,-0.001,0,-0.003,-0.005,-0.006,0,0.003,-0.023,0.022,0.029,0.03,0.008,0.006,-0.007,0.047,-0.018,0,0.004,0.002,0,0,0,0.001,0,0.001,0,0,-0.001,0,0,-0.001,0,0,0.028,-0.054,-0.162,-0.105,-2.907,-0.333,-0.09,0.008,0.005,-4.409,0.707,-0.473
0,1,0,0,0,-0.001,0,-0.003,-0.005,-0.006,0,0.003,-0.023,0.022,0.029,0.03,0.008,0.006,-0.007,0.047,-0.018,0,0.004,0.002,0,0,0,0.001,0,0.001,0,0,-0.001,0,0,-0.001,0,0,0.028,-0.054,-0.162,-0.106,-2.905,-0.334,-0.09,0.01,0.006,-4.409,0.708,-0.474
0,1,0,0,0,0,0,0.001,-0.005,-0.006,0,0.003,-0.023,0.022,0.029,0.031,0.008,0.006,-0.007,0.047,-0.018,0,0.004,0.002,0,0,0,0.001,0,0,0,0,0,0,0,0,0,0,0.029,-0.054,-0.162,-0.107,-2.905,-0.334,-0.09,0.01,0.005,-4.406,0.709,-0.475
0,1,0,0,0,0.001,-0.001,0,-0.005,-0.006,0,0.003,-0.023,0.022,0.029,0.031,0.008,0.006,-0.007,0.047,-0.018,0,0.004,0.002,0,0,0,0,0,0,0,0,0,-0.001,0,0,0,0,0.029,-0.054,-0.161,-0.106,-2.904,-0.333,-0.09,0.009,0.004,-4.411,0.711,-0.476
0,1,0,0,0,0.001,-0.001,0,-0.005,-0.006,0,0.003,-0.023,0.022,0.029,0.031,0.008,0.006,-0.007,0.047,-0.018,0,0.004,0.002,0,0,0,-0.002,0,0,0,0,0,0,0,0,0,0,0.029,-0.054,-0.161,-0.105,-2.902,-0.335,-0.09,0.01,0.004,-4.412,0.71,-0.476
0,1,0,0,0,0,-0.003,-0.002,-0.005,-0.006,0,0.003,-0.024,0.022,0.029,0.031,0.008,0.006,-0.007,0.047,-0.018,0,0.004,0.002,0,0,0,0,0,0,0,0,0,0,0,0.001,0,0,0.029,-0.054,-0.161,-0.105,-2.902,-0.334,-0.09,0.009,0.004,-4.413,0.711,-0.476
0,1,0,0,0,0.001,-0.002,0.001,-0.005,-0.006,0,0.003,-0.023,0.022,0.029,0.031,0.008,0.006,-0.007,0.047,-0.018,0,0.004,0.002,0,0,0,0,0,0,0,0,0,0,0,0,0,0,0.028,-0.054,-0.162,-0.104,-2.906,-0.334,-0.09,0.008,0.004,-4.424,0.71,-0.475
0,1,0,0,0,-0.001,0.001,0.004,-0.005,-0.007,0,0.003,-0.023,0.022,0.029,0.031,0.008,0.006,-0.007,0.046,-0.018,0,0.004,0.002,0,0,0,0.001,0,0,0,0,0,0.001,0,0,0,0,0.029,-0.054,-0.161,-0.105,-2.904,-0.334,-0.09,0.008,0.004,-4.426,0.711,-0.476
0,1,0,0,0,0.001,0.001,0,-0.005,-0.007,0,0.003,-0.023,0.022,0.029,0.031,0.008,0.006,-0.007,0.047,-0.018,0,0.004,0.002,0,0,0,-0.001,0,0,0,0,0,-0.001,0,0,0,0,0.029,-0.054,-0.159,-0.106,-2.902,-0.334,-0.09,0.008,0.004,-4.416,0.712,-0.476
0,1,0,0,0,0.001,0.001,0,-0.005,-0.007,0,0.003,-0.023,0.022,0.029,0.031,0.008,0.006,-0.007,0.047,-0.018,0,0.004,0.002,0,0,0,-0.001,0,0,0,0,0,0.001,0,0,0,0,0.028,-0.054,-0.16,-0.105,-2.902,-0.335,-0.09,0.011,0.004,-4.411,0.711,-0.476
0,1,0,0,0,0,0.001,0.002,-0.005,-0.007,0,0.003,-0.023,0.022,0.029,0.031,0.008,0.006,-0.007,0.047,-0.018,0,0.004,0.002,0,0,0,0,0,0,0,0,0.001,0,0,0,0,0,0.029,-0.054,-0.16,-0.105,-2.898,-0.335,-0.09,0.01,0.004,-4.402,0.712,-0.477
0,1,0,0,0,0,0.001,0.002,-0.005,-0.007,0,0.003,-0.023,0.022,0.029,0.031,0.008,0.006,-0.007,0.047,-0.018,0,0.004,0.002,0,0,0,0,0,0,0,0,0.001,0,0,0,0,0,0.029,-0.054,-0.16,-0.105,-2.896,-0.335,-0.089,0.01,0.004,-4.396,0.712,-0.477
0,1,0,0,0,0.002,0,0,-0.005,-0.007,0,0.003,-0.023,0.022,0.029,0.031,0.008,0.006,-0.007,0.047,-0.018,0,0.004,0.002,0,0,0,-0.001,0,0,0,0,0,0,0,0,0,0,0.029,-0.054,-0.16,-0.105,-2.894,-0.335,-0.089,0.01,0.004,-4.392,0.712,-0.477
0,1,0,0,0,0,0,-0.003,-0.005,-0.007,0,0.003,-0.024,0.022,0.029,0.031,0.008,0.006,-0.007,0.046,-0.018,0,0.004,0.002,0,0,-0.001,0.001,0,0,0,0,0,-0.001,0,0,0,0,0.028,-0.054,-0.161,-0.105,-2.89,-0.337,-0.09,0.011,0.003,-4.392,0.712,-0.478
0,1,0,0,0,0,0.001,-0.002,-0.005,-0.007,0,0.003,-0.023,0.022,0.029,0.031,0.008,0.006,-0.007,0.047,-0.018,0,0.004,0.002,0,0,0,0,0,0,0,0,0,0.001,0,0,0,0,0.029,-0.054,-0.161,-0.104,-2.895,-0.335,-0.09,0.011,0.004,-4.394,0.709,-0.474
0,1,0,0,0,-0.001,0,0.003,-0.005,-0.007,0,0.003,-0.023,0.022,0.029,0.031,0.008,0.006,-0.007,0.047,-0.018,0,0.004,0.002,0,0,-0.001,0,0,0,0,0,-0.001,-0.001,0,0,0,0,0.029,-0.054,-0.161,-0.105,-2.896,-0.335,-0.09,0.011,0.005,-4.389,0.709,-0.475
0,1,0,0,0,0,-0.001,-0.001,-0.005,-0.007,0,0.003,-0.023,0.022,0.029,0.031,0.008,0.006,-0.007,0.047,-0.018,0,0.004,0.002,0,0,0,0,0,0,0,0,0,0,0,0,0,0,0.028,-0.054,-0.161,-0.106,-2.9,-0.334,-0.089,0.008,0.004,-4.404,0.711,-0.477
0,1,0,0,0,-0.002,-0.001,0.002,-0.005,-0.007,0,0.003,-0.023,0.022,0.029,0.031,0.008,0.006,-0.007,0.047,-0.018,0,0.004,0.002,0,0,0,0,0,0,0,0,0,-0.001,0,0,0,0,0.028,-0.054,-0.161,-0.105,-2.905,-0.335,-0.09,0.01,0.004,-4.413,0.71,-0.475
0,1,0,0,0,-0.001,0.001,-0.003,-0.005,-0.007,0,0.003,-0.023,0.022,0.029,0.031,0.008,0.006,-0.007,0.047,-0.018,0,0.004,0.002,0,0,-0.001,0,0,0,0,0,0,0,0,0,0,0,0.029,-0.054,-0.16,-0.105,-2.908,-0.333,-0.09,0.007,0.004,-4.425,0.71,-0.476
0,1,0,0,0,0.001,-0.001,0.002,-0.005,-0.007,0,0.003,-0.023,0.022,0.029,0.031,0.008,0.006,-0.007,0.047,-0.018,0,0.004,0.002,0,0,-0.001,0,0,0,0,0,0,0,0,0,0,0,0.028,-0.054,-0.16,-0.104,-2.911,-0.334,-0.09,0.011,0.005,-4.421,0.708,-0.473
0,1,0,0,0,-0.001,0,0.001,-0.005,-0.007,0,0.003,-0.023,0.022,0.029,0.031,0.008,0.006,-0.007,0.046,-0.018,0,0.004,0.002,0,0,0,0,0,0,0,0,-0.001,0,0,0,0,0,0.029,-0.054,-0.161,-0.105,-2.908,-0.333,-0.09,0.007,0.004,-4.433,0.711,-0.478
0,1,0,0,0,0.001,0,0,-0.005,-0.007,0,0.003,-0.023,0.022,0.029,0.03,0.008,0.006,-0.007,0.047,-0.018,0,0.004,0.002,0,0,0,0,0,0,0,0,0,0,0,0,0,0,0.028,-0.054,-0.159,-0.105,-2.911,-0.334,-0.09,0.008,0.005,-4.432,0.71,-0.475
0,1,0,0,0,0,0.001,0.001,-0.005,-0.007,0,0.003,-0.023,0.022,0.029,0.03,0.008,0.006,-0.007,0.047,-0.018,0,0.004,0.002,0,0,0,0,0,0,0,0,0,0,0,0,0,0,0.028,-0.054,-0.161,-0.105,-2.91,-0.334,-0.09,0.009,0.004,-4.43,0.711,-0.476
0,1,0,0,0,0.001,-0.002,0,-0.005,-0.007,0,0.003,-0.023,0.022,0.029,0.03,0.008,0.006,-0.007,0.046,-0.018,0,0.004,0.002,0,0,0,0,0,0,0,0,0,0,0,0,0,0,0.029,-0.054,-0.16,-0.104,-2.908,-0.334,-0.09,0.009,0.004,-4.425,0.711,-0.476
0,1,0,0,0,0.001,-0.001,-0.002,-0.005,-0.007,0,0.003,-0.024,0.022,0.029,0.03,0.008,0.006,-0.008,0.046,-0.018,0,0.004,0.002,0,0,0,0,0,-0.001,0,0,0,0.001,0,0,0,0,0.028,-0.054,-0.161,-0.104,-2.909,-0.335,-0.09,0.009,0.003,-4.434,0.711,-0.476
0,1,0,0,0,-0.001,0.001,-0.001,-0.005,-0.007,0,0.003,-0.024,0.022,0.029,0.03,0.008,0.006,-0.007,0.047,-0.018,0,0.004,0.002,0,0,0,0,0,0,0,0,-0.001,-0.001,0,0,0,0,0.028,-0.054,-0.161,-0.103,-2.912,-0.334,-0.09,0.009,0.004,-4.438,0.71,-0.475
0,1,0,0,0,0.002,0,0,-0.005,-0.007,0,0.003,-0.023,0.022,0.029,0.03,0.008,0.006,-0.007,0.047,-0.018,0,0.004,0.002,0,0,0,0,0,0,0,0,0,0,0,0,0,0,0.028,-0.054,-0.16,-0.104,-2.912,-0.334,-0.09,0.009,0.005,-4.43,0.709,-0.474
0,1,0,0,0,0.002,0,0,-0.005,-0.007,0,0.003,-0.023,0.022,0.029,0.03,0.008,0.006,-0.007,0.047,-0.018,0,0.004,0.002,0,0,0,0,0,0,0,0,0,0,0,0,0,0,0.028,-0.054,-0.161,-0.105,-2.908,-0.335,-0.09,0.009,0.004,-4.43,0.711,-0.477
0,1,0,0,0,0,-0.001,0.002,-0.005,-0.007,0,0.003,-0.023,0.022,0.029,0.03,0.008,0.006,-0.007,0.047,-0.018,-0.001,0.004,0.002,0,0,0,0,0,0,0,0,0,0,0,0,0,0,0.028,-0.054,-0.16,-0.105,-2.906,-0.335,-0.09,0.01,0.004,-4.426,0.712,-0.476
0,1,0,0,0,0,-0.001,0.002,-0.005,-0.007,0,0.003,-0.023,0.022,0.029,0.03,0.008,0.006,-0.007,0.047,-0.018,-0.001,0.004,0.002,0,0,0,0,0,0,0,0,0,0,0,0,0,0,0.028,-0.054,-0.16,-0.105,-2.911,-0.334,-0.09,0.007,0.004,-4.435,0.711,-0.476
0,1,0,0,0,-0.001,0.001,0.001,-0.005,-0.007,0,0.003,-0.023,0.022,0.029,0.03,0.008,0.006,-0.007,0.047,-0.018,0,0.004,0.002,0,0,0.001,0,0,0,0,0,0,0,0,0,0,0,0.027,-0.054,-0.16,-0.105,-2.914,-0.334,-0.09,0.008,0.004,-4.444,0.711,-0.476
0,1,0,0,0,0.001,0.001,-0.001,-0.005,-0.007,0,0.003,-0.024,0.022,0.029,0.03,0.008,0.006,-0.007,0.047,-0.018,0,0.004,0.002,0,0,-0.001,-0.001,0,0,0,0,0,0,0,0.001,0,0,0.028,-0.054,-0.159,-0.105,-2.914,-0.334,-0.09,0.008,0.005,-4.436,0.711,-0.475
0,1,0,0,0,-0.002,-0.001,-0.004,-0.005,-0.007,0,0.003,-0.023,0.022,0.029,0.03,0.008,0.006,-0.007,0.047,-0.018,0,0.004,0.002,0,0,0,0,0,0,0,0,0.001,0.001,0,0,0,0,0.028,-0.054,-0.16,-0.104,-2.913,-0.335,-0.09,0.01,0.004,-4.432,0.711,-0.475
0,1,0,0,0,-0.001,0,0.001,-0.005,-0.007,0,0.003,-0.023,0.022,0.029,0.03,0.008,0.006,-0.007,0.047,-0.018,0,0.004,0.002,0,0,0,0,0,0,0,0,0,0,0,0,0,0,0.028,-0.054,-0.161,-0.104,-2.92,-0.333,-0.09,0.008,0.005,-4.437,0.708,-0.473
0,1,0,0,0,0,0.001,0.002,-0.005,-0.007,0,0.003,-0.023,0.022,0.029,0.03,0.008,0.006,-0.007,0.047,-0.018,0,0.004,0.002,0,0,0,0,0,0,0,0,0,0,0,0,0,0,0.028,-0.054,-0.16,-0.105,-2.917,-0.333,-0.09,0.008,0.005,-4.441,0.71,-0.476
0,1,0,0,0,0.001,0.001,-0.001,-0.005,-0.007,0,0.003,-0.023,0.022,0.029,0.03,0.008,0.006,-0.008,0.047,-0.018,0,0.004,0.002,0,0,0.001,0,0,0,0,0,0,0,0,0,0,0,0.028,-0.054,-0.159,-0.105,-2.914,-0.334,-0.09,0.009,0.004,-4.437,0.711,-0.476
0,1,0,0,0,-0.001,-0.002,0,-0.005,-0.007,0,0.003,-0.023,0.022,0.029,0.03,0.008,0.006,-0.008,0.047,-0.018,0,0.004,0.002,0,0,-0.001,0,0,0,0,0,0.001,0,0,0,0,0,0.028,-0.054,-0.16,-0.104,-2.91,-0.335,-0.09,0.01,0.004,-4.426,0.711,-0.476
0,1,0,0,0,0.002,0,0,-0.005,-0.007,0,0.003,-0.023,0.022,0.029,0.03,0.008,0.006,-0.007,0.047,-0.018,0,0.004,0.002,0,0,-0.001,-0.001,0,0,0,0,-0.001,0,0,0,0,0,0.028,-0.054,-0.161,-0.104,-2.918,-0.333,-0.09,0.007,0.004,-4.441,0.709,-0.475
0,1,0,0,0,-0.002,-0.002,-0.002,-0.005,-0.007,0,0.003,-0.023,0.022,0.029,0.03,0.008,0.006,-0.007,0.046,-0.018,0,0.004,0.002,0,0,0,-0.001,0,-0.001,0,0,-0.001,-0.001,0,0.002,0,0,0.028,-0.054,-0.16,-0.104,-2.913,-0.334,-0.09,0.01,0.004,-4.441,0.711,-0.476
0,1,0,0,0,0,-0.001,0,-0.005,-0.007,0,0.003,-0.023,0.022,0.029,0.03,0.008,0.006,-0.007,0.047,-0.018,0,0.004,0.002,0,0,0,0.001,0,0,0,0,0,0,0,-0.001,0,0,0.028,-0.054,-0.16,-0.104,-2.925,-0.332,-0.09,0.007,0.005,-4.451,0.709,-0.474
0,1,0,0,0,0.001,0.001,0.001,-0.005,-0.007,0,0.003,-0.023,0.022,0.029,0.03,0.008,0.006,-0.007,0.047,-0.018,0,0.004,0.002,0,0,0,0.001,0,-0.001,0,0,0,0,0,0.001,0,0,0.027,-0.054,-0.161,-0.104,-2.922,-0.333,-0.09,0.007,0.005,-4.458,0.709,-0.475
0,1,0,0,0,-0.003,0.001,0,-0.005,-0.007,0,0.003,-0.024,0.022,0.029,0.03,0.008,0.006,-0.007,0.047,-0.018,0,0.004,0.002,0,0,0,0.001,0,0.001,0,0,0,0,0,0,0,0,0.028,-0.054,-0.159,-0.104,-2.921,-0.333,-0.09,0.008,0.005,-4.451,0.711,-0.476
0,1,0,0,0,0,-0.001,-0.003,-0.005,-0.007,0,0.003,-0.023,0.022,0.029,0.03,0.008,0.006,-0.007,0.046,-0.018,0,0.004,0.002,0,0,0,0,0,0,0,0,0,0,0,-0.001,0,0,0.029,-0.054,-0.16,-0.105,-2.924,-0.333,-0.09,0.007,0.006,-4.446,0.709,-0.473
0,1,0,0,0,-0.003,0,0.003,-0.005,-0.007,0,0.003,-0.023,0.022,0.029,0.03,0.008,0.006,-0.007,0.047,-0.018,0,0.004,0.002,0,0,0,0,0,0,0,0,-0.001,0,0,-0.001,0,0,0.027,-0.054,-0.161,-0.104,-2.924,-0.333,-0.09,0.009,0.005,-4.453,0.709,-0.475
0,1,0,0,0,0.001,-0.001,-0.002,-0.005,-0.007,0,0.003,-0.023,0.022,0.029,0.03,0.008,0.006,-0.007,0.047,-0.018,0,0.004,0.002,0,0,0,0,0,0,0,0,0,0,0,0,0,0,0.029,-0.054,-0.159,-0.105,-2.928,-0.331,-0.09,0.006,0.006,-4.459,0.71,-0.475
0,1,0,0,0,0.001,-0.001,-0.002,-0.005,-0.007,0,0.003,-0.023,0.022,0.029,0.03,0.008,0.006,-0.007,0.047,-0.018,0,0.004,0.002,0,0,0.001,0,0,0,0,0,0,0,0,-0.001,0,0,0.026,-0.054,-0.161,-0.104,-2.928,-0.333,-0.09,0.009,0.005,-4.463,0.709,-0.474
0,1,0,0,0,-0.001,0.003,0,-0.005,-0.007,0,0.003,-0.023,0.022,0.029,0.03,0.008,0.006,-0.007,0.047,-0.018,0,0.004,0.002,0,0,0,0,0,0.001,0,0,-0.001,0,0,0,0,0,0.029,-0.054,-0.161,-0.103,-2.925,-0.332,-0.09,0.008,0.004,-4.46,0.71,-0.475
0,1,0,0,0,0.002,0.002,-0.003,-0.005,-0.007,0,0.003,-0.023,0.022,0.029,0.03,0.008,0.006,-0.007,0.047,-0.018,0,0.004,0.002,0,0,0,0,0,0,0,0,0,0,0,0,0,0,0.029,-0.054,-0.158,-0.104,-2.923,-0.333,-0.09,0.009,0.006,-4.444,0.709,-0.474
0,1,0,0,0,0.001,0.001,-0.003,-0.005,-0.007,0,0.003,-0.023,0.022,0.029,0.03,0.008,0.006,-0.007,0.047,-0.018,0,0.004,0.002,0,0,0,0,0,0,0,0,0,0,0,0,0,0,0.028,-0.054,-0.161,-0.104,-2.917,-0.334,-0.09,0.011,0.005,-4.437,0.71,-0.475
0,1,0,0,0,0.001,0.002,-0.001,-0.005,-0.007,0,0.003,-0.023,0.022,0.029,0.03,0.008,0.006,-0.007,0.047,-0.018,0,0.004,0.002,0,0,0.001,0,0,0,0,0,0,0,0,0,0,0,0.029,-0.054,-0.16,-0.104,-2.915,-0.333,-0.09,0.01,0.005,-4.43,0.709,-0.474
0,1,0,0,0,0,0,-0.004,-0.005,-0.007,0,0.003,-0.023,0.022,0.029,0.03,0.008,0.006,-0.007,0.047,-0.018,0,0.004,0.002,0,0,0.001,0,0,0,0,0,0,0,0,0,0,0,0.029,-0.054,-0.16,-0.104,-2.911,-0.334,-0.09,0.01,0.005,-4.424,0.71,-0.475
0,1,0,0,0,0.001,0.001,0,-0.005,-0.007,0,0.003,-0.023,0.022,0.029,0.03,0.008,0.006,-0.007,0.047,-0.018,0,0.004,0.002,0,0,0.001,0,0,0,0,0,-0.001,0.001,0,0,0,0,0.028,-0.054,-0.162,-0.104,-2.914,-0.334,-0.09,0.01,0.004,-4.427,0.709,-0.475
0,1,0,0,0,0.001,0.001,0,-0.005,-0.007,0,0.003,-0.023,0.022,0.029,0.03,0.008,0.006,-0.007,0.047,-0.018,0,0.004,0.002,0,0,0.001,0,0,0,0,0,-0.001,0.001,0,0,0,0,0.029,-0.054,-0.16,-0.105,-2.91,-0.334,-0.09,0.01,0.005,-4.421,0.711,-0.476
0,1,0,0,0,-0.004,0.002,0,-0.005,-0.007,0,0.003,-0.023,0.022,0.029,0.03,0.008,0.006,-0.007,0.047,-0.018,0,0.004,0.002,0,0,0,0,0,0,0,0,0.001,0,0,0,0,0,0.028,-0.054,-0.16,-0.105,-2.908,-0.335,-0.09,0.01,0.004,-4.416,0.711,-0.476
0,1,0,0,0,0.001,0.002,0,-0.005,-0.007,0,0.003,-0.023,0.022,0.029,0.03,0.008,0.006,-0.007,0.047,-0.018,0,0.004,0.002,0,0,0.001,-0.001,0,-0.001,0,0,0,0,0,0,0,0,0.029,-0.054,-0.159,-0.105,-2.917,-0.333,-0.09,0.009,0.006,-4.417,0.709,-0.474
0,1,0,0,0,-0.002,0.001,-0.004,-0.005,-0.007,0,0.003,-0.023,0.022,0.029,0.03,0.008,0.006,-0.007,0.046,-0.018,0,0.004,0.002,0,0,0,0,0,0.001,0,0,0,0,0,0,0,0,0.028,-0.054,-0.16,-0.105,-2.91,-0.334,-0.09,0.01,0.005,-4.417,0.711,-0.477
0,1,0,0,0,0,0,0.001,-0.005,-0.007,0,0.003,-0.023,0.022,0.029,0.03,0.008,0.006,-0.007,0.047,-0.018,0,0.004,0.002,0,0,0,0,0,0.001,0,0,0,0,0,0,0,0,0.029,-0.054,-0.16,-0.104,-2.914,-0.334,-0.09,0.011,0.005,-4.413,0.708,-0.473
0,1,0,0,0,0.001,0.002,0.001,-0.005,-0.007,0,0.003,-0.023,0.022,0.029,0.03,0.008,0.006,-0.007,0.047,-0.018,0,0.004,0.002,0,0,0,0.001,0,0,0,0,0,0,0,0,0,0,0.029,-0.054,-0.161,-0.105,-2.912,-0.333,-0.09,0.008,0.005,-4.423,0.711,-0.477
0,1,0,0,0,-0.001,0,0.001,-0.005,-0.007,0,0.003,-0.023,0.022,0.029,0.03,0.008,0.006,-0.007,0.047,-0.018,0,0.004,0.002,0,0,0,0.001,0,0,0,0,0,0,0,0,0,0,0.029,-0.054,-0.159,-0.104,-2.909,-0.334,-0.09,0.01,0.005,-4.418,0.711,-0.475
0,1,0,0,0,-0.001,0,0.001,-0.005,-0.007,0,0.003,-0.023,0.022,0.029,0.03,0.008,0.006,-0.007,0.047,-0.018,0,0.004,0.002,0,0,0,0.001,0,0,0,0,0,0,0,0,0,0,0.029,-0.054,-0.16,-0.105,-2.911,-0.333,-0.09,0.008,0.004,-4.425,0.711,-0.476
0,1,0,0,0,0,0.002,-0.002,-0.005,-0.007,0,0.003,-0.023,0.022,0.029,0.03,0.008,0.006,-0.007,0.047,-0.018,0,0.004,0.002,0,0,0.001,0,0,0,0,0,0,0,0,0,0,0,0.028,-0.054,-0.159,-0.105,-2.914,-0.334,-0.09,0.009,0.005,-4.431,0.71,-0.475
0,1,0,0,0,0,0.002,-0.002,-0.005,-0.007,0,0.003,-0.023,0.022,0.029,0.03,0.008,0.006,-0.007,0.047,-0.018,0,0.004,0.002,0,0,0.001,0,0,0,0,0,0,0,0,0,0,0,0.029,-0.054,-0.16,-0.105,-2.91,-0.334,-0.09,0.011,0.005,-4.416,0.71,-0.475
0,1,0,0,0,0.002,0.001,0.002,-0.005,-0.007,0,0.003,-0.023,0.022,0.029,0.03,0.008,0.006,-0.007,0.047,-0.018,0,0.004,0.002,0,0,0,0.001,0,0,0,0,0,0,0,0,0,0,0.029,-0.054,-0.16,-0.105,-2.906,-0.334,-0.09,0.011,0.005,-4.404,0.711,-0.475
0,1,0,0,0,0.003,0.001,-0.004,-0.005,-0.007,0,0.003,-0.023,0.022,0.029,0.03,0.008,0.006,-0.007,0.046,-0.018,0,0.004,0.002,0,0,0,0,0,0,0,0,0,0,0,0.001,0,0,0.029,-0.054,-0.161,-0.105,-2.902,-0.335,-0.09,0.01,0.003,-4.41,0.712,-0.478
0,1,0,0,0,-0.001,0.001,0.001,-0.005,-0.007,0,0.003,-0.023,0.022,0.029,0.03,0.008,0.006,-0.007,0.046,-0.018,0,0.004,0.002,0,0,0,0,0,0,0,0,0,-0.001,0,0.001,0,0,0.029,-0.054,-0.161,-0.103,-2.901,-0.336,-0.09,0.013,0.003,-4.405,0.71,-0.475
0,1,0,0,0,-0.001,0.001,0.001,-0.005,-0.007,0,0.003,-0.023,0.022,0.029,0.03,0.008,0.006,-0.007,0.046,-0.018,0,0.004,0.002,0,0,0,0,0,0,0,0,0,-0.001,0,0.001,0,0,0.03,-0.054,-0.16,-0.104,-2.905,-0.333,-0.089,0.009,0.005,-4.408,0.71,-0.475
0,1,0,0,0,-0.002,0.001,0.003,-0.005,-0.007,0,0.003,-0.023,0.022,0.029,0.03,0.008,0.006,-0.007,0.047,-0.018,0,0.004,0.002,0,0,-0.001,0,0,0,0,0,0,0.001,0,0,0,0,0.028,-0.054,-0.16,-0.104,-2.911,-0.334,-0.09,0.01,0.005,-4.416,0.71,-0.475
0,1,0,0,0,-0.002,0.001,0.003,-0.005,-0.007,0,0.003,-0.023,0.022,0.029,0.03,0.008,0.006,-0.007,0.047,-0.018,0,0.004,0.002,0,0,0,0,0,0,0,0,0,0,0,0,0,0,0.029,-0.054,-0.16,-0.106,-2.914,-0.333,-0.09,0.007,0.005,-4.426,0.711,-0.476
0,1,0,0,0,0,0.002,0.002,-0.005,-0.007,0,0.003,-0.023,0.022,0.029,0.03,0.008,0.006,-0.007,0.046,-0.018,0,0.004,0.002,0,0,0,0,0,0,0,0,0,-0.001,0,0,0,0,0.028,-0.054,-0.159,-0.105,-2.917,-0.333,-0.09,0.008,0.005,-4.433,0.711,-0.476
0,1,0,0,0,0,0,-0.001,-0.005,-0.007,0,0.003,-0.023,0.022,0.029,0.03,0.008,0.006,-0.008,0.047,-0.018,0,0.004,0.002,0,0,0,0,0,0,0,0,0,0,0,0,0,0,0.029,-0.054,-0.159,-0.105,-2.914,-0.334,-0.09,0.009,0.004,-4.431,0.711,-0.476
0,1,0,0,0,0,0,0,-0.005,-0.007,0,0.003,-0.023,0.022,0.029,0.03,0.008,0.006,-0.007,0.047,-0.018,0,0.004,0.002,0,0,0,0,0,0,0,0,0,0.001,0,0,0,0,0.028,-0.054,-0.161,-0.104,-2.914,-0.334,-0.09,0.009,0.004,-4.433,0.71,-0.475
0,1,0,0,0,0,0,0,-0.005,-0.007,0,0.003,-0.023,0.022,0.029,0.03,0.008,0.006,-0.007,0.047,-0.018,0,0.004,0.002,0,0,0,0,0,0,0,0,0.001,0.001,0,0,0,0,0.029,-0.054,-0.16,-0.104,-2.915,-0.333,-0.09,0.008,0.005,-4.436,0.71,-0.475
0,1,0,0,0,-0.001,0,-0.001,-0.005,-0.007,0,0.003,-0.023,0.022,0.029,0.03,0.008,0.006,-0.007,0.046,-0.018,0,0.004,0.002,0,0,0,0,0,0,0,0,0,0,0,0,0,0,0.028,-0.054,-0.16,-0.105,-2.917,-0.333,-0.09,0.008,0.004,-4.439,0.71,-0.475
0,1,0,0,0,-0.001,0,-0.001,-0.005,-0.007,0,0.003,-0.023,0.022,0.029,0.03,0.008,0.006,-0.007,0.047,-0.018,0,0.004,0.002,0,0,0,0.001,0,0,0,0,0,0,0,0.001,0,0,0.028,-0.054,-0.16,-0.105,-2.919,-0.333,-0.09,0.008,0.005,-4.44,0.709,-0.474
0,1,0,0,0,-0.001,-0.002,-0.005,-0.005,-0.007,0,0.003,-0.023,0.022,0.029,0.03,0.008,0.006,-0.007,0.046,-0.018,0,0.004,0.002,0,0,-0.001,0,0,0,0,0,-0.001,0,0,-0.001,0,0,0.028,-0.054,-0.16,-0.105,-2.921,-0.333,-0.09,0.008,0.005,-4.442,0.709,-0.474
0,1,0,0,0,-0.001,0.001,0.002,-0.005,-0.007,0,0.003,-0.023,0.022,0.029,0.03,0.008,0.006,-0.007,0.047,-0.018,0,0.004,0.002,0,0,0.001,0,0,0,0,0,-0.001,0,0,0,0,0,0.028,-0.054,-0.162,-0.104,-2.922,-0.333,-0.09,0.009,0.005,-4.449,0.707,-0.473
0,1,0,0,0,0.001,0,-0.003,-0.005,-0.007,0,0.003,-0.023,0.022,0.029,0.03,0.008,0.006,-0.007,0.047,-0.018,0,0.004,0.002,0,0,0.001,0,0,0,0,0,0,0,0,0,0,0,0.03,-0.054,-0.159,-0.105,-2.919,-0.332,-0.09,0.007,0.006,-4.439,0.71,-0.475
0,1,0,0,0,0.001,-0.001,0.003,-0.005,-0.007,0,0.003,-0.023,0.022,0.029,0.03,0.008,0.006,-0.007,0.047,-0.018,0,0.004,0.002,0,0,0.001,0,0,0,0,0,0,0,0,0,0,0,0.027,-0.054,-0.161,-0.105,-2.918,-0.334,-0.09,0.01,0.004,-4.44,0.709,-0.474
0,1,0,0,0,-0.002,0.001,0,-0.005,-0.007,0,0.003,-0.023,0.022,0.029,0.03,0.008,0.006,-0.007,0.047,-0.018,0,0.004,0.002,0,0,0,0,0,0,0,0,0,0,0,0,0,0,0.029,-0.054,-0.16,-0.105,-2.914,-0.333,-0.09,0.007,0.004,-4.441,0.712,-0.478
0,1,0,0,0,0,-0.001,0.001,-0.005,-0.007,0,0.003,-0.023,0.022,0.029,0.03,0.008,0.006,-0.007,0.047,-0.018,0,0.004,0.002,0,0,0,0,0,0,0,0,0,0,0,-0.001,0,0,0.028,-0.054,-0.159,-0.105,-2.917,-0.334,-0.09,0.009,0.005,-4.432,0.71,-0.474
0,1,0,0,0,-0.001,0.002,0,-0.005,-0.007,0,0.003,-0.023,0.022,0.029,0.03,0.008,0.006,-0.007,0.047,-0.018,0,0.004,0.002,0,0,0,0.001,0,0,0,0,0,-0.001,0,0,0,0,0.028,-0.054,-0.161,-0.105,-2.913,-0.333,-0.09,0.008,0.004,-4.436,0.711,-0.477
0,1,0,0,0,-0.001,0.002,0,-0.005,-0.007,0,0.003,-0.024,0.022,0.029,0.03,0.008,0.006,-0.007,0.047,-0.018,0,0.004,0.002,0,0,0,0,0,0,0,0,0,0.001,0,0,0,0,0.029,-0.054,-0.159,-0.105,-2.913,-0.334,-0.09,0.01,0.005,-4.424,0.71,-0.474
0,1,0,0,0,0.001,0,0,-0.005,-0.007,0,0.003,-0.023,0.022,0.029,0.03,0.008,0.006,-0.007,0.047,-0.018,0,0.004,0.002,0,0,0,0,0,0,0,0,0,0,0,0.001,0,0,0.029,-0.054,-0.16,-0.105,-2.91,-0.334,-0.09,0.009,0.005,-4.414,0.71,-0.475
0,1,0,0,0,0,-0.001,-0.002,-0.005,-0.007,0,0.003,-0.023,0.022,0.029,0.03,0.008,0.006,-0.007,0.047,-0.018,0,0.004,0.002,0,0,0,0,0,0,0,0,0,0,0,0,0,0,0.028,-0.054,-0.161,-0.105,-2.909,-0.334,-0.09,0.009,0.004,-4.42,0.711,-0.476
0,1,0,0,0,0,-0.001,-0.002,-0.005,-0.007,0,0.003,-0.023,0.022,0.029,0.03,0.008,0.006,-0.007,0.046,-0.018,0,0.004,0.002,0,0,0,0,0,0,0,0,0,0,0,0,0,0,0.028,-0.054,-0.161,-0.104,-2.912,-0.334,-0.09,0.009,0.004,-4.427,0.709,-0.475
0,1,0,0,0,0,0.002,0.001,-0.005,-0.007,0,0.003,-0.023,0.022,0.029,0.03,0.008,0.006,-0.007,0.047,-0.018,0,0.004,0.002,0,0,-0.001,0,0,0,0,0,0.001,0.001,0,0,0,0,0.028,-0.054,-0.161,-0.104,-2.915,-0.333,-0.09,0.009,0.004,-4.432,0.709,-0.475
0,1,0,0,0,0,0.002,0.001,-0.005,-0.007,0,0.003,-0.023,0.022,0.029,0.03,0.008,0.006,-0.007,0.047,-0.018,0,0.004,0.002,0,0,-0.001,0,0,0,0,0,0.001,0.001,0,0,0,0,0.029,-0.054,-0.16,-0.105,-2.913,-0.333,-0.09,0.009,0.005,-4.426,0.71,-0.475
0,1,0,0,0,-0.001,-0.002,-0.002,-0.005,-0.007,0,0.003,-0.023,0.022,0.029,0.03,0.008,0.006,-0.007,0.047,-0.018,0,0.004,0.002,0,0,0,0.001,0,0,0,0,0,0,0,0,0,0,0.029,-0.054,-0.16,-0.105,-2.911,-0.334,-0.09,0.009,0.005,-4.422,0.71,-0.475
0,1,0,0,0,0,-0.002,0,-0.005,-0.007,0,0.003,-0.023,0.022,0.029,0.03,0.008,0.006,-0.007,0.047,-0.018,0,0.004,0.002,0,0,0,0,0,0,0,0,-0.001,-0.002,0,0,0,0,0.027,-0.054,-0.162,-0.104,-2.917,-0.333,-0.09,0.008,0.004,-4.438,0.709,-0.474
0,1,0,0,0,0,0.001,0,-0.005,-0.007,0,0.003,-0.023,0.022,0.029,0.03,0.008,0.006,-0.007,0.047,-0.018,0,0.004,0.002,0,0,0,0,0,0,0,0,0,0,0,0,0,0,0.029,-0.054,-0.161,-0.104,-2.918,-0.332,-0.09,0.007,0.005,-4.448,0.709,-0.475
0,1,0,0,0,0,0.003,-0.001,-0.005,-0.007,0,0.003,-0.023,0.022,0.029,0.03,0.008,0.006,-0.007,0.047,-0.018,0,0.004,0.002,0,0,0,0,0,0,0,0,0,0,0,0,0,0,0.029,-0.054,-0.16,-0.104,-2.918,-0.333,-0.09,0.009,0.005,-4.442,0.709,-0.474
0,1,0,0,0,0,-0.001,0,-0.005,-0.007,0,0.003,-0.023,0.022,0.029,0.03,0.008,0.006,-0.007,0.047,-0.018,0,0.004,0.002,0,0,0,0,0,0,0,0,0,0,0,0,0,0,0.029,-0.054,-0.16,-0.104,-2.915,-0.333,-0.09,0.01,0.005,-4.429,0.71,-0.474
0,1,0,0,0,-0.001,-0.002,0.002,-0.005,-0.007,0,0.003,-0.023,0.022,0.029,0.03,0.008,0.006,-0.007,0.047,-0.018,0,0.004,0.002,0,0,0,0,0,0,0,0,0,0,0,0,0,0,0.028,-0.054,-0.161,-0.104,-2.916,-0.333,-0.09,0.008,0.004,-4.44,0.71,-0.476
0,1,0,0,0,0,0,0,-0.005,-0.007,0,0.003,-0.023,0.022,0.029,0.03,0.008,0.006,-0.007,0.047,-0.018,0,0.004,0.002,0,0,0.001,0,0,0,0,0,0,0.001,0,0,0,0,0.028,-0.054,-0.16,-0.104,-2.919,-0.333,-0.09,0.007,0.004,-4.452,0.711,-0.476
0,1,0,0,0,-0.001,0.003,0.001,-0.005,-0.007,0,0.003,-0.023,0.022,0.029,0.03,0.008,0.006,-0.007,0.046,-0.018,0,0.004,0.002,0,0,-0.001,0,0,0,0,0,0,0.001,0,0,0,0,0.028,-0.054,-0.16,-0.105,-2.918,-0.334,-0.09,0.008,0.004,-4.445,0.71,-0.475
0,1,0,0,0,0.002,-0.002,0.001,-0.005,-0.007,0,0.003,-0.023,0.022,0.029,0.03,0.008,0.006,-0.007,0.047,-0.018,0,0.004,0.002,0,0,0,0,0,0,0,0,0,0.001,0,0.001,0,0,0.029,-0.054,-0.159,-0.105,-2.917,-0.333,-0.09,0.009,0.006,-4.431,0.71,-0.474
0,1,0,0,0,0.002,-0.002,0.001,-0.005,-0.007,0,0.003,-0.023,0.022,0.029,0.03,0.008,0.006,-0.007,0.047,-0.018,0,0.004,0.002,0,0,0,0,0,0,0,0,0,0.001,0,0.001,0,0,0.027,-0.054,-0.161,-0.105,-2.913,-0.334,-0.09,0.008,0.003,-4.441,0.712,-0.478
0,1,0,0,0,-0.002,0,-0.001,-0.005,-0.007,0,0.003,-0.023,0.022,0.029,0.03,0.008,0.006,-0.007,0.046,-0.018,0,0.004,0.002,0,0,0,0,0,0,0,0,0,0,0,-0.001,0,0,0.029,-0.054,-0.159,-0.104,-2.911,-0.335,-0.09,0.009,0.002,-4.44,0.713,-0.477
0,1,0,0,0,0.001,0.001,0,-0.005,-0.007,0,0.003,-0.024,0.022,0.029,0.03,0.008,0.006,-0.007,0.047,-0.018,0,0.004,0.002,0,0,0,0,0,0,0,0,0,0,0,0,0,0,0.028,-0.054,-0.16,-0.104,-2.917,-0.334,-0.09,0.008,0.004,-4.441,0.709,-0.473
0,1,0,0,0,0.001,0.001,0,-0.005,-0.007,0,0.003,-0.023,0.022,0.029,0.03,0.008,0.006,-0.007,0.047,-0.018,0,0.004,0.002,0,0,0,0,0,0,0,0,0,0,0,-0.001,0,0,0.028,-0.054,-0.16,-0.104,-2.915,-0.333,-0.09,0.009,0.005,-4.438,0.71,-0.475
0,1,0,0,0,0.001,-0.004,-0.001,-0.005,-0.007,0,0.003,-0.023,0.022,0.029,0.03,0.008,0.006,-0.007,0.047,-0.018,0,0.004,0.002,0,0,0,0,0,0,0,0,0,0,0,0.001,0,0,0.028,-0.054,-0.16,-0.104,-2.912,-0.334,-0.09,0.01,0.004,-4.433,0.711,-0.477
0,1,0,0,0,0,-0.001,0,-0.005,-0.007,0,0.003,-0.023,0.022,0.029,0.03,0.008,0.006,-0.008,0.047,-0.018,0,0.004,0.002,0,0,0.001,0,0,0,0,0,0,0,0,0,0,0,0.027,-0.054,-0.162,-0.104,-2.917,-0.334,-0.09,0.008,0.003,-4.449,0.711,-0.476
0,1,0,0,0,0.001,-0.001,-0.001,-0.005,-0.007,0,0.003,-0.023,0.022,0.029,0.03,0.008,0.006,-0.008,0.047,-0.018,0,0.004,0.002,0,0,0.001,0,0,0,0,0,0,0,0,0,0,0,0.029,-0.054,-0.16,-0.104,-2.918,-0.333,-0.09,0.008,0.004,-4.447,0.71,-0.475
0,1,0,0,0,0.001,-0.001,-0.001,-0.005,-0.007,0,0.003,-0.023,0.022,0.029,0.03,0.008,0.006,-0.007,0.047,-0.018,0,0.004,0.002,0,0,0.001,0.001,0,-0.001,0,0,0.001,0,0,0,0,0,0.027,-0.054,-0.161,-0.104,-2.916,-0.334,-0.09,0.009,0.004,-4.446,0.711,-0.476
0,1,0,0,0,0,0,-0.002,-0.005,-0.007,0,0.003,-0.023,0.022,0.029,0.03,0.008,0.006,-0.007,0.046,-0.018,0,0.004,0.002,0,0,0,0.001,0,0,0,0,0,0,0,0.001,0,0,0.028,-0.054,-0.161,-0.104,-2.914,-0.335,-0.09,0.009,0.003,-4.441,0.711,-0.476
0,1,0,0,0,0,0,0,-0.005,-0.007,0,0.003,-0.023,0.022,0.029,0.03,0.008,0.006,-0.007,0.047,-0.018,0,0.004,0.002,0,0,0,0,0,0,0,0,0,0.001,0,0,0,0,0.028,-0.054,-0.16,-0.104,-2.915,-0.334,-0.09,0.009,0.004,-4.435,0.71,-0.475
0,1,0,0,0,0,0,0,-0.005,-0.007,0,0.003,-0.023,0.022,0.029,0.03,0.008,0.006,-0.007,0.047,-0.018,0,0.004,0.002,0,0,0,0,0,0,0,0,0,0.001,0,0,0,0,0.028,-0.054,-0.16,-0.105,-2.915,-0.334,-0.09,0.009,0.004,-4.436,0.711,-0.476
0,1,0,0,0,0.001,0.002,0,-0.005,-0.007,0,0.003,-0.023,0.022,0.029,0.03,0.008,0.006,-0.008,0.047,-0.018,0,0.004,0.002,0,0,0,-0.001,0,0,0,0,0,0,0,0,0,0,0.028,-0.054,-0.16,-0.104,-2.915,-0.334,-0.09,0.009,0.004,-4.435,0.711,-0.476
0,1,0,0,0,-0.003,0,-0.002,-0.005,-0.007,0,0.003,-0.024,0.022,0.029,0.03,0.008,0.006,-0.007,0.047,-0.018,0,0.004,0.002,0,0,0,0,0,0,0,0,0,0,0,-0.001,0,0,0.029,-0.054,-0.159,-0.104,-2.911,-0.334,-0.09,0.01,0.004,-4.426,0.711,-0.476
0,1,0,0,0,0.001,-0.001,0,-0.005,-0.007,0,0.003,-0.023,0.022,0.029,0.03,0.008,0.006,-0.008,0.046,-0.018,0,0.004,0.002,0,0,0,0,0,-0.001,0,0,-0.001,0,0,-0.001,0,0,0.028,-0.054,-0.161,-0.105,-2.919,-0.333,-0.09,0.008,0.005,-4.432,0.708,-0.473
0,1,0,0,0,0,0.002,-0.001,-0.005,-0.007,0,0.003,-0.023,0.022,0.029,0.03,0.008,0.006,-0.007,0.047,-0.018,0,0.004,0.002,0,0,0,0,0,0.001,0,0,0.001,0,0,0,0,0,0.027,-0.054,-0.161,-0.105,-2.915,-0.333,-0.09,0.009,0.004,-4.442,0.71,-0.477
0,1,0,0,0,0.001,0,0.002,-0.005,-0.007,0,0.003,-0.024,0.022,0.029,0.03,0.008,0.006,-0.007,0.047,-0.018,0,0.004,0.002,0,0,0,0,0,0,0,0,0,0,0,0,0,0,0.029,-0.054,-0.159,-0.104,-2.914,-0.334,-0.09,0.01,0.004,-4.43,0.71,-0.475
0,1,0,0,0,0.001,0,0.002,-0.005,-0.007,0,0.003,-0.024,0.022,0.029,0.03,0.008,0.006,-0.007,0.047,-0.018,0,0.004,0.002,0,0,0,0,0,0,0,0,0,0,0,0,0,0,0.028,-0.054,-0.16,-0.104,-2.911,-0.334,-0.09,0.008,0.004,-4.433,0.712,-0.477
0,1,0,0,0,0,-0.001,-0.001,-0.005,-0.007,0,0.003,-0.023,0.022,0.029,0.03,0.008,0.006,-0.007,0.047,-0.018,0,0.004,0.002,0,0,0,0,0,0.001,0,0,0,0,0,-0.001,0,0,0.028,-0.054,-0.159,-0.104,-2.911,-0.334,-0.09,0.009,0.004,-4.434,0.712,-0.476
0,1,0,0,0,0.001,0.002,0,-0.005,-0.007,0,0.003,-0.023,0.022,0.029,0.03,0.008,0.006,-0.007,0.047,-0.018,0,0.004,0.002,0,0,0,0.001,0,0,0,0,0,0,0,0,0,0,0.028,-0.054,-0.161,-0.104,-2.915,-0.334,-0.09,0.008,0.004,-4.443,0.71,-0.475
0,1,0,0,0,-0.002,0,0,-0.005,-0.007,0,0.003,-0.023,0.022,0.029,0.03,0.008,0.006,-0.007,0.047,-0.018,0,0.004,0.002,0,0,0.001,0,0,0,0,0,0,0,0,0,0,0,0.029,-0.054,-0.159,-0.104,-2.912,-0.334,-0.09,0.01,0.004,-4.432,0.711,-0.475
0,1,0,0,0,-0.001,0.001,0.001,-0.005,-0.007,0,0.003,-0.023,0.022,0.029,0.03,0.008,0.006,-0.007,0.047,-0.018,0,0.004,0.002,0,0,0,-0.001,0,0,0,0,0,0,0,0,0,0,0.028,-0.054,-0.161,-0.105,-2.918,-0.333,-0.09,0.008,0.005,-4.434,0.71,-0.475
0,1,0,0,0,0.001,0.001,0,-0.005,-0.007,0,0.003,-0.023,0.022,0.029,0.03,0.008,0.006,-0.007,0.047,-0.018,0,0.004,0.002,0,0,0,0,0,0,0,0,0,0.001,0,0,0,0,0.028,-0.054,-0.159,-0.104,-2.919,-0.333,-0.09,0.008,0.005,-4.439,0.71,-0.475
0,1,0,0,0,0.001,0.001,0.002,-0.005,-0.007,0,0.003,-0.023,0.022,0.029,0.03,0.008,0.006,-0.007,0.047,-0.018,0,0.004,0.002,0,0,0,0,0,0,0,0,-0.001,0,0,-0.001,0,0,0.028,-0.054,-0.16,-0.105,-2.915,-0.334,-0.09,0.01,0.004,-4.434,0.711,-0.476
0,1,0,0,0,0,-0.003,0,-0.005,-0.007,0,0.003,-0.023,0.022,0.029,0.03,0.008,0.006,-0.007,0.046,-0.018,0,0.004,0.002,0,0,0,0,0,0,0,0,-0.001,0,0,0,0,0,0.029,-0.054,-0.159,-0.105,-2.91,-0.334,-0.09,0.009,0.004,-4.43,0.712,-0.477
0,1,0,0,0,0.001,0.001,0,-0.005,-0.007,0,0.003,-0.023,0.022,0.029,0.03,0.008,0.006,-0.007,0.047,-0.018,0,0.004,0.002,0,0,0,0.001,0,0,0,0,0,0.001,0,0,0,0,0.027,-0.054,-0.161,-0.105,-2.917,-0.334,-0.09,0.007,0.004,-4.446,0.71,-0.475
0,1,0,0,0,0,-0.002,-0.002,-0.005,-0.007,0,0.003,-0.023,0.022,0.029,0.03,0.008,0.006,-0.008,0.046,-0.018,0,0.004,0.002,0,0,0,0,0,0,0,0,0,0,0,-0.001,0,0,0.029,-0.054,-0.159,-0.104,-2.915,-0.334,-0.09,0.009,0.004,-4.439,0.711,-0.476
0,1,0,0,0,0.001,-0.002,0.001,-0.005,-0.007,0,0.003,-0.023,0.022,0.029,0.03,0.008,0.006,-0.007,0.047,-0.018,0,0.004,0.002,0,0,0,-0.001,0,0,0,0,0.001,0.001,0,0,0,0,0.027,-0.054,-0.162,-0.104,-2.921,-0.333,-0.09,0.008,0.004,-4.453,0.71,-0.475
0,1,0,0,0,-0.001,0.002,0.001,-0.005,-0.007,0,0.003,-0.023,0.022,0.029,0.03,0.008,0.006,-0.007,0.047,-0.018,0,0.004,0.002,0,0,0,0,0,0,0,0,-0.001,0,0,0,0,0,0.028,-0.054,-0.16,-0.104,-2.921,-0.333,-0.09,0.007,0.004,-4.459,0.711,-0.477
0,1,0,0,0,-0.001,0.001,0.001,-0.005,-0.007,0,0.003,-0.023,0.022,0.029,0.03,0.008,0.006,-0.007,0.047,-0.018,0,0.004,0.002,0,0,0,-0.001,0,0,0,0,-0.001,0,0,0,0,0,0.028,-0.054,-0.158,-0.105,-2.919,-0.334,-0.09,0.009,0.005,-4.442,0.711,-0.475
0,1,0,0,0,0,0.001,-0.001,-0.005,-0.007,0,0.003,-0.023,0.022,0.029,0.03,0.008,0.006,-0.007,0.047,-0.018,0,0.004,0.002,0,0,0,-0.001,0,0,0,0,0,0.001,0,0,0,0,0.028,-0.054,-0.16,-0.105,-2.92,-0.333,-0.09,0.008,0.005,-4.443,0.711,-0.476
0,1,0,0,0,0.002,0,0,-0.005,-0.007,0,0.003,-0.023,0.022,0.029,0.03,0.008,0.006,-0.007,0.046,-0.018,0,0.004,0.002,0,0,0,0,0,0,0,0,0,0,0,-0.001,0,0,0.028,-0.054,-0.16,-0.104,-2.919,-0.334,-0.09,0.009,0.004,-4.441,0.71,-0.475
0,1,0,0,0,0.001,0,0.001,-0.005,-0.007,0,0.003,-0.023,0.022,0.029,0.03,0.008,0.006,-0.007,0.047,-0.018,0,0.004,0.002,0,0,0.001,0,0,0,0,0,0.001,0,0,0,0,0,0.028,-0.054,-0.16,-0.104,-2.914,-0.334,-0.09,0.009,0.004,-4.443,0.711,-0.477
0,1,0,0,0,0,-0.001,-0.003,-0.005,-0.007,0,0.003,-0.023,0.022,0.029,0.03,0.008,0.006,-0.007,0.047,-0.018,0,0.004,0.002,0,0,-0.001,0,0,0,0,0,0,0,0,0,0,0,0.028,-0.054,-0.16,-0.104,-2.913,-0.334,-0.09,0.008,0.004,-4.441,0.711,-0.476
0,1,0,0,0,-0.001,-0.002,0.001,-0.005,-0.007,0,0.003,-0.023,0.022,0.029,0.03,0.008,0.006,-0.007,0.047,-0.018,0,0.004,0.002,0,0,0,0,0,0,0,0,0,0,0,0,0,0,0.027,-0.054,-0.161,-0.103,-2.919,-0.334,-0.09,0.009,0.004,-4.447,0.709,-0.474
0,1,0,0,0,-0.001,-0.002,0.001,-0.005,-0.007,0,0.003,-0.023,0.022,0.029,0.03,0.008,0.006,-0.007,0.047,-0.018,0,0.004,0.002,0,0,0,0,0,0,0,0,0,0,0,0,0,0,0.028,-0.054,-0.161,-0.104,-2.926,-0.332,-0.09,0.005,0.004,-4.465,0.71,-0.475
0,1,0,0,0,-0.002,-0.002,-0.001,-0.005,-0.007,0,0.003,-0.023,0.022,0.029,0.03,0.008,0.006,-0.007,0.047,-0.018,0,0.004,0.002,0,0,0,0,0,0,0,0,0,0,0,-0.001,0,0,0.026,-0.054,-0.16,-0.103,-2.932,-0.332,-0.09,0.006,0.005,-4.478,0.709,-0.475
0,1,0,0,0,0.001,0,-0.001,-0.005,-0.007,0,0.003,-0.023,0.022,0.029,0.03,0.008,0.006,-0.007,0.047,-0.018,0,0.004,0.002,0,0,0,0,0,0,0,0,0,0,0,-0.001,0,0,0.027,-0.054,-0.16,-0.104,-2.934,-0.332,-0.09,0.006,0.005,-4.483,0.709,-0.474
0,1,0,0,0,0.001,0,-0.001,-0.005,-0.007,0,0.003,-0.023,0.022,0.029,0.03,0.008,0.006,-0.007,0.047,-0.018,0,0.004,0.002,0,0,0,0,0,0,0,0,0,0,0,-0.001,0,0,0.028,-0.054,-0.16,-0.104,-2.926,-0.333,-0.09,0.008,0.005,-4.472,0.71,-0.475
0,1,0,0,0,0,-0.001,0,-0.005,-0.007,0,0.003,-0.023,0.022,0.029,0.03,0.008,0.006,-0.007,0.047,-0.018,0,0.004,0.002,0,0,-0.001,0,0,0,0,0,0,0,0,0,0,0,0.028,-0.054,-0.16,-0.104,-2.922,-0.333,-0.09,0.008,0.004,-4.461,0.711,-0.475
0,1,0,0,0,0,-0.002,0,-0.005,-0.007,0,0.003,-0.023,0.022,0.029,0.03,0.008,0.006,-0.007,0.047,-0.018,0,0.004,0.002,0,0,0,0,0,0,0,0,0.001,0,0,0,0,0,0.028,-0.054,-0.16,-0.104,-2.924,-0.333,-0.09,0.007,0.004,-4.464,0.71,-0.475
0,1,0,0,0,0,0,0,-0.005,-0.007,0,0.003,-0.023,0.022,0.029,0.03,0.008,0.006,-0.007,0.047,-0.018,0,0.004,0.002,0,0,-0.001,0,0,0,0,0,-0.001,0,0,0,0,0,0.027,-0.054,-0.161,-0.104,-2.927,-0.333,-0.09,0.007,0.004,-4.469,0.71,-0.475
0,1,0,0,0,0.001,0,-0.002,-0.005,-0.007,0,0.003,-0.024,0.022,0.029,0.03,0.008,0.006,-0.007,0.047,-0.018,0,0.004,0.002,0,0,0,0,0,0,0,0,0,0,0,0,0,0,0.028,-0.054,-0.159,-0.103,-2.925,-0.333,-0.09,0.008,0.005,-4.467,0.71,-0.474
0,1,0,0,0,-0.001,-0.001,0,-0.005,-0.007,0,0.003,-0.023,0.022,0.029,0.03,0.008,0.006,-0.007,0.047,-0.018,0,0.004,0.002,0,0,-0.001,0,0,0,0,0,0,0,0,0,0,0,0.027,-0.054,-0.161,-0.103,-2.923,-0.333,-0.09,0.008,0.005,-4.461,0.709,-0.474
0,1,0,0,0,-0.001,-0.001,0,-0.005,-0.007,0,0.003,-0.023,0.022,0.029,0.03,0.008,0.006,-0.007,0.047,-0.018,0,0.004,0.002,0,0,-0.001,0,0,0,0,0,0,0,0,0,0,0,0.028,-0.054,-0.16,-0.103,-2.926,-0.332,-0.09,0.007,0.005,-4.464,0.709,-0.474
0,1,0,0,0,-0.001,0,-0.004,-0.005,-0.007,0,0.003,-0.023,0.022,0.029,0.03,0.008,0.006,-0.007,0.047,-0.017,0,0.004,0.002,0,0,0,0,0,0,0,0,0,0,0,0.001,0,0,0.027,-0.054,-0.16,-0.103,-2.928,-0.332,-0.09,0.007,0.005,-4.469,0.709,-0.474
0,1,0,0,0,0.001,0,0.001,-0.005,-0.007,0,0.003,-0.023,0.022,0.029,0.029,0.008,0.006,-0.007,0.046,-0.017,0,0.004,0.002,0,0,0,0,0,-0.002,0,0,0.001,0.001,0,0.001,0,0,0.027,-0.054,-0.16,-0.103,-2.932,-0.332,-0.09,0.008,0.006,-4.467,0.707,-0.472
0,1,0,0,0,-0.001,0.001,0.001,-0.005,-0.007,0,0.003,-0.024,0.022,0.029,0.029,0.008,0.006,-0.007,0.046,-0.017,0,0.004,0.002,0,0,0,0,0,0,0,0,0,0,0,-0.001,0,0,0.027,-0.054,-0.16,-0.103,-2.928,-0.332,-0.09,0.007,0.004,-4.466,0.71,-0.476
0,1,0,0,0,0.002,-0.001,0.001,-0.005,-0.007,0,0.003,-0.023,0.022,0.029,0.029,0.008,0.006,-0.007,0.047,-0.018,0,0.004,0.002,0,0,0,0,0,0,0,0,0.001,0,0,0,0,0,0.028,-0.054,-0.159,-0.103,-2.925,-0.333,-0.09,0.007,0.005,-4.461,0.709,-0.474
0,1,0,0,0,-0.002,0,-0.001,-0.005,-0.007,0,0.003,-0.023,0.022,0.029,0.029,0.008,0.006,-0.007,0.047,-0.018,0,0.004,0.002,0,0,0.001,0,0,0,0,0,0,-0.001,0,0,0,0,0.027,-0.054,-0.161,-0.104,-2.921,-0.333,-0.09,0.007,0.004,-4.465,0.711,-0.477
0,1,0,0,0,0,0.003,0,-0.005,-0.007,0,0.003,-0.023,0.022,0.029,0.029,0.008,0.006,-0.007,0.046,-0.018,0,0.004,0.002,0,0,0,0,0,0,0,0,0,0.001,0,0,0,0,0.028,-0.054,-0.159,-0.104,-2.927,-0.333,-0.09,0.007,0.005,-4.46,0.709,-0.473
0,1,0,0,0,-0.002,0,0,-0.005,-0.007,0,0.003,-0.023,0.022,0.029,0.029,0.008,0.006,-0.007,0.046,-0.018,0,0.004,0.002,0,0,0,0,0,0,0,0,-0.001,0,0,0,0,0,0.028,-0.054,-0.159,-0.105,-2.92,-0.333,-0.09,0.01,0.005,-4.442,0.71,-0.475
0,1,0,0,0,0,-0.001,0,-0.005,-0.007,0,0.003,-0.023,0.022,0.029,0.029,0.008,0.006,-0.007,0.047,-0.018,0,0.004,0.002,0,0,0.001,0.001,0,0.001,0,0,0,0.001,0,0,0,0,0.028,-0.054,-0.16,-0.105,-2.922,-0.333,-0.09,0.007,0.005,-4.444,0.71,-0.475
0,1,0,0,0,0,-0.001,0,-0.005,-0.007,0,0.003,-0.023,0.022,0.029,0.029,0.008,0.006,-0.007,0.047,-0.018,0,0.004,0.002,0,0,0.001,0.001,0,0.001,0,0,0,0.001,0,0,0,0,0.027,-0.054,-0.161,-0.105,-2.922,-0.333,-0.09,0.008,0.004,-4.45,0.71,-0.475
0,1,0,0,0,0.002,0.001,0,-0.005,-0.007,0,0.003,-0.023,0.022,0.029,0.029,0.008,0.006,-0.007,0.047,-0.017,0,0.004,0.002,0,0,0.001,0,0,-0.001,0,0,0,0,0,0.001,0,0,0.028,-0.054,-0.16,-0.105,-2.922,-0.333,-0.09,0.008,0.004,-4.452,0.71,-0.475
0,1,0,0,0,0.002,0.001,0,-0.005,-0.007,0,0.003,-0.023,0.022,0.029,0.029,0.008,0.006,-0.007,0.047,-0.017,0,0.004,0.002,0,0,0,0,0,0.001,0,0,0,0,0,-0.001,0,0,0.028,-0.054,-0.16,-0.104,-2.916,-0.334,-0.09,0.01,0.004,-4.442,0.712,-0.477
0,1,0,0,0,-0.001,-0.001,-0.001,-0.005,-0.007,0,0.003,-0.023,0.022,0.029,0.029,0.008,0.006,-0.007,0.046,-0.017,0,0.004,0.002,0,0,0,0,0,0,0,0,0,0,0,-0.001,0,0,0.029,-0.054,-0.16,-0.104,-2.91,-0.335,-0.09,0.009,0.003,-4.435,0.712,-0.477
0,1,0,0,0,0.001,0.002,0,-0.005,-0.007,0,0.003,-0.023,0.022,0.029,0.029,0.008,0.006,-0.007,0.047,-0.017,0,0.004,0.002,0,0,0,0,0,0,0,0,0,-0.001,0,0,0,0,0.027,-0.054,-0.16,-0.104,-2.916,-0.334,-0.09,0.008,0.004,-4.443,0.71,-0.475
0,1,0,0,0,-0.001,0,-0.002,-0.005,-0.007,0,0.003,-0.023,0.022,0.029,0.029,0.008,0.006,-0.007,0.047,-0.018,0,0.004,0.002,0,0,0,0,0,0,0,0,-0.001,-0.001,0,0,0,0,0.028,-0.054,-0.159,-0.104,-2.915,-0.334,-0.09,0.01,0.004,-4.439,0.711,-0.476
0,1,0,0,0,0.001,0.003,-0.001,-0.005,-0.007,0,0.003,-0.023,0.022,0.029,0.029,0.008,0.006,-0.007,0.046,-0.018,0,0.004,0.002,0,0,0,0,0,0,0,0,0.001,0,0,0,0,0,0.027,-0.054,-0.161,-0.104,-2.917,-0.334,-0.09,0.009,0.005,-4.441,0.709,-0.474
0,1,0,0,0,0.001,0.003,-0.001,-0.005,-0.007,0,0.003,-0.024,0.022,0.029,0.029,0.008,0.006,-0.008,0.046,-0.018,0,0.004,0.002,0,0,0,0,0,0,0,0,0.001,-0.001,0,0,0,0,0.029,-0.054,-0.16,-0.104,-2.914,-0.334,-0.09,0.011,0.005,-4.428,0.71,-0.475
0,1,0,0,0,0,0,0,-0.005,-0.007,0,0.003,-0.023,0.022,0.029,0.029,0.008,0.006,-0.007,0.047,-0.018,0,0.004,0.002,0,0,0,0,0,0,0,0,0,0.001,0,0,0,0,0.029,-0.054,-0.16,-0.103,-2.911,-0.334,-0.09,0.011,0.005,-4.421,0.71,-0.475
0,1,0,0,0,-0.001,0.001,-0.002,-0.005,-0.007,0,0.003,-0.023,0.022,0.029,0.029,0.008,0.006,-0.007,0.047,-0.018,0,0.004,0.002,0,0,0,0,0,0,0,0,0,0,0,0,0,0,0.028,-0.054,-0.161,-0.104,-2.912,-0.334,-0.09,0.008,0.004,-4.427,0.71,-0.475
0,1,0,0,0,0,0.001,-0.001,-0.005,-0.007,0,0.003,-0.023,0.022,0.029,0.029,0.008,0.006,-0.007,0.047,-0.018,0,0.004,0.002,0,0,0,0,0,0.001,0,0,0,-0.001,0,0,0,0,0.028,-0.054,-0.16,-0.104,-2.915,-0.334,-0.09,0.01,0.005,-4.429,0.709,-0.474
0,1,0,0,0,0.002,0,-0.001,-0.005,-0.007,0,0.003,-0.023,0.022,0.029,0.029,0.008,0.006,-0.007,0.047,-0.018,0,0.004,0.002,0,0,0,0,0,0,0,0,0,0,0,0,0,0,0.028,-0.054,-0.161,-0.104,-2.914,-0.333,-0.09,0.009,0.005,-4.43,0.709,-0.475
0,1,0,0,0,0.002,0,-0.001,-0.005,-0.007,0,0.003,-0.023,0.022,0.029,0.029,0.008,0.006,-0.007,0.047,-0.018,0,0.004,0.002,0,0,0,0,0,0,0,0,0,0,0,0,0,0,0.028,-0.054,-0.161,-0.104,-2.911,-0.334,-0.09,0.01,0.004,-4.433,0.711,-0.476
0,1,0,0,0,0.001,0,-0.001,-0.005,-0.007,0,0.003,-0.023,0.022,0.029,0.029,0.008,0.006,-0.007,0.047,-0.018,0,0.004,0.002,0,0,0,0,0,0,0,0,0,-0.001,0,0,0,0,0.029,-0.054,-0.16,-0.103,-2.909,-0.334,-0.09,0.01,0.004,-4.43,0.711,-0.476
0,1,0,0,0,0,0.002,0.001,-0.005,-0.007,0,0.003,-0.023,0.022,0.029,0.029,0.008,0.006,-0.007,0.047,-0.018,0,0.004,0.002,0,0,-0.001,0,0,0,0,0,-0.001,0,0,0,0,0,0.028,-0.054,-0.161,-0.104,-2.912,-0.334,-0.09,0.009,0.004,-4.435,0.71,-0.475
0,1,0,0,0,0.003,0,0,-0.005,-0.007,0,0.003,-0.023,0.022,0.029,0.029,0.008,0.006,-0.007,0.047,-0.017,0,0.004,0.002,0,0,0,0,0,0,0,0,0,0,0,0,0,0,0.028,-0.054,-0.159,-0.105,-2.914,-0.333,-0.09,0.009,0.005,-4.434,0.71,-0.475
0,1,0,0,0,-0.001,-0.001,-0.002,-0.005,-0.007,0,0.003,-0.024,0.022,0.029,0.029,0.008,0.006,-0.007,0.047,-0.018,0,0.004,0.002,0,0,0,0,0,0,0,0,0,0,0,0,0,0,0.027,-0.054,-0.161,-0.104,-2.913,-0.334,-0.09,0.01,0.003,-4.442,0.712,-0.477
0,1,0,0,0,0,0.001,-0.001,-0.005,-0.007,0,0.003,-0.023,0.022,0.029,0.029,0.008,0.006,-0.007,0.046,-0.017,0,0.004,0.002,0,0,0,-0.001,0,0,0,0,0,0,0,0,0,0,0.028,-0.054,-0.16,-0.103,-2.919,-0.333,-0.09,0.008,0.004,-4.446,0.709,-0.474
0,1,0,0,0,-0.001,0.001,0.001,-0.005,-0.007,0,0.003,-0.023,0.022,0.029,0.029,0.008,0.006,-0.007,0.047,-0.018,0,0.004,0.002,0,0,0,0,0,0,0,0,0,0,0,0,0,0,0.028,-0.054,-0.16,-0.104,-2.918,-0.333,-0.09,0.009,0.005,-4.444,0.71,-0.475
0,1,0,0,0,-0.001,0.001,0.001,-0.005,-0.007,0,0.003,-0.023,0.022,0.029,0.029,0.008,0.006,-0.007,0.047,-0.018,0,0.004,0.002,0,0,0,0,0,0,0,0,0,0,0,0,0,0,0.028,-0.054,-0.159,-0.105,-2.919,-0.333,-0.09,0.008,0.005,-4.442,0.71,-0.475
0,1,0,0,0,-0.001,-0.001,0.001,-0.005,-0.007,0,0.003,-0.023,0.022,0.029,0.029,0.008,0.006,-0.007,0.046,-0.018,0,0.004,0.002,0,0,-0.001,0.001,0,0,0,0,0,0,0,0,0,0,0.028,-0.054,-0.159,-0.105,-2.919,-0.334,-0.09,0.008,0.005,-4.443,0.711,-0.475
0,1,0,0,0,0,0.003,-0.001,-0.005,-0.007,0,0.003,-0.023,0.022,0.029,0.029,0.008,0.006,-0.007,0.047,-0.018,0,0.004,0.002,0,0,0,-0.001,0,0,0,0,0.001,0,0,0,0,0,0.027,-0.054,-0.16,-0.104,-2.924,-0.333,-0.09,0.007,0.004,-4.455,0.71,-0.475
0,1,0,0,0,0.001,-0.001,0.001,-0.005,-0.007,0,0.003,-0.024,0.022,0.029,0.03,0.008,0.006,-0.007,0.047,-0.018,0,0.004,0.002,0,0,0.001,0,0,0,0,0,0,0,0,0,0,0,0.029,-0.054,-0.159,-0.104,-2.92,-0.334,-0.09,0.01,0.005,-4.44,0.71,-0.474
0,1,0,0,0,-0.001,0,0.001,-0.005,-0.007,0,0.003,-0.023,0.022,0.029,0.029,0.008,0.006,-0.007,0.047,-0.018,0,0.004,0.002,0,0,0,0,0,0,0,0,-0.001,0.001,0,0,0,0,0.028,-0.054,-0.161,-0.104,-2.916,-0.333,-0.09,0.008,0.003,-4.447,0.711,-0.477
0,1,0,0,0,-0.001,0,0.001,-0.005,-0.007,0,0.003,-0.023,0.022,0.029,0.029,0.008,0.006,-0.007,0.047,-0.018,0,0.004,0.002,0,0,0,-0.001,0,0,0,0,0,0,0,0,0,0,0.028,-0.054,-0.159,-0.104,-2.919,-0.333,-0.09,0.008,0.005,-4.446,0.71,-0.475
0,1,0,0,0,-0.001,-0.001,-0.001,-0.005,-0.007,0,0.003,-0.023,0.022,0.029,0.029,0.008,0.006,-0.007,0.047,-0.017,0,0.004,0.002,0,0,0,0,0,0.001,0,0,0,-0.001,0,-0.001,0,0,0.027,-0.054,-0.16,-0.104,-2.921,-0.333,-0.09,0.008,0.005,-4.451,0.71,-0.475
0,1,0,0,0,-0.001,-0.001,0.002,-0.005,-0.007,0,0.003,-0.023,0.022,0.029,0.029,0.008,0.006,-0.007,0.047,-0.018,0,0.004,0.002,0,0,0,0.001,0,0.001,0,0,0,-0.001,0,-0.001,0,0,0.027,-0.054,-0.161,-0.104,-2.925,-0.333,-0.09,0.008,0.005,-4.459,0.709,-0.474
0,1,0,0,0,-0.001,-0.001,0.002,-0.005,-0.007,0,0.003,-0.023,0.022,0.029,0.029,0.008,0.006,-0.007,0.047,-0.018,0,0.004,0.002,0,0,0,0.001,0,0.001,0,0,0,-0.001,0,-0.001,0,0,0.028,-0.054,-0.16,-0.104,-2.926,-0.332,-0.09,0.006,0.005,-4.467,0.71,-0.475
0,1,0,0,0,-0.001,0,0,-0.005,-0.007,0,0.003,-0.023,0.022,0.029,0.029,0.008,0.006,-0.007,0.047,-0.018,0,0.004,0.002,0,0,-0.001,0,0,0,0,0,0,0,0,0,0,0,0.027,-0.054,-0.16,-0.104,-2.929,-0.332,-0.09,0.006,0.005,-4.475,0.709,-0.475
0,1,0,0,0,0.002,0,-0.001,-0.005,-0.007,0,0.003,-0.023,0.022,0.029,0.029,0.008,0.006,-0.007,0.047,-0.017,0,0.004,0.002,0,0,0,0.001,0,-0.001,0,0,0,0,0,0.002,0,0,0.027,-0.054,-0.16,-0.103,-2.931,-0.332,-0.09,0.007,0.005,-4.476,0.709,-0.474
0,1,0,0,0,0,0.001,0,-0.005,-0.007,0,0.003,-0.023,0.022,0.029,0.029,0.008,0.006,-0.007,0.047,-0.017,0,0.004,0.002,0,0,0,0,0,-0.001,0,0,-0.001,0,0,0.001,0,0,0.027,-0.054,-0.16,-0.102,-2.927,-0.332,-0.09,0.008,0.004,-4.47,0.71,-0.475
0,1,0,0,0,0,0.002,-0.002,-0.005,-0.007,0,0.003,-0.023,0.022,0.029,0.029,0.008,0.006,-0.007,0.047,-0.017,0,0.004,0.002,0,0,0,0,0,-0.001,0,0,-0.001,0,0,0.001,0,0,0.028,-0.054,-0.159,-0.103,-2.925,-0.332,-0.09,0.007,0.005,-4.461,0.71,-0.475
0,1,0,0,0,0,0.002,-0.002,-0.005,-0.007,0,0.003,-0.023,0.022,0.029,0.029,0.008,0.006,-0.007,0.047,-0.017,0,0.004,0.002,0,0,0.001,0,0,0,0,0,0,0,0,0,0,0,0.027,-0.054,-0.16,-0.103,-2.925,-0.332,-0.09,0.009,0.006,-4.453,0.708,-0.473
0,1,0,0,0,0,0.002,-0.002,-0.005,-0.007,0,0.003,-0.023,0.022,0.029,0.029,0.008,0.006,-0.007,0.047,-0.017,0,0.004,0.002,0,0,0.001,0,0,0,0,0,0,0,0,0,0,0,0.028,-0.054,-0.161,-0.104,-2.921,-0.333,-0.09,0.009,0.005,-4.444,0.709,-0.474
0,1,0,0,0,0,0.001,-0.001,-0.005,-0.007,0,0.003,-0.024,0.022,0.029,0.029,0.008,0.006,-0.007,0.047,-0.018,0,0.004,0.002,0,0,0,0,0,0.001,0,0,0,0,0,-0.002,0,0,0.028,-0.054,-0.16,-0.104,-2.919,-0.333,-0.09,0.01,0.005,-4.436,0.709,-0.474
0,1,0,0,0,0.002,0.001,-0.001,-0.005,-0.007,0,0.003,-0.023,0.022,0.029,0.029,0.008,0.006,-0.007,0.047,-0.018,0,0.004,0.002,0,0,0.001,-0.001,0,0,0,0,0,0.001,0,0,0,0,0.028,-0.054,-0.161,-0.104,-2.915,-0.334,-0.09,0.009,0.005,-4.438,0.71,-0.475
0,1,0,0,0,0,-0.002,0.003,-0.005,-0.007,0,0.003,-0.023,0.022,0.029,0.029,0.008,0.006,-0.007,0.047,-0.018,0,0.004,0.002,0,0,0,0,0,0,0,0,0,-0.001,0,0,0,0,0.028,-0.054,-0.16,-0.104,-2.911,-0.334,-0.09,0.01,0.004,-4.432,0.711,-0.476
0,1,0,0,0,0,0,0.001,-0.005,-0.007,0,0.003,-0.023,0.022,0.029,0.029,0.008,0.006,-0.008,0.047,-0.018,0,0.004,0.002,0,0,0,0.001,0,0,0,0,0,0,0,0,0,0,0.028,-0.054,-0.16,-0.104,-2.913,-0.334,-0.09,0.007,0.003,-4.444,0.712,-0.477
0,1,0,0,0,0.003,0.002,-0.003,-0.005,-0.007,0,0.003,-0.023,0.022,0.029,0.03,0.008,0.006,-0.007,0.047,-0.018,0,0.004,0.002,0,0,0,0,0,0,0,0,0,-0.001,0,0,0,0,0.028,-0.054,-0.16,-0.104,-2.916,-0.334,-0.09,0.008,0.004,-4.446,0.71,-0.475
0,1,0,0,0,0,0.002,-0.001,-0.005,-0.007,0,0.003,-0.023,0.022,0.029,0.029,0.008,0.006,-0.007,0.047,-0.018,0,0.004,0.002,0,0,0.001,0,0,0,0,0,-0.001,0,0,0.001,0,0,0.028,-0.054,-0.161,-0.103,-2.909,-0.335,-0.09,0.011,0.004,-4.432,0.711,-0.476
0,1,0,0,0,0.001,0.001,0,-0.005,-0.007,0,0.003,-0.023,0.022,0.029,0.03,0.008,0.006,-0.007,0.047,-0.018,0,0.004,0.002,0,0,0,0,0,0,0,0,0.001,0,0,-0.001,0,0,0.029,-0.054,-0.159,-0.104,-2.909,-0.334,-0.09,0.01,0.005,-4.417,0.71,-0.475
0,1,0,0,0,0,0,0.003,-0.005,-0.007,0,0.003,-0.023,0.022,0.029,0.03,0.008,0.006,-0.007,0.047,-0.018,0,0.004,0.002,0,0,0,0,0,0,0,0,0,-0.001,0,0,0,0,0.028,-0.054,-0.161,-0.104,-2.909,-0.334,-0.09,0.01,0.004,-4.424,0.71,-0.476
0,1,0,0,0,0,0,0.003,-0.005,-0.007,0,0.003,-0.023,0.022,0.029,0.03,0.008,0.006,-0.007,0.047,-0.018,0,0.004,0.002,0,0,0,0,0,0,0,0,0,-0.001,0,0,0,0,0.028,-0.054,-0.16,-0.104,-2.912,-0.333,-0.09,0.008,0.004,-4.433,0.711,-0.476
0,1,0,0,0,0,0,0.003,-0.005,-0.007,0,0.003,-0.023,0.022,0.029,0.03,0.008,0.006,-0.007,0.047,-0.018,0,0.004,0.002,0,0,0,0,0,0,0,0,0,-0.001,0,0,0,0,0.028,-0.054,-0.16,-0.104,-2.914,-0.334,-0.09,0.008,0.004,-4.441,0.711,-0.476
0,1,0,0,0,-0.001,0.002,0,-0.005,-0.007,0,0.003,-0.023,0.022,0.029,0.03,0.008,0.006,-0.007,0.046,-0.018,0,0.004,0.002,0,0,0,0,0,0,0,0,0,0,0,0,0,0,0.028,-0.054,-0.16,-0.104,-2.915,-0.333,-0.09,0.007,0.004,-4.445,0.711,-0.476
0,1,0,0,0,-0.001,0.002,0,-0.005,-0.007,0,0.003,-0.023,0.022,0.029,0.03,0.008,0.006,-0.007,0.046,-0.018,0,0.004,0.002,0,0,0,0,0,0,0,0,0,0,0,0,0,0,0.028,-0.054,-0.159,-0.104,-2.915,-0.334,-0.09,0.009,0.005,-4.436,0.71,-0.474
0,1,0,0,0,0.002,0.002,0,-0.005,-0.007,0,0.003,-0.023,0.022,0.029,0.029,0.008,0.006,-0.007,0.047,-0.017,0,0.004,0.002,0,0,0,0,0,0.001,0,0,0,0,0,0,0,0,0.028,-0.054,-0.16,-0.105,-2.914,-0.334,-0.09,0.009,0.005,-4.431,0.71,-0.475
0,1,0,0,0,0,0.001,0.003,-0.005,-0.007,0,0.003,-0.023,0.022,0.029,0.029,0.008,0.006,-0.007,0.047,-0.017,0,0.004,0.002,0,0,0.001,0,0,0,0,0,0,0.001,0,0,0,0,0.028,-0.054,-0.16,-0.104,-2.907,-0.335,-0.09,0.011,0.004,-4.424,0.712,-0.477
0,1,0,0,0,0,0,-0.002,-0.005,-0.007,0,0.003,-0.023,0.022,0.029,0.029,0.008,0.006,-0.007,0.047,-0.017,0,0.004,0.002,0,0,-0.001,0,0,0,0,0,0,0,0,0,0,0,0.028,-0.054,-0.16,-0.105,-2.906,-0.334,-0.09,0.008,0.004,-4.419,0.712,-0.477
0,1,0,0,0,0,0,-0.002,-0.005,-0.007,0,0.003,-0.023,0.022,0.029,0.029,0.008,0.006,-0.007,0.047,-0.017,0,0.004,0.002,0,0,-0.001,0,0,0,0,0,0,0,0,0,0,0,0.027,-0.054,-0.161,-0.104,-2.91,-0.335,-0.09,0.011,0.004,-4.425,0.709,-0.474
0,1,0,0,0,0,0,-0.002,-0.005,-0.007,0,0.003,-0.023,0.022,0.029,0.029,0.008,0.006,-0.007,0.047,-0.017,0,0.004,0.002,0,0,-0.001,0,0,0,0,0,0,0,0,0,0,0,0.028,-0.054,-0.161,-0.104,-2.911,-0.333,-0.09,0.009,0.004,-4.429,0.709,-0.475
0,1,0,0,0,0,0,-0.002,-0.005,-0.007,0,0.003,-0.023,0.022,0.029,0.029,0.008,0.006,-0.007,0.047,-0.018,0,0.004,0.002,0,0,0,0,0,0.001,0,0,-0.001,0.001,0,-0.001,0,0,0.027,-0.054,-0.161,-0.104,-2.913,-0.334,-0.09,0.009,0.004,-4.433,0.709,-0.474
0,1,0,0,0,0,-0.002,-0.001,-0.005,-0.007,0,0.003,-0.023,0.022,0.029,0.03,0.008,0.006,-0.007,0.047,-0.018,0,0.004,0.002,0,0,0,0,0,0,0,0,0,0,0,0,0,0,0.028,-0.054,-0.161,-0.105,-2.912,-0.334,-0.09,0.009,0.005,-4.432,0.709,-0.475
0,1,0,0,0,0,0,0.001,-0.005,-0.007,0,0.003,-0.023,0.022,0.029,0.03,0.008,0.006,-0.007,0.046,-0.018,0,0.004,0.002,0,0,0,-0.001,0,0,0,0,0,0,0,0,0,0,0.027,-0.054,-0.161,-0.104,-2.916,-0.334,-0.09,0.008,0.004,-4.441,0.71,-0.475
0,1,0,0,0,-0.001,0.003,0,-0.005,-0.007,0,0.003,-0.023,0.022,0.029,0.03,0.008,0.006,-0.007,0.047,-0.018,0,0.004,0.002,0,0,0.001,0,0,0,0,0,0,0,0,-0.001,0,0,0.028,-0.054,-0.16,-0.104,-2.914,-0.333,-0.09,0.008,0.004,-4.442,0.711,-0.476
0,1,0,0,0,0.002,0.001,0.003,-0.005,-0.007,0,0.003,-0.023,0.022,0.029,0.03,0.008,0.006,-0.008,0.046,-0.018,0,0.004,0.002,0,0,0,0,0,0.001,0,0,-0.001,0,0,0,0,0,0.028,-0.054,-0.159,-0.105,-2.911,-0.334,-0.09,0.009,0.005,-4.425,0.71,-0.474
0,1,0,0,0,-0.002,0,0,-0.005,-0.007,0,0.003,-0.023,0.022,0.029,0.03,0.008,0.006,-0.007,0.047,-0.018,0,0.004,0.002,0,0,0,0,0,0,0,0,0,0,0,0,0,0,0.028,-0.054,-0.16,-0.105,-2.904,-0.335,-0.09,0.009,0.004,-4.424,0.713,-0.478
0,1,0,0,0,-0.002,0,0,-0.005,-0.007,0,0.003,-0.023,0.022,0.029,0.03,0.008,0.006,-0.007,0.047,-0.018,0,0.004,0.002,0,0,0,0,0,0,0,0,0,0,0,0,0,0,0.028,-0.054,-0.16,-0.105,-2.912,-0.335,-0.09,0.009,0.004,-4.426,0.711,-0.475
0,1,0,0,0,-0.002,0,0,-0.005,-0.007,0,0.003,-0.023,0.022,0.029,0.03,0.008,0.006,-0.007,0.047,-0.018,0,0.004,0.002,0,0,0,0,0,0,0,0,0,0,0,0,0,0,0.028,-0.054,-0.16,-0.105,-2.913,-0.334,-0.09,0.009,0.004,-4.43,0.71,-0.475
0,1,0,0,0,0.001,0,-0.001,-0.005,-0.007,0,0.003,-0.023,0.022,0.029,0.03,0.008,0.006,-0.007,0.047,-0.018,0,0.004,0.002,0,0,0,0,0,0,0,0,0,0,0,0,0,0,0.027,-0.054,-0.16,-0.105,-2.915,-0.334,-0.09,0.009,0.004,-4.433,0.71,-0.475
0,1,0,0,0,0.001,0,-0.001,-0.005,-0.007,0,0.003,-0.023,0.022,0.029,0.03,0.008,0.006,-0.007,0.047,-0.018,0,0.004,0.002,0,0,0,0,0,0,0,0,0,0,0,0,0,0,0.027,-0.054,-0.161,-0.104,-2.913,-0.334,-0.09,0.009,0.004,-4.438,0.711,-0.476
0,1,0,0,0,0.001,0,-0.001,-0.005,-0.007,0,0.003,-0.023,0.022,0.029,0.03,0.008,0.006,-0.007,0.047,-0.018,0,0.004,0.002,0,0,0,0,0,0,0,0,0,0,0,0,0,0,0.028,-0.054,-0.16,-0.103,-2.911,-0.334,-0.09,0.009,0.004,-4.439,0.711,-0.476
0,1,0,0,0,0.001,0,-0.001,-0.005,-0.007,0,0.003,-0.023,0.022,0.029,0.03,0.008,0.006,-0.007,0.047,-0.018,0,0.004,0.002,0,0,0,0,0,0,0,0,0,0,0,0,0,0,0.028,-0.054,-0.161,-0.103,-2.912,-0.334,-0.09,0.009,0.004,-4.441,0.71,-0.475
0,1,0,0,0,0.001,0,-0.001,-0.005,-0.007,0,0.003,-0.023,0.022,0.029,0.03,0.008,0.006,-0.007,0.047,-0.018,0,0.004,0.002,0,0,0,0,0,0,0,0,0,0,0,0,0,0,0.028,-0.054,-0.161,-0.103,-2.913,-0.334,-0.09,0.009,0.004,-4.444,0.71,-0.475
0,1,0,0,0,0.001,0,0.001,-0.005,-0.007,0,0.003,-0.023,0.022,0.029,0.03,0.008,0.006,-0.008,0.047,-0.018,0,0.004,0.002,0,0,0,0,0,-0.001,0,0,-0.001,-0.001,0,0,0,0,0.027,-0.054,-0.16,-0.103,-2.914,-0.334,-0.09,0.009,0.004,-4.446,0.71,-0.475
0,1,0,0,0,0.001,0,0.001,-0.005,-0.007,0,0.003,-0.023,0.022,0.029,0.03,0.008,0.006,-0.008,0.047,-0.018,0,0.004,0.002,0,0,0,0,0,-0.001,0,0,-0.001,-0.001,0,0,0,0,0.027,-0.054,-0.16,-0.103,-2.915,-0.333,-0.09,0.007,0.004,-4.451,0.711,-0.476
0,1,0,0,0,0.001,0,0.001,-0.005,-0.007,0,0.003,-0.023,0.022,0.029,0.03,0.008,0.006,-0.008,0.047,-0.018,0,0.004,0.002,0,0,0,0,0,-0.001,0,0,-0.001,-0.001,0,0,0,0,0.027,-0.054,-0.16,-0.103,-2.917,-0.334,-0.09,0.008,0.004,-4.455,0.711,-0.476
0,1,0,0,0,0,0.001,0.002,-0.005,-0.007,0,0.003,-0.023,0.022,0.029,0.029,0.008,0.006,-0.008,0.047,-0.017,0,0.004,0.002,0,0,-0.001,0,0,0,0,0,0,0,0,0,0,0,0.027,-0.054,-0.16,-0.103,-2.918,-0.333,-0.09,0.007,0.004,-4.458,0.711,-0.476
0,1,0,0,0,0,0.001,0.002,-0.005,-0.007,0,0.003,-0.023,0.022,0.029,0.029,0.008,0.006,-0.008,0.047,-0.017,0,0.004,0.002,0,0,-0.001,0,0,0,0,0,0,0,0,0,0,0,0.027,-0.054,-0.159,-0.104,-2.922,-0.333,-0.09,0.007,0.005,-4.459,0.71,-0.475
0,1,0,0,0,-0.001,0.001,0.005,-0.005,-0.008,0,0.003,-0.023,0.022,0.03,0.029,0.008,0.006,-0.008,0.047,-0.017,0,0.004,0.002,0,0,0.001,0,0,0,0,0,-0.001,0,0,0,0,0,0.027,-0.054,-0.159,-0.104,-2.923,-0.333,-0.09,0.007,0.005,-4.461,0.71,-0.475
0,1,0,0,0,-0.001,0.001,0.005,-0.005,-0.008,0,0.003,-0.023,0.022,0.03,0.029,0.008,0.006,-0.008,0.047,-0.017,0,0.004,0.002,0,0,0.001,0,0,0,0,0,-0.001,0,0,0,0,0,0.027,-0.054,-0.158,-0.105,-2.923,-0.333,-0.09,0.006,0.005,-4.459,0.712,-0.477
0,1,0,0,0,-0.001,0.001,0.005,-0.005,-0.008,0,0.003,-0.023,0.022,0.03,0.029,0.008,0.006,-0.008,0.047,-0.017,0,0.004,0.002,0,0,0.001,0,0,0,0,0,-0.001,0,0,0,0,0,0.027,-0.054,-0.158,-0.105,-2.922,-0.334,-0.09,0.007,0.004,-4.455,0.713,-0.477
0,1,0,0,0,-0.001,-0.001,-0.002,-0.005,-0.008,0,0.003,-0.023,0.022,0.029,0.029,0.008,0.006,-0.007,0.047,-0.017,0,0.004,0.002,0,0,0,0,0,0.001,0,0,0,0,0,-0.001,0,0,0.027,-0.054,-0.158,-0.105,-2.92,-0.334,-0.09,0.007,0.004,-4.45,0.713,-0.477
0,1,0,0,0,0.001,0,0.002,-0.005,-0.008,0,0.003,-0.023,0.022,0.029,0.029,0.008,0.006,-0.007,0.047,-0.017,0,0.004,0.002,0,0,0,0,0,-0.001,0,0,0,0,0,0.001,0,0,0.026,-0.054,-0.161,-0.104,-2.923,-0.335,-0.09,0.009,0.004,-4.457,0.709,-0.474
0,1,0,0,0,0.001,0,0.002,-0.005,-0.008,0,0.003,-0.023,0.022,0.029,0.029,0.008,0.006,-0.007,0.047,-0.017,0,0.004,0.002,0,0,0,0,0,-0.001,0,0,0,0,0,0.001,0,0,0.028,-0.053,-0.159,-0.103,-2.92,-0.333,-0.09,0.008,0.004,-4.458,0.712,-0.477
0,1,0,0,0,0.001,0,0,-0.005,-0.008,0,0.003,-0.023,0.022,0.029,0.029,0.008,0.006,-0.007,0.047,-0.017,0,0.004,0.002,0,0,-0.001,0,0,0,0,0,0.001,0,0,0,0,0,0.027,-0.053,-0.159,-0.103,-2.918,-0.334,-0.09,0.008,0.004,-4.458,0.711,-0.476
0,1,0,0,0,0.001,0,0,-0.005,-0.008,0,0.003,-0.023,0.022,0.029,0.029,0.008,0.006,-0.007,0.047,-0.017,0,0.004,0.002,0,0,-0.001,0,0,0,0,0,0.001,0,0,0,0,0,0.027,-0.053,-0.16,-0.102,-2.919,-0.334,-0.09,0.008,0.004,-4.46,0.71,-0.475
0,1,0,0,0,0.001,0.001,0.002,-0.005,-0.008,0,0.003,-0.023,0.022,0.029,0.029,0.008,0.006,-0.007,0.047,-0.017,0,0.004,0.002,0,0,0,-0.001,0,0,0,0,0,-0.001,0,0,0,0,0.027,-0.053,-0.16,-0.102,-2.92,-0.334,-0.09,0.008,0.004,-4.461,0.71,-0.475
0,1,0,0,0,0,0,0,-0.004,-0.008,0,0.003,-0.023,0.022,0.029,0.029,0.008,0.006,-0.007,0.047,-0.017,0,0.004,0.002,0,0,0,0,0,-0.001,0,0,0.001,0,0,0.001,0,0,0.027,-0.053,-0.159,-0.102,-2.918,-0.334,-0.09,0.008,0.004,-4.462,0.711,-0.476
0,1,0,0,0,0.001,0,0.002,-0.004,-0.008,0,0.003,-0.023,0.022,0.029,0.029,0.008,0.006,-0.007,0.047,-0.017,0,0.004,0.002,0,0,0,-0.001,0,0,0,0,0,0,0,-0.001,0,0,0.026,-0.054,-0.16,-0.103,-2.925,-0.334,-0.09,0.008,0.004,-4.467,0.71,-0.475
0,1,0,0,0,0.001,0,0.002,-0.004,-0.008,0,0.003,-0.023,0.022,0.029,0.029,0.008,0.006,-0.007,0.047,-0.017,0,0.004,0.002,0,0,0,-0.001,0,0,0,0,0,0,0,-0.001,0,0,0.027,-0.053,-0.159,-0.103,-2.921,-0.334,-0.09,0.007,0.004,-4.469,0.712,-0.477
0,1,0,0,0,0.001,0.001,0.003,-0.004,-0.008,0,0.003,-0.024,0.022,0.029,0.029,0.008,0.006,-0.007,0.047,-0.017,0,0.004,0.002,0,0,0,0,0,0,0,0,0,0,0,0,0,0,0.027,-0.053,-0.159,-0.103,-2.921,-0.334,-0.09,0.007,0.004,-4.469,0.712,-0.477
0,1,0,0,0,-0.001,0.001,0.002,-0.004,-0.008,0,0.003,-0.023,0.022,0.029,0.029,0.008,0.006,-0.007,0.047,-0.017,0,0.004,0.002,0,0,0,0,0,0,0,0,0,0,0,0,0,0,0.027,-0.053,-0.158,-0.103,-2.92,-0.334,-0.09,0.008,0.004,-4.466,0.713,-0.477
0,1,0,0,0,0.001,0.001,0.003,-0.004,-0.008,0,0.003,-0.023,0.022,0.029,0.029,0.008,0.006,-0.007,0.047,-0.017,0,0.004,0.002,0,0,0,0,0,0,0,0,0,0,0,0,0,0,0.027,-0.054,-0.159,-0.103,-2.923,-0.334,-0.09,0.007,0.004,-4.464,0.711,-0.475
0,1,0,0,0,0.001,0.001,0.003,-0.004,-0.008,0,0.003,-0.023,0.022,0.029,0.029,0.008,0.006,-0.007,0.047,-0.017,0,0.004,0.002,0,0,0,0,0,0,0,0,0,0,0,0,0,0,0.027,-0.053,-0.159,-0.103,-2.92,-0.334,-0.09,0.008,0.004,-4.463,0.712,-0.477
0,1,0,0,0,0.001,0.001,0.003,-0.004,-0.008,0,0.003,-0.023,0.022,0.029,0.029,0.008,0.006,-0.007,0.047,-0.017,0,0.004,0.002,0,0,0,0,0,0,0,0,0,0,0,0,0,0,0.027,-0.053,-0.159,-0.103,-2.918,-0.335,-0.09,0.008,0.003,-4.459,0.712,-0.477
0,1,0,0,0,0.001,0.001,0.003,-0.004,-0.008,0,0.003,-0.023,0.022,0.029,0.029,0.008,0.006,-0.007,0.047,-0.017,0,0.004,0.002,0,0,0,0,0,0,0,0,0,0,0,0,0,0,0.027,-0.053,-0.159,-0.103,-2.916,-0.335,-0.09,0.008,0.003,-4.455,0.712,-0.477
0,1,0,0,0,0.001,0.001,0.003,-0.004,-0.008,0,0.003,-0.023,0.022,0.029,0.029,0.008,0.006,-0.007,0.047,-0.017,0,0.004,0.002,0,0,0,0,0,0,0,0,0,0,0,0,0,0,0.027,-0.053,-0.159,-0.103,-2.915,-0.335,-0.09,0.008,0.003,-4.453,0.713,-0.477
0,1,0,0,0,0.001,0.001,0.003,-0.004,-0.008,0,0.003,-0.023,0.022,0.029,0.029,0.008,0.006,-0.008,0.047,-0.017,0,0.004,0.002,0,0,0,0,0,0,0,0,0,-0.001,0,0,0,0,0.027,-0.053,-0.159,-0.103,-2.915,-0.335,-0.09,0.008,0.003,-4.451,0.713,-0.477
0,1,0,0,0,0.001,0.001,0.003,-0.004,-0.008,0,0.003,-0.023,0.022,0.029,0.029,0.008,0.006,-0.008,0.047,-0.017,0,0.004,0.002,0,0,0,0,0,0,0,0,0,-0.001,0,0,0,0,0.027,-0.053,-0.159,-0.103,-2.914,-0.335,-0.09,0.008,0.003,-4.451,0.712,-0.477
0,1,0,0,0,-0.001,0.001,0.001,-0.004,-0.008,0,0.003,-0.023,0.022,0.029,0.029,0.008,0.006,-0.007,0.047,-0.017,0,0.004,0.002,0,0,0,0,0,0,0,0,0.001,0,0,0,0,0,0.027,-0.053,-0.159,-0.103,-2.914,-0.335,-0.09,0.008,0.003,-4.451,0.712,-0.477
0,1,0,0,0,-0.001,0.001,0.001,-0.004,-0.008,0,0.003,-0.023,0.022,0.029,0.029,0.008,0.006,-0.007,0.047,-0.017,0,0.004,0.002,0,0,0,0,0,0,0,0,0.001,0,0,0,0,0,0.027,-0.054,-0.159,-0.103,-2.92,-0.334,-0.09,0.008,0.004,-4.455,0.711,-0.475
0,1,0,0,0,-0.001,0.001,0.001,-0.004,-0.008,0,0.003,-0.023,0.022,0.029,0.029,0.008,0.006,-0.007,0.047,-0.017,0,0.004,0.002,0,0,0,0,0,0,0,0,0.001,0,0,0,0,0,0.027,-0.053,-0.16,-0.103,-2.922,-0.334,-0.09,0.008,0.004,-4.459,0.71,-0.475
0,1,0,0,0,-0.001,0.001,0.001,-0.004,-0.008,0,0.003,-0.023,0.022,0.029,0.029,0.008,0.006,-0.007,0.047,-0.017,0,0.004,0.002,0,0,0,0,0,0,0,0,0.001,0,0,0,0,0,0.027,-0.053,-0.16,-0.103,-2.924,-0.334,-0.09,0.008,0.004,-4.463,0.71,-0.475
0,1,0,0,0,-0.001,0.001,0.001,-0.004,-0.008,0,0.003,-0.023,0.022,0.029,0.029,0.008,0.006,-0.007,0.047,-0.017,0,0.004,0.002,0,0,0,0,0,0,0,0,0.001,0,0,0,0,0,0.027,-0.053,-0.16,-0.103,-2.925,-0.333,-0.09,0.007,0.004,-4.466,0.71,-0.475
0,1,0,0,0,-0.001,0.001,0.001,-0.004,-0.008,0,0.003,-0.023,0.022,0.029,0.029,0.008,0.006,-0.007,0.047,-0.017,0,0.004,0.002,0,0,0,0,0,0,0,0,0.001,0,0,0,0,0,0.027,-0.053,-0.16,-0.102,-2.927,-0.333,-0.09,0.007,0.005,-4.468,0.71,-0.475
0,1,0,0,0,-0.001,0.001,0.001,-0.004,-0.008,0,0.003,-0.023,0.022,0.029,0.029,0.008,0.006,-0.007,0.047,-0.017,0,0.004,0.002,0,0,0,0,0,0,0,0,0.001,0,0,0,0,0,0.027,-0.053,-0.16,-0.102,-2.927,-0.333,-0.09,0.007,0.005,-4.47,0.71,-0.475
0,1,0,0,0,0.001,0,0,-0.004,-0.008,0,0.003,-0.023,0.022,0.03,0.028,0.008,0.006,-0.007,0.046,-0.017,0,0.004,0.002,0,0,0,0,0,0,0,0,0,0.001,0,0,0,0,0.027,-0.053,-0.16,-0.102,-2.928,-0.333,-0.09,0.007,0.005,-4.472,0.71,-0.475
0,1,0,0,0,0,0,0.001,-0.004,-0.008,0,0.003,-0.023,0.022,0.03,0.028,0.008,0.006,-0.008,0.047,-0.017,0,0.004,0.002,0,0,0,0,0,0,0,0,0.001,0.001,0,0,0,0,0.026,-0.053,-0.16,-0.103,-2.924,-0.333,-0.09,0.008,0.004,-4.469,0.71,-0.476
0,1,0,0,0,0,0,0.001,-0.004,-0.008,0,0.003,-0.023,0.022,0.03,0.028,0.008,0.006,-0.008,0.047,-0.017,0,0.004,0.002,0,0,0,0,0,0,0,0,0.001,0.001,0,0,0,0,0.027,-0.053,-0.16,-0.103,-2.927,-0.333,-0.09,0.007,0.004,-4.47,0.71,-0.475
0,1,0,0,0,0.001,0.001,0.001,-0.004,-0.008,0,0.003,-0.023,0.022,0.03,0.028,0.008,0.006,-0.007,0.047,-0.017,0,0.004,0.002,0,0,0,0.001,0,0,0,0,0,-0.001,0,0,0,0,0.027,-0.053,-0.16,-0.103,-2.927,-0.333,-0.09,0.007,0.004,-4.472,0.71,-0.475
0,1,0,0,0,-0.001,0,0.001,-0.004,-0.008,0,0.003,-0.023,0.022,0.03,0.028,0.008,0.006,-0.007,0.047,-0.017,0,0.004,0.002,0,0,0.001,0,0,0,0,0,0,0,0,0,0,0,0.027,-0.053,-0.16,-0.103,-2.922,-0.333,-0.09,0.008,0.004,-4.468,0.711,-0.476
0,1,0,0,0,0,0,0.001,-0.004,-0.008,0,0.003,-0.023,0.022,0.03,0.028,0.008,0.006,-0.007,0.047,-0.017,0,0.004,0.002,0,0,0,0,0,-0.001,0,0,0,0,0,0,0,0,0.027,-0.053,-0.16,-0.103,-2.926,-0.333,-0.09,0.007,0.004,-4.468,0.71,-0.475
0,1,0,0,0,0,0,0.001,-0.004,-0.008,0,0.003,-0.023,0.022,0.03,0.028,0.008,0.006,-0.007,0.047,-0.017,0,0.004,0.002,0,0,0,0,0,-0.001,0,0,0,0,0,0,0,0,0.026,-0.054,-0.16,-0.104,-2.926,-0.333,-0.09,0.007,0.004,-4.467,0.711,-0.475
0,1,0,0,0,0.001,0,0,-0.004,-0.008,0,0.003,-0.023,0.022,0.03,0.028,0.008,0.006,-0.007,0.047,-0.017,0,0.004,0.002,0,0,0,0,0,0,0,0,-0.001,0,0,0,0,0,0.027,-0.054,-0.16,-0.104,-2.925,-0.333,-0.09,0.007,0.004,-4.467,0.711,-0.476
0,1,0,0,0,0.001,0,0,-0.004,-0.008,0,0.003,-0.023,0.022,0.03,0.028,0.008,0.006,-0.007,0.047,-0.017,0,0.004,0.002,0,0,0,0,0,0,0,0,-0.001,0,0,0,0,0,0.026,-0.053,-0.16,-0.103,-2.923,-0.334,-0.09,0.008,0.004,-4.468,0.711,-0.476
0,1,0,0,0,0.001,0,0,-0.004,-0.008,0,0.003,-0.023,0.022,0.03,0.028,0.008,0.006,-0.007,0.047,-0.017,0,0.004,0.002,0,0,0,0,0,0,0,0,-0.001,0,0,0,0,0,0.027,-0.053,-0.16,-0.103,-2.922,-0.334,-0.09,0.008,0.004,-4.467,0.711,-0.476
0,1,0,0,0,0.001,0,0,-0.004,-0.008,0,0.003,-0.023,0.022,0.03,0.028,0.008,0.006,-0.007,0.047,-0.017,0,0.004,0.002,0,0,0,0,0,0,0,0,-0.001,0,0,0,0,0,0.027,-0.053,-0.16,-0.103,-2.922,-0.334,-0.09,0.008,0.004,-4.467,0.711,-0.476
0,1,0,0,0,-0.002,0.002,0.001,-0.004,-0.008,0,0.003,-0.023,0.022,0.029,0.029,0.008,0.006,-0.007,0.047,-0.017,0,0.004,0.002,0,0,0,0,0,0.001,0,0,0,0.001,0,-0.001,0,0,0.027,-0.053,-0.16,-0.103,-2.922,-0.334,-0.09,0.008,0.004,-4.467,0.711,-0.476
0,1,0,0,0,0.002,0.002,0,-0.004,-0.008,0,0.003,-0.023,0.022,0.029,0.029,0.008,0.006,-0.008,0.046,-0.017,0,0.004,0.002,0,0,0,0,0,0,0,0,0.001,0,0,0,0,0,0.028,-0.054,-0.159,-0.104,-2.922,-0.334,-0.09,0.008,0.005,-4.455,0.71,-0.474
0,1,0,0,0,0.002,0.002,0,-0.004,-0.008,0,0.003,-0.023,0.022,0.029,0.029,0.008,0.006,-0.008,0.046,-0.017,0,0.004,0.002,0,0,0,0,0,0,0,0,0.001,0,0,0,0,0,0.027,-0.054,-0.16,-0.103,-2.915,-0.335,-0.09,0.01,0.004,-4.449,0.712,-0.477
0,1,0,0,0,0.002,0.002,0,-0.004,-0.008,0,0.003,-0.023,0.022,0.03,0.029,0.008,0.006,-0.007,0.047,-0.017,0,0.004,0.002,0,0,0,0,0,-0.001,0,0,-0.001,0,0,0.001,0,0,0.028,-0.053,-0.16,-0.103,-2.909,-0.335,-0.09,0.01,0.003,-4.438,0.712,-0.477
0,1,0,0,0,0.002,0.002,0,-0.004,-0.008,0,0.003,-0.023,0.022,0.03,0.029,0.008,0.006,-0.007,0.047,-0.017,0,0.004,0.002,0,0,0,0,0,-0.001,0,0,-0.001,0,0,0.001,0,0,0.027,-0.054,-0.16,-0.103,-2.908,-0.335,-0.09,0.01,0.004,-4.429,0.712,-0.476
0,1,0,0,0,0.003,0.002,-0.002,-0.004,-0.008,0,0.003,-0.023,0.022,0.03,0.029,0.008,0.006,-0.007,0.047,-0.017,0,0.004,0.002,0,0,0,0,0,0,0,0,-0.001,0,0,0,0,0,0.027,-0.054,-0.16,-0.104,-2.906,-0.335,-0.09,0.01,0.003,-4.424,0.712,-0.477
0,1,0,0,0,0,0.001,-0.001,-0.004,-0.008,0,0.003,-0.023,0.022,0.03,0.029,0.008,0.006,-0.007,0.046,-0.017,0,0.004,0.002,0,0,0,0.001,0,0,0,0,0,0,0,0,0,0,0.027,-0.054,-0.161,-0.103,-2.899,-0.337,-0.09,0.012,0.003,-4.414,0.712,-0.477
0,1,0,0,0,0,0.001,-0.001,-0.004,-0.008,0,0.003,-0.023,0.022,0.03,0.029,0.008,0.006,-0.007,0.046,-0.017,0,0.004,0.002,0,0,0,0.001,0,0,0,0,0,0,0,0,0,0,0.028,-0.054,-0.161,-0.104,-2.905,-0.335,-0.089,0.009,0.004,-4.418,0.711,-0.476
0,1,0,0,0,0,0,-0.001,-0.004,-0.007,0,0.003,-0.023,0.022,0.03,0.029,0.008,0.006,-0.007,0.047,-0.017,0,0.004,0.002,0,0,-0.001,0,0,0,0,0,0,0,0,0,0,0,0.027,-0.054,-0.161,-0.104,-2.908,-0.335,-0.09,0.01,0.004,-4.425,0.71,-0.475
0,1,0,0,0,0,0,-0.001,-0.004,-0.007,0,0.003,-0.023,0.022,0.03,0.029,0.008,0.006,-0.007,0.047,-0.017,0,0.004,0.002,0,0,-0.001,0,0,0,0,0,0,0,0,0,0,0,0.027,-0.054,-0.161,-0.104,-2.912,-0.334,-0.09,0.009,0.004,-4.434,0.71,-0.475
0,1,0,0,0,0,0,-0.001,-0.004,-0.007,0,0.003,-0.023,0.022,0.03,0.029,0.008,0.006,-0.007,0.047,-0.017,0,0.004,0.002,0,0,-0.001,0,0,0,0,0,0,0,0,0,0,0,0.027,-0.054,-0.161,-0.104,-2.915,-0.334,-0.09,0.009,0.004,-4.441,0.71,-0.475
0,1,0,0,0,0.001,0,0,-0.004,-0.008,0,0.003,-0.023,0.022,0.03,0.029,0.008,0.006,-0.007,0.047,-0.017,0,0.004,0.002,0,0,-0.001,0,0,0,0,0,0,-0.001,0,0,0,0,0.027,-0.054,-0.161,-0.104,-2.917,-0.334,-0.09,0.009,0.004,-4.447,0.71,-0.475
0,1,0,0,0,0.001,0,0,-0.004,-0.008,0,0.003,-0.023,0.022,0.03,0.029,0.008,0.006,-0.007,0.047,-0.017,0,0.004,0.002,0,0,-0.001,0,0,0,0,0,0,-0.001,0,0,0,0,0.027,-0.053,-0.16,-0.103,-2.916,-0.334,-0.09,0.009,0.004,-4.451,0.711,-0.476
0,1,0,0,0,0.001,0,0,-0.004,-0.008,0,0.003,-0.023,0.022,0.03,0.029,0.008,0.006,-0.007,0.047,-0.017,0,0.004,0.002,0,0,-0.001,0,0,0,0,0,0,-0.001,0,0,0,0,0.027,-0.053,-0.16,-0.103,-2.915,-0.334,-0.09,0.008,0.004,-4.453,0.711,-0.476
0,1,0,0,0,0.001,0,0,-0.004,-0.008,0,0.003,-0.023,0.022,0.03,0.029,0.008,0.006,-0.007,0.047,-0.017,0,0.004,0.002,0,0,-0.001,0,0,0,0,0,0,-0.001,0,0,0,0,0.027,-0.053,-0.16,-0.103,-2.916,-0.334,-0.09,0.008,0.004,-4.455,0.711,-0.476
0,1,0,0,0,0.001,0,0,-0.004,-0.008,0,0.003,-0.023,0.022,0.03,0.029,0.008,0.006,-0.007,0.047,-0.017,0,0.004,0.002,0,0,-0.001,0,0,0,0,0,0,-0.001,0,0,0,0,0.027,-0.053,-0.16,-0.103,-2.917,-0.334,-0.09,0.008,0.004,-4.458,0.711,-0.476
0,1,0,0,0,0.001,0,0,-0.004,-0.008,0,0.003,-0.023,0.022,0.03,0.029,0.008,0.006,-0.007,0.047,-0.017,0,0.004,0.002,0,0,-0.001,0,0,0,0,0,0,-0.001,0,0,0,0,0.027,-0.053,-0.16,-0.103,-2.917,-0.334,-0.09,0.008,0.004,-4.459,0.711,-0.476
0,1,0,0,0,0.001,0,0,-0.004,-0.008,0,0.003,-0.023,0.022,0.03,0.029,0.008,0.006,-0.007,0.047,-0.017,0,0.004,0.002,0,0,-0.001,0,0,0,0,0,0,-0.001,0,0,0,0,0.027,-0.053,-0.16,-0.103,-2.917,-0.334,-0.09,0.008,0.004,-4.46,0.711,-0.476
0,1,0,0,0,0.001,0,0,-0.004,-0.008,0,0.003,-0.023,0.022,0.03,0.029,0.008,0.006,-0.007,0.047,-0.017,0,0.004,0.002,0,0,-0.001,0,0,0,0,0,0,-0.001,0,0,0,0,0.027,-0.053,-0.16,-0.103,-2.918,-0.334,-0.09,0.008,0.004,-4.46,0.711,-0.476
0,1,0,0,0,0.001,0.001,0.002,-0.004,-0.007,0,0.003,-0.023,0.022,0.03,0.029,0.008,0.006,-0.008,0.047,-0.017,0,0.004,0.002,0,0,0,-0.001,0,0,0,0,0,0,0,0,0,0,0.027,-0.053,-0.16,-0.103,-2.918,-0.334,-0.09,0.008,0.004,-4.461,0.711,-0.476
0,1,0,0,0,0,0.001,0.002,-0.004,-0.007,0,0.003,-0.023,0.022,0.03,0.028,0.008,0.006,-0.007,0.047,-0.017,0,0.004,0.002,0,0,0,0,0,0,0,0,0.001,0,0,0,0,0,0.027,-0.053,-0.16,-0.103,-2.915,-0.334,-0.09,0.008,0.004,-4.456,0.712,-0.476
0,1,0,0,0,0,0.001,0.002,-0.004,-0.007,0,0.003,-0.023,0.022,0.03,0.028,0.008,0.006,-0.007,0.047,-0.017,0,0.004,0.002,0,0,0,0,0,0,0,0,0.001,0,0,0,0,0,0.027,-0.054,-0.16,-0.104,-2.917,-0.334,-0.09,0.007,0.004,-4.455,0.711,-0.476
0,1,0,0,0,0,0.001,0.002,-0.004,-0.007,0,0.003,-0.023,0.022,0.03,0.028,0.008,0.006,-0.007,0.047,-0.017,0,0.004,0.002,0,0,0,0,0,0,0,0,0.001,0,0,0,0,0,0.026,-0.054,-0.16,-0.104,-2.917,-0.334,-0.09,0.008,0.004,-4.454,0.711,-0.476
0,1,0,0,0,0.002,0.001,0,-0.004,-0.007,0,0.003,-0.023,0.022,0.03,0.028,0.008,0.006,-0.007,0.046,-0.017,0,0.004,0.002,0,0,0,0,0,0,0,0,0,0,0,0,0,0,0.027,-0.054,-0.16,-0.104,-2.916,-0.334,-0.09,0.008,0.004,-4.451,0.711,-0.476
0,1,0,0,0,-0.002,0.001,0.005,-0.004,-0.007,0,0.003,-0.023,0.022,0.03,0.029,0.008,0.006,-0.007,0.046,-0.017,0,0.004,0.002,0,0,0,0.001,0,0,0,0,0,0,0,0,0,0,0.027,-0.054,-0.16,-0.104,-2.91,-0.335,-0.09,0.009,0.004,-4.443,0.712,-0.476
0,1,0,0,0,-0.002,0.001,0.005,-0.004,-0.007,0,0.003,-0.023,0.022,0.03,0.029,0.008,0.006,-0.007,0.046,-0.017,0,0.004,0.002,0,0,0,0.001,0,0,0,0,0,0,0,0,0,0,0.028,-0.054,-0.159,-0.105,-2.912,-0.334,-0.089,0.006,0.004,-4.442,0.712,-0.477
0,1,0,0,0,-0.002,0.001,0.005,-0.004,-0.007,0,0.003,-0.023,0.022,0.03,0.029,0.008,0.006,-0.007,0.046,-0.017,0,0.004,0.002,0,0,0,0.001,0,0,0,0,0,0,0,0,0,0,0.026,-0.054,-0.159,-0.105,-2.914,-0.334,-0.09,0.007,0.004,-4.444,0.712,-0.476
0,1,0,0,0,-0.002,0.001,0.005,-0.004,-0.007,0,0.003,-0.023,0.022,0.03,0.029,0.008,0.006,-0.007,0.046,-0.017,0,0.004,0.002,0,0,0,0.001,0,0,0,0,0,0,0,0,0,0,0.027,-0.054,-0.159,-0.105,-2.914,-0.334,-0.09,0.007,0.004,-4.444,0.712,-0.477
0,1,0,0,0,0,0,-0.001,-0.004,-0.007,0,0.003,-0.023,0.022,0.03,0.028,0.008,0.006,-0.008,0.047,-0.017,0,0.004,0.002,0,0,-0.001,0,0,0,0,0,0,-0.001,0,0,0,0,0.027,-0.054,-0.159,-0.105,-2.914,-0.334,-0.09,0.007,0.004,-4.443,0.712,-0.477
0,1,0,0,0,0,0,-0.001,-0.004,-0.007,0,0.003,-0.023,0.022,0.03,0.028,0.008,0.006,-0.008,0.047,-0.017,0,0.004,0.002,0,0,-0.001,0,0,0,0,0,0,-0.001,0,0,0,0,0.026,-0.054,-0.161,-0.103,-2.913,-0.335,-0.09,0.01,0.004,-4.444,0.711,-0.476
0,1,0,0,0,-0.001,-0.001,0.002,-0.004,-0.007,0,0.003,-0.023,0.022,0.03,0.028,0.008,0.006,-0.007,0.047,-0.017,0,0.004,0.002,0,0,0,0,0,0,0,0,0,0,0,0,0,0,0.027,-0.053,-0.161,-0.103,-2.911,-0.334,-0.09,0.009,0.004,-4.444,0.71,-0.476
0,1,0,0,0,-0.001,-0.001,0.002,-0.004,-0.007,0,0.003,-0.023,0.022,0.03,0.028,0.008,0.006,-0.007,0.047,-0.017,0,0.004,0.002,0,0,0,0,0,0,0,0,0,0,0,0,0,0,0.027,-0.053,-0.16,-0.104,-2.914,-0.334,-0.09,0.007,0.004,-4.447,0.711,-0.476
0,1,0,0,0,0.002,0.002,0.003,-0.004,-0.007,0,0.003,-0.023,0.022,0.03,0.029,0.008,0.006,-0.007,0.047,-0.017,0,0.004,0.002,0,0,0,-0.001,0,0,0,0,0,0,0,0,0,0,0.026,-0.054,-0.16,-0.104,-2.917,-0.334,-0.09,0.007,0.004,-4.453,0.711,-0.476
0,1,0,0,0,0,0,-0.001,-0.004,-0.007,0,0.003,-0.023,0.022,0.03,0.028,0.008,0.006,-0.007,0.047,-0.017,0,0.004,0.002,0,0,0,0,0,0,0,0,0.001,-0.001,0,0,0,0,0.027,-0.053,-0.159,-0.104,-2.909,-0.335,-0.09,0.009,0.003,-4.442,0.713,-0.478
0,1,0,0,0,0,0,-0.001,-0.004,-0.007,0,0.003,-0.023,0.022,0.03,0.028,0.008,0.006,-0.007,0.047,-0.017,0,0.004,0.002,0,0,0,0,0,0,0,0,0.001,-0.001,0,0,0,0,0.026,-0.054,-0.161,-0.103,-2.911,-0.335,-0.09,0.009,0.003,-4.443,0.711,-0.475
0,1,0,0,0,0,0,-0.001,-0.004,-0.007,0,0.003,-0.023,0.022,0.03,0.028,0.008,0.006,-0.007,0.047,-0.017,0,0.004,0.002,0,0,0,0,0,0,0,0,0.001,-0.001,0,0,0,0,0.027,-0.053,-0.161,-0.103,-2.912,-0.334,-0.09,0.009,0.004,-4.446,0.71,-0.475
0,1,0,0,0,0.002,0,-0.001,-0.004,-0.007,0,0.003,-0.023,0.022,0.03,0.028,0.008,0.006,-0.007,0.047,-0.017,0,0.004,0.002,0,0,0,0,0,0,0,0,0,0,0,0,0,0,0.026,-0.053,-0.161,-0.103,-2.913,-0.334,-0.09,0.009,0.004,-4.45,0.71,-0.475
0,1,0,0,0,0.002,0,-0.001,-0.004,-0.007,0,0.003,-0.023,0.022,0.03,0.028,0.008,0.006,-0.007,0.047,-0.017,0,0.004,0.002,0,0,0,0,0,0,0,0,0,0,0,0,0,0,0.026,-0.053,-0.161,-0.103,-2.912,-0.334,-0.09,0.009,0.004,-4.45,0.711,-0.476
0,1,0,0,0,0,-0.001,-0.002,-0.004,-0.007,0,0.003,-0.023,0.022,0.03,0.028,0.008,0.006,-0.007,0.047,-0.017,0,0.004,0.002,0,0,0.001,0,0,0,0,0,0,-0.001,0,0,0,0,0.027,-0.053,-0.161,-0.103,-2.911,-0.335,-0.09,0.009,0.003,-4.448,0.711,-0.476
0,1,0,0,0,-0.001,0,0,-0.004,-0.007,0,0.003,-0.023,0.022,0.03,0.029,0.008,0.006,-0.007,0.047,-0.017,0,0.004,0.002,0,0,0,0,0,0.001,0,0,0,0,0,-0.001,0,0,0.026,-0.053,-0.161,-0.103,-2.916,-0.334,-0.09,0.008,0.004,-4.451,0.71,-0.475
0,1,0,0,0,-0.001,0,0,-0.004,-0.007,0,0.003,-0.023,0.022,0.03,0.029,0.008,0.006,-0.007,0.047,-0.017,0,0.004,0.002,0,0,0,0,0,0.001,0,0,0,0,0,-0.001,0,0,0.027,-0.054,-0.161,-0.104,-2.916,-0.334,-0.09,0.008,0.004,-4.45,0.71,-0.475
0,1,0,0,0,0.002,-0.001,0.002,-0.004,-0.007,0,0.003,-0.023,0.022,0.03,0.029,0.008,0.006,-0.007,0.047,-0.017,0,0.004,0.002,0,0,0,0,0,-0.001,0,0,0.001,0,0,0,0,0,0.026,-0.054,-0.161,-0.104,-2.917,-0.334,-0.09,0.008,0.004,-4.451,0.71,-0.475
0,1,0,0,0,0.002,-0.001,0.002,-0.004,-0.007,0,0.003,-0.023,0.022,0.03,0.029,0.008,0.006,-0.007,0.047,-0.017,0,0.004,0.002,0,0,0,0,0,-0.001,0,0,0.001,0,0,0,0,0,0.026,-0.053,-0.161,-0.104,-2.913,-0.335,-0.09,0.008,0.003,-4.455,0.713,-0.478
0,1,0,0,0,0.001,0,0,-0.004,-0.007,0,0.003,-0.023,0.022,0.03,0.028,0.008,0.006,-0.008,0.047,-0.017,0,0.004,0.002,0,0,-0.001,0,0,0,0,0,0,0,0,0,0,0,0.027,-0.053,-0.16,-0.103,-2.909,-0.336,-0.09,0.008,0.002,-4.452,0.713,-0.478
0,1,0,0,0,0.001,0,0,-0.004,-0.007,0,0.003,-0.023,0.022,0.03,0.028,0.008,0.006,-0.008,0.047,-0.017,0,0.004,0.002,0,0,-0.001,0,0,0,0,0,0,0,0,0,0,0,0.027,-0.053,-0.16,-0.103,-2.909,-0.335,-0.09,0.009,0.003,-4.446,0.712,-0.476
0,1,0,0,0,0.001,0,0,-0.004,-0.007,0,0.003,-0.023,0.022,0.03,0.028,0.008,0.006,-0.008,0.047,-0.017,0,0.004,0.002,0,0,-0.001,0,0,0,0,0,0,0,0,0,0,0,0.027,-0.053,-0.161,-0.103,-2.91,-0.335,-0.09,0.009,0.003,-4.444,0.711,-0.476
0,1,0,0,0,-0.002,-0.001,0.002,-0.004,-0.007,0,0.003,-0.023,0.022,0.03,0.028,0.008,0.006,-0.007,0.047,-0.017,0,0.004,0.002,0,0,0,0,0,0,0,0,0,0.001,0,0,0,0,0.027,-0.053,-0.161,-0.103,-2.91,-0.335,-0.09,0.009,0.003,-4.442,0.711,-0.476
0,1,0,0,0,-0.002,-0.001,0.002,-0.004,-0.007,0,0.003,-0.023,0.022,0.03,0.028,0.008,0.006,-0.007,0.047,-0.017,0,0.004,0.002,0,0,0,0,0,0,0,0,0,0.001,0,0,0,0,0.027,-0.054,-0.16,-0.104,-2.916,-0.333,-0.09,0.006,0.004,-4.448,0.711,-0.476
0,1,0,0,0,-0.002,-0.001,0.002,-0.004,-0.007,0,0.003,-0.023,0.022,0.03,0.028,0.008,0.006,-0.007,0.047,-0.017,0,0.004,0.002,0,0,0,0,0,0,0,0,0,0.001,0,0,0,0,0.026,-0.054,-0.16,-0.104,-2.921,-0.333,-0.09,0.007,0.004,-4.456,0.71,-0.475
0,1,0,0,0,0.001,0.004,-0.002,-0.004,-0.007,0,0.003,-0.023,0.022,0.03,0.028,0.008,0.006,-0.007,0.047,-0.017,0,0.004,0.002,0,0,0.001,-0.001,0,0,0,0,-0.001,0,0,0,0,0,0.026,-0.054,-0.16,-0.104,-2.923,-0.333,-0.09,0.006,0.004,-4.461,0.71,-0.475
0,1,0,0,0,-0.001,0.001,-0.001,-0.004,-0.007,0,0.003,-0.023,0.022,0.03,0.028,0.008,0.006,-0.008,0.047,-0.017,0,0.004,0.002,0,0,0,-0.001,0,0,0,0,0,0,0,0,0,0,0.027,-0.054,-0.159,-0.105,-2.91,-0.336,-0.09,0.012,0.005,-4.43,0.711,-0.475
0,1,0,0,0,-0.001,0.001,-0.001,-0.004,-0.007,0,0.003,-0.023,0.022,0.03,0.028,0.008,0.006,-0.008,0.047,-0.017,0,0.004,0.002,0,0,0,-0.001,0,0,0,0,0,0,0,0,0,0,0.027,-0.054,-0.161,-0.104,-2.913,-0.334,-0.09,0.008,0.004,-4.431,0.711,-0.476
0,1,0,0,0,-0.001,0.001,-0.001,-0.004,-0.007,0,0.003,-0.023,0.022,0.03,0.028,0.008,0.006,-0.008,0.047,-0.017,0,0.004,0.002,0,0,0,-0.001,0,0,0,0,0,0,0,0,0,0,0.027,-0.054,-0.16,-0.104,-2.915,-0.334,-0.09,0.009,0.005,-4.436,0.71,-0.475
0,1,0,0,0,0.001,0.001,0,-0.004,-0.007,0,0.003,-0.023,0.022,0.03,0.028,0.008,0.006,-0.008,0.047,-0.017,0,0.004,0.002,0,0,0,0.001,0,0,0,0,0,0,0,0,0,0,0.027,-0.054,-0.161,-0.104,-2.916,-0.333,-0.09,0.008,0.005,-4.439,0.71,-0.475
0,1,0,0,0,0.001,0.001,0,-0.004,-0.007,0,0.003,-0.023,0.022,0.03,0.028,0.008,0.006,-0.008,0.047,-0.017,0,0.004,0.002,0,0,0,0.001,0,0,0,0,0,0,0,0,0,0,0.027,-0.054,-0.161,-0.104,-2.91,-0.334,-0.09,0.009,0.004,-4.435,0.711,-0.476
0,1,0,0,0,-0.001,0.001,-0.002,-0.004,-0.007,0,0.003,-0.023,0.022,0.03,0.028,0.008,0.006,-0.008,0.047,-0.017,0,0.004,0.002,0,0,-0.001,0,0,0,0,0,0,0,0,0,0,0,0.027,-0.054,-0.161,-0.104,-2.907,-0.335,-0.09,0.01,0.004,-4.429,0.711,-0.476
0,1,0,0,0,-0.001,0,0,-0.004,-0.007,0,0.003,-0.024,0.022,0.03,0.028,0.008,0.006,-0.007,0.047,-0.017,0,0.004,0.002,0,0,0,0,0,0.001,0,0,-0.001,0.001,0,0,0,0,0.027,-0.054,-0.161,-0.104,-2.912,-0.334,-0.09,0.009,0.005,-4.43,0.709,-0.474
0,1,0,0,0,0.001,0.003,0.002,-0.004,-0.007,0,0.003,-0.023,0.022,0.03,0.028,0.008,0.006,-0.007,0.047,-0.017,0,0.004,0.002,0,0,0.001,0,0,0,0,0,0,-0.001,0,0,0,0,0.027,-0.054,-0.161,-0.105,-2.913,-0.334,-0.09,0.008,0.005,-4.438,0.71,-0.476
0,1,0,0,0,-0.003,-0.001,0.001,-0.004,-0.007,0,0.003,-0.023,0.022,0.03,0.028,0.008,0.006,-0.007,0.047,-0.017,0,0.004,0.002,0,0,0,0,0,0,0,0,0,0,0,0,0,0,0.028,-0.054,-0.159,-0.104,-2.906,-0.335,-0.089,0.01,0.004,-4.424,0.712,-0.477
0,1,0,0,0,-0.003,-0.001,0.001,-0.004,-0.007,0,0.003,-0.023,0.022,0.03,0.028,0.008,0.006,-0.007,0.047,-0.017,0,0.004,0.002,0,0,0,0,0,0,0,0,0,0,0,0,0,0,0.026,-0.054,-0.161,-0.105,-2.914,-0.334,-0.09,0.007,0.004,-4.434,0.71,-0.475
0,1,0,0,0,-0.001,0,-0.001,-0.004,-0.007,0,0.003,-0.023,0.022,0.03,0.028,0.008,0.006,-0.007,0.047,-0.017,0,0.004,0.002,0,0,0,0,0,0,0,0,0,0,0,0,0,0,0.026,-0.054,-0.16,-0.105,-2.919,-0.333,-0.09,0.007,0.005,-4.445,0.71,-0.475
0,1,0,0,0,-0.001,0,-0.002,-0.004,-0.007,0,0.003,-0.023,0.022,0.03,0.028,0.008,0.006,-0.008,0.047,-0.017,0,0.004,0.002,0,0,0.001,0,0,0,0,0,0,0,0,0,0,0,0.026,-0.054,-0.161,-0.104,-2.922,-0.333,-0.09,0.008,0.005,-4.451,0.709,-0.475
0,1,0,0,0,-0.001,0,-0.002,-0.004,-0.007,0,0.003,-0.023,0.022,0.03,0.028,0.008,0.006,-0.008,0.047,-0.017,0,0.004,0.002,0,0,0.001,0,0,0,0,0,0,0,0,0,0,0,0.027,-0.054,-0.161,-0.104,-2.918,-0.334,-0.09,0.008,0.005,-4.447,0.71,-0.475
0,1,0,0,0,0,0.001,0.002,-0.004,-0.007,0,0.003,-0.023,0.022,0.03,0.028,0.008,0.006,-0.007,0.047,-0.017,0,0.004,0.002,0,0,0,0,0,0,0,0,0.001,0,0,0,0,0,0.026,-0.054,-0.161,-0.105,-2.917,-0.334,-0.09,0.009,0.005,-4.443,0.71,-0.475
0,1,0,0,0,0,0.001,0.002,-0.004,-0.007,0,0.003,-0.023,0.022,0.03,0.028,0.008,0.006,-0.007,0.047,-0.017,0,0.004,0.002,0,0,0,0,0,0,0,0,0.001,0,0,0,0,0,0.028,-0.054,-0.16,-0.104,-2.914,-0.334,-0.09,0.008,0.004,-4.444,0.712,-0.477
0,1,0,0,0,0.001,0.002,-0.001,-0.004,-0.007,0,0.003,-0.023,0.022,0.03,0.028,0.008,0.006,-0.007,0.047,-0.017,0,0.004,0.002,0,0,0,0,0,0,0,0,0,0,0,0,0,0,0.027,-0.054,-0.16,-0.103,-2.912,-0.334,-0.09,0.008,0.004,-4.443,0.712,-0.476
0,1,0,0,0,0.001,0.002,-0.001,-0.004,-0.007,0,0.003,-0.023,0.022,0.03,0.028,0.008,0.006,-0.007,0.047,-0.017,0,0.004,0.002,0,0,0,0,0,0,0,0,0,0,0,0,0,0,0.027,-0.054,-0.16,-0.103,-2.907,-0.335,-0.09,0.011,0.004,-4.429,0.711,-0.475
0,1,0,0,0,0.001,0.002,-0.001,-0.004,-0.007,0,0.003,-0.023,0.022,0.03,0.028,0.008,0.006,-0.007,0.047,-0.017,0,0.004,0.002,0,0,0,0,0,0,0,0,0,0,0,0,0,0,0.027,-0.054,-0.161,-0.104,-2.904,-0.335,-0.09,0.01,0.004,-4.42,0.711,-0.476
0,1,0,0,0,0.001,0.003,0.002,-0.004,-0.007,0,0.003,-0.023,0.022,0.03,0.028,0.008,0.006,-0.007,0.047,-0.017,0,0.004,0.002,0,0,0,0,0,0,0,0,0.001,0.001,0,0,0,0,0.027,-0.054,-0.161,-0.104,-2.902,-0.335,-0.09,0.011,0.004,-4.412,0.711,-0.476
0,1,0,0,0,-0.001,-0.001,-0.001,-0.004,-0.007,0,0.003,-0.023,0.022,0.03,0.028,0.008,0.006,-0.007,0.047,-0.017,0,0.004,0.002,0,0,-0.001,-0.001,0,0,0,0,-0.001,0,0,0,0,0,0.028,-0.054,-0.16,-0.105,-2.898,-0.335,-0.089,0.01,0.003,-4.405,0.713,-0.478
0,1,0,0,0,0.003,0.002,-0.001,-0.004,-0.007,0,0.003,-0.023,0.022,0.03,0.028,0.008,0.006,-0.007,0.047,-0.017,0,0.004,0.002,0,0,-0.001,0,0,0,0,0,0,0,0,0,0,0,0.026,-0.054,-0.162,-0.104,-2.907,-0.335,-0.09,0.009,0.004,-4.422,0.71,-0.475
0,1,0,0,0,0.003,0.002,-0.001,-0.004,-0.007,0,0.003,-0.023,0.022,0.03,0.028,0.008,0.006,-0.007,0.047,-0.017,0,0.004,0.002,0,0,-0.001,0,0,0,0,0,0,0,0,0,0,0,0.028,-0.054,-0.161,-0.103,-2.901,-0.335,-0.089,0.011,0.004,-4.416,0.711,-0.477
0,1,0,0,0,0.003,0.002,-0.001,-0.004,-0.007,0,0.003,-0.023,0.022,0.03,0.028,0.008,0.006,-0.007,0.047,-0.017,0,0.004,0.002,0,0,-0.001,0,0,0,0,0,0,0,0,0,0,0,0.027,-0.054,-0.161,-0.103,-2.897,-0.336,-0.089,0.011,0.003,-4.409,0.712,-0.477
0,1,0,0,0,0,-0.001,0,-0.004,-0.007,0,0.003,-0.023,0.022,0.03,0.028,0.008,0.006,-0.007,0.047,-0.017,0,0.004,0.002,0,0,0.001,0,0,-0.001,0,0,0,0,0,0,0,0,0.028,-0.054,-0.161,-0.103,-2.895,-0.336,-0.089,0.011,0.003,-4.404,0.712,-0.477
0,1,0,0,0,-0.001,-0.002,-0.003,-0.004,-0.007,0,0.003,-0.023,0.022,0.03,0.028,0.008,0.006,-0.008,0.047,-0.017,0,0.004,0.002,0,0,0,0,0,0,0,0,0,0,0,0,0,0,0.026,-0.054,-0.162,-0.105,-2.9,-0.335,-0.089,0.009,0.003,-4.413,0.712,-0.477
0,1,0,0,0,-0.001,0,0,-0.004,-0.007,0,0.003,-0.023,0.022,0.03,0.028,0.008,0.006,-0.007,0.047,-0.017,0,0.004,0.002,0,0,0,0,0,0,0,0,0.001,0,0,0,0,0,0.026,-0.054,-0.162,-0.104,-2.912,-0.335,-0.09,0.009,0.004,-4.43,0.709,-0.474
0,1,0,0,0,-0.001,0,0,-0.004,-0.007,0,0.003,-0.023,0.022,0.03,0.028,0.008,0.006,-0.007,0.047,-0.017,0,0.004,0.002,0,0,0,0,0,0,0,0,0.001,0,0,0,0,0,0.027,-0.054,-0.161,-0.105,-2.915,-0.334,-0.09,0.008,0.004,-4.436,0.71,-0.476
0,1,0,0,0,-0.001,0,0,-0.004,-0.007,0,0.003,-0.023,0.022,0.03,0.028,0.008,0.006,-0.007,0.047,-0.017,0,0.004,0.002,0,0,0,0,0,0,0,0,0.001,0,0,0,0,0,0.026,-0.054,-0.161,-0.105,-2.917,-0.334,-0.09,0.008,0.004,-4.44,0.71,-0.475
0,1,0,0,0,0,0,0.001,-0.004,-0.007,0,0.003,-0.023,0.022,0.03,0.028,0.008,0.006,-0.007,0.047,-0.017,0,0.004,0.002,0,0,0,0,0,0,0,0,0,0,0,0,0,0,0.027,-0.054,-0.161,-0.104,-2.917,-0.334,-0.09,0.008,0.004,-4.443,0.71,-0.475
0,1,0,0,0,0.001,0.001,0.002,-0.004,-0.007,0,0.003,-0.023,0.022,0.03,0.028,0.008,0.006,-0.008,0.047,-0.017,0,0.004,0.002,0,0,0,0,0,0,0,0,0,0,0,0,0,0,0.027,-0.054,-0.16,-0.104,-2.916,-0.334,-0.09,0.008,0.004,-4.445,0.711,-0.476
0,1,0,0,0,0.001,0.001,0.002,-0.004,-0.007,0,0.003,-0.023,0.022,0.03,0.028,0.008,0.006,-0.008,0.047,-0.017,0,0.004,0.002,0,0,0,0,0,0,0,0,0,0,0,0,0,0,0.027,-0.054,-0.16,-0.104,-2.91,-0.334,-0.09,0.009,0.004,-4.44,0.712,-0.477
0,1,0,0,0,-0.001,0.001,0.001,-0.004,-0.007,0,0.003,-0.023,0.022,0.03,0.028,0.008,0.006,-0.007,0.047,-0.017,0,0.004,0.002,0,0,0,0,0,0,0,0,0,0,0,0,0,0,0.027,-0.054,-0.16,-0.104,-2.907,-0.335,-0.09,0.009,0.004,-4.435,0.712,-0.477
0,1,0,0,0,0,-0.001,0.001,-0.004,-0.007,0,0.003,-0.023,0.022,0.03,0.028,0.008,0.006,-0.007,0.047,-0.017,0,0.004,0.002,0,0,-0.001,0,0,0,0,0,0,0,0,0,0,0,0.027,-0.054,-0.16,-0.105,-2.909,-0.334,-0.09,0.009,0.004,-4.429,0.711,-0.475
0,1,0,0,0,0,-0.001,-0.001,-0.004,-0.007,0,0.003,-0.023,0.022,0.03,0.028,0.008,0.006,-0.007,0.047,-0.017,0,0.004,0.002,0,0,0,0.001,0,0,0,0,0,0,0,0,0,0,0.026,-0.054,-0.161,-0.104,-2.912,-0.334,-0.09,0.009,0.004,-4.44,0.711,-0.476
0,1,0,0,0,0,-0.001,-0.001,-0.004,-0.007,0,0.003,-0.023,0.022,0.03,0.028,0.008,0.006,-0.007,0.047,-0.017,0,0.004,0.002,0,0,0,0.001,0,0,0,0,0,0,0,0,0,0,0.027,-0.054,-0.161,-0.104,-2.914,-0.334,-0.09,0.009,0.004,-4.444,0.71,-0.476
0,1,0,0,0,0,-0.001,-0.001,-0.004,-0.007,0,0.003,-0.023,0.022,0.03,0.028,0.008,0.006,-0.007,0.047,-0.017,0,0.004,0.002,0,0,0,0.001,0,0,0,0,0,0,0,0,0,0,0.027,-0.054,-0.161,-0.104,-2.914,-0.334,-0.09,0.008,0.004,-4.446,0.71,-0.475
0,1,0,0,0,0,-0.001,-0.001,-0.004,-0.007,0,0.003,-0.023,0.022,0.03,0.028,0.008,0.006,-0.007,0.047,-0.017,0,0.004,0.002,0,0,0,0.001,0,0,0,0,0,0,0,0,0,0,0.026,-0.054,-0.161,-0.104,-2.915,-0.334,-0.09,0.008,0.004,-4.449,0.71,-0.475
0,1,0,0,0,0,-0.001,-0.001,-0.004,-0.007,0,0.003,-0.023,0.022,0.03,0.028,0.008,0.006,-0.007,0.047,-0.017,0,0.004,0.002,0,0,0,0.001,0,0,0,0,0,0,0,0,0,0,0.026,-0.054,-0.161,-0.104,-2.917,-0.334,-0.09,0.008,0.004,-4.452,0.71,-0.475
0,1,0,0,0,0,-0.001,-0.001,-0.004,-0.007,0,0.003,-0.023,0.022,0.03,0.028,0.008,0.006,-0.007,0.047,-0.017,0,0.004,0.002,0,0,0,0.001,0,0,0,0,0,0,0,0,0,0,0.026,-0.054,-0.161,-0.104,-2.918,-0.334,-0.09,0.008,0.004,-4.455,0.71,-0.475
0,1,0,0,0,0.002,0,-0.001,-0.004,-0.007,0,0.003,-0.023,0.022,0.03,0.028,0.008,0.006,-0.007,0.047,-0.017,0,0.004,0.002,0,0,0,0,0,0,0,0,0,0,0,0,0,0,0.026,-0.053,-0.161,-0.103,-2.919,-0.333,-0.09,0.008,0.004,-4.458,0.71,-0.475
0,1,0,0,0,0.002,0,-0.001,-0.004,-0.007,0,0.003,-0.023,0.022,0.03,0.028,0.008,0.006,-0.007,0.047,-0.017,0,0.004,0.002,0,0,0,0,0,0,0,0,0,0,0,0,0,0,0.026,-0.053,-0.161,-0.103,-2.916,-0.334,-0.09,0.009,0.004,-4.456,0.711,-0.476
0,1,0,0,0,0.002,0,-0.001,-0.004,-0.007,0,0.003,-0.023,0.022,0.03,0.028,0.008,0.006,-0.007,0.047,-0.017,0,0.004,0.002,0,0,0,0,0,0,0,0,0,0,0,0,0,0,0.027,-0.053,-0.161,-0.104,-2.914,-0.334,-0.09,0.009,0.003,-4.452,0.711,-0.476
0,1,0,0,0,-0.002,-0.002,0,-0.004,-0.007,0,0.003,-0.023,0.022,0.03,0.028,0.008,0.006,-0.007,0.047,-0.017,0,0.004,0.002,0,0,0,0,0,0,0,0,0.001,0,0,0,0,0,0.026,-0.053,-0.161,-0.104,-2.913,-0.335,-0.09,0.009,0.003,-4.449,0.711,-0.476
0,1,0,0,0,-0.002,-0.002,0,-0.004,-0.007,0,0.003,-0.023,0.022,0.03,0.028,0.008,0.006,-0.007,0.047,-0.017,0,0.004,0.002,0,0,0,0,0,0,0,0,0.001,0,0,0,0,0,0.026,-0.054,-0.161,-0.104,-2.922,-0.333,-0.09,0.007,0.004,-4.458,0.71,-0.475
0,1,0,0,0,-0.003,0.001,0,-0.004,-0.007,0,0.003,-0.023,0.022,0.03,0.028,0.008,0.006,-0.008,0.047,-0.017,0,0.004,0.002,0,0,0,0.001,0,0,0,0,0,0,0,0,0,0,0.026,-0.053,-0.161,-0.103,-2.927,-0.333,-0.09,0.007,0.004,-4.469,0.709,-0.475
0,1,0,0,0,-0.003,0.001,0,-0.004,-0.007,0,0.003,-0.023,0.022,0.03,0.028,0.008,0.006,-0.008,0.047,-0.017,0,0.004,0.002,0,0,0,0.001,0,0,0,0,0,0,0,0,0,0,0.027,-0.054,-0.16,-0.104,-2.928,-0.332,-0.09,0.007,0.006,-4.465,0.709,-0.474
0,1,0,0,0,-0.003,0.001,0,-0.004,-0.007,0,0.003,-0.023,0.022,0.03,0.028,0.008,0.006,-0.008,0.047,-0.017,0,0.004,0.002,0,0,0,0.001,0,0,0,0,0,0,0,0,0,0,0.026,-0.054,-0.16,-0.105,-2.929,-0.332,-0.09,0.007,0.006,-4.465,0.709,-0.474
0,1,0,0,0,-0.003,0.001,0,-0.004,-0.007,0,0.003,-0.023,0.022,0.03,0.028,0.008,0.006,-0.008,0.047,-0.017,0,0.004,0.002,0,0,0,0.001,0,0,0,0,0,0,0,0,0,0,0.027,-0.054,-0.16,-0.105,-2.93,-0.332,-0.09,0.007,0.006,-4.464,0.709,-0.474
0,1,0,0,0,0.003,-0.001,0.001,-0.004,-0.008,0,0.003,-0.023,0.022,0.03,0.028,0.008,0.006,-0.007,0.047,-0.017,0,0.004,0.002,0,0,0.002,0,0,-0.001,0,0,-0.001,0,0,0,0,0,0.027,-0.054,-0.16,-0.104,-2.929,-0.332,-0.09,0.007,0.006,-4.463,0.709,-0.474
0,1,0,0,0,0.003,-0.001,0.001,-0.004,-0.008,0,0.003,-0.023,0.022,0.03,0.028,0.008,0.006,-0.007,0.047,-0.017,0,0.004,0.002,0,0,0.002,0,0,-0.001,0,0,-0.001,0,0,0,0,0,0.026,-0.053,-0.161,-0.105,-2.917,-0.334,-0.09,0.008,0.003,-4.461,0.712,-0.479
0,1,0,0,0,0.003,-0.001,0.001,-0.004,-0.008,0,0.003,-0.023,0.022,0.03,0.028,0.008,0.006,-0.007,0.047,-0.017,0,0.004,0.002,0,0,0.002,0,0,-0.001,0,0,-0.001,0,0,0,0,0,0.027,-0.053,-0.16,-0.104,-2.91,-0.335,-0.09,0.009,0.002,-4.449,0.713,-0.478
0,1,0,0,0,0.001,0.002,-0.002,-0.004,-0.008,0,0.003,-0.023,0.022,0.03,0.028,0.008,0.006,-0.008,0.047,-0.017,0,0.004,0.002,0,0,0,0.001,0,0,0,0,0,0,0,0,0,0,0.027,-0.053,-0.161,-0.104,-2.905,-0.336,-0.09,0.009,0.002,-4.441,0.714,-0.478
0,1,0,0,0,0.001,0.002,-0.002,-0.004,-0.008,0,0.003,-0.023,0.022,0.03,0.028,0.008,0.006,-0.008,0.047,-0.017,0,0.004,0.002,0,0,0,0.001,0,0,0,0,0,0,0,0,0,0,0.027,-0.054,-0.16,-0.103,-2.907,-0.336,-0.09,0.011,0.003,-4.428,0.711,-0.475
0,1,0,0,0,0.002,0.001,0.001,-0.004,-0.008,0,0.003,-0.023,0.022,0.03,0.028,0.008,0.006,-0.007,0.047,-0.017,0,0.004,0.002,0,0,0.001,0,0,0,0,0,0.001,-0.001,0,0,0,0,0.027,-0.054,-0.161,-0.104,-2.906,-0.335,-0.09,0.011,0.004,-4.423,0.711,-0.476
0,1,0,0,0,0.002,0.001,0.001,-0.004,-0.008,0,0.003,-0.023,0.022,0.03,0.028,0.008,0.006,-0.007,0.047,-0.017,0,0.004,0.002,0,0,0.001,0,0,0,0,0,0.001,-0.001,0,0,0,0,0.027,-0.053,-0.161,-0.103,-2.904,-0.335,-0.089,0.01,0.003,-4.426,0.713,-0.478
0,1,0,0,0,0.002,0.001,0.001,-0.004,-0.008,0,0.003,-0.023,0.022,0.03,0.028,0.008,0.006,-0.007,0.047,-0.017,0,0.004,0.002,0,0,0.001,0,0,0,0,0,0.001,-0.001,0,0,0,0,0.027,-0.053,-0.16,-0.103,-2.902,-0.336,-0.089,0.01,0.002,-4.426,0.713,-0.478
0,1,0,0,0,0.002,0.001,0.001,-0.004,-0.008,0,0.003,-0.023,0.022,0.03,0.028,0.008,0.006,-0.007,0.047,-0.017,0,0.004,0.002,0,0,0.001,0,0,0,0,0,0.001,-0.001,0,0,0,0,0.027,-0.053,-0.16,-0.103,-2.901,-0.336,-0.089,0.01,0.002,-4.426,0.713,-0.478
0,1,0,0,0,0.001,-0.001,0.001,-0.004,-0.008,0,0.003,-0.023,0.022,0.03,0.028,0.008,0.006,-0.008,0.047,-0.017,0,0.004,0.002,0,0,0,0,0,0,0,0,-0.001,0,0,0,0,0,0.027,-0.053,-0.16,-0.103,-2.902,-0.336,-0.089,0.01,0.002,-4.426,0.713,-0.478
0,1,0,0,0,0.001,-0.001,0.001,-0.004,-0.008,0,0.003,-0.023,0.022,0.03,0.028,0.008,0.006,-0.008,0.047,-0.017,0,0.004,0.002,0,0,0,0,0,0,0,0,-0.001,0,0,0,0,0,0.026,-0.053,-0.161,-0.104,-2.907,-0.335,-0.09,0.008,0.003,-4.437,0.712,-0.477
0,1,0,0,0,0,0,0.001,-0.004,-0.008,0,0.003,-0.023,0.022,0.03,0.028,0.008,0.006,-0.007,0.047,-0.017,0,0.004,0.002,0,0,0,0,0,0,0,0,0,0,0,0,0,0,0.026,-0.053,-0.16,-0.104,-2.912,-0.335,-0.09,0.008,0.003,-4.446,0.712,-0.477
0,1,0,0,0,0,0,0.001,-0.004,-0.008,0,0.003,-0.023,0.022,0.03,0.028,0.008,0.006,-0.007,0.047,-0.017,0,0.004,0.002,0,0,0,0,0,0,0,0,0,0,0,0,0,0,0.026,-0.054,-0.16,-0.104,-2.917,-0.334,-0.09,0.008,0.004,-4.45,0.712,-0.476
0,1,0,0,0,0,0,0,-0.004,-0.008,0,0.003,-0.023,0.022,0.03,0.028,0.008,0.006,-0.007,0.047,-0.017,0,0.004,0.002,0,0,0.001,-0.001,0,0,0,0,0,0,0,0,0,0,0.026,-0.054,-0.16,-0.104,-2.919,-0.334,-0.09,0.008,0.004,-4.454,0.712,-0.476
0,1,0,0,0,0,0,0,-0.004,-0.008,0,0.003,-0.023,0.022,0.03,0.028,0.008,0.006,-0.007,0.047,-0.017,0,0.004,0.002,0,0,0.001,-0.001,0,0,0,0,0,0,0,0,0,0,0.026,-0.054,-0.16,-0.104,-2.919,-0.334,-0.09,0.008,0.004,-4.455,0.711,-0.476
0,1,0,0,0,0,0,0,-0.004,-0.008,0,0.003,-0.023,0.022,0.03,0.028,0.008,0.006,-0.007,0.047,-0.017,0,0.004,0.002,0,0,0.001,-0.001,0,0,0,0,0,0,0,0,0,0,0.026,-0.054,-0.16,-0.104,-2.92,-0.334,-0.09,0.008,0.004,-4.456,0.711,-0.476
0,1,0,0,0,0,0,0,-0.004,-0.008,0,0.003,-0.023,0.022,0.03,0.028,0.008,0.006,-0.007,0.047,-0.017,0,0.004,0.002,0,0,0.001,-0.001,0,0,0,0,0,0,0,0,0,0,0.026,-0.054,-0.16,-0.104,-2.921,-0.334,-0.09,0.008,0.004,-4.458,0.711,-0.476
0,1,0,0,0,0.002,0.002,0,-0.004,-0.008,0,0.003,-0.023,0.022,0.03,0.028,0.008,0.006,-0.007,0.047,-0.017,0,0.004,0.002,0,0,0,0,0,0,0,0,0,0.001,0,0,0,0,0.026,-0.054,-0.16,-0.104,-2.922,-0.334,-0.09,0.008,0.004,-4.459,0.711,-0.476
0,1,0,0,0,0.002,0.002,0,-0.004,-0.008,0,0.003,-0.023,0.022,0.03,0.028,0.008,0.006,-0.007,0.047,-0.017,0,0.004,0.002,0,0,0,0,0,0,0,0,0,0.001,0,0,0,0,0.027,-0.054,-0.16,-0.104,-2.916,-0.335,-0.09,0.01,0.004,-4.447,0.712,-0.476
0,1,0,0,0,0.002,0.002,0,-0.004,-0.008,0,0.003,-0.023,0.022,0.03,0.028,0.008,0.006,-0.007,0.047,-0.017,0,0.004,0.002,0,0,0,0,0,0,0,0,0,0.001,0,0,0,0,0.027,-0.054,-0.16,-0.104,-2.911,-0.335,-0.09,0.01,0.004,-4.436,0.712,-0.476
0,1,0,0,0,0,0.001,0.001,-0.004,-0.007,0,0.003,-0.023,0.022,0.03,0.028,0.008,0.006,-0.007,0.047,-0.017,0,0.004,0.002,0,0,0,0,0,0,0,0,0.001,0,0,0,0,0,0.027,-0.054,-0.16,-0.104,-2.908,-0.335,-0.09,0.01,0.004,-4.428,0.712,-0.476
0,1,0,0,0,0,0.001,0.001,-0.004,-0.007,0,0.003,-0.023,0.022,0.03,0.028,0.008,0.006,-0.007,0.047,-0.017,0,0.004,0.002,0,0,0,0,0,0,0,0,0.001,0,0,0,0,0,0.027,-0.054,-0.16,-0.104,-2.91,-0.334,-0.089,0.009,0.004,-4.429,0.712,-0.476
0,1,0,0,0,0,0,0.001,-0.004,-0.007,0,0.003,-0.023,0.022,0.03,0.028,0.008,0.006,-0.008,0.047,-0.017,0,0.004,0.002,0,0,-0.001,0,0,0,0,0,0,0,0,0,0,0,0.027,-0.054,-0.16,-0.104,-2.911,-0.335,-0.09,0.009,0.004,-4.43,0.711,-0.476
0,1,0,0,0,0,0,0.001,-0.004,-0.007,0,0.003,-0.023,0.022,0.03,0.028,0.008,0.006,-0.008,0.047,-0.017,0,0.004,0.002,0,0,-0.001,0,0,0,0,0,0,0,0,0,0,0,0.027,-0.053,-0.16,-0.103,-2.911,-0.334,-0.09,0.008,0.004,-4.438,0.711,-0.476
0,1,0,0,0,0,0.001,0.002,-0.004,-0.007,0,0.003,-0.023,0.022,0.03,0.028,0.008,0.006,-0.007,0.047,-0.017,0,0.004,0.002,0,0,0,-0.001,0,0,0,0,-0.001,0,0,0,0,0,0.027,-0.053,-0.16,-0.103,-2.913,-0.334,-0.09,0.008,0.004,-4.443,0.711,-0.476
0,1,0,0,0,0,0.001,0.002,-0.004,-0.007,0,0.003,-0.023,0.022,0.03,0.028,0.008,0.006,-0.007,0.047,-0.017,0,0.004,0.002,0,0,0,-0.001,0,0,0,0,-0.001,0,0,0,0,0,0.027,-0.054,-0.16,-0.104,-2.914,-0.334,-0.09,0.008,0.004,-4.443,0.712,-0.476
0,1,0,0,0,0.001,0,-0.002,-0.004,-0.007,0,0.003,-0.023,0.022,0.03,0.028,0.008,0.006,-0.007,0.047,-0.017,0,0.004,0.002,0,0,0.001,-0.001,0,0,0,0,0,0,0,0,0,0,0.027,-0.054,-0.16,-0.104,-2.915,-0.334,-0.09,0.008,0.004,-4.445,0.712,-0.476
0,1,0,0,0,0.001,0,-0.002,-0.004,-0.007,0,0.003,-0.023,0.022,0.03,0.028,0.008,0.006,-0.007,0.047,-0.017,0,0.004,0.002,0,0,0.001,-0.001,0,0,0,0,0,0,0,0,0,0,0.026,-0.054,-0.161,-0.104,-2.914,-0.335,-0.09,0.01,0.004,-4.442,0.711,-0.476
0,1,0,0,0,0.001,0,-0.002,-0.004,-0.007,0,0.003,-0.023,0.022,0.03,0.028,0.008,0.006,-0.007,0.047,-0.017,0,0.004,0.002,0,0,0.001,-0.001,0,0,0,0,0,0,0,0,0,0,0.027,-0.054,-0.161,-0.104,-2.913,-0.334,-0.09,0.009,0.004,-4.438,0.711,-0.476
0,1,0,0,0,0.001,0,-0.002,-0.004,-0.007,0,0.003,-0.023,0.022,0.03,0.028,0.008,0.006,-0.007,0.047,-0.017,0,0.004,0.002,0,0,0.001,-0.001,0,0,0,0,0,0,0,0,0,0,0.027,-0.054,-0.161,-0.104,-2.912,-0.335,-0.09,0.01,0.004,-4.437,0.711,-0.476
0,1,0,0,0,0.001,0,-0.002,-0.004,-0.007,0,0.003,-0.023,0.022,0.03,0.028,0.008,0.006,-0.007,0.047,-0.017,0,0.004,0.002,0,0,0.001,-0.001,0,0,0,0,0,0,0,0,0,0,0.027,-0.054,-0.161,-0.104,-2.912,-0.335,-0.09,0.01,0.004,-4.437,0.711,-0.476
0,1,0,0,0,0.001,0,-0.002,-0.004,-0.007,0,0.003,-0.023,0.022,0.03,0.028,0.008,0.006,-0.007,0.047,-0.017,0,0.004,0.002,0,0,0.001,-0.001,0,0,0,0,0,0,0,0,0,0,0.027,-0.054,-0.161,-0.104,-2.913,-0.335,-0.09,0.01,0.004,-4.438,0.711,-0.476
0,1,0,0,0,0,0.001,0,-0.004,-0.007,0,0.003,-0.023,0.022,0.03,0.028,0.008,0.006,-0.007,0.047,-0.017,0,0.004,0.002,0,0,0.001,0,0,0,0,0,0.001,0,0,0,0,0,0.027,-0.054,-0.161,-0.104,-2.913,-0.335,-0.09,0.01,0.004,-4.438,0.711,-0.476
0,1,0,0,0,0,0.001,0,-0.004,-0.007,0,0.003,-0.023,0.022,0.03,0.028,0.008,0.006,-0.007,0.047,-0.017,0,0.004,0.002,0,0,0.001,0,0,0,0,0,0.001,0,0,0,0,0,0.027,-0.054,-0.161,-0.104,-2.912,-0.334,-0.09,0.009,0.004,-4.436,0.711,-0.476
0,1,0,0,0,0,0.001,0,-0.004,-0.007,0,0.003,-0.023,0.022,0.03,0.028,0.008,0.006,-0.007,0.047,-0.017,0,0.004,0.002,0,0,0.001,0,0,0,0,0,0.001,0,0,0,0,0,0.027,-0.054,-0.161,-0.104,-2.912,-0.335,-0.09,0.009,0.004,-4.434,0.711,-0.476
0,1,0,0,0,0,0.001,0,-0.004,-0.007,0,0.003,-0.023,0.022,0.03,0.028,0.008,0.006,-0.007,0.047,-0.017,0,0.004,0.002,0,0,0.001,0,0,0,0,0,0.001,0,0,0,0,0,0.027,-0.054,-0.161,-0.104,-2.911,-0.334,-0.09,0.009,0.004,-4.432,0.711,-0.476
0,1,0,0,0,-0.001,0,-0.001,-0.004,-0.007,0,0.003,-0.023,0.022,0.03,0.028,0.008,0.006,-0.007,0.047,-0.017,0,0.004,0.002,0,0,0,0.001,0,0,0,0,0,0.001,0,0,0,0,0.027,-0.054,-0.161,-0.104,-2.91,-0.335,-0.09,0.009,0.004,-4.43,0.711,-0.476
0,1,0,0,0,0,0,0.005,-0.004,-0.007,0,0.003,-0.023,0.022,0.03,0.028,0.008,0.006,-0.008,0.046,-0.017,0,0.004,0.002,0,0,-0.001,0,0,0,0,0,0,0,0,0,0,0,0.027,-0.054,-0.161,-0.104,-2.912,-0.334,-0.09,0.009,0.005,-4.431,0.71,-0.475
0,1,0,0,0,0,0,0.005,-0.004,-0.007,0,0.003,-0.023,0.022,0.03,0.028,0.008,0.006,-0.008,0.046,-0.017,0,0.004,0.002,0,0,-0.001,0,0,0,0,0,0,0,0,0,0,0,0.027,-0.054,-0.16,-0.105,-2.91,-0.334,-0.089,0.007,0.004,-4.438,0.713,-0.478
0,1,0,0,0,0,0,0.005,-0.004,-0.007,0,0.003,-0.023,0.022,0.03,0.028,0.008,0.006,-0.008,0.046,-0.017,0,0.004,0.002,0,0,-0.001,0,0,0,0,0,0,0,0,0,0,0,0.027,-0.054,-0.159,-0.105,-2.909,-0.335,-0.09,0.008,0.003,-4.439,0.713,-0.478
0,1,0,0,0,0.001,0,-0.003,-0.004,-0.007,0,0.003,-0.023,0.022,0.03,0.028,0.008,0.006,-0.008,0.047,-0.017,0,0.004,0.002,0,0,0,0,0,0,0,0,0,0,0,0,0,0,0.027,-0.054,-0.159,-0.104,-2.907,-0.335,-0.09,0.008,0.003,-4.438,0.714,-0.478
0,1,0,0,0,-0.001,0.001,0,-0.004,-0.007,0,0.003,-0.023,0.022,0.03,0.028,0.008,0.006,-0.007,0.047,-0.017,0,0.004,0.002,0,0,0,0,0,0,0,0,0,0.001,0,0,0,0,0.026,-0.054,-0.161,-0.104,-2.907,-0.336,-0.09,0.011,0.003,-4.43,0.711,-0.475
0,1,0,0,0,0,0,0.001,-0.004,-0.007,0,0.003,-0.023,0.022,0.03,0.028,0.008,0.006,-0.007,0.047,-0.017,0,0.004,0.002,0,0,0.001,0,0,0,0,0,0,0.001,0,0,0,0,0.028,-0.054,-0.161,-0.105,-2.907,-0.334,-0.089,0.009,0.004,-4.422,0.711,-0.476
0,1,0,0,0,0,0,0.003,-0.004,-0.007,0,0.003,-0.023,0.022,0.03,0.028,0.008,0.006,-0.007,0.047,-0.017,0,0.004,0.002,0,0,0.001,0,0,0,0,0,0,0,0,0,0,0,0.026,-0.054,-0.161,-0.105,-2.907,-0.335,-0.09,0.009,0.004,-4.424,0.711,-0.477
0,1,0,0,0,-0.002,0.001,-0.001,-0.004,-0.007,0,0.003,-0.023,0.022,0.03,0.028,0.008,0.006,-0.007,0.047,-0.017,0,0.004,0.002,0,0,0,-0.001,0,0,0,0,0,0,0,0,0,0,0.028,-0.054,-0.16,-0.106,-2.904,-0.335,-0.089,0.008,0.003,-4.421,0.713,-0.478
0,1,0,0,0,-0.004,-0.001,-0.001,-0.004,-0.007,0,0.003,-0.023,0.022,0.03,0.028,0.008,0.006,-0.007,0.047,-0.017,0,0.004,0.002,0,0,0,0,0,0,0,0,0,0,0,0,0,0,0.027,-0.054,-0.16,-0.105,-2.909,-0.335,-0.09,0.01,0.005,-4.418,0.71,-0.474
0,1,0,0,0,-0.004,-0.001,-0.001,-0.004,-0.007,0,0.003,-0.023,0.022,0.03,0.028,0.008,0.006,-0.007,0.047,-0.017,0,0.004,0.002,0,0,0,0,0,0,0,0,0,0,0,0,0,0,0.027,-0.054,-0.162,-0.105,-2.918,-0.333,-0.09,0.007,0.005,-4.433,0.709,-0.474
0,1,0,0,0,0.003,0.004,0.002,-0.004,-0.007,0,0.003,-0.023,0.022,0.03,0.028,0.008,0.006,-0.008,0.046,-0.017,0,0.004,0.002,0,0,0,-0.001,0,0,0,0,-0.001,-0.001,0,0,0,0,0.026,-0.054,-0.161,-0.105,-2.925,-0.332,-0.09,0.007,0.006,-4.447,0.708,-0.474
0,1,0,0,0,0.003,0.004,0.002,-0.004,-0.007,0,0.003,-0.023,0.022,0.03,0.028,0.008,0.006,-0.008,0.046,-0.017,0,0.004,0.002,0,0,0,-0.001,0,0,0,0,-0.001,-0.001,0,0,0,0,0.028,-0.054,-0.159,-0.105,-2.909,-0.334,-0.09,0.011,0.005,-4.43,0.713,-0.478
0,1,0,0,0,-0.003,-0.001,-0.002,-0.004,-0.007,0,0.003,-0.023,0.022,0.03,0.028,0.008,0.006,-0.008,0.047,-0.017,0,0.004,0.002,0,0,0,0,0,0,0,0,0,0,0,0,0,0,0.028,-0.054,-0.159,-0.105,-2.898,-0.336,-0.089,0.011,0.003,-4.409,0.714,-0.478
0,1,0,0,0,-0.003,-0.001,-0.002,-0.004,-0.007,0,0.003,-0.023,0.022,0.03,0.028,0.008,0.006,-0.008,0.047,-0.017,0,0.004,0.002,0,0,0,0,0,0,0,0,0,0,0,0,0,0,0.027,-0.054,-0.161,-0.104,-2.911,-0.334,-0.09,0.008,0.004,-4.423,0.709,-0.474
0,1,0,0,0,-0.003,-0.001,-0.002,-0.004,-0.007,0,0.003,-0.023,0.022,0.03,0.028,0.008,0.006,-0.008,0.047,-0.017,0,0.004,0.002,0,0,0,0,0,0,0,0,0,0,0,0,0,0,0.026,-0.054,-0.161,-0.105,-2.92,-0.332,-0.09,0.008,0.005,-4.44,0.708,-0.474
0,1,0,0,0,-0.003,-0.001,-0.002,-0.004,-0.007,0,0.003,-0.023,0.022,0.03,0.028,0.008,0.006,-0.008,0.047,-0.017,0,0.004,0.002,0,0,0,0,0,0,0,0,0,0,0,0,0,0,0.026,-0.054,-0.161,-0.105,-2.926,-0.332,-0.09,0.007,0.006,-4.452,0.708,-0.474
0,1,0,0,0,-0.003,-0.001,-0.002,-0.004,-0.007,0,0.003,-0.023,0.022,0.03,0.028,0.008,0.006,-0.008,0.047,-0.017,0,0.004,0.002,0,0,0,0,0,0,0,0,0,0,0,0,0,0,0.026,-0.054,-0.161,-0.104,-2.93,-0.332,-0.09,0.007,0.006,-4.46,0.708,-0.473
0,1,0,0,0,-0.003,-0.001,-0.002,-0.004,-0.007,0,0.003,-0.023,0.022,0.03,0.028,0.008,0.006,-0.008,0.047,-0.017,0,0.004,0.002,0,0,0,0,0,0,0,0,0,0,0,0,0,0,0.026,-0.054,-0.161,-0.104,-2.932,-0.331,-0.09,0.007,0.006,-4.467,0.707,-0.473
0,1,0,0,0,-0.003,-0.001,-0.002,-0.004,-0.007,0,0.003,-0.023,0.022,0.03,0.028,0.008,0.006,-0.008,0.047,-0.017,0,0.004,0.002,0,0,0,0,0,0,0,0,0,0,0,0,0,0,0.026,-0.054,-0.161,-0.104,-2.934,-0.331,-0.09,0.006,0.006,-4.473,0.707,-0.473
0,1,0,0,0,-0.003,-0.001,-0.002,-0.004,-0.007,0,0.003,-0.023,0.022,0.03,0.028,0.008,0.006,-0.008,0.047,-0.017,0,0.004,0.002,0,0,0,0,0,0,0,0,0,0,0,0,0,0,0.026,-0.054,-0.161,-0.104,-2.937,-0.331,-0.09,0.006,0.006,-4.478,0.707,-0.473
0,1,0,0,0,-0.003,-0.001,-0.002,-0.004,-0.007,0,0.003,-0.023,0.022,0.03,0.028,0.008,0.006,-0.008,0.047,-0.017,0,0.004,0.002,0,0,0,0,0,0,0,0,0,0,0,0,0,0,0.026,-0.054,-0.161,-0.104,-2.939,-0.33,-0.09,0.006,0.006,-4.483,0.707,-0.473
0,1,0,0,0,-0.003,-0.001,-0.002,-0.004,-0.007,0,0.003,-0.023,0.022,0.03,0.028,0.008,0.006,-0.008,0.047,-0.017,0,0.004,0.002,0,0,0,0,0,0,0,0,0,0,0,0,0,0,0.026,-0.054,-0.161,-0.104,-2.94,-0.33,-0.09,0.006,0.006,-4.487,0.707,-0.472
0,1,0,0,0,-0.003,-0.001,-0.002,-0.004,-0.007,0,0.003,-0.023,0.022,0.03,0.028,0.008,0.006,-0.008,0.047,-0.017,0,0.004,0.002,0,0,0,0,0,0,0,0,0,0,0,0,0,0,0.026,-0.054,-0.161,-0.104,-2.941,-0.33,-0.09,0.006,0.006,-4.489,0.707,-0.472
0,1,0,0,0,-0.003,-0.001,-0.002,-0.004,-0.007,0,0.003,-0.023,0.022,0.03,0.028,0.008,0.006,-0.008,0.047,-0.017,0,0.004,0.002,0,0,0,0,0,0,0,0,0,0,0,0,0,0,0.026,-0.054,-0.161,-0.104,-2.941,-0.33,-0.09,0.006,0.006,-4.49,0.707,-0.472
0,1,0,0,0,0,0.001,0.001,-0.004,-0.007,0,0.003,-0.023,0.022,0.03,0.028,0.008,0.006,-0.007,0.047,-0.017,0,0.004,0.002,0,0,-0.001,-0.001,0,0,0,0,0,0,0,0,0,0,0.026,-0.054,-0.161,-0.104,-2.942,-0.33,-0.09,0.006,0.007,-4.491,0.707,-0.472
0,1,0,0,0,0,0.001,0.001,-0.004,-0.007,0,0.003,-0.023,0.022,0.03,0.028,0.008,0.006,-0.007,0.047,-0.017,0,0.004,0.002,0,0,-0.001,-0.001,0,0,0,0,0,0,0,0,0,0,0.027,-0.053,-0.159,-0.103,-2.932,-0.331,-0.09,0.007,0.006,-4.481,0.71,-0.475
0,1,0,0,0,0.001,0,0,-0.004,-0.007,0,0.003,-0.023,0.022,0.03,0.028,0.008,0.006,-0.007,0.046,-0.017,0,0.004,0.002,0,0,0,0,0,0,0,0,-0.001,0.001,0,0,0,0,0.027,-0.054,-0.159,-0.103,-2.925,-0.332,-0.09,0.007,0.005,-4.47,0.71,-0.475
0,1,0,0,0,0.001,0,0,-0.004,-0.007,0,0.003,-0.023,0.022,0.03,0.028,0.008,0.006,-0.007,0.046,-0.017,0,0.004,0.002,0,0,0,0,0,0,0,0,-0.001,0.001,0,0,0,0,0.027,-0.053,-0.161,-0.103,-2.923,-0.333,-0.09,0.007,0.004,-4.467,0.71,-0.475
0,1,0,0,0,0,-0.001,0.004,-0.004,-0.008,0,0.003,-0.023,0.022,0.03,0.028,0.008,0.006,-0.007,0.047,-0.017,0,0.004,0.002,0,0,0,0.001,0,0,0,0,0,-0.001,0,0,0,0,0.027,-0.053,-0.16,-0.104,-2.922,-0.333,-0.09,0.008,0.004,-4.463,0.71,-0.475
0,1,0,0,0,0,-0.001,0.004,-0.004,-0.008,0,0.003,-0.023,0.022,0.03,0.028,0.008,0.006,-0.007,0.047,-0.017,0,0.004,0.002,0,0,0,0.001,0,0,0,0,0,-0.001,0,0,0,0,0.027,-0.053,-0.16,-0.104,-2.922,-0.332,-0.09,0.006,0.004,-4.47,0.712,-0.477
0,1,0,0,0,0,-0.001,0.004,-0.004,-0.008,0,0.003,-0.023,0.022,0.03,0.028,0.008,0.006,-0.007,0.047,-0.017,0,0.004,0.002,0,0,0,0.001,0,0,0,0,0,-0.001,0,0,0,0,0.026,-0.053,-0.159,-0.104,-2.923,-0.333,-0.09,0.006,0.004,-4.474,0.712,-0.477
0,1,0,0,0,0,-0.001,0.004,-0.004,-0.008,0,0.003,-0.023,0.022,0.03,0.028,0.008,0.006,-0.007,0.047,-0.017,0,0.004,0.002,0,0,0,0,0,0,0,0,0,0,0,0,0,0,0.026,-0.053,-0.159,-0.104,-2.923,-0.333,-0.09,0.006,0.003,-4.476,0.712,-0.477
0,1,0,0,0,-0.001,0,-0.002,-0.004,-0.008,0,0.003,-0.023,0.022,0.03,0.028,0.008,0.006,-0.007,0.047,-0.017,0,0.004,0.002,0,0,0,0,0,0,0,0,0.001,0,0,0,0,0,0.026,-0.053,-0.159,-0.104,-2.922,-0.334,-0.09,0.006,0.003,-4.473,0.713,-0.477
0,1,0,0,0,-0.001,0.001,0.003,-0.004,-0.008,0,0.003,-0.023,0.022,0.03,0.028,0.008,0.006,-0.007,0.047,-0.017,0,0.004,0.002,0,0,0,0.001,0,0,0,0,0.001,0.001,0,0,0,0,0.026,-0.054,-0.16,-0.103,-2.925,-0.334,-0.09,0.009,0.004,-4.465,0.71,-0.474
0,1,0,0,0,-0.001,0.001,0.003,-0.004,-0.008,0,0.003,-0.023,0.022,0.03,0.028,0.008,0.006,-0.007,0.047,-0.017,0,0.004,0.002,0,0,0,0.001,0,0,0,0,0.001,0.001,0,0,0,0,0.027,-0.053,-0.159,-0.104,-2.92,-0.333,-0.09,0.007,0.004,-4.458,0.712,-0.477
0,1,0,0,0,0.001,-0.003,-0.001,-0.004,-0.008,0,0.003,-0.023,0.022,0.03,0.028,0.008,0.006,-0.008,0.047,-0.017,0,0.004,0.002,0,0,0.001,0,0,0,0,0,-0.001,0,0,0,0,0,0.026,-0.054,-0.159,-0.104,-2.919,-0.334,-0.09,0.008,0.004,-4.454,0.712,-0.476
0,1,0,0,0,0.001,-0.003,-0.001,-0.004,-0.008,0,0.003,-0.023,0.022,0.03,0.028,0.008,0.006,-0.008,0.047,-0.017,0,0.004,0.002,0,0,0.001,0,0,0,0,0,-0.001,0,0,0,0,0,0.025,-0.053,-0.162,-0.104,-2.919,-0.334,-0.09,0.007,0.003,-4.464,0.711,-0.477
0,1,0,0,0,0.001,-0.003,-0.001,-0.004,-0.008,0,0.003,-0.023,0.022,0.03,0.028,0.008,0.006,-0.008,0.047,-0.017,0,0.004,0.002,0,0,0.001,0,0,0,0,0,-0.001,0,0,0,0,0,0.026,-0.053,-0.161,-0.103,-2.921,-0.333,-0.09,0.007,0.003,-4.469,0.711,-0.476
0,1,0,0,0,0,-0.001,0.002,-0.004,-0.008,0,0.003,-0.023,0.022,0.03,0.028,0.008,0.006,-0.007,0.047,-0.017,0,0.004,0.002,0,0,0,0,0,0,0,0,0,0,0,0,0,0,0.026,-0.053,-0.161,-0.103,-2.923,-0.333,-0.09,0.007,0.003,-4.474,0.711,-0.476
0,1,0,0,0,0,-0.001,0.002,-0.004,-0.008,0,0.003,-0.023,0.022,0.03,0.028,0.008,0.006,-0.007,0.047,-0.017,0,0.004,0.002,0,0,0,0,0,0,0,0,0,0,0,0,0,0,0.027,-0.053,-0.159,-0.103,-2.926,-0.333,-0.09,0.007,0.004,-4.478,0.712,-0.476
0,1,0,0,0,0,-0.002,-0.005,-0.004,-0.008,0,0.003,-0.023,0.022,0.03,0.028,0.008,0.006,-0.007,0.047,-0.017,0,0.004,0.002,0,0,0,-0.001,0,0,0,0,0,0,0,0,0,0,0.026,-0.053,-0.16,-0.103,-2.928,-0.333,-0.09,0.006,0.003,-4.484,0.711,-0.476
0,1,0,0,0,0,-0.002,-0.005,-0.004,-0.008,0,0.003,-0.023,0.022,0.03,0.028,0.008,0.006,-0.007,0.047,-0.017,0,0.004,0.002,0,0,0,-0.001,0,0,0,0,0,0,0,0,0,0,0.026,-0.053,-0.161,-0.102,-2.931,-0.333,-0.09,0.008,0.004,-4.485,0.709,-0.474
0,1,0,0,0,0,-0.002,-0.005,-0.004,-0.008,0,0.003,-0.023,0.022,0.03,0.028,0.008,0.006,-0.007,0.047,-0.017,0,0.004,0.002,0,0,0,-0.001,0,0,0,0,0,0,0,0,0,0,0.026,-0.053,-0.162,-0.102,-2.933,-0.332,-0.09,0.008,0.004,-4.485,0.709,-0.474
0,1,0,0,0,0,-0.002,-0.005,-0.004,-0.008,0,0.003,-0.023,0.022,0.03,0.028,0.008,0.006,-0.007,0.047,-0.017,0,0.004,0.002,0,0,0,-0.001,0,0,0,0,0,0,0,0,0,0,0.026,-0.053,-0.161,-0.102,-2.934,-0.332,-0.09,0.008,0.004,-4.488,0.708,-0.474
0,1,0,0,0,0,-0.002,-0.005,-0.004,-0.008,0,0.003,-0.023,0.022,0.03,0.028,0.008,0.006,-0.007,0.047,-0.017,0,0.004,0.002,0,0,0,-0.001,0,0,0,0,0,0,0,0,0,0,0.026,-0.053,-0.161,-0.102,-2.936,-0.332,-0.09,0.007,0.005,-4.491,0.708,-0.474
0,1,0,0,0,0,0.001,0.004,-0.004,-0.008,0,0.003,-0.023,0.022,0.03,0.028,0.008,0.006,-0.007,0.047,-0.017,0,0.004,0.002,0,0,0,0.001,0,0,0,0,0,0,0,0,0,0,0.026,-0.053,-0.161,-0.102,-2.937,-0.332,-0.09,0.007,0.005,-4.494,0.708,-0.474
0,1,0,0,0,0.002,0,-0.002,-0.004,-0.008,0,0.003,-0.023,0.022,0.03,0.028,0.008,0.006,-0.007,0.047,-0.017,0,0.004,0.002,0,0,0,0,0,0,0,0,0,-0.001,0,0,0,0,0.027,-0.053,-0.158,-0.104,-2.933,-0.331,-0.09,0.004,0.005,-4.492,0.711,-0.476
0,1,0,0,0,0.002,0,-0.002,-0.004,-0.008,0,0.003,-0.023,0.022,0.03,0.028,0.008,0.006,-0.007,0.047,-0.017,0,0.004,0.002,0,0,0,0,0,0,0,0,0,-0.001,0,0,0,0,0.025,-0.054,-0.16,-0.103,-2.933,-0.334,-0.09,0.008,0.004,-4.492,0.71,-0.475
0,1,0,0,0,0.002,0,-0.002,-0.004,-0.008,0,0.003,-0.023,0.022,0.03,0.028,0.008,0.006,-0.007,0.047,-0.017,0,0.004,0.002,0,0,0,0,0,0,0,0,0,-0.001,0,0,0,0,0.027,-0.053,-0.16,-0.102,-2.929,-0.333,-0.09,0.007,0.004,-4.486,0.711,-0.475
0,1,0,0,0,0.002,0,-0.002,-0.004,-0.008,0,0.003,-0.023,0.022,0.03,0.028,0.008,0.006,-0.007,0.047,-0.017,0,0.004,0.002,0,0,0,0,0,0,0,0,0,-0.001,0,0,0,0,0.026,-0.053,-0.16,-0.102,-2.928,-0.333,-0.09,0.008,0.004,-4.483,0.71,-0.475
0,1,0,0,0,0.002,0,-0.002,-0.004,-0.008,0,0.003,-0.023,0.022,0.03,0.028,0.008,0.006,-0.007,0.047,-0.017,0,0.004,0.002,0,0,0,0,0,0,0,0,0,-0.001,0,0,0,0,0.027,-0.053,-0.16,-0.102,-2.926,-0.333,-0.09,0.008,0.004,-4.48,0.71,-0.475
0,1,0,0,0,0.002,0,-0.002,-0.004,-0.008,0,0.003,-0.023,0.022,0.03,0.028,0.008,0.006,-0.007,0.047,-0.017,0,0.004,0.002,0,0,0,0,0,0,0,0,0,-0.001,0,0,0,0,0.026,-0.053,-0.16,-0.103,-2.925,-0.334,-0.09,0.008,0.004,-4.477,0.71,-0.475
0,1,0,0,0,-0.003,0,0,-0.004,-0.008,0,0.003,-0.023,0.022,0.03,0.028,0.008,0.006,-0.007,0.047,-0.017,0,0.004,0.002,0,0,0,0,0,0,0,0,0,0,0,0,0,0,0.026,-0.053,-0.16,-0.103,-2.925,-0.334,-0.09,0.008,0.004,-4.475,0.711,-0.475
0,1,0,0,0,-0.003,0,0,-0.004,-0.008,0,0.003,-0.023,0.022,0.03,0.028,0.008,0.006,-0.007,0.047,-0.017,0,0.004,0.002,0,0,0,0,0,0,0,0,0,0,0,0,0,0,0.027,-0.054,-0.159,-0.103,-2.933,-0.332,-0.09,0.006,0.005,-4.478,0.709,-0.473
0,1,0,0,0,-0.003,0,0,-0.004,-0.008,0,0.003,-0.023,0.022,0.03,0.028,0.008,0.006,-0.007,0.047,-0.017,0,0.004,0.002,0,0,0,0,0,0,0,0,0,0,0,0,0,0,0.025,-0.054,-0.16,-0.104,-2.939,-0.332,-0.09,0.006,0.006,-4.486,0.708,-0.474
0,1,0,0,0,-0.003,0,0,-0.004,-0.008,0,0.003,-0.023,0.022,0.03,0.028,0.008,0.006,-0.007,0.047,-0.017,0,0.004,0.002,0,0,0,0,0,0,0,0,0,0,0,0,0,0,0.026,-0.054,-0.16,-0.103,-2.942,-0.331,-0.09,0.006,0.006,-4.492,0.708,-0.474
0,1,0,0,0,0,0,-0.002,-0.004,-0.008,0,0.003,-0.023,0.022,0.03,0.028,0.008,0.006,-0.007,0.047,-0.017,0,0.004,0.002,0,0,0,0.001,0,0,0,0,0.001,0,0,0,0,0,0.026,-0.054,-0.16,-0.103,-2.943,-0.331,-0.09,0.005,0.006,-4.496,0.708,-0.473
0,1,0,0,0,0,0,-0.002,-0.004,-0.008,0,0.003,-0.023,0.022,0.03,0.028,0.008,0.006,-0.007,0.047,-0.017,0,0.004,0.002,0,0,0,0.001,0,0,0,0,0.001,0,0,0,0,0,0.026,-0.053,-0.16,-0.103,-2.937,-0.332,-0.09,0.007,0.005,-4.49,0.709,-0.474
0,1,0,0,0,0,0,-0.002,-0.004,-0.008,0,0.003,-0.023,0.022,0.03,0.028,0.008,0.006,-0.007,0.047,-0.017,0,0.004,0.002,0,0,0,0.001,0,0,0,0,0.001,0,0,0,0,0,0.027,-0.053,-0.16,-0.103,-2.932,-0.332,-0.09,0.007,0.005,-4.481,0.709,-0.474
0,1,0,0,0,0,0,-0.002,-0.004,-0.008,0,0.003,-0.023,0.022,0.03,0.028,0.008,0.006,-0.007,0.047,-0.017,0,0.004,0.002,0,0,0,0.001,0,0,0,0,0.001,0,0,0,0,0,0.027,-0.053,-0.161,-0.103,-2.93,-0.332,-0.09,0.008,0.005,-4.475,0.709,-0.474
0,1,0,0,0,0,0,-0.002,-0.004,-0.008,0,0.003,-0.023,0.022,0.03,0.028,0.008,0.006,-0.007,0.047,-0.017,0,0.004,0.002,0,0,0,0.001,0,0,0,0,0.001,0,0,0,0,0,0.027,-0.054,-0.161,-0.103,-2.928,-0.332,-0.09,0.008,0.005,-4.471,0.709,-0.474
0,1,0,0,0,0,0,-0.002,-0.004,-0.008,0,0.003,-0.023,0.022,0.03,0.028,0.008,0.006,-0.007,0.047,-0.017,0,0.004,0.002,0,0,0,0.001,0,0,0,0,0.001,0,0,0,0,0,0.027,-0.054,-0.161,-0.103,-2.927,-0.332,-0.09,0.008,0.005,-4.467,0.709,-0.474
0,1,0,0,0,0,0,-0.002,-0.004,-0.008,0,0.003,-0.023,0.022,0.03,0.028,0.008,0.006,-0.007,0.047,-0.017,0,0.004,0.002,0,0,0,0.001,0,0,0,0,0.001,0,0,0,0,0,0.027,-0.054,-0.161,-0.103,-2.925,-0.332,-0.09,0.008,0.005,-4.463,0.709,-0.474
0,1,0,0,0,0,0,-0.002,-0.004,-0.008,0,0.003,-0.023,0.022,0.03,0.028,0.008,0.006,-0.007,0.047,-0.017,0,0.004,0.002,0,0,0,0.001,0,0,0,0,0.001,0,0,0,0,0,0.027,-0.054,-0.161,-0.103,-2.924,-0.333,-0.09,0.008,0.005,-4.46,0.709,-0.475
0,1,0,0,0,0,0,-0.002,-0.004,-0.008,0,0.003,-0.023,0.022,0.03,0.028,0.008,0.006,-0.007,0.047,-0.017,0,0.004,0.002,0,0,0,0.001,0,0,0,0,0.001,0,0,0,0,0,0.027,-0.054,-0.161,-0.103,-2.923,-0.333,-0.09,0.008,0.005,-4.458,0.709,-0.475
0,1,0,0,0,-0.001,-0.003,-0.001,-0.005,-0.008,0,0.003,-0.023,0.022,0.03,0.028,0.008,0.006,-0.007,0.047,-0.017,0,0.004,0.002,0,0,0,0,0,0,0,0,0,0,0,0,0,0,0.027,-0.054,-0.161,-0.103,-2.922,-0.333,-0.09,0.009,0.004,-4.456,0.709,-0.475
0,1,0,0,0,-0.001,-0.003,-0.001,-0.005,-0.008,0,0.003,-0.023,0.022,0.03,0.028,0.008,0.006,-0.007,0.047,-0.017,0,0.004,0.002,0,0,0,0,0,0,0,0,0,0,0,0,0,0,0.026,-0.053,-0.162,-0.104,-2.929,-0.332,-0.09,0.006,0.004,-4.473,0.709,-0.475
0,1,0,0,0,-0.001,-0.003,-0.001,-0.005,-0.008,0,0.003,-0.023,0.022,0.03,0.028,0.008,0.006,-0.007,0.047,-0.017,0,0.004,0.002,0,0,0,0,0,0,0,0,0,0,0,0,0,0,0.026,-0.054,-0.161,-0.104,-2.935,-0.332,-0.09,0.006,0.004,-4.485,0.709,-0.475
0,1,0,0,0,-0.001,-0.003,-0.001,-0.005,-0.008,0,0.003,-0.023,0.022,0.03,0.028,0.008,0.006,-0.007,0.047,-0.017,0,0.004,0.002,0,0,0,0,0,0,0,0,0,0,0,0,0,0,0.025,-0.053,-0.161,-0.104,-2.938,-0.332,-0.09,0.006,0.004,-4.494,0.709,-0.475
0,1,0,0,0,0.004,0.001,0.001,-0.005,-0.008,0,0.003,-0.023,0.022,0.03,0.028,0.008,0.006,-0.007,0.047,-0.017,0,0.004,0.002,0,0,0,0,0,0,0,0,0,0.001,0,0,0,0,0.025,-0.053,-0.16,-0.104,-2.941,-0.332,-0.091,0.005,0.004,-4.502,0.709,-0.475
0,1,0,0,0,0.004,0.001,0.001,-0.005,-0.008,0,0.003,-0.023,0.022,0.03,0.028,0.008,0.006,-0.007,0.047,-0.017,0,0.004,0.002,0,0,0,0,0,0,0,0,0,0.001,0,0,0,0,0.027,-0.053,-0.159,-0.103,-2.93,-0.333,-0.09,0.008,0.003,-4.491,0.712,-0.477
0,1,0,0,0,0.004,0.001,0.001,-0.005,-0.008,0,0.003,-0.023,0.022,0.03,0.028,0.008,0.006,-0.007,0.047,-0.017,0,0.004,0.002,0,0,0,0,0,0,0,0,0,0.001,0,0,0,0,0.027,-0.053,-0.159,-0.103,-2.922,-0.334,-0.09,0.008,0.003,-4.478,0.713,-0.477
0,1,0,0,0,-0.001,-0.001,-0.003,-0.005,-0.008,0,0.003,-0.023,0.022,0.03,0.028,0.008,0.006,-0.007,0.047,-0.017,0,0.004,0.002,0,0,-0.001,0,0,0,0,0,0,0,0,0,0,0,0.027,-0.053,-0.159,-0.103,-2.917,-0.335,-0.09,0.009,0.002,-4.468,0.713,-0.478
0,1,0,0,0,0,-0.003,0.001,-0.005,-0.008,0,0.003,-0.023,0.022,0.03,0.028,0.008,0.006,-0.008,0.047,-0.017,0,0.004,0.002,0,0,0,0,0,0,0,0,0,0,0,0,0,0,0.026,-0.054,-0.16,-0.103,-2.928,-0.334,-0.09,0.008,0.004,-4.472,0.709,-0.473
0,1,0,0,0,0.002,0,-0.001,-0.005,-0.008,0,0.003,-0.023,0.022,0.03,0.028,0.008,0.006,-0.007,0.047,-0.017,0,0.004,0.002,0,0,0,0.001,0,0.001,0,0,0.001,0,0,0,0,0,0.025,-0.053,-0.161,-0.103,-2.933,-0.332,-0.09,0.006,0.004,-4.49,0.711,-0.477
0,1,0,0,0,0,-0.001,0.001,-0.005,-0.008,0,0.003,-0.023,0.022,0.03,0.028,0.008,0.006,-0.008,0.047,-0.017,0,0.004,0.002,0,0,0,0,0,0.001,0,0,0,0.001,0,-0.001,0,0,0.026,-0.053,-0.16,-0.102,-2.931,-0.334,-0.09,0.009,0.003,-4.486,0.711,-0.475
0,1,0,0,0,0.001,-0.001,-0.001,-0.005,-0.008,0,0.003,-0.023,0.022,0.03,0.028,0.008,0.006,-0.007,0.047,-0.017,0,0.004,0.002,0,0,-0.001,0.001,0,0.001,0,0,0,0,0,-0.002,0,0,0.026,-0.053,-0.16,-0.103,-2.93,-0.333,-0.09,0.006,0.004,-4.487,0.711,-0.476
0,1,0,0,0,0.001,0.001,0.003,-0.005,-0.008,0,0.003,-0.023,0.022,0.03,0.028,0.008,0.006,-0.007,0.047,-0.017,0,0.004,0.002,0,0,0,0.001,0,-0.001,0,0,0,0,0,0.001,0,0,0.026,-0.053,-0.16,-0.102,-2.931,-0.334,-0.09,0.007,0.004,-4.493,0.71,-0.475
0,1,0,0,0,-0.002,-0.002,-0.002,-0.005,-0.008,0,0.003,-0.023,0.022,0.03,0.028,0.008,0.006,-0.007,0.047,-0.017,0,0.004,0.002,0,0,-0.001,-0.001,0,0,0,0,0.001,0,0,-0.001,0,0,0.027,-0.053,-0.158,-0.103,-2.929,-0.333,-0.09,0.006,0.004,-4.484,0.712,-0.477
0,1,0,0,0,-0.003,0.002,0,-0.005,-0.008,0,0.003,-0.023,0.022,0.03,0.028,0.008,0.006,-0.007,0.047,-0.017,0,0.004,0.002,0,0,0,0,0,0,0,0,0.001,0,0,0.001,0,0,0.025,-0.053,-0.161,-0.102,-2.94,-0.333,-0.09,0.006,0.004,-4.502,0.709,-0.473
0,1,0,0,0,0.002,0,-0.002,-0.005,-0.008,0,0.003,-0.023,0.022,0.03,0.028,0.008,0.006,-0.007,0.047,-0.017,0,0.004,0.002,0,0,-0.001,-0.001,0,-0.001,0,0,0,0,0,0.001,0,0,0.027,-0.054,-0.158,-0.103,-2.943,-0.331,-0.09,0.007,0.006,-4.494,0.709,-0.473
0,1,0,0,0,0,0.002,-0.001,-0.005,-0.008,0,0.003,-0.023,0.022,0.03,0.028,0.008,0.006,-0.008,0.047,-0.017,0,0.004,0.002,0,0,0.001,0,0,0,0,0,0,-0.001,0,-0.001,0,0,0.025,-0.053,-0.161,-0.102,-2.94,-0.333,-0.09,0.008,0.004,-4.501,0.709,-0.475
0,1,0,0,0,-0.001,0,0.001,-0.005,-0.008,0,0.003,-0.023,0.022,0.03,0.028,0.008,0.006,-0.007,0.047,-0.017,0,0.004,0.002,0,0,0,-0.001,0,0.001,0,0,0.001,0,0,-0.002,0,0,0.028,-0.053,-0.159,-0.102,-2.933,-0.332,-0.09,0.008,0.005,-4.481,0.709,-0.474
0,1,0,0,0,0.001,0.002,0.001,-0.005,-0.008,0,0.003,-0.023,0.022,0.03,0.028,0.008,0.006,-0.007,0.047,-0.017,0,0.004,0.002,0,0,-0.001,0,0,0,0,0,0.001,-0.001,0,0.001,0,0,0.026,-0.053,-0.16,-0.103,-2.934,-0.332,-0.09,0.006,0.005,-4.488,0.71,-0.475
0,1,0,0,0,-0.001,0,-0.001,-0.005,-0.008,0,0.003,-0.023,0.022,0.03,0.028,0.008,0.006,-0.008,0.046,-0.017,0,0.004,0.002,0,0,0,0,0,0,0,0,0,0,0,0,0,0,0.027,-0.053,-0.158,-0.102,-2.932,-0.333,-0.09,0.008,0.004,-4.485,0.711,-0.475
0,1,0,0,0,-0.001,-0.001,0.001,-0.005,-0.008,0,0.003,-0.023,0.022,0.03,0.028,0.008,0.006,-0.007,0.047,-0.017,0,0.004,0.002,0,0,0,0,0,0,0,0,0.001,0.001,0,0,0,0,0.027,-0.054,-0.16,-0.103,-2.933,-0.333,-0.09,0.007,0.005,-4.483,0.709,-0.474
0,1,0,0,0,0.001,0.002,0.001,-0.005,-0.008,0,0.003,-0.023,0.022,0.03,0.028,0.008,0.006,-0.007,0.047,-0.017,0,0.004,0.002,0,0,0,0,0,0,0,0,0.001,0.001,0,0,0,0,0.026,-0.053,-0.16,-0.103,-2.938,-0.332,-0.09,0.005,0.005,-4.495,0.709,-0.475
0,1,0,0,0,-0.003,0.001,-0.001,-0.005,-0.008,0,0.003,-0.023,0.022,0.03,0.028,0.008,0.006,-0.007,0.047,-0.017,0,0.004,0.002,0,0,0,0,0,0.001,0,0,-0.001,0,0,-0.001,0,0,0.027,-0.053,-0.159,-0.103,-2.933,-0.333,-0.09,0.007,0.005,-4.486,0.711,-0.475
0,1,0,0,0,0,0.002,0,-0.005,-0.008,0,0.003,-0.023,0.022,0.03,0.028,0.008,0.006,-0.008,0.047,-0.017,0,0.004,0.002,0,0,0,0,0,0,0,0,0,0,0,0,0,0,0.027,-0.054,-0.159,-0.104,-2.934,-0.332,-0.09,0.007,0.006,-4.478,0.709,-0.473
0,1,0,0,0,0.001,0.001,0.002,-0.005,-0.008,0,0.003,-0.023,0.022,0.03,0.028,0.008,0.006,-0.007,0.047,-0.017,0,0.004,0.002,0,0,0,0.001,0,0,0,0,0,0,0,0,0,0,0.027,-0.054,-0.159,-0.104,-2.931,-0.333,-0.09,0.008,0.005,-4.47,0.71,-0.475
0,1,0,0,0,0,0.002,-0.003,-0.005,-0.008,0,0.003,-0.023,0.022,0.03,0.028,0.008,0.006,-0.007,0.047,-0.017,0,0.004,0.002,0,0,0,0,0,0,0,0,-0.001,0,0,0,0,0,0.027,-0.054,-0.159,-0.103,-2.925,-0.334,-0.09,0.008,0.004,-4.469,0.711,-0.476
0,1,0,0,0,0,0.002,-0.003,-0.005,-0.008,0,0.003,-0.023,0.022,0.03,0.028,0.008,0.006,-0.007,0.047,-0.017,0,0.004,0.002,0,0,0,0,0,0,0,0,-0.001,0,0,0,0,0,0.027,-0.054,-0.16,-0.103,-2.925,-0.334,-0.09,0.01,0.005,-4.459,0.709,-0.473
0,1,0,0,0,0.003,0.001,0.001,-0.005,-0.008,0,0.003,-0.023,0.022,0.03,0.028,0.008,0.006,-0.007,0.047,-0.017,0,0.004,0.002,0,0,0,0,0,0,0,0,0,0,0,0,0,0,0.027,-0.054,-0.16,-0.103,-2.924,-0.333,-0.09,0.009,0.005,-4.454,0.709,-0.474
0,1,0,0,0,0,0.002,-0.001,-0.005,-0.008,0,0.003,-0.023,0.022,0.03,0.028,0.008,0.006,-0.007,0.047,-0.017,0,0.004,0.002,0,0,0,0.001,0,0.001,0,0,0,0,0,-0.001,0,0,0.027,-0.053,-0.16,-0.104,-2.918,-0.334,-0.09,0.009,0.004,-4.454,0.712,-0.478
0,1,0,0,0,0,0.002,-0.001,-0.005,-0.008,0,0.003,-0.023,0.022,0.03,0.028,0.008,0.006,-0.007,0.047,-0.017,0,0.004,0.002,0,0,0,0.001,0,0.001,0,0,0,0,0,-0.001,0,0,0.028,-0.054,-0.159,-0.104,-2.916,-0.335,-0.09,0.01,0.004,-4.446,0.711,-0.475
0,1,0,0,0,0.002,0.002,0,-0.005,-0.008,0,0.003,-0.023,0.022,0.03,0.028,0.008,0.006,-0.007,0.047,-0.017,0,0.004,0.002,0,0,0,0,0,0,0,0,0,0,0,0,0,0,0.027,-0.054,-0.16,-0.104,-2.915,-0.335,-0.09,0.01,0.004,-4.441,0.711,-0.476
0,1,0,0,0,0.001,0.001,-0.002,-0.005,-0.008,0,0.003,-0.023,0.022,0.03,0.028,0.008,0.006,-0.007,0.047,-0.017,0,0.004,0.002,0,0,0,0,0,0,0,0,0,-0.001,0,0,0,0,0.027,-0.054,-0.16,-0.104,-2.913,-0.335,-0.09,0.01,0.004,-4.436,0.712,-0.477
0,1,0,0,0,0,-0.001,0.001,-0.005,-0.008,0,0.003,-0.024,0.022,0.03,0.028,0.008,0.006,-0.007,0.047,-0.017,0,0.004,0.002,0,0,-0.001,-0.001,0,0,0,0,-0.001,0,0,0,0,0,0.027,-0.054,-0.161,-0.103,-2.914,-0.335,-0.09,0.01,0.004,-4.438,0.711,-0.475
0,1,0,0,0,-0.002,0,0.001,-0.005,-0.008,0,0.003,-0.023,0.022,0.03,0.028,0.008,0.006,-0.007,0.047,-0.017,0,0.004,0.002,0,0,0,0,0,0,0,0,0.001,-0.001,0,0,0,0,0.027,-0.053,-0.16,-0.103,-2.92,-0.333,-0.09,0.007,0.004,-4.456,0.711,-0.476
0,1,0,0,0,0,-0.001,0,-0.005,-0.008,0,0.003,-0.023,0.022,0.03,0.029,0.008,0.006,-0.007,0.047,-0.017,0,0.004,0.002,0,0,0,0,0,0,0,0,0,0,0,0.001,0,0,0.027,-0.054,-0.16,-0.103,-2.927,-0.333,-0.09,0.007,0.004,-4.466,0.71,-0.475
0,1,0,0,0,-0.001,0.002,-0.001,-0.005,-0.008,0,0.003,-0.023,0.022,0.03,0.029,0.008,0.006,-0.007,0.047,-0.017,0,0.004,0.002,0,0,0,0,0,0,0,0,0,0,0,0,0,0,0.026,-0.053,-0.16,-0.103,-2.927,-0.333,-0.09,0.007,0.004,-4.473,0.711,-0.476
0,1,0,0,0,0.001,0.001,-0.001,-0.004,-0.008,0,0.003,-0.023,0.022,0.03,0.029,0.008,0.006,-0.007,0.047,-0.017,0,0.004,0.002,0,0,-0.001,0,0,0,0,0,0,0,0,0,0,0,0.028,-0.054,-0.159,-0.103,-2.926,-0.334,-0.09,0.008,0.005,-4.464,0.71,-0.474
0,1,0,0,0,0.002,0.001,0.003,-0.004,-0.008,0,0.003,-0.023,0.022,0.03,0.029,0.008,0.006,-0.007,0.047,-0.017,0,0.004,0.002,0,0,-0.001,0,0,0,0,0,0,0,0,0,0,0,0.026,-0.054,-0.16,-0.103,-2.925,-0.334,-0.09,0.008,0.004,-4.466,0.71,-0.475
0,1,0,0,0,0.001,0.002,0.002,-0.004,-0.008,0,0.003,-0.023,0.022,0.03,0.028,0.008,0.006,-0.007,0.047,-0.017,0,0.004,0.002,0,0,0,0,0,0,0,0,0,0,0,0,0,0,0.028,-0.053,-0.159,-0.103,-2.919,-0.334,-0.09,0.007,0.003,-4.466,0.713,-0.478
0,1,0,0,0,0.002,0.001,0.002,-0.004,-0.008,0,0.003,-0.023,0.022,0.03,0.029,0.008,0.006,-0.007,0.047,-0.017,0,0.004,0.002,0,0,0,0,0,0,0,0,0,-0.001,0,0,0,0,0.027,-0.054,-0.158,-0.103,-2.916,-0.335,-0.09,0.009,0.004,-4.453,0.712,-0.476
0,1,0,0,0,-0.001,0.002,0.001,-0.004,-0.008,0,0.003,-0.023,0.022,0.03,0.028,0.008,0.006,-0.007,0.047,-0.017,0,0.004,0.002,0,0,0,-0.001,0,0,0,0,0.001,0,0,0,0,0,0.027,-0.053,-0.16,-0.103,-2.913,-0.334,-0.09,0.008,0.003,-4.452,0.713,-0.478
0,1,0,0,0,0,0.002,0,-0.004,-0.008,0,0.003,-0.023,0.022,0.03,0.028,0.008,0.006,-0.008,0.046,-0.017,0,0.004,0.002,0,0,0,-0.001,0,0,0,0,0,0,0,0,0,0,0.028,-0.054,-0.159,-0.103,-2.918,-0.334,-0.09,0.009,0.004,-4.448,0.711,-0.475
0,1,0,0,0,0.001,0,0.001,-0.004,-0.008,0,0.003,-0.023,0.022,0.03,0.029,0.008,0.006,-0.008,0.047,-0.017,0,0.004,0.002,0,0,0.001,0,0,0,0,0,0,0,0,0,0,0,0.027,-0.054,-0.16,-0.104,-2.915,-0.335,-0.09,0.009,0.004,-4.444,0.711,-0.476
0,1,0,0,0,0.001,0,-0.001,-0.004,-0.008,0,0.003,-0.023,0.022,0.03,0.029,0.008,0.006,-0.007,0.047,-0.017,0,0.004,0.002,0,0,0.001,0,0,0,0,0,0,0,0,0,0,0,0.027,-0.053,-0.16,-0.104,-2.914,-0.335,-0.09,0.008,0.003,-4.445,0.712,-0.477
0,1,0,0,0,-0.001,0.001,0,-0.004,-0.008,0,0.003,-0.023,0.022,0.03,0.029,0.008,0.006,-0.007,0.047,-0.017,0,0.004,0.002,0,0,-0.001,0,0,0,0,0,0,0.001,0,0,0,0,0.027,-0.054,-0.16,-0.104,-2.913,-0.335,-0.09,0.009,0.003,-4.444,0.711,-0.476
0,1,0,0,0,0.002,0.003,0,-0.004,-0.008,0,0.003,-0.023,0.022,0.03,0.028,0.008,0.006,-0.007,0.047,-0.017,0,0.004,0.002,0,0,-0.001,0,0,0,0,0,0,0,0,-0.001,0,0,0.027,-0.054,-0.16,-0.104,-2.919,-0.334,-0.09,0.008,0.004,-4.447,0.711,-0.475
0,1,0,0,0,0.002,0.001,-0.001,-0.004,-0.008,0,0.003,-0.023,0.022,0.03,0.029,0.008,0.006,-0.008,0.047,-0.017,0,0.004,0.002,0,0,0,0,0,0.001,0,0,0,0,0,0,0,0,0.027,-0.054,-0.16,-0.103,-2.911,-0.335,-0.09,0.01,0.004,-4.439,0.711,-0.476
0,1,0,0,0,0.001,0.001,0.003,-0.004,-0.008,0,0.003,-0.023,0.022,0.03,0.029,0.008,0.006,-0.007,0.047,-0.017,0,0.004,0.002,0,0,0,0,0,0,0,0,0,-0.001,0,0,0,0,0.028,-0.053,-0.161,-0.103,-2.91,-0.335,-0.09,0.01,0.003,-4.437,0.712,-0.477
0,1,0,0,0,0.001,0.001,0.003,-0.004,-0.008,0,0.003,-0.023,0.022,0.03,0.029,0.008,0.006,-0.007,0.047,-0.017,0,0.004,0.002,0,0,0,0,0,0,0,0,0,0,0,0,0,0,0.028,-0.054,-0.16,-0.104,-2.908,-0.335,-0.09,0.008,0.003,-4.436,0.713,-0.478
0,1,0,0,0,-0.001,0.001,0,-0.004,-0.008,0,0.003,-0.023,0.022,0.03,0.029,0.008,0.006,-0.007,0.047,-0.017,0,0.004,0.002,0,0,0,0,0,0,0,0,-0.001,0,0,0,0,0,0.027,-0.054,-0.16,-0.104,-2.908,-0.335,-0.09,0.009,0.003,-4.436,0.713,-0.478
0,1,0,0,0,0,-0.002,0,-0.004,-0.008,0,0.003,-0.023,0.022,0.03,0.029,0.008,0.006,-0.007,0.047,-0.017,0,0.004,0.002,0,0,0,0,0,0,0,0,0,0.001,0,0,0,0,0.027,-0.054,-0.16,-0.104,-2.911,-0.335,-0.09,0.009,0.004,-4.433,0.711,-0.475
0,1,0,0,0,0.002,0.002,0,-0.004,-0.008,0,0.003,-0.023,0.022,0.03,0.029,0.008,0.006,-0.007,0.046,-0.017,0,0.004,0.002,0,0,0,0,0,0,0,0,0,0,0,0,0,0,0.026,-0.054,-0.161,-0.104,-2.915,-0.334,-0.09,0.008,0.003,-4.447,0.711,-0.477
0,1,0,0,0,0,0.002,0.002,-0.004,-0.008,0,0.003,-0.023,0.022,0.03,0.029,0.008,0.006,-0.007,0.047,-0.017,0,0.004,0.002,0,0,0,0,0,0,0,0,0,0,0,-0.001,0,0,0.028,-0.054,-0.159,-0.104,-2.909,-0.336,-0.09,0.011,0.004,-4.433,0.712,-0.477
0,1,0,0,0,-0.001,0.001,0.001,-0.004,-0.008,0,0.003,-0.023,0.022,0.03,0.029,0.008,0.006,-0.007,0.047,-0.017,0,0.004,0.002,0,0,0,0.001,0,0,0,0,0,-0.001,0,0.001,0,0,0.028,-0.054,-0.16,-0.104,-2.908,-0.335,-0.089,0.008,0.003,-4.431,0.712,-0.477
0,1,0,0,0,0,-0.001,0.001,-0.004,-0.008,0,0.003,-0.023,0.022,0.03,0.028,0.008,0.006,-0.007,0.047,-0.017,0,0.004,0.002,0,0,0,0,0,0,0,0,0,-0.001,0,0.001,0,0,0.027,-0.054,-0.16,-0.104,-2.91,-0.335,-0.09,0.009,0.004,-4.432,0.712,-0.476
0,1,0,0,0,0,0.003,0.002,-0.004,-0.008,0,0.003,-0.023,0.022,0.03,0.029,0.008,0.006,-0.007,0.047,-0.017,0,0.004,0.002,0,0,0,-0.001,0,0.001,0,0,0,-0.001,0,-0.001,0,0,0.027,-0.054,-0.16,-0.104,-2.915,-0.335,-0.09,0.009,0.003,-4.442,0.712,-0.477
0,1,0,0,0,0,-0.002,-0.002,-0.004,-0.008,0,0.003,-0.023,0.022,0.03,0.029,0.008,0.006,-0.008,0.047,-0.017,0,0.004,0.002,0,0,0,0,0,0.001,0,0,0,0,0,0,0,0,0.029,-0.054,-0.158,-0.104,-2.91,-0.335,-0.09,0.01,0.004,-4.431,0.712,-0.477
0,1,0,0,0,0,0.002,-0.002,-0.004,-0.008,0,0.003,-0.023,0.022,0.03,0.029,0.008,0.006,-0.008,0.047,-0.017,0,0.004,0.002,0,0,0,0,0,0,0,0,0,0,0,0,0,0,0.025,-0.054,-0.162,-0.104,-2.916,-0.335,-0.09,0.008,0.003,-4.447,0.71,-0.475
0,1,0,0,0,-0.002,0.001,-0.001,-0.004,-0.008,0,0.003,-0.023,0.022,0.03,0.029,0.008,0.006,-0.007,0.047,-0.017,0,0.004,0.002,0,0,0,0,0,0,0,0,0,0.001,0,0,0,0,0.028,-0.054,-0.16,-0.103,-2.916,-0.334,-0.09,0.01,0.005,-4.441,0.71,-0.475
0,1,0,0,0,-0.001,-0.002,0,-0.004,-0.008,0,0.003,-0.023,0.022,0.03,0.029,0.008,0.006,-0.007,0.047,-0.017,0,0.004,0.002,0,0,-0.001,0,0,0,0,0,0,0.001,0,0,0,0,0.027,-0.054,-0.161,-0.104,-2.919,-0.333,-0.09,0.008,0.005,-4.441,0.709,-0.474
0,1,0,0,0,0,0,-0.001,-0.004,-0.008,0,0.003,-0.023,0.022,0.03,0.029,0.008,0.006,-0.007,0.047,-0.017,0,0.004,0.002,0,0,0,0,0,0,0,0,0,0,0,0,0,0,0.026,-0.053,-0.161,-0.104,-2.923,-0.333,-0.09,0.007,0.004,-4.461,0.71,-0.476
0,1,0,0,0,0.001,0.001,0,-0.004,-0.008,0,0.003,-0.023,0.022,0.03,0.029,0.008,0.006,-0.007,0.047,-0.017,0,0.004,0.002,0,0,0,0,0,0,0,0,0,0,0,0,0,0,0.027,-0.054,-0.16,-0.103,-2.923,-0.333,-0.09,0.008,0.005,-4.463,0.71,-0.475
0,1,0,0,0,0.002,0.001,0.002,-0.004,-0.008,0,0.003,-0.023,0.022,0.03,0.029,0.008,0.006,-0.007,0.047,-0.017,0,0.004,0.002,0,0,0.001,0,0,0,0,0,0,0,0,0,0,0,0.027,-0.053,-0.16,-0.104,-2.918,-0.334,-0.09,0.008,0.004,-4.458,0.711,-0.476
0,1,0,0,0,0,0.001,-0.001,-0.004,-0.008,0,0.003,-0.023,0.022,0.03,0.029,0.008,0.006,-0.007,0.047,-0.017,0,0.004,0.002,0,0,0,0,0,0,0,0,0,0,0,0,0,0,0.028,-0.054,-0.159,-0.104,-2.913,-0.335,-0.09,0.009,0.003,-4.448,0.713,-0.477
0,1,0,0,0,-0.001,-0.001,0,-0.004,-0.008,0,0.003,-0.024,0.022,0.03,0.029,0.008,0.006,-0.007,0.047,-0.017,0,0.004,0.002,0,0,0,0,0,0,0,0,0,-0.001,0,0,0,0,0.027,-0.054,-0.16,-0.103,-2.915,-0.335,-0.09,0.01,0.004,-4.442,0.711,-0.475
0,1,0,0,0,-0.001,-0.001,0,-0.004,-0.008,0,0.003,-0.024,0.022,0.03,0.029,0.008,0.006,-0.007,0.047,-0.017,0,0.004,0.002,0,0,0,0,0,0,0,0,0,-0.001,0,0,0,0,0.027,-0.054,-0.161,-0.104,-2.917,-0.334,-0.09,0.008,0.004,-4.453,0.711,-0.476
0,1,0,0,0,0,0.001,0.001,-0.004,-0.008,0,0.003,-0.023,0.022,0.03,0.029,0.008,0.006,-0.007,0.047,-0.017,0,0.004,0.002,0,0,0,0,0,0,0,0,0.001,0,0,0.001,0,0,0.027,-0.054,-0.16,-0.103,-2.921,-0.334,-0.09,0.008,0.004,-4.46,0.71,-0.475
0,1,0,0,0,-0.001,-0.001,0,-0.004,-0.008,0,0.003,-0.023,0.022,0.03,0.029,0.008,0.006,-0.008,0.047,-0.017,0,0.004,0.002,0,0,0,0,0,0,0,0,0,-0.001,0,0,0,0,0.027,-0.054,-0.16,-0.103,-2.92,-0.334,-0.09,0.008,0.004,-4.456,0.711,-0.476
0,1,0,0,0,-0.001,-0.001,0,-0.004,-0.008,0,0.003,-0.023,0.022,0.03,0.029,0.008,0.006,-0.007,0.047,-0.017,0,0.004,0.002,0,0,0,0.001,0,0,0,0,-0.001,0.001,0,0,0,0,0.026,-0.054,-0.161,-0.103,-2.922,-0.334,-0.09,0.007,0.004,-4.463,0.71,-0.475
0,1,0,0,0,0.001,0.002,0.005,-0.004,-0.008,0,0.003,-0.023,0.022,0.03,0.029,0.008,0.006,-0.007,0.047,-0.017,0,0.004,0.002,0,0,0,0,0,0,0,0,0,0,0,0,0,0,0.026,-0.054,-0.16,-0.104,-2.923,-0.334,-0.09,0.007,0.004,-4.464,0.71,-0.475
0,1,0,0,0,0.001,0.002,0.005,-0.004,-0.008,0,0.003,-0.023,0.022,0.03,0.029,0.008,0.006,-0.007,0.047,-0.017,0,0.004,0.002,0,0,0,0,0,0,0,0,0,0,0,0,0,0,0.028,-0.054,-0.158,-0.105,-2.916,-0.334,-0.09,0.008,0.004,-4.453,0.713,-0.478
0,1,0,0,0,0,-0.004,-0.001,-0.004,-0.008,0,0.003,-0.023,0.022,0.03,0.029,0.008,0.006,-0.007,0.047,-0.017,0,0.004,0.002,0,0,-0.001,0,0,0,0,0,-0.001,0,0,0,0,0,0.027,-0.054,-0.158,-0.105,-2.91,-0.336,-0.09,0.009,0.003,-4.442,0.714,-0.478
0,1,0,0,0,0,-0.001,0.001,-0.004,-0.008,0,0.003,-0.023,0.022,0.03,0.029,0.008,0.006,-0.007,0.047,-0.017,0,0.004,0.002,0,0,0,0,0,0,0,0,0,0,0,0,0,0,0.025,-0.053,-0.162,-0.103,-2.921,-0.334,-0.09,0.007,0.003,-4.465,0.711,-0.475
0,1,0,0,0,0,0,0.001,-0.004,-0.008,0,0.003,-0.023,0.022,0.03,0.029,0.008,0.006,-0.007,0.047,-0.017,0,0.004,0.002,0,0,0,0.001,0,0,0,0,0,0,0,0,0,0,0.028,-0.053,-0.16,-0.103,-2.924,-0.333,-0.09,0.007,0.004,-4.469,0.711,-0.475
0,1,0,0,0,0.001,0,-0.001,-0.004,-0.008,0,0.003,-0.023,0.022,0.03,0.029,0.008,0.006,-0.007,0.047,-0.017,0,0.004,0.002,0,0,-0.001,0,0,0,0,0,0,0.001,0,0,0,0,0.026,-0.053,-0.16,-0.103,-2.923,-0.334,-0.09,0.007,0.004,-4.469,0.711,-0.476
0,1,0,0,0,0.001,0,-0.003,-0.004,-0.008,0,0.003,-0.023,0.022,0.03,0.029,0.008,0.006,-0.007,0.047,-0.017,0,0.004,0.002,0,0,0.001,0,0,0,0,0,0,0,0,0,0,0,0.027,-0.053,-0.16,-0.103,-2.922,-0.334,-0.09,0.009,0.004,-4.464,0.711,-0.475
0,1,0,0,0,0.001,0,-0.003,-0.004,-0.008,0,0.003,-0.023,0.022,0.03,0.029,0.008,0.006,-0.007,0.047,-0.017,0,0.004,0.002,0,0,0,-0.001,0,0,0,0,-0.001,0,0,0,0,0,0.027,-0.054,-0.161,-0.103,-2.92,-0.335,-0.09,0.01,0.004,-4.456,0.71,-0.475
0,1,0,0,0,0.001,0,-0.002,-0.004,-0.008,0,0.003,-0.023,0.022,0.03,0.029,0.008,0.006,-0.007,0.047,-0.017,0,0.004,0.002,0,0,0,0,0,0,0,0,0,0,0,0.001,0,0,0.027,-0.053,-0.161,-0.103,-2.919,-0.334,-0.09,0.009,0.004,-4.453,0.71,-0.475
0,1,0,0,0,0,0,0,-0.004,-0.008,0,0.003,-0.023,0.022,0.03,0.029,0.008,0.006,-0.007,0.047,-0.017,0,0.004,0.002,0,0,0,0.001,0,0,0,0,-0.001,0,0,0,0,0,0.027,-0.053,-0.161,-0.103,-2.919,-0.334,-0.09,0.009,0.004,-4.453,0.71,-0.476
0,1,0,0,0,-0.001,-0.001,0,-0.004,-0.008,0,0.003,-0.023,0.022,0.03,0.028,0.008,0.006,-0.007,0.047,-0.017,0,0.004,0.002,0,0,0.001,0,0,0,0,0,0,0,0,0,0,0,0.027,-0.053,-0.16,-0.103,-2.92,-0.334,-0.09,0.008,0.004,-4.461,0.71,-0.476
0,1,0,0,0,0,0.001,0.001,-0.004,-0.008,0,0.003,-0.023,0.022,0.03,0.029,0.008,0.006,-0.007,0.047,-0.017,0,0.004,0.002,0,0,0,-0.001,0,0,0,0,0,0,0,0,0,0,0.026,-0.053,-0.16,-0.104,-2.925,-0.334,-0.09,0.007,0.004,-4.471,0.71,-0.476
0,1,0,0,0,-0.001,-0.002,0.002,-0.004,-0.008,0,0.003,-0.023,0.022,0.03,0.029,0.008,0.006,-0.007,0.047,-0.017,0,0.004,0.002,0,0,0,0,0,0,0,0,0,0,0,0,0,0,0.027,-0.053,-0.159,-0.103,-2.924,-0.334,-0.09,0.008,0.004,-4.468,0.711,-0.476
0,1,0,0,0,-0.001,-0.003,0.001,-0.004,-0.008,0,0.003,-0.023,0.022,0.03,0.029,0.008,0.006,-0.007,0.047,-0.017,0,0.004,0.002,0,0,0,-0.001,0,0,0,0,0,0,0,0,0,0,0.026,-0.053,-0.16,-0.103,-2.93,-0.333,-0.09,0.005,0.003,-4.484,0.711,-0.476
0,1,0,0,0,0.001,-0.001,0.002,-0.004,-0.008,0,0.003,-0.023,0.022,0.03,0.029,0.008,0.006,-0.007,0.047,-0.017,0,0.004,0.002,0,0,0,0,0,0,0,0,0,0,0,0,0,0,0.026,-0.053,-0.16,-0.103,-2.935,-0.333,-0.09,0.006,0.004,-4.498,0.71,-0.475
0,1,0,0,0,0.001,0.002,-0.001,-0.004,-0.008,0,0.003,-0.023,0.022,0.03,0.029,0.008,0.006,-0.007,0.047,-0.017,0,0.004,0.002,0,0,0,0,0,0,0,0,0,0,0,0,0,0,0.026,-0.053,-0.159,-0.102,-2.933,-0.333,-0.09,0.006,0.004,-4.498,0.711,-0.476
0,1,0,0,0,0.002,0,0.002,-0.004,-0.008,0,0.003,-0.023,0.022,0.03,0.029,0.008,0.006,-0.007,0.047,-0.017,0,0.004,0.002,0,0,0,0.001,0,0,0,0,0,0,0,0,0,0,0.027,-0.054,-0.159,-0.103,-2.927,-0.334,-0.09,0.008,0.004,-4.479,0.711,-0.475
0,1,0,0,0,0.002,0,0.002,-0.004,-0.008,0,0.003,-0.023,0.022,0.03,0.029,0.008,0.006,-0.007,0.047,-0.017,0,0.004,0.002,0,0,0,0,0,0,0,0,0,-0.001,0,0,0,0,0.027,-0.053,-0.16,-0.104,-2.923,-0.334,-0.09,0.007,0.003,-4.476,0.713,-0.477
0,1,0,0,0,0,0,-0.002,-0.004,-0.008,0,0.003,-0.023,0.022,0.03,0.029,0.008,0.006,-0.007,0.047,-0.017,0,0.004,0.002,0,0,0,0.001,0,0,0,0,0,0,0,0,0,0,0.027,-0.053,-0.159,-0.103,-2.922,-0.335,-0.09,0.008,0.003,-4.474,0.713,-0.477
0,1,0,0,0,0,-0.001,0,-0.004,-0.008,0,0.003,-0.023,0.022,0.03,0.029,0.008,0.006,-0.007,0.047,-0.017,0,0.004,0.002,0,0,0,0,0,0,0,0,0,0,0,0,0,0,0.026,-0.054,-0.16,-0.103,-2.924,-0.335,-0.09,0.009,0.004,-4.468,0.71,-0.474
0,1,0,0,0,-0.001,-0.002,-0.001,-0.004,-0.008,0,0.003,-0.023,0.022,0.03,0.029,0.008,0.006,-0.007,0.047,-0.017,0,0.004,0.002,0,0,0,0,0,0,0,0,0,0,0,0,0,0,0.026,-0.053,-0.16,-0.103,-2.926,-0.333,-0.09,0.007,0.004,-4.474,0.711,-0.476
0,1,0,0,0,-0.001,-0.002,-0.001,-0.004,-0.008,0,0.003,-0.023,0.022,0.03,0.029,0.008,0.006,-0.007,0.047,-0.017,0,0.004,0.002,0,0,0,0,0,0,0,0,0,0,0,0,0,0,0.025,-0.053,-0.16,-0.103,-2.933,-0.333,-0.09,0.007,0.004,-4.485,0.709,-0.474
0,1,0,0,0,0.002,0,0.004,-0.004,-0.008,0,0.003,-0.023,0.022,0.03,0.028,0.008,0.006,-0.007,0.047,-0.017,0,0.004,0.002,0,0,0,0,0,-0.001,0,0,0,0,0,0.001,0,0,0.026,-0.053,-0.16,-0.103,-2.937,-0.332,-0.09,0.006,0.004,-4.494,0.709,-0.474
0,1,0,0,0,-0.001,-0.001,-0.001,-0.004,-0.008,0,0.003,-0.023,0.022,0.03,0.028,0.008,0.006,-0.007,0.047,-0.017,0,0.004,0.002,0,0,-0.001,-0.001,0,0,0,0,0,0,0,0,0,0,0.026,-0.053,-0.159,-0.103,-2.93,-0.333,-0.09,0.006,0.004,-4.491,0.713,-0.478
0,1,0,0,0,0,-0.003,-0.001,-0.004,-0.008,0,0.003,-0.023,0.022,0.03,0.028,0.008,0.006,-0.008,0.047,-0.017,0,0.004,0.002,0,0,0,0,0,0,0,0,-0.001,0,0,0,0,0,0.026,-0.053,-0.159,-0.102,-2.937,-0.333,-0.09,0.007,0.004,-4.493,0.709,-0.473
0,1,0,0,0,0,-0.003,-0.001,-0.004,-0.008,0,0.003,-0.023,0.022,0.03,0.028,0.008,0.006,-0.008,0.047,-0.017,0,0.004,0.002,0,0,0,0,0,0,0,0,-0.001,0,0,0,0,0,0.025,-0.053,-0.161,-0.102,-2.938,-0.332,-0.09,0.005,0.004,-4.507,0.709,-0.475
0,1,0,0,0,0,-0.003,-0.002,-0.004,-0.008,0,0.003,-0.023,0.022,0.03,0.028,0.008,0.006,-0.007,0.047,-0.017,0,0.004,0.002,0,0,0,0,0,0,0,0,0,0,0,0,0,0,0.026,-0.053,-0.16,-0.102,-2.942,-0.332,-0.091,0.005,0.005,-4.516,0.709,-0.474
0,1,0,0,0,0.001,0,0.001,-0.004,-0.008,0,0.003,-0.023,0.022,0.03,0.028,0.008,0.006,-0.007,0.047,-0.017,0,0.004,0.002,0,0,0,0,0,0.001,0,0,0,0,0,-0.001,0,0,0.025,-0.053,-0.161,-0.102,-2.946,-0.332,-0.091,0.005,0.004,-4.523,0.709,-0.475
0,1,0,0,0,0,0,0.002,-0.004,-0.008,0,0.003,-0.024,0.022,0.03,0.028,0.008,0.006,-0.007,0.047,-0.017,0,0.004,0.002,0,0,0.001,0,0,0,0,0,0,0.001,0,0,0,0,0.027,-0.053,-0.159,-0.102,-2.938,-0.333,-0.09,0.006,0.004,-4.514,0.711,-0.476
0,1,0,0,0,-0.002,0,0,-0.004,-0.008,0,0.003,-0.023,0.022,0.03,0.028,0.008,0.006,-0.008,0.047,-0.017,0,0.004,0.002,0,0,0,0,0,0,0,0,0,0,0,0.001,0,0,0.026,-0.053,-0.159,-0.103,-2.937,-0.333,-0.09,0.005,0.004,-4.503,0.711,-0.476
0,1,0,0,0,0.001,0,0.002,-0.004,-0.008,0,0.003,-0.024,0.022,0.03,0.028,0.008,0.006,-0.007,0.047,-0.017,0,0.004,0.002,0,0,0,0,0,0.001,0,0,-0.001,-0.001,0,0,0,0,0.026,-0.053,-0.159,-0.102,-2.94,-0.333,-0.09,0.006,0.005,-4.5,0.709,-0.473
0,1,0,0,0,0,-0.001,0.001,-0.004,-0.008,0,0.003,-0.023,0.022,0.03,0.028,0.008,0.006,-0.007,0.047,-0.017,0,0.004,0.002,0,0,-0.001,0,0,0,0,0,0.001,0,0,0.001,0,0,0.026,-0.053,-0.159,-0.102,-2.935,-0.333,-0.09,0.006,0.004,-4.501,0.711,-0.476
0,1,0,0,0,0,0,0.003,-0.004,-0.008,0,0.003,-0.023,0.022,0.03,0.028,0.008,0.006,-0.007,0.047,-0.017,0,0.004,0.002,0,0,0.001,0,0,0,0,0,0,0,0,0,0,0,0.026,-0.053,-0.159,-0.102,-2.939,-0.332,-0.09,0.006,0.004,-4.505,0.71,-0.475
0,1,0,0,0,-0.001,0,0.001,-0.004,-0.008,0,0.003,-0.023,0.022,0.03,0.028,0.008,0.006,-0.007,0.047,-0.017,0,0.004,0.002,0,0,0,-0.001,0,0,0,0,0,0,0,0,0,0,0.027,-0.053,-0.159,-0.102,-2.931,-0.333,-0.09,0.006,0.004,-4.498,0.712,-0.476
0,1,0,0,0,0.001,-0.001,-0.001,-0.004,-0.008,0,0.003,-0.023,0.022,0.03,0.028,0.008,0.006,-0.008,0.047,-0.017,0,0.004,0.002,0,0,0,0,0,0,0,0,-0.001,0,0,0,0,0,0.026,-0.053,-0.159,-0.103,-2.934,-0.333,-0.09,0.006,0.004,-4.493,0.711,-0.475
0,1,0,0,0,-0.001,0,-0.001,-0.004,-0.008,0,0.003,-0.023,0.022,0.03,0.028,0.008,0.006,-0.007,0.047,-0.017,0,0.004,0.002,0,0,-0.001,0,0,0,0,0,0,0,0,0.001,0,0,0.025,-0.053,-0.16,-0.103,-2.932,-0.334,-0.09,0.007,0.004,-4.493,0.711,-0.476
0,1,0,0,0,0.001,0,-0.001,-0.004,-0.008,0,0.003,-0.023,0.022,0.03,0.028,0.008,0.006,-0.007,0.047,-0.017,0,0.004,0.002,0,0,0,0,0,0,0,0,0,0,0,0,0,0,0.027,-0.053,-0.159,-0.102,-2.937,-0.333,-0.09,0.007,0.004,-4.491,0.71,-0.474
0,1,0,0,0,-0.001,0.001,-0.002,-0.004,-0.008,0,0.003,-0.023,0.022,0.03,0.028,0.008,0.006,-0.007,0.047,-0.017,0,0.004,0.002,0,0,0.001,0,0,0,0,0,0,0,0,0,0,0,0.026,-0.053,-0.16,-0.102,-2.931,-0.334,-0.09,0.007,0.004,-4.491,0.71,-0.475
0,1,0,0,0,0.002,0,-0.001,-0.004,-0.008,0,0.003,-0.023,0.022,0.03,0.028,0.008,0.006,-0.007,0.047,-0.017,0,0.004,0.002,0,0,0,-0.001,0,0,0,0,0,-0.001,0,0,0,0,0.027,-0.053,-0.159,-0.103,-2.932,-0.333,-0.09,0.007,0.005,-4.48,0.709,-0.474
0,1,0,0,0,0.001,-0.001,-0.002,-0.004,-0.008,0,0.003,-0.023,0.022,0.03,0.028,0.008,0.006,-0.007,0.047,-0.017,0,0.004,0.002,0,0,0,0,0,0,0,0,0,0,0,0,0,0,0.026,-0.053,-0.161,-0.102,-2.929,-0.334,-0.09,0.008,0.004,-4.486,0.71,-0.476
0,1,0,0,0,0.001,0,0,-0.004,-0.008,0,0.003,-0.023,0.022,0.03,0.028,0.008,0.006,-0.007,0.047,-0.017,0,0.004,0.002,0,0,0.001,-0.001,0,0,0,0,0,0,0,0,0,0,0.026,-0.053,-0.161,-0.101,-2.931,-0.333,-0.09,0.007,0.004,-4.49,0.71,-0.475
0,1,0,0,0,0,0.001,0.001,-0.004,-0.008,0,0.003,-0.023,0.022,0.03,0.028,0.008,0.006,-0.008,0.047,-0.017,0,0.004,0.002,0,0,0,0,0,0,0,0,0,0,0,0,0,0,0.026,-0.053,-0.16,-0.102,-2.929,-0.333,-0.09,0.007,0.004,-4.485,0.711,-0.476
0,1,0,0,0,-0.001,-0.002,0,-0.004,-0.008,0,0.003,-0.023,0.022,0.03,0.028,0.008,0.006,-0.008,0.047,-0.017,0,0.004,0.002,0,0,0,0,0,0,0,0,0,0,0,0,0,0,0.027,-0.053,-0.16,-0.102,-2.929,-0.334,-0.09,0.007,0.004,-4.483,0.711,-0.475
0,1,0,0,0,-0.003,-0.001,-0.001,-0.004,-0.008,0,0.003,-0.023,0.022,0.03,0.028,0.008,0.006,-0.007,0.047,-0.017,0,0.004,0.002,0,0,0.001,0,0,0,0,0,0,0,0,0,0,0,0.025,-0.053,-0.16,-0.102,-2.935,-0.333,-0.09,0.005,0.004,-4.498,0.71,-0.475
0,1,0,0,0,0,0,0.001,-0.004,-0.008,0,0.003,-0.023,0.022,0.03,0.028,0.008,0.006,-0.007,0.047,-0.017,0,0.004,0.002,0,0,0,0,0,0,0,0,0,0,0,0,0,0,0.026,-0.053,-0.159,-0.103,-2.941,-0.332,-0.09,0.005,0.005,-4.501,0.709,-0.473
0,1,0,0,0,-0.001,-0.001,-0.001,-0.004,-0.008,0,0.003,-0.023,0.022,0.03,0.028,0.008,0.006,-0.008,0.047,-0.017,0,0.004,0.002,0,0,0,0.001,0,0,0,0,0,0,0,0,0,0,0.026,-0.053,-0.16,-0.103,-2.938,-0.333,-0.09,0.006,0.004,-4.501,0.71,-0.476
0,1,0,0,0,0.001,0,0.003,-0.004,-0.008,0,0.003,-0.023,0.022,0.03,0.028,0.008,0.006,-0.007,0.047,-0.017,0,0.004,0.002,0,0,0,0,0,0,0,0,0,0,0,0,0,0,0.026,-0.053,-0.16,-0.102,-2.939,-0.333,-0.09,0.005,0.004,-4.504,0.709,-0.474
0,1,0,0,0,0,-0.001,-0.002,-0.004,-0.008,0,0.003,-0.023,0.022,0.03,0.029,0.008,0.006,-0.007,0.047,-0.017,0,0.004,0.002,0,0,0,0,0,0,0,0,0,0,0,0,0,0,0.027,-0.053,-0.159,-0.102,-2.934,-0.332,-0.09,0.005,0.004,-4.502,0.711,-0.476
0,1,0,0,0,0.001,0,0,-0.004,-0.008,0,0.003,-0.023,0.022,0.03,0.028,0.008,0.006,-0.007,0.047,-0.017,0,0.004,0.002,0,0,0,0.001,0,-0.001,0,0,0,0,0,0.001,0,0,0.026,-0.053,-0.16,-0.102,-2.936,-0.333,-0.09,0.007,0.004,-4.501,0.709,-0.474
0,1,0,0,0,0.001,0,0,-0.004,-0.008,0,0.003,-0.023,0.022,0.03,0.028,0.008,0.006,-0.007,0.047,-0.017,0,0.004,0.002,0,0,0,0.001,0,-0.001,0,0,0,0,0,0.001,0,0,0.027,-0.053,-0.159,-0.102,-2.933,-0.333,-0.09,0.006,0.004,-4.494,0.711,-0.475
0,1,0,0,0,0,0.001,0.002,-0.004,-0.008,0,0.003,-0.023,0.022,0.03,0.029,0.008,0.006,-0.007,0.047,-0.017,0,0.004,0.002,0,0,0.001,0,0,0,0,0,0,0,0,0,0,0,0.026,-0.053,-0.159,-0.102,-2.931,-0.333,-0.09,0.007,0.004,-4.49,0.711,-0.475
0,1,0,0,0,0,-0.001,-0.001,-0.004,-0.008,0,0.003,-0.023,0.022,0.03,0.029,0.008,0.006,-0.007,0.047,-0.017,0,0.004,0.002,0,0,0,0,0,0,0,0,0,0,0,0,0,0,0.027,-0.053,-0.159,-0.103,-2.927,-0.333,-0.09,0.007,0.004,-4.48,0.711,-0.476
0,1,0,0,0,0,-0.001,-0.001,-0.004,-0.008,0,0.003,-0.023,0.022,0.03,0.029,0.008,0.006,-0.007,0.047,-0.017,0,0.004,0.002,0,0,0,0,0,0,0,0,0,0,0,0,0,0,0.025,-0.053,-0.161,-0.103,-2.929,-0.334,-0.09,0.007,0.004,-4.484,0.71,-0.475
0,1,0,0,0,0.001,0.001,-0.003,-0.004,-0.008,0,0.003,-0.023,0.022,0.03,0.028,0.008,0.006,-0.007,0.047,-0.017,0,0.004,0.002,0,0,0.001,0,0,0,0,0,0,0,0,0,0,0,0.026,-0.053,-0.16,-0.102,-2.93,-0.333,-0.09,0.007,0.004,-4.487,0.71,-0.475
0,1,0,0,0,0.003,0.003,-0.001,-0.004,-0.008,0,0.003,-0.023,0.022,0.03,0.029,0.008,0.006,-0.007,0.047,-0.017,0,0.004,0.002,0,0,-0.001,0.001,0,0,0,0,0,0,0,0,0,0,0.026,-0.053,-0.16,-0.102,-2.926,-0.334,-0.09,0.009,0.004,-4.476,0.71,-0.475
0,1,0,0,0,0,0.001,0.001,-0.004,-0.008,0,0.003,-0.023,0.022,0.03,0.029,0.008,0.006,-0.007,0.047,-0.017,0,0.004,0.002,0,0,0,0,0,0,0,0,0,0.001,0,0.001,0,0,0.028,-0.053,-0.159,-0.102,-2.918,-0.335,-0.09,0.01,0.004,-4.46,0.712,-0.476
0,1,0,0,0,-0.002,0,-0.002,-0.004,-0.008,0,0.003,-0.023,0.022,0.03,0.029,0.008,0.006,-0.008,0.047,-0.017,0,0.004,0.002,0,0,0,0.001,0,0,0,0,0,0,0,0,0,0,0.027,-0.053,-0.159,-0.103,-2.92,-0.334,-0.09,0.008,0.004,-4.458,0.712,-0.476
0,1,0,0,0,-0.002,0,-0.002,-0.004,-0.008,0,0.003,-0.023,0.022,0.03,0.029,0.008,0.006,-0.008,0.047,-0.017,0,0.004,0.002,0,0,0,0.001,0,0,0,0,0,0,0,0,0,0,0.026,-0.054,-0.161,-0.103,-2.928,-0.334,-0.09,0.007,0.005,-4.467,0.708,-0.473
0,1,0,0,0,0.001,0,0,-0.004,-0.008,0,0.003,-0.023,0.022,0.03,0.029,0.008,0.006,-0.007,0.047,-0.017,0,0.004,0.002,0,0,0,-0.001,0,0,0,0,-0.001,0.001,0,0,0,0,0.026,-0.053,-0.161,-0.103,-2.933,-0.332,-0.09,0.007,0.005,-4.475,0.708,-0.474
0,1,0,0,0,-0.001,-0.002,-0.003,-0.004,-0.008,0,0.003,-0.023,0.022,0.03,0.029,0.008,0.006,-0.007,0.047,-0.017,0,0.004,0.002,0,0,0,0,0,0,0,0,0,-0.001,0,0,0,0,0.026,-0.053,-0.16,-0.103,-2.928,-0.333,-0.09,0.007,0.004,-4.477,0.711,-0.476
0,1,0,0,0,0.002,0.001,-0.001,-0.004,-0.008,0,0.003,-0.023,0.022,0.03,0.029,0.008,0.006,-0.007,0.047,-0.017,0,0.004,0.002,0,0,0,0,0,0,0,0,0,0,0,0,0,0,0.026,-0.053,-0.161,-0.102,-2.933,-0.333,-0.09,0.007,0.004,-4.483,0.709,-0.474
0,1,0,0,0,-0.003,0.002,0.004,-0.004,-0.008,0,0.003,-0.023,0.022,0.03,0.029,0.008,0.006,-0.007,0.047,-0.017,0,0.004,0.002,0,0,0.001,0,0,0,0,0,0,0,0,0,0,0,0.027,-0.053,-0.16,-0.103,-2.923,-0.334,-0.09,0.009,0.004,-4.473,0.711,-0.476
0,1,0,0,0,0,0,0,-0.004,-0.008,0,0.003,-0.023,0.022,0.03,0.029,0.008,0.006,-0.007,0.047,-0.017,0,0.004,0.002,0,0,0,0,0,0,0,0,0.001,0,0,0,0,0,0.028,-0.054,-0.158,-0.104,-2.926,-0.333,-0.09,0.006,0.005,-4.466,0.712,-0.476
0,1,0,0,0,0.002,0,0.002,-0.004,-0.008,0,0.003,-0.023,0.022,0.03,0.029,0.008,0.006,-0.007,0.047,-0.017,0,0.004,0.002,0,0,0,0,0,0,0,0,-0.001,-0.001,0,0,0,0,0.025,-0.054,-0.16,-0.103,-2.926,-0.335,-0.09,0.009,0.004,-4.47,0.71,-0.476
0,1,0,0,0,0.002,0,0.002,-0.004,-0.008,0,0.003,-0.023,0.022,0.03,0.029,0.008,0.006,-0.007,0.047,-0.017,0,0.004,0.002,0,0,0,0,0,0,0,0,-0.001,-0.001,0,0,0,0,0.028,-0.053,-0.159,-0.103,-2.918,-0.334,-0.09,0.007,0.003,-4.468,0.713,-0.478
0,1,0,0,0,-0.001,-0.001,0.001,-0.004,-0.008,0,0.003,-0.023,0.022,0.03,0.029,0.008,0.006,-0.007,0.047,-0.017,0,0.004,0.002,0,0,0,0,0,0,0,0,-0.001,0,0,-0.001,0,0,0.027,-0.053,-0.159,-0.103,-2.915,-0.335,-0.09,0.008,0.003,-4.464,0.713,-0.477
0,1,0,0,0,0.003,0.001,0.002,-0.004,-0.008,0,0.003,-0.023,0.022,0.03,0.029,0.008,0.006,-0.007,0.047,-0.017,0,0.004,0.002,0,0,0,0,0,0,0,0,0,0,0,0,0,0,0.027,-0.054,-0.16,-0.104,-2.919,-0.334,-0.09,0.007,0.004,-4.463,0.711,-0.476
0,1,0,0,0,0.001,0.002,0.003,-0.004,-0.008,0,0.003,-0.023,0.022,0.03,0.029,0.008,0.006,-0.007,0.047,-0.017,0,0.004,0.002,0,0,0,0,0,0,0,0,0,-0.001,0,0,0,0,0.026,-0.053,-0.159,-0.103,-2.915,-0.335,-0.09,0.009,0.003,-4.463,0.713,-0.478
0,1,0,0,0,0.001,-0.002,0.001,-0.004,-0.008,0,0.003,-0.023,0.022,0.03,0.029,0.008,0.006,-0.007,0.047,-0.017,0,0.004,0.002,0,0,-0.001,0,0,0,0,0,0,0.001,0,0,0,0,0.027,-0.053,-0.159,-0.103,-2.914,-0.336,-0.09,0.008,0.003,-4.453,0.713,-0.477
0,1,0,0,0,0,-0.001,-0.002,-0.004,-0.008,0,0.003,-0.023,0.022,0.03,0.029,0.008,0.006,-0.007,0.047,-0.017,0,0.004,0.002,0,0,0,0,0,-0.001,0,0,0,0.001,0,0,0,0,0.025,-0.053,-0.161,-0.103,-2.917,-0.335,-0.09,0.007,0.002,-4.465,0.712,-0.477
0,1,0,0,0,0,0.002,-0.001,-0.004,-0.008,0,0.003,-0.023,0.022,0.03,0.028,0.008,0.006,-0.007,0.047,-0.017,0,0.004,0.002,0,0,0,0,0,0,0,0,0,0,0,0,0,0,0.026,-0.053,-0.16,-0.103,-2.92,-0.335,-0.09,0.008,0.003,-4.464,0.711,-0.475
0,1,0,0,0,-0.001,-0.002,0.003,-0.004,-0.008,0,0.003,-0.023,0.022,0.03,0.029,0.008,0.006,-0.007,0.047,-0.017,0,0.004,0.002,0,0,-0.001,0,0,0,0,0,0,0,0,0,0,0,0.027,-0.054,-0.159,-0.103,-2.917,-0.335,-0.09,0.01,0.004,-4.452,0.711,-0.475
0,1,0,0,0,-0.001,-0.002,0.003,-0.004,-0.008,0,0.003,-0.023,0.022,0.03,0.029,0.008,0.006,-0.007,0.047,-0.017,0,0.004,0.002,0,0,-0.001,0,0,0,0,0,0,0,0,0,0,0,0.026,-0.053,-0.16,-0.104,-2.923,-0.334,-0.09,0.005,0.003,-4.471,0.712,-0.477
0,1,0,0,0,0,0,0,-0.004,-0.008,0,0.003,-0.023,0.022,0.03,0.029,0.008,0.006,-0.007,0.047,-0.017,0,0.004,0.002,0,0,0,0,0,0,0,0,0,0,0,-0.001,0,0,0.026,-0.053,-0.159,-0.103,-2.929,-0.334,-0.09,0.006,0.003,-4.486,0.711,-0.476
0,1,0,0,0,0.001,0,-0.002,-0.004,-0.008,0,0.003,-0.023,0.022,0.03,0.029,0.008,0.006,-0.007,0.047,-0.017,0,0.004,0.002,0,0,0.001,-0.001,0,0,0,0,0,0,0,0.001,0,0,0.026,-0.053,-0.159,-0.103,-2.927,-0.334,-0.09,0.008,0.004,-4.481,0.711,-0.475
0,1,0,0,0,0,0.001,0.001,-0.004,-0.008,0,0.003,-0.023,0.022,0.03,0.029,0.008,0.006,-0.007,0.047,-0.017,0,0.004,0.002,0,0,0,0,0,0,0,0,-0.001,0,0,0,0,0,0.026,-0.053,-0.16,-0.103,-2.927,-0.334,-0.09,0.008,0.004,-4.477,0.71,-0.475
0,1,0,0,0,0.003,0,-0.001,-0.004,-0.008,0,0.003,-0.023,0.022,0.03,0.028,0.008,0.006,-0.008,0.047,-0.017,0,0.004,0.002,0,0,0,0,0,-0.001,0,0,0,0,0,0.001,0,0,0.027,-0.053,-0.159,-0.103,-2.925,-0.334,-0.09,0.007,0.004,-4.473,0.711,-0.476
0,1,0,0,0,0.001,0,0,-0.004,-0.008,0,0.003,-0.023,0.022,0.03,0.028,0.008,0.006,-0.008,0.047,-0.017,0,0.004,0.002,0,0,0,0,0,0.001,0,0,-0.001,0,0,-0.002,0,0,0.026,-0.053,-0.16,-0.102,-2.924,-0.335,-0.09,0.009,0.003,-4.473,0.712,-0.477
0,1,0,0,0,0,0.002,0.002,-0.004,-0.008,0,0.003,-0.023,0.022,0.03,0.028,0.008,0.006,-0.008,0.047,-0.017,0,0.004,0.002,0,0,-0.002,0,0,0.001,0,0,0,0,0,0,0,0,0.027,-0.053,-0.16,-0.103,-2.921,-0.334,-0.09,0.007,0.003,-4.474,0.711,-0.476
0,1,0,0,0,0,0.002,0.002,-0.004,-0.008,0,0.003,-0.023,0.022,0.03,0.028,0.008,0.006,-0.008,0.047,-0.017,0,0.004,0.002,0,0,-0.002,0,0,0.001,0,0,0,0,0,0,0,0,0.027,-0.053,-0.158,-0.103,-2.925,-0.333,-0.09,0.007,0.004,-4.472,0.711,-0.475
0,1,0,0,0,0.001,-0.001,0,-0.004,-0.008,0,0.003,-0.023,0.022,0.03,0.029,0.008,0.006,-0.007,0.047,-0.017,0,0.004,0.002,0,0,0,0,0,0,0,0,0,0,0,0,0,0,0.027,-0.053,-0.159,-0.103,-2.926,-0.334,-0.09,0.007,0.004,-4.474,0.711,-0.476
0,1,0,0,0,0.001,0.001,-0.002,-0.004,-0.008,0,0.003,-0.023,0.022,0.03,0.028,0.008,0.006,-0.007,0.047,-0.017,0,0.004,0.002,0,0,0,-0.001,0,0,0,0,0,0,0,0,0,0,0.026,-0.053,-0.161,-0.103,-2.924,-0.335,-0.09,0.008,0.003,-4.477,0.711,-0.477
0,1,0,0,0,0,-0.001,0.002,-0.004,-0.008,0,0.003,-0.023,0.022,0.03,0.029,0.008,0.006,-0.007,0.047,-0.017,0,0.004,0.002,0,0,-0.001,0,0,0,0,0,0,0,0,0,0,0,0.027,-0.053,-0.159,-0.102,-2.922,-0.334,-0.09,0.009,0.004,-4.465,0.711,-0.475
0,1,0,0,0,0.001,-0.002,0.002,-0.004,-0.008,0,0.003,-0.023,0.022,0.03,0.028,0.008,0.006,-0.007,0.047,-0.017,0,0.004,0.002,0,0,0,0,0,0,0,0,0,0,0,0,0,0,0.026,-0.053,-0.16,-0.103,-2.924,-0.334,-0.09,0.006,0.003,-4.476,0.711,-0.477
0,1,0,0,0,0,0,-0.001,-0.004,-0.008,0,0.003,-0.023,0.022,0.03,0.029,0.008,0.006,-0.007,0.047,-0.017,0,0.004,0.002,0,0,-0.001,0,0,0,0,0,0,0.001,0,0,0,0,0.026,-0.053,-0.16,-0.102,-2.928,-0.334,-0.09,0.006,0.003,-4.49,0.711,-0.476
0,1,0,0,0,0,0,-0.001,-0.004,-0.008,0,0.003,-0.023,0.022,0.03,0.028,0.008,0.006,-0.007,0.047,-0.017,0,0.004,0.002,0,0,0,-0.001,0,0,0,0,0,0.001,0,0,0,0,0.026,-0.053,-0.159,-0.102,-2.931,-0.334,-0.09,0.007,0.004,-4.488,0.71,-0.474
0,1,0,0,0,0,0,-0.002,-0.004,-0.008,0,0.003,-0.023,0.022,0.03,0.028,0.008,0.006,-0.007,0.047,-0.017,0,0.004,0.002,0,0,0,0,0,0,0,0,0.001,0,0,0,0,0,0.026,-0.053,-0.16,-0.103,-2.931,-0.333,-0.09,0.007,0.004,-4.484,0.71,-0.475
0,1,0,0,0,0,0.001,-0.001,-0.004,-0.008,0,0.003,-0.023,0.022,0.03,0.028,0.008,0.006,-0.007,0.047,-0.017,0,0.004,0.002,0,0,0,-0.001,0,0.001,0,0,0,0.001,0,0,0,0,0.026,-0.053,-0.16,-0.102,-2.932,-0.334,-0.09,0.008,0.004,-4.484,0.71,-0.475
0,1,0,0,0,0,-0.001,0.001,-0.004,-0.008,0,0.003,-0.023,0.022,0.03,0.028,0.008,0.006,-0.007,0.047,-0.017,0,0.004,0.002,0,0,0,0.001,0,0,0,0,0,0.001,0,0,0,0,0.027,-0.053,-0.16,-0.103,-2.93,-0.333,-0.09,0.008,0.005,-4.477,0.71,-0.475
0,1,0,0,0,-0.001,-0.001,-0.002,-0.004,-0.008,0,0.003,-0.023,0.022,0.03,0.028,0.008,0.006,-0.007,0.047,-0.017,0,0.004,0.002,0,0,0.001,0,0,0.001,0,0,0,0,0,-0.001,0,0,0.026,-0.053,-0.16,-0.103,-2.931,-0.333,-0.09,0.006,0.004,-4.488,0.711,-0.476
0,1,0,0,0,-0.001,-0.001,-0.002,-0.004,-0.008,0,0.003,-0.023,0.022,0.03,0.028,0.008,0.006,-0.007,0.047,-0.017,0,0.004,0.002,0,0,0.001,0,0,0.001,0,0,0,0,0,-0.001,0,0,0.027,-0.053,-0.16,-0.103,-2.934,-0.333,-0.09,0.007,0.004,-4.489,0.709,-0.474
0,1,0,0,0,-0.002,0.001,0,-0.004,-0.008,0,0.003,-0.023,0.022,0.03,0.028,0.008,0.006,-0.007,0.047,-0.017,0,0.004,0.002,0,0,0,0,0,0,0,0,0,0,0,0.001,0,0,0.026,-0.053,-0.161,-0.103,-2.936,-0.332,-0.09,0.007,0.005,-4.491,0.709,-0.474
0,1,0,0,0,-0.001,0,-0.003,-0.004,-0.008,0,0.003,-0.023,0.022,0.03,0.028,0.008,0.006,-0.008,0.047,-0.017,0,0.004,0.002,0,0,0,-0.001,0,-0.001,0,0,0,0,0,0.002,0,0,0.027,-0.054,-0.159,-0.103,-2.937,-0.332,-0.09,0.007,0.005,-4.484,0.71,-0.474
0,1,0,0,0,0,0,-0.001,-0.004,-0.008,0,0.003,-0.023,0.022,0.03,0.028,0.008,0.006,-0.007,0.047,-0.017,0,0.004,0.002,0,0,0,0.001,0,-0.001,0,0,0,0.001,0,0.001,0,0,0.026,-0.053,-0.16,-0.102,-2.939,-0.332,-0.09,0.008,0.005,-4.487,0.709,-0.474
0,1,0,0,0,-0.001,0,-0.001,-0.004,-0.008,0,0.003,-0.023,0.022,0.03,0.028,0.008,0.006,-0.007,0.047,-0.017,0,0.004,0.002,0,0,0,0,0,0.001,0,0,0.001,0,0,-0.001,0,0,0.027,-0.053,-0.16,-0.102,-2.933,-0.332,-0.09,0.007,0.005,-4.484,0.709,-0.475
0,1,0,0,0,0,-0.002,0,-0.004,-0.008,0,0.003,-0.023,0.022,0.03,0.028,0.008,0.006,-0.007,0.047,-0.017,0,0.004,0.002,0,0,0,0.001,0,0,0,0,0,0,0,0,0,0,0.027,-0.053,-0.16,-0.102,-2.935,-0.332,-0.09,0.007,0.005,-4.488,0.708,-0.474
0,1,0,0,0,-0.001,0.001,0,-0.004,-0.008,0,0.003,-0.023,0.022,0.03,0.028,0.008,0.006,-0.007,0.046,-0.017,0,0.004,0.002,0,0,0,0,0,0,0,0,0,0,0,0,0,0,0.026,-0.053,-0.161,-0.102,-2.935,-0.332,-0.09,0.006,0.004,-4.5,0.709,-0.475
0,1,0,0,0,0,0,0.001,-0.004,-0.008,0,0.003,-0.023,0.022,0.03,0.028,0.008,0.006,-0.007,0.047,-0.017,0,0.004,0.002,0,0,0,0,0,0,0,0,0,0,0,0,0,0,0.027,-0.053,-0.159,-0.103,-2.933,-0.333,-0.09,0.007,0.005,-4.486,0.709,-0.474
0,1,0,0,0,-0.001,0,-0.001,-0.004,-0.008,0,0.003,-0.023,0.022,0.03,0.028,0.008,0.006,-0.007,0.047,-0.017,0,0.004,0.002,0,0,0,0,0,0,0,0,0,0,0,-0.001,0,0,0.026,-0.053,-0.16,-0.103,-2.932,-0.332,-0.09,0.006,0.004,-4.486,0.71,-0.476
0,1,0,0,0,-0.001,0,-0.001,-0.004,-0.008,0,0.003,-0.023,0.022,0.03,0.028,0.008,0.006,-0.007,0.047,-0.017,0,0.004,0.002,0,0,0,0,0,0,0,0,0,0,0,-0.001,0,0,0.027,-0.053,-0.16,-0.103,-2.932,-0.333,-0.09,0.007,0.005,-4.484,0.709,-0.474
0,1,0,0,0,0.001,-0.002,0.001,-0.004,-0.008,0,0.003,-0.023,0.022,0.03,0.028,0.008,0.006,-0.007,0.047,-0.017,0,0.004,0.002,0,0,0,0,0,0,0,0,0,0,0,0,0,0,0.026,-0.053,-0.16,-0.103,-2.931,-0.333,-0.09,0.007,0.005,-4.484,0.709,-0.474
0,1,0,0,0,-0.001,0.001,0,-0.004,-0.008,0,0.003,-0.024,0.022,0.03,0.028,0.008,0.006,-0.008,0.047,-0.017,0,0.004,0.002,0,0,0,0,0,0,0,0,-0.001,0,0,0,0,0,0.026,-0.053,-0.161,-0.103,-2.931,-0.333,-0.09,0.006,0.003,-4.492,0.711,-0.477
0,1,0,0,0,0.001,0.001,0.001,-0.004,-0.008,0,0.003,-0.023,0.022,0.03,0.029,0.008,0.006,-0.007,0.047,-0.017,0,0.004,0.002,0,0,-0.001,0,0,0,0,0,0,0,0,0,0,0,0.027,-0.053,-0.159,-0.103,-2.932,-0.333,-0.09,0.006,0.005,-4.485,0.71,-0.474
0,1,0,0,0,0.001,0.001,0.001,-0.004,-0.008,0,0.003,-0.023,0.022,0.03,0.029,0.008,0.006,-0.007,0.047,-0.017,0,0.004,0.002,0,0,-0.001,0,0,0,0,0,0,0,0,0,0,0,0.026,-0.053,-0.16,-0.102,-2.93,-0.333,-0.09,0.007,0.004,-4.485,0.71,-0.476
0,1,0,0,0,0.001,-0.002,0,-0.004,-0.008,0,0.003,-0.023,0.022,0.03,0.028,0.008,0.006,-0.007,0.047,-0.017,0,0.004,0.002,0,0,0,0,0,0,0,0,0,0,0,0,0,0,0.027,-0.053,-0.159,-0.102,-2.928,-0.333,-0.09,0.007,0.004,-4.482,0.711,-0.475
0,1,0,0,0,0.001,-0.002,0,-0.004,-0.008,0,0.003,-0.023,0.022,0.03,0.028,0.008,0.006,-0.007,0.047,-0.017,0,0.004,0.002,0,0,0,0,0,0,0,0,0,0,0,0,0,0,0.026,-0.053,-0.161,-0.102,-2.928,-0.334,-0.09,0.006,0.003,-4.49,0.711,-0.476
0,1,0,0,0,0.001,0.002,-0.001,-0.004,-0.008,0,0.003,-0.023,0.022,0.03,0.028,0.008,0.006,-0.007,0.047,-0.017,0,0.004,0.002,0,0,0,0,0,-0.001,0,0,0,0.001,0,0,0,0,0.026,-0.053,-0.16,-0.102,-2.929,-0.333,-0.09,0.006,0.003,-4.494,0.711,-0.476
0,1,0,0,0,0,0,-0.003,-0.004,-0.008,0,0.003,-0.023,0.022,0.03,0.029,0.008,0.006,-0.007,0.047,-0.017,0,0.004,0.002,0,0,0,0.001,0,0,0,0,0,0,0,0,0,0,0.027,-0.053,-0.159,-0.102,-2.927,-0.334,-0.09,0.009,0.004,-4.475,0.71,-0.474
0,1,0,0,0,0,0,-0.003,-0.004,-0.008,0,0.003,-0.023,0.022,0.03,0.029,0.008,0.006,-0.007,0.047,-0.017,0,0.004,0.002,0,0,0,0,0,0,0,0,0.001,-0.001,0,0,0,0,0.026,-0.053,-0.161,-0.102,-2.927,-0.334,-0.09,0.008,0.004,-4.476,0.709,-0.475
0,1,0,0,0,0.001,0.003,0.001,-0.004,-0.008,0,0.003,-0.023,0.022,0.03,0.028,0.008,0.006,-0.008,0.047,-0.017,0,0.004,0.002,0,0,0,0,0,0,0,0,0,0,0,0,0,0,0.026,-0.053,-0.161,-0.102,-2.927,-0.334,-0.09,0.008,0.004,-4.477,0.709,-0.474
0,1,0,0,0,-0.002,0,-0.001,-0.004,-0.008,0,0.003,-0.023,0.022,0.03,0.029,0.008,0.006,-0.007,0.047,-0.017,0,0.004,0.002,0,0,0.001,0,0,0,0,0,0,0.001,0,0,0,0,0.028,-0.053,-0.159,-0.102,-2.922,-0.334,-0.09,0.008,0.004,-4.467,0.711,-0.476
0,1,0,0,0,0.003,0.002,0.001,-0.004,-0.008,0,0.003,-0.023,0.022,0.03,0.028,0.008,0.006,-0.007,0.047,-0.017,0,0.004,0.002,0,0,0,0,0,0,0,0,0,0,0,0,0,0,0.026,-0.054,-0.16,-0.104,-2.928,-0.334,-0.09,0.007,0.005,-4.468,0.709,-0.474
0,1,0,0,0,0,0,0.001,-0.004,-0.008,0,0.003,-0.023,0.022,0.03,0.029,0.008,0.006,-0.007,0.047,-0.017,0,0.004,0.002,0,0,0,0,0,0,0,0,0,0,0,0,0,0,0.027,-0.053,-0.16,-0.103,-2.918,-0.335,-0.09,0.009,0.003,-4.463,0.713,-0.478
0,1,0,0,0,0,0,0.001,-0.004,-0.008,0,0.003,-0.023,0.022,0.03,0.028,0.008,0.006,-0.007,0.047,-0.017,0,0.004,0.002,0,0,0,0,0,0,0,0,0,0,0,0,0,0,0.027,-0.053,-0.16,-0.103,-2.92,-0.335,-0.09,0.007,0.003,-4.464,0.712,-0.476
0,1,0,0,0,0.001,0.001,-0.001,-0.004,-0.008,0,0.003,-0.023,0.022,0.03,0.029,0.008,0.006,-0.007,0.047,-0.017,0,0.004,0.002,0,0,0,0,0,0,0,0,0,0,0,0,0,0,0.027,-0.053,-0.159,-0.103,-2.921,-0.334,-0.09,0.008,0.004,-4.465,0.711,-0.476
0,1,0,0,0,0.001,0.001,-0.001,-0.004,-0.008,0,0.003,-0.023,0.022,0.03,0.029,0.008,0.006,-0.007,0.047,-0.017,0,0.004,0.002,0,0,0,0,0,0,0,0,0,0,0,0,0,0,0.026,-0.053,-0.16,-0.103,-2.92,-0.335,-0.09,0.009,0.004,-4.463,0.711,-0.475
0,1,0,0,0,0.001,0,0,-0.004,-0.008,0,0.003,-0.023,0.022,0.03,0.028,0.008,0.006,-0.007,0.047,-0.017,0,0.004,0.002,0,0,0,0,0,0,0,0,0.001,0,0,0,0,0,0.027,-0.053,-0.16,-0.103,-2.92,-0.334,-0.09,0.009,0.004,-4.461,0.711,-0.476
0,1,0,0,0,0,-0.002,0,-0.004,-0.008,0,0.003,-0.023,0.022,0.03,0.028,0.008,0.006,-0.007,0.047,-0.017,0,0.004,0.002,0,0,0,0,0,0,0,0,0,-0.001,0,0,0,0,0.027,-0.053,-0.16,-0.103,-2.92,-0.334,-0.09,0.008,0.003,-4.464,0.711,-0.476
0,1,0,0,0,0,-0.002,0,-0.004,-0.008,0,0.003,-0.023,0.022,0.03,0.028,0.008,0.006,-0.007,0.047,-0.017,0,0.004,0.002,0,0,0,0,0,0,0,0,0,-0.001,0,0,0,0,0.026,-0.053,-0.16,-0.103,-2.923,-0.334,-0.09,0.007,0.003,-4.472,0.711,-0.476
0,1,0,0,0,-0.003,0,0,-0.004,-0.008,0,0.003,-0.023,0.022,0.03,0.029,0.008,0.006,-0.007,0.047,-0.017,0,0.004,0.002,0,0,-0.001,0,0,0,0,0,-0.001,0,0,0,0,0,0.026,-0.053,-0.16,-0.102,-2.926,-0.334,-0.09,0.007,0.004,-4.481,0.711,-0.476
0,1,0,0,0,0,0,-0.003,-0.004,-0.008,0,0.003,-0.023,0.022,0.03,0.028,0.008,0.006,-0.007,0.047,-0.017,0,0.004,0.002,0,0,0,0,0,0,0,0,0,0,0,0,0,0,0.027,-0.054,-0.159,-0.103,-2.933,-0.332,-0.09,0.006,0.005,-4.481,0.709,-0.473
0,1,0,0,0,0.002,0.001,-0.002,-0.004,-0.008,0,0.003,-0.023,0.022,0.03,0.028,0.008,0.006,-0.007,0.047,-0.017,0,0.004,0.002,0,0,0,0,0,0,0,0,0,0,0,0,0,0,0.025,-0.054,-0.161,-0.103,-2.932,-0.334,-0.09,0.008,0.005,-4.482,0.709,-0.474
0,1,0,0,0,0,0.001,0.001,-0.004,-0.008,0,0.003,-0.023,0.022,0.03,0.028,0.008,0.006,-0.007,0.047,-0.017,0,0.004,0.002,0,0,0,0,0,-0.001,0,0,0,0,0,0.001,0,0,0.027,-0.053,-0.16,-0.103,-2.926,-0.334,-0.09,0.009,0.004,-4.472,0.711,-0.476
0,1,0,0,0,0,0,0.002,-0.004,-0.008,0,0.003,-0.023,0.022,0.03,0.029,0.008,0.006,-0.008,0.047,-0.017,0,0.004,0.002,0,0,0,0.001,0,0.001,0,0,-0.001,0,0,-0.002,0,0,0.027,-0.054,-0.159,-0.103,-2.925,-0.333,-0.09,0.007,0.004,-4.465,0.711,-0.475
0,1,0,0,0,0,0,0.001,-0.004,-0.008,0,0.003,-0.023,0.022,0.03,0.029,0.008,0.006,-0.007,0.047,-0.017,0,0.004,0.002,0,0,-0.001,0.001,0,0,0,0,0,0,0,0,0,0,0.027,-0.054,-0.16,-0.104,-2.922,-0.334,-0.09,0.007,0.004,-4.468,0.711,-0.476
0,1,0,0,0,-0.001,-0.001,-0.003,-0.004,-0.008,0,0.003,-0.023,0.022,0.03,0.029,0.008,0.006,-0.007,0.047,-0.017,0,0.004,0.002,0,0,0,0,0,0,0,0,0,0,0,0,0,0,0.026,-0.053,-0.16,-0.103,-2.928,-0.333,-0.09,0.007,0.004,-4.476,0.71,-0.475
0,1,0,0,0,0,0.001,-0.002,-0.004,-0.008,0,0.003,-0.023,0.022,0.03,0.029,0.008,0.006,-0.007,0.047,-0.017,0,0.004,0.002,0,0,0,0,0,0,0,0,0,0,0,0,0,0,0.026,-0.054,-0.161,-0.103,-2.93,-0.334,-0.09,0.008,0.004,-4.477,0.709,-0.474
0,1,0,0,0,0,0.001,0,-0.004,-0.008,0,0.003,-0.023,0.022,0.03,0.028,0.008,0.006,-0.007,0.047,-0.017,0,0.004,0.002,0,0,0,-0.001,0,-0.001,0,0,0,0,0,0.001,0,0,0.027,-0.053,-0.16,-0.103,-2.928,-0.333,-0.09,0.008,0.005,-4.47,0.71,-0.475
0,1,0,0,0,-0.001,0.001,0.001,-0.004,-0.008,0,0.003,-0.023,0.022,0.03,0.029,0.008,0.006,-0.007,0.047,-0.017,0,0.004,0.002,0,0,0.001,0,0,0,0,0,0,-0.001,0,0,0,0,0.026,-0.053,-0.16,-0.103,-2.926,-0.334,-0.09,0.008,0.004,-4.47,0.711,-0.476
0,1,0,0,0,0.001,0,0,-0.004,-0.008,0,0.003,-0.023,0.022,0.03,0.028,0.008,0.006,-0.007,0.047,-0.017,0,0.004,0.002,0,0,0,0,0,0,0,0,0.001,0,0,-0.001,0,0,0.027,-0.053,-0.159,-0.103,-2.926,-0.333,-0.09,0.007,0.004,-4.466,0.711,-0.475
0,1,0,0,0,0.003,-0.001,0.001,-0.004,-0.008,0,0.003,-0.023,0.022,0.03,0.029,0.008,0.006,-0.007,0.047,-0.017,0,0.004,0.002,0,0,0,0,0,0.001,0,0,0,0.001,0,-0.001,0,0,0.026,-0.053,-0.161,-0.102,-2.925,-0.334,-0.09,0.008,0.003,-4.476,0.71,-0.476
0,1,0,0,0,0,0.001,0,-0.004,-0.008,0,0.003,-0.023,0.022,0.03,0.029,0.008,0.006,-0.007,0.047,-0.017,0,0.004,0.002,0,0,0,0.001,0,0,0,0,0,0,0,0,0,0,0.027,-0.053,-0.16,-0.103,-2.919,-0.334,-0.09,0.007,0.003,-4.475,0.712,-0.477
0,1,0,0,0,0,0.001,0,-0.004,-0.008,0,0.003,-0.023,0.022,0.03,0.029,0.008,0.006,-0.007,0.047,-0.017,0,0.004,0.002,0,0,0,0.001,0,0,0,0,0,0,0,0,0,0,0.027,-0.053,-0.159,-0.102,-2.922,-0.334,-0.09,0.008,0.004,-4.472,0.711,-0.475
0,1,0,0,0,0,0.001,0,-0.004,-0.008,0,0.003,-0.023,0.022,0.03,0.029,0.008,0.006,-0.007,0.047,-0.017,0,0.004,0.002,0,0,0,0,0,0,0,0,0.001,0,0,0,0,0,0.026,-0.053,-0.16,-0.103,-2.922,-0.334,-0.09,0.008,0.004,-4.472,0.711,-0.475
0,1,0,0,0,0.001,0.001,0.001,-0.004,-0.008,0,0.003,-0.023,0.022,0.03,0.029,0.008,0.006,-0.007,0.047,-0.017,0,0.004,0.002,0,0,0,-0.001,0,0,0,0,0,0.001,0,0,0,0,0.027,-0.053,-0.16,-0.102,-2.925,-0.334,-0.09,0.008,0.004,-4.472,0.711,-0.475
0,1,0,0,0,0.001,0.001,0.001,-0.004,-0.008,0,0.003,-0.023,0.022,0.03,0.029,0.008,0.006,-0.007,0.047,-0.017,0,0.004,0.002,0,0,0,0.001,0,-0.001,0,0,0,-0.001,0,0.001,0,0,0.027,-0.053,-0.159,-0.103,-2.919,-0.335,-0.09,0.008,0.004,-4.464,0.712,-0.477
0,1,0,0,0,0.001,0,0.001,-0.004,-0.008,0,0.003,-0.023,0.022,0.03,0.029,0.008,0.006,-0.007,0.047,-0.017,0,0.004,0.002,0,0,0,0.001,0,0.001,0,0,0,0,0,-0.001,0,0,0.027,-0.053,-0.159,-0.103,-2.917,-0.335,-0.09,0.009,0.003,-4.458,0.712,-0.476
0,1,0,0,0,-0.001,0,-0.004,-0.004,-0.008,0,0.003,-0.023,0.022,0.03,0.029,0.008,0.006,-0.007,0.047,-0.017,0,0.004,0.002,0,0,0,0,0,0.001,0,0,-0.001,0,0,0,0,0,0.027,-0.053,-0.16,-0.103,-2.914,-0.335,-0.09,0.008,0.003,-4.458,0.712,-0.477
0,1,0,0,0,0,0,0.001,-0.004,-0.008,0,0.003,-0.023,0.022,0.03,0.029,0.008,0.006,-0.008,0.047,-0.017,0,0.004,0.002,0,0,-0.001,0,0,0,0,0,0,0.001,0,0,0,0,0.026,-0.054,-0.16,-0.103,-2.921,-0.335,-0.09,0.009,0.004,-4.455,0.709,-0.474
0,1,0,0,0,0,0,0.001,-0.004,-0.008,0,0.003,-0.023,0.022,0.03,0.029,0.008,0.006,-0.007,0.047,-0.017,0,0.004,0.002,0,0,0.001,0,0,0,0,0,0,-0.001,0,0,0,0,0.026,-0.053,-0.16,-0.104,-2.923,-0.333,-0.09,0.007,0.004,-4.463,0.711,-0.477
0,1,0,0,0,0,0,0.001,-0.004,-0.008,0,0.003,-0.023,0.022,0.03,0.028,0.008,0.006,-0.007,0.047,-0.017,0,0.004,0.002,0,0,-0.001,0,0,0,0,0,0.001,0,0,0,0,0,0.026,-0.053,-0.16,-0.104,-2.923,-0.335,-0.09,0.007,0.004,-4.468,0.712,-0.477
0,1,0,0,0,0,0,0.001,-0.004,-0.008,0,0.003,-0.023,0.022,0.03,0.028,0.008,0.006,-0.007,0.047,-0.017,0,0.004,0.002,0,0,0,0,0,0,0,0,0,0,0,0,0,0,0.026,-0.053,-0.16,-0.102,-2.927,-0.333,-0.09,0.007,0.003,-4.477,0.711,-0.476
0,1,0,0,0,-0.001,-0.003,0,-0.004,-0.008,0,0.003,-0.023,0.022,0.03,0.029,0.008,0.006,-0.007,0.047,-0.017,0,0.004,0.002,0,0,-0.001,0,0,0,0,0,0.001,0,0,0,0,0,0.026,-0.053,-0.16,-0.103,-2.924,-0.334,-0.09,0.007,0.004,-4.477,0.711,-0.476
0,1,0,0,0,0,0,0.001,-0.004,-0.008,0,0.003,-0.023,0.022,0.03,0.029,0.008,0.006,-0.007,0.047,-0.017,0,0.004,0.002,0,0,0,-0.001,0,0,0,0,0,0.001,0,0,0,0,0.025,-0.053,-0.161,-0.102,-2.934,-0.333,-0.09,0.006,0.003,-4.495,0.71,-0.475
0,1,0,0,0,-0.002,0.001,-0.001,-0.004,-0.008,0,0.003,-0.023,0.022,0.03,0.029,0.008,0.006,-0.007,0.046,-0.017,0,0.004,0.002,0,0,-0.001,0,0,0,0,0,0,0,0,0,0,0,0.027,-0.053,-0.159,-0.103,-2.932,-0.333,-0.09,0.006,0.004,-4.493,0.711,-0.476
0,1,0,0,0,0,0.001,0.001,-0.004,-0.008,0,0.003,-0.023,0.022,0.03,0.029,0.008,0.006,-0.007,0.047,-0.017,0,0.004,0.002,0,0,-0.001,0,0,0,0,0,0,0,0,0,0,0,0.027,-0.054,-0.159,-0.103,-2.936,-0.333,-0.09,0.007,0.005,-4.485,0.709,-0.473
0,1,0,0,0,0.001,0.001,-0.002,-0.004,-0.008,0,0.003,-0.023,0.022,0.03,0.028,0.008,0.006,-0.007,0.047,-0.017,0,0.004,0.002,0,0,0,0.001,0,-0.001,0,0,0,0,0,0,0,0,0.026,-0.053,-0.16,-0.102,-2.935,-0.332,-0.09,0.007,0.005,-4.489,0.71,-0.475
0,1,0,0,0,0,0,0.001,-0.004,-0.008,0,0.003,-0.023,0.022,0.03,0.029,0.008,0.006,-0.007,0.047,-0.017,0,0.004,0.002,0,0,0,0,0,0.001,0,0,-0.001,0,0,-0.001,0,0,0.026,-0.053,-0.16,-0.102,-2.929,-0.334,-0.09,0.008,0.004,-4.48,0.71,-0.475
0,1,0,0,0,0,0.001,0.001,-0.004,-0.008,0,0.003,-0.023,0.022,0.03,0.028,0.008,0.006,-0.007,0.047,-0.017,0,0.004,0.002,0,0,-0.001,0,0,0,0,0,0,0,0,0,0,0,0.028,-0.053,-0.16,-0.103,-2.928,-0.333,-0.09,0.006,0.004,-4.48,0.711,-0.476
0,1,0,0,0,0.001,-0.002,-0.001,-0.004,-0.008,0,0.003,-0.023,0.022,0.03,0.028,0.008,0.006,-0.008,0.047,-0.017,0,0.004,0.002,0,0,0.001,0,0,-0.001,0,0,-0.001,0,0,0.001,0,0,0.026,-0.054,-0.159,-0.103,-2.93,-0.333,-0.09,0.008,0.004,-4.48,0.711,-0.475
0,1,0,0,0,0,0.001,0,-0.004,-0.008,0,0.003,-0.024,0.022,0.03,0.029,0.008,0.006,-0.007,0.047,-0.017,0,0.004,0.002,0,0,0,0,0,0.001,0,0,0,0,0,-0.001,0,0,0.025,-0.053,-0.161,-0.103,-2.93,-0.334,-0.09,0.006,0.003,-4.487,0.711,-0.476
0,1,0,0,0,0,0,-0.002,-0.004,-0.008,0,0.003,-0.023,0.022,0.03,0.028,0.008,0.006,-0.007,0.047,-0.017,0,0.004,0.002,0,0,0,0,0,0,0,0,0,-0.001,0,0,0,0,0.028,-0.053,-0.159,-0.103,-2.927,-0.334,-0.09,0.008,0.004,-4.478,0.711,-0.475
0,1,0,0,0,0.002,-0.001,-0.002,-0.004,-0.008,0,0.003,-0.023,0.022,0.03,0.029,0.008,0.006,-0.007,0.047,-0.017,0,0.004,0.002,0,0,0,0,0,0,0,0,0,0,0,0.001,0,0,0.025,-0.053,-0.16,-0.103,-2.931,-0.334,-0.09,0.008,0.004,-4.481,0.709,-0.474
0,1,0,0,0,0,-0.002,-0.002,-0.004,-0.008,0,0.003,-0.023,0.022,0.03,0.029,0.008,0.006,-0.007,0.047,-0.017,0,0.004,0.002,0,0,0,0.001,0,0,0,0,0,-0.001,0,-0.001,0,0,0.026,-0.053,-0.16,-0.102,-2.93,-0.333,-0.09,0.008,0.004,-4.487,0.71,-0.476
0,1,0,0,0,0.001,-0.001,-0.001,-0.004,-0.008,0,0.003,-0.023,0.022,0.03,0.029,0.008,0.006,-0.007,0.047,-0.017,0,0.004,0.002,0,0,0,0,0,0,0,0,0,0,0,0,0,0,0.026,-0.053,-0.161,-0.102,-2.935,-0.333,-0.09,0.006,0.004,-4.499,0.709,-0.475
0,1,0,0,0,-0.001,0.001,0.001,-0.004,-0.008,0,0.003,-0.023,0.022,0.03,0.029,0.008,0.006,-0.007,0.047,-0.017,0,0.004,0.002,0,0,0,0,0,0,0,0,0,0,0,0,0,0,0.026,-0.053,-0.16,-0.102,-2.937,-0.332,-0.09,0.007,0.004,-4.501,0.71,-0.475
0,1,0,0,0,0.001,0,0,-0.004,-0.008,0,0.003,-0.023,0.022,0.03,0.028,0.008,0.006,-0.007,0.047,-0.017,0,0.004,0.002,0,0,0.001,0,0,0,0,0,0.001,0,0,0,0,0,0.027,-0.053,-0.159,-0.103,-2.936,-0.333,-0.09,0.006,0.005,-4.495,0.71,-0.475
0,1,0,0,0,0.001,0.001,0,-0.004,-0.008,0,0.003,-0.023,0.022,0.03,0.029,0.008,0.006,-0.007,0.047,-0.017,0,0.004,0.002,0,0,0,-0.001,0,0,0,0,-0.001,0.001,0,0,0,0,0.026,-0.053,-0.16,-0.103,-2.934,-0.333,-0.09,0.007,0.004,-4.492,0.711,-0.476
0,1,0,0,0,-0.001,0,0,-0.004,-0.008,0,0.003,-0.023,0.022,0.03,0.029,0.008,0.006,-0.007,0.047,-0.017,0,0.004,0.002,0,0,0,-0.001,0,0,0,0,-0.001,0,0,0,0,0,0.027,-0.053,-0.159,-0.103,-2.93,-0.334,-0.09,0.007,0.004,-4.485,0.712,-0.476
0,1,0,0,0,0,-0.002,-0.001,-0.004,-0.008,0,0.003,-0.023,0.022,0.03,0.028,0.008,0.006,-0.007,0.047,-0.017,0,0.004,0.002,0,0,0,0,0,0,0,0,-0.001,0,0,0,0,0,0.026,-0.053,-0.159,-0.103,-2.934,-0.333,-0.09,0.006,0.004,-4.487,0.71,-0.474
0,1,0,0,0,0,-0.002,-0.001,-0.004,-0.008,0,0.003,-0.023,0.022,0.03,0.028,0.008,0.006,-0.007,0.047,-0.017,0,0.004,0.002,0,0,0,0,0,0,0,0,-0.001,0,0,0,0,0,0.025,-0.053,-0.161,-0.103,-2.936,-0.333,-0.09,0.006,0.004,-4.499,0.71,-0.475
0,1,0,0,0,-0.001,0.002,-0.001,-0.004,-0.008,0,0.003,-0.023,0.022,0.03,0.028,0.008,0.006,-0.007,0.047,-0.017,0,0.004,0.002,0,0,0,0,0,0.001,0,0,0,0,0,-0.001,0,0,0.026,-0.053,-0.16,-0.103,-2.938,-0.332,-0.09,0.006,0.004,-4.505,0.71,-0.475
0,1,0,0,0,0.001,0,-0.001,-0.004,-0.008,0,0.003,-0.023,0.022,0.03,0.029,0.008,0.006,-0.007,0.047,-0.017,0,0.004,0.002,0,0,0,-0.001,0,0,0,0,0,0,0,0,0,0,0.027,-0.054,-0.158,-0.103,-2.937,-0.333,-0.09,0.008,0.005,-4.49,0.709,-0.474
0,1,0,0,0,0.001,0,-0.001,-0.004,-0.008,0,0.003,-0.023,0.022,0.03,0.029,0.008,0.006,-0.007,0.047,-0.017,0,0.004,0.002,0,0,0,-0.001,0,0,0,0,0,0,0,0,0,0,0.026,-0.053,-0.16,-0.102,-2.936,-0.333,-0.09,0.008,0.004,-4.492,0.71,-0.476
0,1,0,0,0,0,-0.001,-0.001,-0.004,-0.008,0,0.003,-0.023,0.022,0.03,0.028,0.008,0.006,-0.007,0.047,-0.017,0,0.004,0.002,0,0,0,0,0,0,0,0,0.001,-0.001,0,0,0,0,0.027,-0.053,-0.159,-0.102,-2.933,-0.333,-0.09,0.008,0.004,-4.49,0.71,-0.475
0,1,0,0,0,0.002,0.002,0.001,-0.004,-0.008,0,0.003,-0.023,0.022,0.03,0.028,0.008,0.006,-0.008,0.047,-0.017,0,0.004,0.002,0,0,0,0,0,0,0,0,0,0,0,0,0,0,0.026,-0.053,-0.16,-0.101,-2.936,-0.333,-0.09,0.006,0.004,-4.5,0.71,-0.475
0,1,0,0,0,-0.001,-0.001,-0.001,-0.004,-0.008,0,0.003,-0.023,0.022,0.03,0.029,0.008,0.006,-0.007,0.047,-0.017,0,0.004,0.002,0,0,0,0,0,0.001,0,0,-0.001,0,0,0,0,0,0.027,-0.053,-0.158,-0.102,-2.93,-0.333,-0.09,0.008,0.005,-4.487,0.711,-0.475
0,1,0,0,0,-0.002,0.001,0.002,-0.004,-0.008,0,0.003,-0.023,0.022,0.03,0.028,0.008,0.006,-0.007,0.047,-0.017,0,0.004,0.002,0,0,0,0,0,0,0,0,0,-0.001,0,0,0,0,0.026,-0.053,-0.16,-0.103,-2.935,-0.333,-0.09,0.006,0.004,-4.491,0.71,-0.474
0,1,0,0,0,-0.002,0.001,0.002,-0.004,-0.008,0,0.003,-0.023,0.022,0.03,0.028,0.008,0.006,-0.007,0.047,-0.017,0,0.004,0.002,0,0,0,0,0,0,0,0,0,-0.001,0,0,0,0,0.027,-0.054,-0.158,-0.103,-2.939,-0.332,-0.09,0.007,0.005,-4.491,0.71,-0.474
0,1,0,0,0,0,0,0,-0.004,-0.008,0,0.003,-0.023,0.022,0.03,0.028,0.008,0.006,-0.007,0.047,-0.017,0,0.004,0.002,0,0,0,0.001,0,0,0,0,0,0,0,0,0,0,0.026,-0.054,-0.159,-0.103,-2.939,-0.333,-0.09,0.006,0.005,-4.492,0.71,-0.475
0,1,0,0,0,0,0.003,0,-0.004,-0.008,0,0.003,-0.023,0.022,0.03,0.028,0.008,0.006,-0.007,0.047,-0.017,0,0.004,0.002,0,0,0,0,0,0,0,0,0,0,0,0,0,0,0.026,-0.053,-0.16,-0.102,-2.939,-0.333,-0.09,0.006,0.004,-4.498,0.709,-0.475
0,1,0,0,0,-0.003,0,0.001,-0.004,-0.008,0,0.003,-0.023,0.022,0.03,0.028,0.008,0.006,-0.007,0.047,-0.017,0,0.004,0.002,0,0,0,0,0,0,0,0,0,0,0,0,0,0,0.028,-0.053,-0.158,-0.103,-2.933,-0.333,-0.09,0.008,0.005,-4.483,0.71,-0.475
0,1,0,0,0,0,-0.001,-0.001,-0.004,-0.008,0,0.003,-0.023,0.022,0.03,0.028,0.008,0.006,-0.007,0.047,-0.017,0,0.004,0.002,0,0,0,0,0,0,0,0,-0.001,0,0,0,0,0,0.026,-0.054,-0.16,-0.103,-2.94,-0.332,-0.09,0.005,0.005,-4.492,0.709,-0.474
0,1,0,0,0,0,0,-0.001,-0.004,-0.008,0,0.003,-0.023,0.022,0.03,0.028,0.008,0.006,-0.007,0.047,-0.017,0,0.004,0.002,0,0,0,0,0,0,0,0,0,0,0,0,0,0,0.026,-0.053,-0.16,-0.102,-2.939,-0.333,-0.09,0.007,0.004,-4.502,0.71,-0.475
0,1,0,0,0,0,-0.001,-0.002,-0.004,-0.008,0,0.003,-0.023,0.022,0.03,0.028,0.008,0.006,-0.008,0.046,-0.017,0,0.004,0.002,0,0,0,0.001,0,0,0,0,-0.001,0.001,0,0,0,0,0.027,-0.053,-0.159,-0.102,-2.938,-0.332,-0.09,0.007,0.004,-4.499,0.71,-0.474
0,1,0,0,0,0.001,0,-0.002,-0.004,-0.008,0,0.003,-0.023,0.022,0.03,0.028,0.008,0.006,-0.007,0.047,-0.017,0,0.004,0.002,0,0,0,0,0,0,0,0,0,0,0,-0.001,0,0,0.026,-0.053,-0.16,-0.103,-2.938,-0.332,-0.09,0.006,0.005,-4.499,0.709,-0.474
0,1,0,0,0,-0.001,0.001,-0.001,-0.004,-0.008,0,0.003,-0.023,0.022,0.03,0.028,0.008,0.006,-0.007,0.047,-0.017,0,0.004,0.002,0,0,0,0.001,0,0,0,0,0,-0.001,0,0,0,0,0.026,-0.053,-0.16,-0.102,-2.937,-0.333,-0.09,0.007,0.004,-4.498,0.709,-0.474
0,1,0,0,0,0,0.001,0.002,-0.004,-0.008,0,0.003,-0.023,0.022,0.03,0.028,0.008,0.006,-0.007,0.047,-0.017,0,0.004,0.002,0,0,0,0.001,0,0,0,0,0,0.001,0,0,0,0,0.027,-0.054,-0.159,-0.102,-2.938,-0.332,-0.09,0.007,0.005,-4.49,0.709,-0.473
0,1,0,0,0,-0.001,0.001,-0.001,-0.004,-0.008,0,0.003,-0.023,0.022,0.03,0.028,0.008,0.006,-0.007,0.047,-0.017,0,0.004,0.002,0,0,0,0,0,0,0,0,0,0,0,0,0,0,0.027,-0.053,-0.159,-0.103,-2.935,-0.332,-0.09,0.006,0.005,-4.488,0.71,-0.476
0,1,0,0,0,0,-0.001,0.001,-0.004,-0.008,0,0.003,-0.023,0.022,0.03,0.028,0.008,0.006,-0.007,0.047,-0.017,0,0.004,0.002,0,0,-0.001,0,0,0,0,0,0,0.001,0,0,0,0,0.026,-0.054,-0.159,-0.103,-2.936,-0.333,-0.09,0.008,0.005,-4.485,0.709,-0.473
0,1,0,0,0,0.001,0.001,-0.001,-0.004,-0.008,0,0.003,-0.023,0.022,0.03,0.028,0.008,0.006,-0.008,0.047,-0.017,0,0.004,0.002,0,0,0,0.001,0,0,0,0,0.001,0.001,0,0,0,0,0.026,-0.053,-0.16,-0.103,-2.936,-0.332,-0.09,0.006,0.004,-4.494,0.71,-0.476
0,1,0,0,0,0.001,-0.001,0.001,-0.004,-0.008,0,0.003,-0.023,0.022,0.03,0.028,0.008,0.006,-0.007,0.047,-0.017,0,0.004,0.002,0,0,0,0.001,0,0,0,0,0.001,0,0,0,0,0,0.027,-0.053,-0.159,-0.102,-2.933,-0.333,-0.09,0.008,0.004,-4.487,0.709,-0.474
0,1,0,0,0,-0.001,0.001,0.001,-0.004,-0.008,0,0.003,-0.023,0.022,0.03,0.029,0.008,0.006,-0.007,0.047,-0.017,0,0.004,0.002,0,0,0,0,0,0,0,0,0,0,0,0,0,0,0.026,-0.053,-0.16,-0.102,-2.931,-0.333,-0.09,0.006,0.003,-4.492,0.711,-0.476
0,1,0,0,0,-0.001,0.001,0.001,-0.004,-0.008,0,0.003,-0.023,0.022,0.03,0.028,0.008,0.006,-0.008,0.047,-0.017,0,0.004,0.002,0,0,0,0,0,0,0,0,0,0,0,0,0,0,0.027,-0.053,-0.158,-0.102,-2.932,-0.333,-0.09,0.007,0.005,-4.484,0.71,-0.475
0,1,0,0,0,0.001,0,-0.002,-0.004,-0.008,0,0.003,-0.023,0.022,0.03,0.029,0.008,0.006,-0.007,0.047,-0.017,0,0.004,0.002,0,0,0.001,0,0,0,0,0,0,0,0,0,0,0,0.027,-0.054,-0.159,-0.103,-2.93,-0.334,-0.09,0.007,0.004,-4.478,0.711,-0.476
0,1,0,0,0,0,-0.002,-0.002,-0.004,-0.008,0,0.003,-0.023,0.022,0.03,0.029,0.008,0.006,-0.007,0.047,-0.017,0,0.004,0.002,0,0,0,0.001,0,0,0,0,-0.001,0,0,0,0,0,0.026,-0.053,-0.16,-0.103,-2.929,-0.334,-0.09,0.008,0.004,-4.479,0.711,-0.476
0,1,0,0,0,0.002,0.001,0.001,-0.004,-0.008,0,0.003,-0.023,0.022,0.03,0.029,0.008,0.006,-0.007,0.047,-0.017,0,0.004,0.002,0,0,0.001,0,0,0,0,0,-0.001,0,0,0,0,0,0.027,-0.053,-0.16,-0.102,-2.932,-0.333,-0.09,0.007,0.004,-4.487,0.71,-0.475
0,1,0,0,0,0.002,0.001,0.001,-0.004,-0.008,0,0.003,-0.023,0.022,0.03,0.029,0.008,0.006,-0.007,0.047,-0.017,0,0.004,0.002,0,0,-0.001,0,0,0,0,0,0,0,0,0,0,0,0.027,-0.053,-0.159,-0.103,-2.923,-0.334,-0.09,0.008,0.004,-4.477,0.712,-0.477
0,1,0,0,0,0.001,0,-0.001,-0.004,-0.008,0,0.003,-0.023,0.022,0.03,0.029,0.008,0.006,-0.007,0.047,-0.017,0,0.004,0.002,0,0,-0.001,0,0,0,0,0,0,0,0,0,0,0,0.027,-0.053,-0.159,-0.102,-2.922,-0.335,-0.09,0.009,0.003,-4.474,0.712,-0.477
0,1,0,0,0,0.002,0,0.002,-0.004,-0.008,0,0.003,-0.023,0.022,0.03,0.028,0.008,0.006,-0.007,0.047,-0.017,0,0.004,0.002,0,0,-0.001,0,0,0,0,0,0,0,0,0,0,0,0.027,-0.053,-0.16,-0.102,-2.925,-0.334,-0.09,0.008,0.003,-4.476,0.711,-0.476
0,1,0,0,0,0,0,-0.002,-0.004,-0.008,0,0.003,-0.024,0.022,0.03,0.029,0.008,0.006,-0.007,0.047,-0.017,0,0.004,0.002,0,0,0,0,0,0,0,0,0,0,0,0,0,0,0.027,-0.053,-0.159,-0.102,-2.926,-0.333,-0.09,0.007,0.003,-4.485,0.712,-0.477
0,1,0,0,0,0,0,-0.002,-0.004,-0.008,0,0.003,-0.024,0.022,0.03,0.029,0.008,0.006,-0.007,0.047,-0.017,0,0.004,0.002,0,0,0,0,0,0,0,0,0,0,0,0,0,0,0.026,-0.053,-0.16,-0.101,-2.931,-0.334,-0.09,0.008,0.004,-4.487,0.709,-0.474
0,1,0,0,0,-0.001,0.001,-0.004,-0.004,-0.008,0,0.003,-0.023,0.022,0.03,0.029,0.008,0.006,-0.007,0.047,-0.017,0,0.004,0.002,0,0,0,0,0,0,0,0,0.001,0,0,0,0,0,0.026,-0.053,-0.161,-0.101,-2.933,-0.333,-0.09,0.007,0.004,-4.49,0.709,-0.474
0,1,0,0,0,0,0,-0.001,-0.004,-0.008,0,0.003,-0.023,0.022,0.03,0.029,0.008,0.006,-0.008,0.047,-0.017,0,0.004,0.002,0,0,0,0,0,0,0,0,0,0,0,0,0,0,0.026,-0.053,-0.16,-0.102,-2.936,-0.333,-0.09,0.008,0.005,-4.486,0.707,-0.472
0,1,0,0,0,0,0,-0.004,-0.004,-0.008,0,0.003,-0.023,0.022,0.03,0.029,0.008,0.006,-0.007,0.047,-0.017,0,0.004,0.002,0,0,0,0,0,0,0,0,0,0,0,0,0,0,0.026,-0.053,-0.16,-0.103,-2.936,-0.332,-0.09,0.006,0.005,-4.49,0.709,-0.475
0,1,0,0,0,0,0.001,0,-0.004,-0.008,0,0.003,-0.023,0.022,0.03,0.029,0.008,0.006,-0.007,0.047,-0.017,0,0.004,0.002,0,0,0,0,0,0,0,0,0,0,0,-0.001,0,0,0.026,-0.053,-0.16,-0.102,-2.937,-0.333,-0.09,0.008,0.005,-4.492,0.708,-0.473
0,1,0,0,0,0,0.001,0,-0.004,-0.008,0,0.003,-0.023,0.022,0.03,0.029,0.008,0.006,-0.008,0.047,-0.017,0,0.004,0.002,0,0,0,0.001,0,0,0,0,0,0,0,0,0,0,0.027,-0.053,-0.16,-0.102,-2.933,-0.332,-0.09,0.007,0.004,-4.491,0.71,-0.475
0,1,0,0,0,0,0,0.001,-0.004,-0.008,0,0.003,-0.023,0.022,0.03,0.029,0.008,0.006,-0.007,0.047,-0.017,0,0.004,0.002,0,0,0,0,0,0,0,0,0,-0.001,0,0,0,0,0.026,-0.053,-0.159,-0.102,-2.933,-0.333,-0.09,0.007,0.005,-4.49,0.71,-0.475
0,1,0,0,0,0,-0.002,0,-0.004,-0.008,0,0.003,-0.023,0.022,0.03,0.029,0.008,0.006,-0.007,0.047,-0.017,0,0.004,0.002,0,0,0,0,0,0,0,0,0,-0.001,0,0,0,0,0.027,-0.053,-0.159,-0.102,-2.932,-0.333,-0.09,0.006,0.004,-4.49,0.711,-0.476
0,1,0,0,0,0,-0.002,0,-0.004,-0.008,0,0.003,-0.023,0.022,0.03,0.029,0.008,0.006,-0.007,0.047,-0.017,0,0.004,0.002,0,0,0,0,0,0,0,0,0,-0.001,0,0,0,0,0.026,-0.053,-0.16,-0.102,-2.935,-0.333,-0.09,0.006,0.004,-4.498,0.71,-0.475
0,1,0,0,0,0,-0.002,0,-0.004,-0.008,0,0.003,-0.023,0.022,0.03,0.029,0.008,0.006,-0.007,0.047,-0.017,0,0.004,0.002,0,0,0,-0.001,0,0,0,0,0.001,0,0,0,0,0,0.026,-0.053,-0.16,-0.102,-2.937,-0.332,-0.09,0.006,0.004,-4.503,0.71,-0.475
0,1,0,0,0,0,-0.001,0.001,-0.004,-0.008,0,0.003,-0.023,0.022,0.03,0.029,0.008,0.006,-0.007,0.047,-0.017,0,0.004,0.002,0,0,0,-0.001,0,0,0,0,0,0,0,0,0,0,0.026,-0.053,-0.16,-0.102,-2.939,-0.333,-0.09,0.006,0.004,-4.507,0.71,-0.475
0,1,0,0,0,0.002,0,0.001,-0.004,-0.008,0,0.003,-0.024,0.022,0.03,0.029,0.008,0.006,-0.007,0.047,-0.017,0,0.004,0.002,0,0,0,0,0,0,0,0,0,0,0,0,0,0,0.026,-0.053,-0.159,-0.103,-2.938,-0.333,-0.09,0.006,0.004,-4.506,0.711,-0.475
0,1,0,0,0,0.001,0,0.002,-0.004,-0.008,0,0.003,-0.023,0.022,0.03,0.029,0.008,0.006,-0.007,0.047,-0.017,0,0.004,0.002,0,0,0.001,0,0,0,0,0,-0.001,0,0,0,0,0,0.026,-0.053,-0.159,-0.102,-2.932,-0.334,-0.09,0.008,0.004,-4.497,0.712,-0.476
0,1,0,0,0,0,0,-0.001,-0.004,-0.008,0,0.003,-0.023,0.022,0.03,0.029,0.008,0.006,-0.007,0.047,-0.017,0,0.004,0.002,0,0,0,0,0,0,0,0,0,-0.001,0,0,0,0,0.027,-0.053,-0.159,-0.103,-2.927,-0.334,-0.09,0.007,0.003,-4.486,0.713,-0.477
0,1,0,0,0,0,0,-0.002,-0.004,-0.008,0,0.003,-0.023,0.022,0.03,0.029,0.008,0.006,-0.007,0.047,-0.017,0,0.004,0.002,0,0,0,-0.001,0,0,0,0,0,0.001,0,0.001,0,0,0.026,-0.053,-0.159,-0.102,-2.931,-0.334,-0.09,0.008,0.003,-4.488,0.711,-0.475
0,1,0,0,0,0.001,-0.001,0.002,-0.004,-0.008,0,0.003,-0.023,0.022,0.03,0.029,0.008,0.006,-0.007,0.047,-0.017,0,0.004,0.002,0,0,0,0.001,0,0,0,0,0,0,0,0,0,0,0.027,-0.053,-0.16,-0.102,-2.931,-0.333,-0.09,0.007,0.004,-4.483,0.71,-0.475
0,1,0,0,0,0.001,-0.001,0.002,-0.004,-0.008,0,0.003,-0.023,0.022,0.03,0.029,0.008,0.006,-0.007,0.047,-0.017,0,0.004,0.002,0,0,0.001,-0.001,0,0,0,0,-0.001,-0.001,0,0,0,0,0.026,-0.053,-0.16,-0.103,-2.927,-0.334,-0.09,0.006,0.003,-4.488,0.712,-0.478
0,1,0,0,0,0,0,0.001,-0.004,-0.008,0,0.003,-0.023,0.022,0.03,0.029,0.008,0.006,-0.007,0.047,-0.017,0,0.004,0.002,0,0,0,0,0,0,0,0,0,0,0,0.001,0,0,0.026,-0.053,-0.159,-0.103,-2.926,-0.334,-0.09,0.007,0.003,-4.489,0.713,-0.477
0,1,0,0,0,0.002,0,0.001,-0.004,-0.008,0,0.003,-0.023,0.022,0.03,0.028,0.008,0.006,-0.007,0.047,-0.017,0,0.004,0.002,0,0,0,0,0,0,0,0,0,0,0,-0.001,0,0,0.027,-0.053,-0.159,-0.103,-2.927,-0.334,-0.09,0.008,0.003,-4.479,0.712,-0.476
0,1,0,0,0,0.002,0,0.001,-0.004,-0.008,0,0.003,-0.023,0.022,0.03,0.028,0.008,0.006,-0.007,0.047,-0.017,0,0.004,0.002,0,0,0,0,0,0,0,0,0,0,0,-0.001,0,0,0.026,-0.053,-0.16,-0.103,-2.922,-0.335,-0.09,0.008,0.003,-4.481,0.713,-0.478
0,1,0,0,0,-0.002,0,0.001,-0.004,-0.008,0,0.003,-0.023,0.022,0.03,0.029,0.008,0.006,-0.007,0.047,-0.017,0,0.004,0.002,0,0,0,0.001,0,0,0,0,0,-0.001,0,0,0,0,0.027,-0.053,-0.159,-0.103,-2.921,-0.335,-0.09,0.008,0.002,-4.479,0.713,-0.477
0,1,0,0,0,0,0.001,0.003,-0.004,-0.008,0,0.003,-0.023,0.022,0.03,0.029,0.008,0.006,-0.007,0.047,-0.017,0,0.004,0.002,0,0,0,0,0,0,0,0,0,0,0,-0.001,0,0,0.026,-0.054,-0.159,-0.103,-2.928,-0.334,-0.09,0.006,0.004,-4.479,0.711,-0.475
0,1,0,0,0,0.001,0.002,-0.001,-0.004,-0.008,0,0.003,-0.023,0.022,0.03,0.029,0.008,0.006,-0.007,0.047,-0.017,0,0.004,0.002,0,0,0,0,0,0,0,0,0,0,0,0,0,0,0.026,-0.053,-0.158,-0.103,-2.927,-0.334,-0.09,0.007,0.004,-4.476,0.712,-0.476
0,1,0,0,0,0.001,0.002,-0.001,-0.004,-0.008,0,0.003,-0.023,0.022,0.03,0.029,0.008,0.006,-0.007,0.047,-0.017,0,0.004,0.002,0,0,0.001,0,0,0,0,0,0,0,0,0,0,0,0.026,-0.054,-0.159,-0.103,-2.924,-0.335,-0.09,0.01,0.004,-4.465,0.711,-0.476
0,1,0,0,0,0,0,-0.001,-0.004,-0.008,0,0.003,-0.023,0.022,0.03,0.029,0.008,0.006,-0.007,0.047,-0.017,0,0.004,0.002,0,0,0,0,0,0,0,0,0,0,0,0,0,0,0.027,-0.054,-0.16,-0.103,-2.918,-0.335,-0.09,0.009,0.004,-4.453,0.712,-0.476
0,1,0,0,0,0.001,-0.001,0,-0.004,-0.008,0,0.003,-0.023,0.022,0.03,0.029,0.008,0.006,-0.007,0.047,-0.017,0,0.004,0.002,0,0,0,0.001,0,0,0,0,0,0,0,0,0,0,0.026,-0.054,-0.16,-0.104,-2.919,-0.335,-0.09,0.009,0.004,-4.454,0.711,-0.476
0,1,0,0,0,0,0,0,-0.004,-0.008,0,0.003,-0.023,0.022,0.03,0.028,0.008,0.006,-0.008,0.047,-0.017,0,0.004,0.002,0,0,0,0,0,0,0,0,0,0,0,0,0,0,0.026,-0.053,-0.161,-0.103,-2.922,-0.334,-0.09,0.008,0.003,-4.464,0.712,-0.477
0,1,0,0,0,-0.001,-0.001,0.002,-0.004,-0.008,0,0.003,-0.023,0.022,0.03,0.029,0.008,0.006,-0.007,0.047,-0.017,0,0.004,0.002,0,0,0,0.001,0,0,0,0,0,0,0,0,0,0,0.027,-0.053,-0.16,-0.103,-2.924,-0.334,-0.09,0.008,0.004,-4.468,0.711,-0.476
0,1,0,0,0,0.001,-0.001,0.001,-0.004,-0.008,0,0.003,-0.023,0.022,0.03,0.029,0.008,0.006,-0.007,0.047,-0.017,0,0.004,0.002,0,0,0,0,0,0,0,0,0,0,0,-0.001,0,0,0.026,-0.053,-0.16,-0.103,-2.93,-0.333,-0.09,0.006,0.004,-4.481,0.711,-0.476
0,1,0,0,0,0,-0.001,-0.002,-0.004,-0.008,0,0.003,-0.023,0.022,0.03,0.029,0.008,0.006,-0.007,0.047,-0.017,0,0.004,0.002,0,0,0.001,0,0,0,0,0,0,0,0,0,0,0,0.026,-0.053,-0.16,-0.103,-2.928,-0.334,-0.09,0.007,0.004,-4.485,0.711,-0.476
0,1,0,0,0,0.001,-0.003,-0.001,-0.004,-0.008,0,0.003,-0.023,0.022,0.03,0.029,0.008,0.006,-0.008,0.047,-0.017,0,0.004,0.002,0,0,0,0.001,0,0,0,0,0,0.001,0,0,0,0,0.027,-0.053,-0.16,-0.103,-2.931,-0.334,-0.09,0.008,0.004,-4.482,0.71,-0.475
0,1,0,0,0,0,0,-0.001,-0.004,-0.008,0,0.003,-0.023,0.022,0.03,0.028,0.008,0.006,-0.008,0.047,-0.017,0,0.004,0.002,0,0,0,0,0,0,0,0,0,-0.001,0,0,0,0,0.026,-0.053,-0.161,-0.102,-2.934,-0.333,-0.09,0.006,0.003,-4.497,0.71,-0.476
0,1,0,0,0,0,0,-0.001,-0.004,-0.008,0,0.003,-0.023,0.022,0.03,0.028,0.008,0.006,-0.008,0.047,-0.017,0,0.004,0.002,0,0,0,0,0,0,0,0,0,-0.001,0,0,0,0,0.027,-0.053,-0.159,-0.102,-2.936,-0.333,-0.09,0.007,0.005,-4.496,0.709,-0.474
0,1,0,0,0,-0.001,0.001,-0.002,-0.004,-0.008,0,0.003,-0.023,0.022,0.03,0.029,0.008,0.006,-0.007,0.047,-0.017,0,0.004,0.002,0,0,0,0,0,0.001,0,0,-0.001,-0.001,0,-0.001,0,0,0.026,-0.053,-0.16,-0.102,-2.937,-0.332,-0.09,0.006,0.004,-4.498,0.709,-0.475
0,1,0,0,0,-0.001,0.001,0.001,-0.004,-0.008,0,0.003,-0.023,0.022,0.03,0.028,0.008,0.006,-0.007,0.047,-0.017,0,0.004,0.002,0,0,0,-0.001,0,0,0,0,0.001,0,0,0.001,0,0,0.027,-0.053,-0.159,-0.102,-2.936,-0.333,-0.09,0.007,0.005,-4.491,0.709,-0.473
0,1,0,0,0,-0.002,-0.001,-0.003,-0.004,-0.008,0,0.003,-0.024,0.022,0.03,0.028,0.008,0.006,-0.007,0.047,-0.017,0,0.004,0.002,0,0,0.001,0,0,0,0,0,0,0.001,0,0.001,0,0,0.027,-0.053,-0.159,-0.103,-2.939,-0.332,-0.09,0.006,0.005,-4.491,0.71,-0.475
0,1,0,0,0,-0.002,-0.001,-0.003,-0.004,-0.008,0,0.003,-0.024,0.022,0.03,0.028,0.008,0.006,-0.007,0.047,-0.017,0,0.004,0.002,0,0,0.001,0,0,0,0,0,0,0.001,0,0.001,0,0,0.026,-0.053,-0.16,-0.103,-2.941,-0.333,-0.09,0.006,0.005,-4.495,0.708,-0.473
0,1,0,0,0,-0.001,0.001,-0.002,-0.004,-0.008,0,0.003,-0.023,0.022,0.03,0.029,0.008,0.006,-0.007,0.047,-0.017,0,0.004,0.002,0,0,0,0.001,0,0,0,0,0,0,0,-0.001,0,0,0.026,-0.053,-0.16,-0.103,-2.943,-0.332,-0.09,0.006,0.005,-4.497,0.708,-0.473
0,1,0,0,0,0,0,-0.002,-0.004,-0.008,0,0.003,-0.023,0.022,0.03,0.029,0.008,0.006,-0.007,0.047,-0.017,0,0.004,0.002,0,0,0,0,0,0,0,0,0,-0.001,0,-0.001,0,0,0.027,-0.054,-0.16,-0.102,-2.938,-0.333,-0.09,0.008,0.005,-4.49,0.708,-0.473
0,1,0,0,0,0,0.001,-0.002,-0.004,-0.008,0,0.003,-0.023,0.022,0.03,0.029,0.008,0.006,-0.007,0.047,-0.017,0,0.004,0.002,0,0,0,0,0,0,0,0,0,0,0,0,0,0,0.026,-0.053,-0.16,-0.102,-2.936,-0.332,-0.09,0.007,0.005,-4.49,0.709,-0.474
0,1,0,0,0,0,0.002,-0.002,-0.004,-0.008,0,0.003,-0.023,0.022,0.03,0.029,0.008,0.006,-0.007,0.047,-0.017,0,0.004,0.002,0,0,0,0.001,0,0,0,0,0,0,0,-0.001,0,0,0.027,-0.053,-0.16,-0.102,-2.933,-0.333,-0.09,0.008,0.005,-4.484,0.709,-0.474
0,1,0,0,0,-0.002,-0.002,0,-0.004,-0.008,0,0.003,-0.023,0.022,0.03,0.029,0.008,0.006,-0.007,0.047,-0.017,0,0.004,0.002,0,0,0,-0.001,0,0,0,0,0,0,0,0,0,0,0.027,-0.054,-0.16,-0.102,-2.932,-0.333,-0.09,0.008,0.005,-4.479,0.708,-0.473
0,1,0,0,0,0,0.002,0.001,-0.004,-0.008,0,0.003,-0.023,0.022,0.03,0.029,0.008,0.006,-0.007,0.047,-0.017,0,0.004,0.002,0,0,0,0,0,0,0,0,-0.001,0,0,0,0,0,0.026,-0.053,-0.161,-0.103,-2.94,-0.331,-0.09,0.005,0.005,-4.5,0.709,-0.475
0,1,0,0,0,0,0,0.004,-0.004,-0.008,0,0.003,-0.023,0.022,0.03,0.029,0.008,0.006,-0.007,0.047,-0.017,0,0.004,0.002,0,0,0,0.001,0,0,0,0,0,0,0,0,0,0,0.027,-0.054,-0.158,-0.103,-2.934,-0.333,-0.09,0.007,0.005,-4.488,0.71,-0.475
0,1,0,0,0,0,-0.001,-0.002,-0.004,-0.008,0,0.003,-0.023,0.022,0.03,0.029,0.008,0.006,-0.008,0.047,-0.017,0,0.004,0.002,0,0,0,0,0,0,0,0,0,-0.001,0,-0.001,0,0,0.027,-0.053,-0.159,-0.103,-2.931,-0.333,-0.09,0.005,0.004,-4.49,0.712,-0.477
0,1,0,0,0,0.001,0,0.002,-0.004,-0.008,0,0.003,-0.023,0.022,0.03,0.029,0.008,0.006,-0.008,0.047,-0.017,0,0.004,0.002,0,0,0,0,0,0,0,0,0,0,0,0,0,0,0.026,-0.053,-0.16,-0.102,-2.934,-0.334,-0.09,0.008,0.004,-4.491,0.709,-0.474
0,1,0,0,0,-0.001,-0.001,-0.005,-0.004,-0.008,0,0.003,-0.023,0.022,0.03,0.029,0.008,0.006,-0.007,0.047,-0.017,0,0.004,0.002,0,0,-0.001,0,0,0,0,0,0.001,0.001,0,0,0,0,0.027,-0.053,-0.159,-0.103,-2.931,-0.332,-0.09,0.006,0.004,-4.489,0.711,-0.476
0,1,0,0,0,-0.002,0.001,-0.001,-0.004,-0.008,0,0.003,-0.023,0.022,0.03,0.029,0.008,0.006,-0.007,0.047,-0.017,0,0.004,0.002,0,0,0,0,0,0,0,0,0,-0.001,0,0,0,0,0.025,-0.054,-0.161,-0.102,-2.936,-0.334,-0.09,0.008,0.005,-4.49,0.708,-0.472
0,1,0,0,0,-0.002,0.001,-0.001,-0.004,-0.008,0,0.003,-0.023,0.022,0.03,0.029,0.008,0.006,-0.007,0.047,-0.017,0,0.004,0.002,0,0,0.001,-0.001,0,0,0,0,0.001,0,0,0,0,0,0.028,-0.053,-0.159,-0.103,-2.935,-0.332,-0.09,0.007,0.005,-4.482,0.709,-0.474
0,1,0,0,0,0.001,0.001,-0.002,-0.004,-0.008,0,0.003,-0.023,0.022,0.03,0.029,0.008,0.006,-0.007,0.047,-0.017,0,0.004,0.002,0,0,-0.001,0,0,0,0,0,-0.001,0,0,0,0,0,0.026,-0.054,-0.16,-0.103,-2.934,-0.333,-0.09,0.007,0.005,-4.479,0.709,-0.474
0,1,0,0,0,-0.001,0.001,0.001,-0.004,-0.008,0,0.003,-0.023,0.022,0.03,0.029,0.008,0.006,-0.008,0.047,-0.017,0,0.004,0.002,0,0,0,0,0,0,0,0,-0.001,0,0,0,0,0,0.027,-0.053,-0.16,-0.102,-2.929,-0.333,-0.09,0.009,0.005,-4.477,0.71,-0.475
0,1,0,0,0,0.002,0,0.003,-0.004,-0.008,0,0.003,-0.023,0.022,0.03,0.029,0.008,0.006,-0.007,0.047,-0.017,0,0.004,0.002,0,0,0,-0.001,0,0,0,0,0,0.001,0,0,0,0,0.027,-0.054,-0.159,-0.103,-2.929,-0.333,-0.09,0.006,0.005,-4.473,0.71,-0.475
0,1,0,0,0,-0.001,-0.002,0.003,-0.004,-0.008,0,0.003,-0.023,0.022,0.03,0.029,0.008,0.006,-0.007,0.047,-0.017,0,0.004,0.002,0,0,0,0,0,0,0,0,0,0,0,0,0,0,0.027,-0.053,-0.159,-0.104,-2.924,-0.334,-0.09,0.008,0.003,-4.476,0.713,-0.478
0,1,0,0,0,0.002,0.002,0.003,-0.004,-0.008,0,0.003,-0.023,0.022,0.03,0.029,0.008,0.006,-0.007,0.047,-0.017,0,0.004,0.002,0,0,-0.001,0.001,0,0,0,0,-0.001,0,0,0,0,0,0.026,-0.053,-0.159,-0.103,-2.929,-0.333,-0.09,0.005,0.003,-4.487,0.712,-0.476
0,1,0,0,0,-0.001,-0.002,-0.001,-0.004,-0.008,0,0.003,-0.023,0.022,0.03,0.029,0.008,0.006,-0.007,0.047,-0.017,0,0.004,0.002,0,0,0,0.001,0,0,0,0,0,0,0,0,0,0,0.027,-0.054,-0.158,-0.103,-2.922,-0.334,-0.09,0.008,0.004,-4.475,0.713,-0.477
0,1,0,0,0,-0.002,0.001,-0.001,-0.004,-0.008,0,0.003,-0.023,0.022,0.03,0.029,0.008,0.006,-0.008,0.047,-0.017,0,0.004,0.002,0,0,0,0,0,0,0,0,0,0,0,0,0,0,0.026,-0.053,-0.161,-0.103,-2.928,-0.334,-0.09,0.007,0.003,-4.48,0.71,-0.475
0,1,0,0,0,-0.002,0.001,-0.001,-0.004,-0.008,0,0.003,-0.023,0.022,0.03,0.029,0.008,0.006,-0.008,0.047,-0.017,0,0.004,0.002,0,0,0,0,0,0,0,0,0,0,0,0,0,0,0.027,-0.054,-0.159,-0.103,-2.93,-0.333,-0.09,0.008,0.005,-4.473,0.709,-0.474
0,1,0,0,0,0,0.002,0.001,-0.004,-0.008,0,0.003,-0.023,0.022,0.03,0.029,0.008,0.006,-0.007,0.046,-0.017,0,0.004,0.002,0,0,0,0,0,0,0,0,0,0,0,0,0,0,0.026,-0.054,-0.16,-0.104,-2.931,-0.333,-0.09,0.008,0.005,-4.471,0.709,-0.474
0,1,0,0,0,-0.001,0.001,-0.001,-0.004,-0.008,0,0.003,-0.023,0.022,0.03,0.029,0.008,0.006,-0.007,0.047,-0.017,0,0.004,0.002,0,0,0,0,0,0,0,0,0,0.001,0,0,0,0,0.028,-0.054,-0.159,-0.104,-2.924,-0.334,-0.09,0.009,0.004,-4.46,0.711,-0.476
0,1,0,0,0,-0.001,0,0,-0.004,-0.008,0,0.003,-0.024,0.022,0.03,0.029,0.008,0.006,-0.007,0.047,-0.017,0,0.004,0.002,0,0,0,0,0,0,0,0,0.001,0,0,0,0,0,0.027,-0.054,-0.16,-0.103,-2.925,-0.334,-0.09,0.008,0.004,-4.46,0.71,-0.474
0,1,0,0,0,0.001,0,0.004,-0.004,-0.008,0,0.003,-0.023,0.022,0.03,0.029,0.008,0.006,-0.007,0.047,-0.017,0,0.004,0.002,0,0,0,0,0,0,0,0,0,0.001,0,0,0,0,0.027,-0.053,-0.161,-0.103,-2.926,-0.333,-0.09,0.008,0.004,-4.467,0.71,-0.475
0,1,0,0,0,-0.001,0.001,0.001,-0.004,-0.008,0,0.003,-0.023,0.022,0.03,0.029,0.008,0.006,-0.008,0.047,-0.017,0,0.004,0.002,0,0,0,0.001,0,0,0,0,0,0,0,0,0,0,0.027,-0.053,-0.159,-0.103,-2.921,-0.334,-0.09,0.007,0.003,-4.471,0.712,-0.478
0,1,0,0,0,-0.001,0.001,0.001,-0.004,-0.008,0,0.003,-0.023,0.022,0.03,0.029,0.008,0.006,-0.008,0.047,-0.017,0,0.004,0.002,0,0,0,0.001,0,0,0,0,0,0,0,0,0,0,0.027,-0.054,-0.159,-0.103,-2.924,-0.334,-0.09,0.008,0.004,-4.466,0.71,-0.475
0,1,0,0,0,-0.001,0.001,-0.002,-0.004,-0.008,0,0.003,-0.023,0.022,0.03,0.028,0.008,0.006,-0.007,0.047,-0.017,0,0.004,0.002,0,0,0,0,0,0,0,0,0.001,0,0,0,0,0,0.027,-0.054,-0.16,-0.103,-2.925,-0.333,-0.09,0.007,0.004,-4.466,0.71,-0.475
0,1,0,0,0,-0.002,0.002,0,-0.004,-0.008,0,0.003,-0.023,0.022,0.03,0.029,0.008,0.006,-0.007,0.047,-0.017,0,0.004,0.002,0,0,0,0,0,0.001,0,0,0,0.001,0,-0.001,0,0,0.026,-0.054,-0.16,-0.103,-2.928,-0.334,-0.09,0.008,0.005,-4.468,0.709,-0.474
0,1,0,0,0,0.001,0,-0.003,-0.004,-0.008,0,0.003,-0.023,0.022,0.03,0.029,0.008,0.006,-0.007,0.047,-0.017,0,0.004,0.002,0,0,0,-0.001,0,0,0,0,0,0,0,0,0,0,0.028,-0.054,-0.159,-0.104,-2.926,-0.333,-0.09,0.008,0.005,-4.46,0.709,-0.474
0,1,0,0,0,0.002,0.002,0.003,-0.004,-0.008,0,0.003,-0.023,0.022,0.03,0.029,0.008,0.006,-0.007,0.047,-0.017,0,0.004,0.002,0,0,0,0,0,0,0,0,0,0,0,0,0,0,0.026,-0.053,-0.161,-0.103,-2.925,-0.334,-0.09,0.009,0.004,-4.466,0.709,-0.475
0,1,0,0,0,0.001,0.002,0.001,-0.004,-0.008,0,0.003,-0.023,0.022,0.03,0.028,0.008,0.006,-0.008,0.047,-0.017,0,0.004,0.002,0,0,0,0,0,0,0,0,-0.001,0.001,0,0.001,0,0,0.029,-0.053,-0.159,-0.103,-2.917,-0.334,-0.09,0.008,0.004,-4.457,0.712,-0.477
0,1,0,0,0,-0.001,0,-0.002,-0.004,-0.008,0,0.003,-0.023,0.022,0.03,0.028,0.008,0.006,-0.007,0.047,-0.017,0,0.004,0.002,0,0,0.001,0,0,-0.001,0,0,0,0,0,0.001,0,0,0.027,-0.054,-0.159,-0.103,-2.916,-0.335,-0.09,0.009,0.004,-4.448,0.712,-0.476
0,1,0,0,0,0.001,0,-0.003,-0.004,-0.008,0,0.003,-0.023,0.022,0.03,0.028,0.008,0.006,-0.007,0.047,-0.017,0,0.004,0.002,0,0,0,0,0,0.001,0,0,0.001,0,0,-0.001,0,0,0.026,-0.054,-0.161,-0.103,-2.922,-0.334,-0.09,0.009,0.004,-4.45,0.71,-0.474
0,1,0,0,0,0.002,0.001,0,-0.004,-0.008,0,0.003,-0.023,0.022,0.03,0.029,0.008,0.006,-0.007,0.047,-0.017,0,0.004,0.002,0,0,0,-0.001,0,0,0,0,0,0,0,0,0,0,0.027,-0.054,-0.161,-0.103,-2.921,-0.335,-0.09,0.009,0.004,-4.457,0.71,-0.475
0,1,0,0,0,0,0,0.003,-0.004,-0.008,0,0.003,-0.024,0.022,0.03,0.029,0.008,0.006,-0.007,0.047,-0.017,0,0.004,0.002,0,0,0,0,0,0,0,0,0,0,0,0,0,0,0.027,-0.053,-0.16,-0.103,-2.916,-0.335,-0.09,0.009,0.003,-4.453,0.712,-0.477
0,1,0,0,0,0.001,0.001,0,-0.004,-0.008,0,0.003,-0.023,0.022,0.03,0.029,0.008,0.006,-0.007,0.047,-0.017,0,0.004,0.002,0,0,0,-0.001,0,0,0,0,0,0.001,0,-0.001,0,0,0.027,-0.053,-0.16,-0.104,-2.917,-0.334,-0.09,0.007,0.004,-4.455,0.712,-0.477
0,1,0,0,0,-0.002,-0.001,0.001,-0.004,-0.008,0,0.003,-0.023,0.022,0.03,0.029,0.008,0.006,-0.007,0.047,-0.017,0,0.004,0.002,0,0,0,-0.001,0,0,0,0,0,0,0,-0.001,0,0,0.027,-0.054,-0.16,-0.104,-2.915,-0.336,-0.09,0.01,0.003,-4.451,0.712,-0.477
0,1,0,0,0,0,0,0.001,-0.004,-0.008,0,0.003,-0.023,0.022,0.03,0.029,0.008,0.006,-0.007,0.047,-0.017,0,0.004,0.002,0,0,0,0,0,0,0,0,-0.001,0,0,0,0,0,0.027,-0.054,-0.16,-0.104,-2.923,-0.334,-0.09,0.006,0.004,-4.46,0.711,-0.476
0,1,0,0,0,0,0,0.002,-0.004,-0.008,0,0.003,-0.023,0.022,0.03,0.029,0.008,0.006,-0.007,0.047,-0.017,0,0.004,0.002,0,0,0,-0.001,0,0,0,0,0,0,0,-0.001,0,0,0.026,-0.054,-0.159,-0.104,-2.924,-0.334,-0.09,0.008,0.004,-4.463,0.711,-0.476
0,1,0,0,0,0.001,0.001,0,-0.004,-0.008,0,0.003,-0.023,0.022,0.03,0.029,0.008,0.006,-0.007,0.047,-0.017,0,0.004,0.002,0,0,0,0,0,0,0,0,0,0,0,0,0,0,0.027,-0.053,-0.159,-0.104,-2.921,-0.334,-0.09,0.008,0.003,-4.464,0.712,-0.477
0,1,0,0,0,0.001,0.001,0,-0.004,-0.008,0,0.003,-0.023,0.022,0.03,0.029,0.008,0.006,-0.007,0.047,-0.017,0,0.004,0.002,0,0,0,0,0,-0.001,0,0,0,0,0,0,0,0,0.027,-0.054,-0.159,-0.103,-2.918,-0.335,-0.09,0.009,0.003,-4.455,0.712,-0.476
0,1,0,0,0,-0.002,0,-0.001,-0.004,-0.008,0,0.003,-0.023,0.022,0.03,0.029,0.008,0.006,-0.007,0.047,-0.017,0,0.004,0.002,0,0,-0.001,0,0,0,0,0,0,0,0,-0.001,0,0,0.027,-0.053,-0.16,-0.103,-2.915,-0.335,-0.09,0.009,0.003,-4.449,0.712,-0.477
0,1,0,0,0,-0.002,0,-0.001,-0.004,-0.008,0,0.003,-0.023,0.022,0.03,0.029,0.008,0.006,-0.007,0.046,-0.017,0,0.004,0.002,0,0,-0.001,-0.001,0,0.001,0,0,-0.001,0,0,0,0,0,0.027,-0.054,-0.16,-0.103,-2.921,-0.334,-0.09,0.008,0.004,-4.455,0.709,-0.474
0,1,0,0,0,-0.002,0.002,0.002,-0.004,-0.008,0,0.003,-0.024,0.022,0.03,0.029,0.008,0.006,-0.007,0.047,-0.017,-0.001,0.004,0.002,0,0,-0.001,0,0,0.001,0,0,0,0,0,0,0,0,0.027,-0.054,-0.16,-0.104,-2.926,-0.333,-0.09,0.008,0.005,-4.463,0.709,-0.474
0,1,0,0,0,-0.002,-0.001,0,-0.004,-0.008,0,0.003,-0.023,0.022,0.03,0.029,0.008,0.006,-0.008,0.047,-0.017,0,0.004,0.002,0,0,0.001,-0.001,0,0,0,0,0,0,0,0,0,0,0.027,-0.054,-0.159,-0.104,-2.927,-0.333,-0.09,0.007,0.005,-4.463,0.71,-0.475
0,1,0,0,0,-0.002,-0.001,0,-0.004,-0.008,0,0.003,-0.023,0.022,0.03,0.029,0.008,0.006,-0.008,0.047,-0.017,0,0.004,0.002,0,0,0.001,-0.001,0,0,0,0,0,0,0,0,0,0,0.026,-0.054,-0.16,-0.104,-2.93,-0.333,-0.09,0.007,0.005,-4.47,0.71,-0.475
0,1,0,0,0,-0.002,0.001,0.001,-0.004,-0.008,0,0.003,-0.023,0.022,0.03,0.029,0.008,0.006,-0.007,0.047,-0.018,-0.001,0.004,0.002,0,0,0,0,0,0,0,0,0,0,0,0,0,0,0.027,-0.054,-0.16,-0.104,-2.931,-0.333,-0.09,0.007,0.005,-4.473,0.71,-0.475
0,1,0,0,0,0.001,0.001,0,-0.004,-0.008,0,0.003,-0.023,0.022,0.03,0.029,0.008,0.006,-0.007,0.047,-0.017,-0.001,0.004,0.002,0,0,0.001,0,0,0,0,0,0,0,0,0,0,0,0.027,-0.054,-0.159,-0.103,-2.929,-0.333,-0.09,0.007,0.005,-4.471,0.71,-0.474
0,1,0,0,0,0.001,0.001,0,-0.004,-0.008,0,0.003,-0.023,0.022,0.03,0.029,0.008,0.006,-0.007,0.047,-0.017,-0.001,0.004,0.002,0,0,0,-0.001,0,0,0,0,0,0,0,0,0,0,0.027,-0.054,-0.16,-0.104,-2.921,-0.334,-0.09,0.008,0.004,-4.463,0.711,-0.476
0,1,0,0,0,-0.001,0,0,-0.004,-0.008,0,0.003,-0.023,0.022,0.03,0.029,0.008,0.006,-0.007,0.047,-0.017,-0.001,0.004,0.002,0,0,0,-0.001,0,0,0,0,0,0,0,0,0,0,0.028,-0.053,-0.16,-0.103,-2.918,-0.334,-0.09,0.009,0.004,-4.457,0.711,-0.476
0,1,0,0,0,0.001,0.001,-0.001,-0.004,-0.008,0,0.003,-0.023,0.022,0.03,0.029,0.008,0.006,-0.007,0.047,-0.017,0,0.004,0.002,0,0,0,0,0,0,0,0,0.001,0,0,0,0,0,0.027,-0.054,-0.16,-0.103,-2.921,-0.333,-0.09,0.007,0.004,-4.456,0.71,-0.474
0,1,0,0,0,0.001,0.001,-0.001,-0.004,-0.008,0,0.003,-0.023,0.022,0.03,0.029,0.008,0.006,-0.007,0.047,-0.017,0,0.004,0.002,0,0,0,0,0,0,0,0,0.001,0,0,0,0,0,0.027,-0.054,-0.16,-0.103,-2.918,-0.334,-0.09,0.01,0.004,-4.453,0.71,-0.475
0,1,0,0,0,0,0.001,-0.002,-0.004,-0.008,0,0.003,-0.023,0.022,0.029,0.029,0.008,0.006,-0.007,0.047,-0.018,0,0.004,0.002,0,0,0,-0.001,0,0,0,0,0,0,0,-0.001,0,0,0.028,-0.053,-0.16,-0.103,-2.915,-0.334,-0.09,0.009,0.004,-4.447,0.711,-0.476
0,1,0,0,0,-0.001,0.002,0,-0.004,-0.008,0,0.003,-0.023,0.022,0.029,0.029,0.008,0.006,-0.007,0.047,-0.018,-0.001,0.004,0.002,0,0,0,0,0,0,0,0,0,0,0,0,0,0,0.027,-0.054,-0.16,-0.103,-2.915,-0.334,-0.09,0.009,0.004,-4.443,0.71,-0.474
0,1,0,0,0,0.002,0,0.001,-0.004,-0.008,0,0.003,-0.023,0.022,0.029,0.029,0.008,0.006,-0.007,0.047,-0.018,-0.001,0.004,0.002,0,0,0,0,0,0,0,0,0,0,0,0,0,0,0.027,-0.054,-0.16,-0.104,-2.915,-0.334,-0.09,0.008,0.005,-4.438,0.71,-0.475
0,1,0,0,0,0.002,0.002,0,-0.004,-0.008,0,0.003,-0.023,0.022,0.029,0.029,0.008,0.006,-0.007,0.047,-0.018,-0.001,0.004,0.002,0,0,0,0,0,0,0,0,0,0.001,0,0,0,0,0.026,-0.054,-0.161,-0.104,-2.913,-0.335,-0.09,0.009,0.003,-4.446,0.712,-0.478
0,1,0,0,0,0,0.001,-0.001,-0.004,-0.008,0,0.003,-0.023,0.022,0.029,0.029,0.008,0.006,-0.007,0.047,-0.018,0,0.004,0.002,0,0,0,-0.001,0,0,0,0,0,0,0,0,0,0,0.028,-0.054,-0.159,-0.103,-2.907,-0.336,-0.09,0.01,0.003,-4.431,0.712,-0.476
0,1,0,0,0,0.001,0.002,-0.001,-0.004,-0.008,0,0.003,-0.023,0.022,0.029,0.029,0.008,0.006,-0.007,0.047,-0.018,-0.001,0.004,0.002,0,0,-0.001,0,0,0,0,0,0,0,0,0,0,0,0.027,-0.054,-0.161,-0.104,-2.908,-0.335,-0.09,0.01,0.004,-4.427,0.711,-0.475
0,1,0,0,0,0,0.001,0.001,-0.004,-0.008,0,0.003,-0.023,0.022,0.029,0.029,0.008,0.006,-0.007,0.047,-0.017,0,0.004,0.002,0,0,0.001,0,0,0,0,0,0,0,0,0,0,0,0.028,-0.054,-0.16,-0.104,-2.906,-0.335,-0.09,0.011,0.004,-4.422,0.711,-0.475
0,1,0,0,0,0.001,-0.001,-0.001,-0.004,-0.008,0,0.003,-0.023,0.022,0.029,0.029,0.008,0.006,-0.007,0.047,-0.018,-0.001,0.004,0.002,0,0,0,0,0,0.001,0,0,-0.001,-0.001,0,0,0,0,0.027,-0.054,-0.161,-0.104,-2.907,-0.335,-0.089,0.009,0.004,-4.426,0.712,-0.477
0,1,0,0,0,0.001,-0.001,-0.001,-0.004,-0.008,0,0.003,-0.023,0.022,0.029,0.029,0.008,0.006,-0.007,0.047,-0.018,-0.001,0.004,0.002,0,0,0,0,0,0.001,0,0,-0.001,-0.001,0,0,0,0,0.026,-0.054,-0.161,-0.104,-2.908,-0.336,-0.09,0.009,0.003,-4.437,0.711,-0.476
0,1,0,0,0,0,0,-0.001,-0.004,-0.007,0,0.003,-0.023,0.022,0.029,0.029,0.008,0.006,-0.007,0.047,-0.018,-0.001,0.004,0.002,0,0,0,0,0,0,0,0,0,0,0,0,0,0,0.027,-0.054,-0.161,-0.104,-2.91,-0.335,-0.09,0.009,0.004,-4.444,0.711,-0.476
0,1,0,0,0,0.001,0.002,0.005,-0.004,-0.007,0,0.003,-0.023,0.022,0.029,0.029,0.008,0.006,-0.007,0.047,-0.018,-0.001,0.004,0.002,0,0,0,0,0,0,0,0,0.001,0,0,0,0,0,0.027,-0.054,-0.16,-0.104,-2.913,-0.335,-0.09,0.009,0.004,-4.44,0.711,-0.475
0,1,0,0,0,0.001,0.002,0.005,-0.004,-0.007,0,0.003,-0.023,0.022,0.029,0.029,0.008,0.006,-0.007,0.047,-0.018,-0.001,0.004,0.002,0,0,0,0,0,0,0,0,0,0.001,0,0.001,0,0,0.028,-0.054,-0.159,-0.105,-2.906,-0.335,-0.089,0.008,0.003,-4.432,0.714,-0.479
0,1,0,0,0,0.001,0,0,-0.004,-0.007,0,0.003,-0.023,0.022,0.029,0.029,0.008,0.006,-0.008,0.047,-0.018,-0.001,0.004,0.002,0,0,0,0,0,0.001,0,0,0,0,0,0,0,0,0.027,-0.054,-0.159,-0.105,-2.902,-0.337,-0.089,0.009,0.003,-4.423,0.714,-0.478
0,1,0,0,0,-0.001,0.003,-0.002,-0.004,-0.007,0,0.003,-0.023,0.022,0.029,0.029,0.008,0.006,-0.007,0.047,-0.018,-0.001,0.004,0.002,0,0,-0.001,0,0,0,0,0,0,0,0,0,0,0,0.027,-0.054,-0.161,-0.104,-2.903,-0.337,-0.09,0.01,0.002,-4.427,0.712,-0.477
0,1,0,0,0,0.002,0.001,-0.003,-0.004,-0.007,0,0.003,-0.023,0.022,0.029,0.029,0.008,0.006,-0.008,0.047,-0.018,-0.001,0.004,0.002,0,0,0,0,0,0.001,0,0,0,0,0,0,0,0,0.028,-0.054,-0.159,-0.103,-2.904,-0.336,-0.09,0.011,0.005,-4.411,0.71,-0.474
0,1,0,0,0,0.003,0.002,-0.001,-0.004,-0.007,0,0.003,-0.023,0.022,0.029,0.029,0.008,0.006,-0.007,0.047,-0.018,-0.001,0.004,0.002,0,0,0,-0.001,0,0,0,0,0,-0.001,0,0,0,0,0.027,-0.054,-0.162,-0.104,-2.898,-0.337,-0.089,0.012,0.003,-4.406,0.711,-0.477
0,1,0,0,0,-0.003,-0.001,0,-0.004,-0.007,0,0.003,-0.023,0.022,0.029,0.029,0.008,0.006,-0.007,0.047,-0.018,-0.001,0.004,0.002,0,0,0,0,0,0,0,0,0.001,0,0,0,0,0,0.028,-0.054,-0.16,-0.104,-2.892,-0.337,-0.089,0.012,0.003,-4.399,0.713,-0.478
0,1,0,0,0,0.001,0.002,-0.002,-0.004,-0.007,0,0.003,-0.023,0.022,0.029,0.029,0.008,0.006,-0.007,0.047,-0.018,-0.001,0.004,0.002,0,0,0,0,0,0,0,0,0,0.001,0,0,0,0,0.027,-0.054,-0.161,-0.105,-2.904,-0.335,-0.089,0.008,0.004,-4.413,0.71,-0.475
0,1,0,0,0,0.002,0.002,-0.001,-0.004,-0.007,0,0.003,-0.023,0.022,0.029,0.029,0.008,0.006,-0.007,0.047,-0.018,-0.001,0.004,0.002,0,0,0,0,0,0,0,0,-0.001,0,0,0.001,0,0,0.027,-0.054,-0.161,-0.104,-2.901,-0.336,-0.09,0.012,0.004,-4.41,0.711,-0.476
0,1,0,0,0,-0.001,-0.002,-0.001,-0.004,-0.007,0,0.003,-0.023,0.022,0.029,0.029,0.008,0.006,-0.007,0.047,-0.018,-0.001,0.004,0.002,0,0,0,0,0,0,0,0,0,0.001,0,0,0,0,0.028,-0.054,-0.161,-0.105,-2.895,-0.336,-0.089,0.011,0.003,-4.4,0.712,-0.477
0,1,0,0,0,-0.003,0.001,0,-0.004,-0.007,0,0.003,-0.023,0.022,0.029,0.029,0.008,0.006,-0.007,0.047,-0.018,-0.001,0.004,0.002,0,0,-0.001,0.001,0,0.001,0,0,0,0,0,-0.001,0,0,0.027,-0.054,-0.162,-0.105,-2.904,-0.336,-0.09,0.009,0.003,-4.417,0.711,-0.476
0,1,0,0,0,0.001,0.001,0,-0.004,-0.007,0,0.003,-0.023,0.022,0.029,0.029,0.008,0.006,-0.007,0.047,-0.018,0,0.004,0.002,0,0,0,0,0,-0.001,0,0,-0.001,-0.001,0,0.001,0,0,0.028,-0.054,-0.16,-0.105,-2.91,-0.335,-0.09,0.009,0.005,-4.421,0.709,-0.474
0,1,0,0,0,0.003,-0.001,0.002,-0.004,-0.007,0,0.003,-0.023,0.022,0.029,0.029,0.008,0.006,-0.007,0.047,-0.018,-0.001,0.004,0.002,0,0,0,0,0,0.001,0,0,0,0,0,0,0,0,0.026,-0.054,-0.161,-0.105,-2.906,-0.336,-0.09,0.01,0.004,-4.424,0.712,-0.477
0,1,0,0,0,0.001,0,0.002,-0.004,-0.007,0,0.003,-0.023,0.022,0.029,0.029,0.008,0.006,-0.007,0.047,-0.018,-0.001,0.004,0.002,0,0,0,0,0,0,0,0,0,-0.001,0,0,0,0,0.028,-0.053,-0.16,-0.105,-2.9,-0.336,-0.09,0.009,0.002,-4.427,0.714,-0.479
0,1,0,0,0,0.001,0,0.002,-0.004,-0.007,0,0.003,-0.023,0.022,0.029,0.029,0.008,0.006,-0.007,0.047,-0.018,-0.001,0.004,0.002,0,0,0,0,0,0,0,0,0,-0.001,0,0,0,0,0.027,-0.054,-0.16,-0.104,-2.901,-0.336,-0.09,0.009,0.003,-4.426,0.713,-0.477
0,1,0,0,0,-0.001,-0.003,0,-0.004,-0.007,0,0.003,-0.023,0.022,0.029,0.029,0.008,0.006,-0.007,0.047,-0.018,0,0.004,0.002,0,0,0,0,0,0,0,0,0.001,0,0,0,0,0,0.027,-0.054,-0.16,-0.104,-2.902,-0.336,-0.09,0.009,0.003,-4.427,0.713,-0.478
0,1,0,0,0,-0.001,0,0.002,-0.004,-0.007,0,0.003,-0.023,0.022,0.029,0.029,0.008,0.006,-0.008,0.047,-0.018,-0.001,0.004,0.002,0,0,0,-0.001,0,0,0,0,0,0,0,0,0,0,0.026,-0.054,-0.162,-0.104,-2.913,-0.335,-0.09,0.008,0.003,-4.445,0.71,-0.476
0,1,0,0,0,0.001,-0.001,0.003,-0.004,-0.007,0,0.003,-0.023,0.022,0.029,0.029,0.008,0.006,-0.008,0.047,-0.018,-0.001,0.004,0.002,0,0,0,0.001,0,0,0,0,0.001,0,0,0,0,0,0.027,-0.054,-0.16,-0.104,-2.915,-0.334,-0.09,0.007,0.004,-4.448,0.711,-0.476
0,1,0,0,0,-0.001,-0.001,-0.002,-0.004,-0.007,0,0.003,-0.023,0.022,0.029,0.029,0.008,0.006,-0.007,0.047,-0.018,-0.001,0.004,0.002,0,0,0,0.001,0,0,0,0,0,0,0,0,0,0,0.026,-0.053,-0.161,-0.104,-2.914,-0.335,-0.09,0.007,0.003,-4.458,0.712,-0.478
0,1,0,0,0,-0.002,0,0.001,-0.004,-0.007,0,0.003,-0.023,0.022,0.029,0.029,0.008,0.006,-0.007,0.047,-0.018,-0.001,0.004,0.002,0,0,0,0,0,0,0,0,-0.001,0,0,0,0,0,0.027,-0.054,-0.16,-0.103,-2.916,-0.335,-0.09,0.009,0.004,-4.452,0.71,-0.474
0,1,0,0,0,0.001,0.001,0,-0.004,-0.007,0,0.003,-0.023,0.022,0.029,0.029,0.008,0.006,-0.008,0.047,-0.018,0,0.004,0.002,0,0,0,0,0,0,0,0,-0.001,0,0,0,0,0,0.027,-0.054,-0.16,-0.105,-2.917,-0.334,-0.09,0.007,0.005,-4.45,0.71,-0.475
0,1,0,0,0,-0.001,-0.002,-0.001,-0.004,-0.007,0,0.003,-0.023,0.022,0.029,0.029,0.008,0.006,-0.008,0.047,-0.018,-0.001,0.004,0.002,0,0,0,0,0,0,0,0,0,0,0,-0.001,0,0,0.026,-0.054,-0.16,-0.104,-2.913,-0.335,-0.09,0.01,0.004,-4.441,0.711,-0.476
0,1,0,0,0,0,0.001,0,-0.004,-0.007,0,0.003,-0.023,0.022,0.029,0.029,0.008,0.006,-0.007,0.047,-0.018,-0.001,0.004,0.002,0,0,0,0,0,0,0,0,0,0.001,0,0,0,0,0.027,-0.054,-0.162,-0.104,-2.915,-0.334,-0.09,0.008,0.003,-4.448,0.711,-0.476
0,1,0,0,0,-0.001,-0.001,-0.004,-0.004,-0.007,0,0.003,-0.023,0.022,0.029,0.029,0.008,0.006,-0.007,0.047,-0.018,0,0.004,0.002,0,0,-0.001,0,0,-0.001,0,0,0,0.001,0,0.001,0,0,0.027,-0.054,-0.16,-0.104,-2.911,-0.335,-0.09,0.009,0.004,-4.438,0.711,-0.476
0,1,0,0,0,0,0.002,-0.001,-0.004,-0.007,0,0.003,-0.023,0.022,0.03,0.029,0.008,0.006,-0.008,0.047,-0.017,0,0.004,0.002,0,0,0,0,0,0,0,0,0,0,0,-0.001,0,0,0.026,-0.054,-0.162,-0.103,-2.916,-0.334,-0.09,0.009,0.004,-4.441,0.708,-0.473
0,1,0,0,0,0,-0.001,0,-0.004,-0.007,0,0.003,-0.023,0.022,0.029,0.029,0.008,0.006,-0.007,0.047,-0.018,0,0.004,0.002,0,0,0,-0.001,0,0.001,0,0,0,0,0,-0.001,0,0,0.028,-0.054,-0.161,-0.103,-2.91,-0.334,-0.09,0.009,0.005,-4.435,0.71,-0.475
0,1,0,0,0,0,-0.001,0,-0.004,-0.007,0,0.003,-0.023,0.022,0.029,0.029,0.008,0.006,-0.007,0.047,-0.018,0,0.004,0.002,0,0,0,-0.001,0,0.001,0,0,0,0,0,-0.001,0,0,0.027,-0.054,-0.161,-0.105,-2.909,-0.335,-0.09,0.008,0.004,-4.438,0.711,-0.477
0,1,0,0,0,0,-0.001,0.001,-0.004,-0.007,0,0.003,-0.023,0.022,0.029,0.029,0.008,0.006,-0.008,0.047,-0.018,-0.001,0.004,0.002,0,0,0,0,0,0.001,0,0,0,0,0,0,0,0,0.027,-0.054,-0.161,-0.105,-2.909,-0.335,-0.09,0.009,0.003,-4.438,0.712,-0.477
0,1,0,0,0,0,0.001,0,-0.004,-0.007,0,0.003,-0.023,0.022,0.029,0.029,0.008,0.006,-0.008,0.047,-0.018,0,0.004,0.002,0,0,0,0,0,0,0,0,-0.001,0,0,0.001,0,0,0.027,-0.054,-0.161,-0.105,-2.911,-0.335,-0.09,0.008,0.003,-4.444,0.712,-0.477
0,1,0,0,0,0,0,0,-0.004,-0.007,0,0.003,-0.023,0.022,0.029,0.029,0.008,0.006,-0.007,0.047,-0.018,0,0.004,0.002,0,0,0,0,0,0,0,0,0,0.001,0,0.001,0,0,0.027,-0.054,-0.16,-0.104,-2.91,-0.335,-0.09,0.009,0.004,-4.435,0.711,-0.475
0,1,0,0,0,0,0,-0.001,-0.004,-0.007,0,0.003,-0.023,0.022,0.029,0.029,0.008,0.006,-0.007,0.047,-0.018,0,0.004,0.002,0,0,0,0,0,0,0,0,0,0,0,0,0,0,0.027,-0.054,-0.161,-0.104,-2.91,-0.335,-0.09,0.008,0.004,-4.435,0.711,-0.476
0,1,0,0,0,0.001,-0.002,-0.001,-0.004,-0.007,0,0.003,-0.023,0.022,0.029,0.029,0.008,0.006,-0.007,0.047,-0.018,-0.001,0.004,0.002,0,0,-0.001,0,0,0,0,0,0.001,0,0,0,0,0,0.027,-0.054,-0.161,-0.104,-2.908,-0.335,-0.09,0.01,0.004,-4.431,0.711,-0.476
0,1,0,0,0,-0.001,0.001,-0.003,-0.004,-0.007,0,0.003,-0.023,0.022,0.029,0.029,0.008,0.006,-0.007,0.047,-0.018,-0.001,0.004,0.002,0,0,0.001,0,0,0,0,0,0.001,-0.001,0,0,0,0,0.027,-0.053,-0.162,-0.103,-2.909,-0.335,-0.09,0.009,0.003,-4.442,0.711,-0.476
0,1,0,0,0,0,-0.001,0.001,-0.004,-0.007,0,0.003,-0.023,0.022,0.029,0.029,0.008,0.006,-0.007,0.047,-0.018,-0.001,0.004,0.002,0,0,0.001,0.001,0,0,0,0,0,0,0,0,0,0,0.027,-0.054,-0.161,-0.104,-2.91,-0.335,-0.09,0.01,0.005,-4.43,0.709,-0.474
0,1,0,0,0,0,0,-0.002,-0.004,-0.007,0,0.003,-0.023,0.022,0.029,0.029,0.008,0.006,-0.007,0.047,-0.018,-0.001,0.004,0.002,0,0,0,0,0,0,0,0,0,0,0,0,0,0,0.027,-0.054,-0.161,-0.105,-2.908,-0.334,-0.09,0.007,0.004,-4.433,0.711,-0.477
0,1,0,0,0,0,0,-0.002,-0.004,-0.007,0,0.003,-0.023,0.022,0.029,0.029,0.008,0.006,-0.007,0.047,-0.018,-0.001,0.004,0.002,0,0,0,0,0,0,0,0,0,0,0,0,0,0,0.026,-0.054,-0.161,-0.104,-2.911,-0.336,-0.09,0.01,0.004,-4.434,0.71,-0.475
0,1,0,0,0,0,-0.001,0.003,-0.004,-0.007,0,0.003,-0.023,0.022,0.029,0.029,0.008,0.006,-0.007,0.047,-0.018,-0.001,0.004,0.002,0,0,0,0,0,0,0,0,0,0,0,0,0,0,0.027,-0.054,-0.162,-0.104,-2.91,-0.335,-0.09,0.009,0.004,-4.434,0.71,-0.475
0,1,0,0,0,-0.002,-0.002,-0.001,-0.004,-0.007,0,0.003,-0.023,0.022,0.029,0.029,0.008,0.006,-0.007,0.047,-0.018,-0.001,0.004,0.002,0,0,0,0,0,0,0,0,0,0,0,0,0,0,0.027,-0.053,-0.161,-0.104,-2.909,-0.335,-0.09,0.008,0.003,-4.44,0.712,-0.478
0,1,0,0,0,-0.002,-0.002,-0.001,-0.004,-0.007,0,0.003,-0.023,0.022,0.029,0.029,0.008,0.006,-0.007,0.047,-0.018,-0.001,0.004,0.002,0,0,0,0,0,0,0,0,0,0,0,0,0,0,0.027,-0.054,-0.161,-0.104,-2.915,-0.335,-0.09,0.008,0.004,-4.445,0.71,-0.474
0,1,0,0,0,0,0,-0.001,-0.004,-0.007,0,0.003,-0.023,0.022,0.029,0.029,0.008,0.006,-0.008,0.047,-0.018,-0.001,0.004,0.002,0,0,-0.001,0,0,0,0,0,0,0,0,0,0,0,0.027,-0.054,-0.161,-0.105,-2.92,-0.334,-0.09,0.007,0.005,-4.452,0.709,-0.475
0,1,0,0,0,0.001,-0.001,0,-0.004,-0.007,0,0.003,-0.023,0.022,0.029,0.029,0.008,0.006,-0.007,0.047,-0.018,-0.001,0.004,0.002,0,0,0,0.001,0,0,0,0,0,-0.001,0,0,0,0,0.027,-0.054,-0.16,-0.104,-2.918,-0.334,-0.09,0.009,0.005,-4.45,0.71,-0.475
0,1,0,0,0,0.001,0,-0.001,-0.004,-0.007,0,0.003,-0.023,0.022,0.029,0.029,0.008,0.006,-0.008,0.047,-0.018,-0.001,0.004,0.002,0,0,0,-0.001,0,0,0,0,-0.001,0,0,-0.001,0,0,0.027,-0.053,-0.161,-0.103,-2.914,-0.334,-0.09,0.008,0.004,-4.452,0.71,-0.476
0,1,0,0,0,0.001,-0.002,-0.001,-0.004,-0.007,0,0.003,-0.023,0.022,0.029,0.029,0.008,0.006,-0.007,0.047,-0.018,-0.001,0.004,0.002,0,0,0,0.001,0,0,0,0,0,0,0,0,0,0,0.027,-0.054,-0.16,-0.104,-2.91,-0.335,-0.09,0.009,0.004,-4.442,0.711,-0.476
0,1,0,0,0,0.001,-0.002,-0.001,-0.004,-0.007,0,0.003,-0.023,0.022,0.029,0.029,0.008,0.006,-0.007,0.047,-0.018,-0.001,0.004,0.002,0,0,0,0.001,0,0,0,0,0,0,0,0,0,0,0.026,-0.053,-0.162,-0.104,-2.91,-0.335,-0.09,0.008,0.003,-4.447,0.711,-0.476
0,1,0,0,0,0.003,0.001,0,-0.004,-0.007,0,0.003,-0.023,0.022,0.029,0.029,0.008,0.006,-0.007,0.047,-0.018,0,0.004,0.002,0,0,0,0,0,-0.001,0,0,0,0.001,0,0.001,0,0,0.027,-0.053,-0.161,-0.103,-2.91,-0.335,-0.09,0.008,0.003,-4.449,0.711,-0.476
0,1,0,0,0,0,0.001,0,-0.004,-0.007,0,0.003,-0.023,0.022,0.029,0.029,0.008,0.006,-0.007,0.047,-0.018,-0.001,0.004,0.002,0,0,0,0,0,0,0,0,0,0,0,0,0,0,0.027,-0.053,-0.16,-0.103,-2.903,-0.336,-0.09,0.01,0.003,-4.435,0.713,-0.477
0,1,0,0,0,0.002,-0.001,-0.001,-0.004,-0.007,0,0.003,-0.023,0.022,0.029,0.029,0.008,0.006,-0.007,0.047,-0.018,-0.001,0.004,0.002,0,0,0,-0.001,0,0,0,0,-0.001,0,0,0,0,0,0.027,-0.054,-0.16,-0.104,-2.902,-0.336,-0.09,0.009,0.003,-4.423,0.712,-0.476
0,1,0,0,0,0.003,0.003,0,-0.004,-0.007,0,0.003,-0.023,0.022,0.029,0.029,0.008,0.006,-0.007,0.047,-0.018,-0.001,0.004,0.002,0,0,0,0.001,0,0,0,0,0.001,0,0,0,0,0,0.026,-0.053,-0.162,-0.104,-2.901,-0.336,-0.09,0.01,0.003,-4.428,0.712,-0.478
0,1,0,0,0,-0.002,0,0.001,-0.004,-0.007,0,0.003,-0.023,0.022,0.029,0.029,0.008,0.006,-0.007,0.047,-0.018,-0.001,0.004,0.002,0,0,0,0,0,0,0,0,0,0,0,0,0,0,0.028,-0.054,-0.16,-0.104,-2.894,-0.337,-0.089,0.012,0.003,-4.408,0.713,-0.478
0,1,0,0,0,-0.002,0,0.001,-0.004,-0.007,0,0.003,-0.023,0.022,0.029,0.029,0.008,0.006,-0.007,0.047,-0.018,-0.001,0.004,0.002,0,0,0,0,0,0,0,0,0,0,0,0,0,0,0.027,-0.054,-0.161,-0.105,-2.898,-0.336,-0.089,0.009,0.003,-4.41,0.711,-0.476
0,1,0,0,0,0,0.002,-0.002,-0.004,-0.007,0,0.003,-0.023,0.022,0.029,0.029,0.008,0.006,-0.007,0.047,-0.018,-0.001,0.004,0.002,0,0,0,0,0,0,0,0,0,-0.001,0,0,0,0,0.026,-0.054,-0.161,-0.105,-2.903,-0.336,-0.09,0.009,0.004,-4.417,0.711,-0.476
0,1,0,0,0,0.002,-0.001,-0.001,-0.004,-0.007,0,0.003,-0.023,0.022,0.029,0.029,0.008,0.006,-0.007,0.047,-0.018,-0.001,0.004,0.002,0,0,0,0.001,0,0,0,0,0,-0.001,0,0,0,0,0.027,-0.054,-0.16,-0.105,-2.9,-0.337,-0.09,0.012,0.004,-4.407,0.711,-0.476
0,1,0,0,0,-0.001,0.002,0.001,-0.004,-0.007,0,0.003,-0.023,0.022,0.029,0.029,0.008,0.006,-0.008,0.047,-0.018,-0.001,0.004,0.002,0,0,-0.001,-0.001,0,-0.001,0,0,0,0,0,0,0,0,0.027,-0.053,-0.162,-0.104,-2.898,-0.336,-0.089,0.01,0.002,-4.415,0.712,-0.478
0,1,0,0,0,0.001,-0.002,0.003,-0.004,-0.007,0,0.003,-0.023,0.022,0.029,0.029,0.008,0.006,-0.008,0.047,-0.018,-0.001,0.004,0.002,0,0,0,0,0,0.001,0,0,0,0,0,0,0,0,0.028,-0.054,-0.159,-0.104,-2.901,-0.335,-0.089,0.009,0.004,-4.413,0.711,-0.475
0,1,0,0,0,0,0.001,0.002,-0.004,-0.007,0,0.003,-0.023,0.022,0.029,0.029,0.008,0.006,-0.008,0.047,-0.018,-0.001,0.004,0.002,0,0,0,0,0,0,0,0,0,0,0,0,0,0,0.026,-0.053,-0.162,-0.104,-2.903,-0.336,-0.09,0.007,0.002,-4.437,0.712,-0.478
0,1,0,0,0,0,0.002,0,-0.004,-0.007,0,0.003,-0.023,0.022,0.029,0.029,0.008,0.006,-0.007,0.047,-0.018,0,0.004,0.002,0,0,0,0,0,0,0,0,0,-0.001,0,0.001,0,0,0.028,-0.054,-0.159,-0.104,-2.904,-0.336,-0.09,0.009,0.004,-4.43,0.712,-0.476
0,1,0,0,0,0,-0.001,-0.002,-0.004,-0.007,0,0.003,-0.023,0.022,0.029,0.029,0.008,0.006,-0.008,0.047,-0.018,-0.001,0.004,0.002,0,0,0,0,0,0,0,0,0,0.001,0,0,0,0,0.027,-0.054,-0.16,-0.104,-2.903,-0.336,-0.09,0.01,0.004,-4.418,0.712,-0.476
0,1,0,0,0,0,0.002,0.003,-0.004,-0.007,0,0.003,-0.023,0.022,0.029,0.029,0.008,0.006,-0.007,0.047,-0.018,-0.001,0.004,0.002,0,0,-0.001,0,0,0,0,0,0,0,0,0,0,0,0.027,-0.054,-0.162,-0.105,-2.905,-0.336,-0.09,0.009,0.003,-4.424,0.711,-0.476
0,1,0,0,0,0,0.002,0.003,-0.004,-0.007,0,0.003,-0.023,0.022,0.029,0.029,0.008,0.006,-0.007,0.047,-0.018,-0.001,0.004,0.002,0,0,-0.001,0,0,0,0,0,0,0,0,0,0,0,0.028,-0.054,-0.159,-0.104,-2.904,-0.335,-0.089,0.009,0.004,-4.422,0.712,-0.477
0,1,0,0,0,-0.001,-0.003,-0.003,-0.004,-0.007,0,0.003,-0.023,0.022,0.029,0.029,0.008,0.006,-0.008,0.047,-0.017,0,0.004,0.002,0,0,0,0,0,-0.002,0,0,0,0,0,0.001,0,0,0.027,-0.054,-0.16,-0.104,-2.903,-0.336,-0.089,0.009,0.004,-4.421,0.712,-0.476
0,1,0,0,0,0.001,0,0.001,-0.004,-0.007,0,0.003,-0.023,0.022,0.03,0.029,0.008,0.006,-0.007,0.047,-0.017,0,0.004,0.002,0,0,0,0,0,-0.001,0,0,0,-0.001,0,0.001,0,0,0.025,-0.054,-0.162,-0.104,-2.913,-0.335,-0.09,0.008,0.004,-4.437,0.709,-0.474
0,1,0,0,0,0,-0.001,0.004,-0.004,-0.007,0,0.003,-0.023,0.022,0.029,0.029,0.008,0.006,-0.008,0.047,-0.018,0,0.004,0.002,0,0,0.001,0,0,0,0,0,0,0.001,0,-0.001,0,0,0.027,-0.053,-0.16,-0.103,-2.911,-0.334,-0.09,0.008,0.004,-4.442,0.712,-0.477
0,1,0,0,0,0.001,0.001,-0.002,-0.004,-0.007,0,0.003,-0.023,0.022,0.029,0.029,0.008,0.006,-0.007,0.047,-0.018,0,0.004,0.002,0,0,0.001,0,0,0.001,0,0,0,-0.001,0,-0.001,0,0,0.027,-0.054,-0.16,-0.105,-2.908,-0.335,-0.09,0.006,0.003,-4.444,0.713,-0.478
0,1,0,0,0,0.001,0.001,-0.002,-0.004,-0.007,0,0.003,-0.023,0.022,0.029,0.029,0.008,0.006,-0.007,0.047,-0.018,0,0.004,0.002,0,0,0.001,0,0,0.001,0,0,0,-0.001,0,-0.001,0,0,0.027,-0.054,-0.16,-0.104,-2.906,-0.337,-0.09,0.012,0.004,-4.43,0.711,-0.475
0,1,0,0,0,0.003,-0.001,0,-0.004,-0.007,0,0.003,-0.023,0.022,0.029,0.029,0.008,0.006,-0.007,0.047,-0.018,-0.001,0.004,0.002,0,0,0,0,0,0,0,0,0,0,0,0,0,0,0.028,-0.054,-0.161,-0.105,-2.901,-0.336,-0.09,0.011,0.003,-4.419,0.712,-0.476
0,1,0,0,0,0.001,0.001,0.003,-0.004,-0.007,0,0.003,-0.023,0.022,0.029,0.029,0.008,0.006,-0.008,0.047,-0.017,0,0.004,0.002,0,0,0.001,0,0,-0.001,0,0,-0.001,0,0,0.001,0,0,0.027,-0.053,-0.161,-0.104,-2.897,-0.337,-0.09,0.01,0.002,-4.422,0.713,-0.479
0,1,0,0,0,0,0.001,-0.003,-0.004,-0.007,0,0.003,-0.023,0.022,0.029,0.029,0.008,0.006,-0.007,0.047,-0.018,0,0.004,0.002,0,0,0,-0.001,0,0.001,0,0,0,0,0,-0.001,0,0,0.028,-0.054,-0.159,-0.105,-2.897,-0.336,-0.089,0.009,0.003,-4.41,0.714,-0.478
0,1,0,0,0,0,-0.001,-0.001,-0.004,-0.007,0,0.003,-0.023,0.022,0.029,0.029,0.008,0.006,-0.008,0.046,-0.018,-0.001,0.004,0.002,0,0,0,0,0,0.001,0,0,-0.001,0,0,0,0,0,0.026,-0.054,-0.161,-0.104,-2.898,-0.338,-0.09,0.012,0.003,-4.408,0.711,-0.476
0,1,0,0,0,-0.001,0,-0.002,-0.004,-0.007,0,0.003,-0.023,0.022,0.029,0.029,0.008,0.006,-0.007,0.047,-0.018,-0.001,0.004,0.002,0,0,-0.001,0,0,0,0,0,0,-0.001,0,0,0,0,0.027,-0.054,-0.162,-0.105,-2.9,-0.336,-0.09,0.009,0.003,-4.415,0.712,-0.478
0,1,0,0,0,0,0.002,0,-0.004,-0.007,0,0.003,-0.023,0.022,0.029,0.029,0.008,0.006,-0.007,0.046,-0.018,-0.001,0.004,0.002,0,0,0,0,0,0,0,0,0,0,0,0,0,0,0.027,-0.054,-0.161,-0.104,-2.906,-0.336,-0.09,0.01,0.003,-4.423,0.71,-0.475
0,1,0,0,0,0,0.002,0,-0.004,-0.007,0,0.003,-0.023,0.022,0.029,0.029,0.008,0.006,-0.007,0.046,-0.018,-0.001,0.004,0.002,0,0,0,0,0,0,0,0,0,0,0,0,0,0,0.027,-0.054,-0.161,-0.104,-2.902,-0.336,-0.09,0.01,0.004,-4.418,0.712,-0.477
0,1,0,0,0,0.001,0,0.001,-0.004,-0.007,0,0.003,-0.023,0.022,0.029,0.029,0.008,0.006,-0.007,0.047,-0.018,0,0.004,0.002,0,0,0,0,0,-0.001,0,0,0,0,0,0.001,0,0,0.027,-0.054,-0.161,-0.104,-2.901,-0.336,-0.09,0.01,0.004,-4.414,0.711,-0.476
0,1,0,0,0,0,-0.002,0,-0.004,-0.007,0,0.003,-0.023,0.022,0.029,0.029,0.008,0.006,-0.007,0.047,-0.018,0,0.004,0.002,0,0,0.001,0,0,-0.001,0,0,0.001,-0.001,0,0.001,0,0,0.027,-0.054,-0.161,-0.104,-2.901,-0.336,-0.09,0.009,0.003,-4.419,0.712,-0.478
0,1,0,0,0,0,-0.002,0,-0.004,-0.007,0,0.003,-0.023,0.022,0.029,0.029,0.008,0.006,-0.007,0.047,-0.018,0,0.004,0.002,0,0,0.001,0,0,-0.001,0,0,0.001,-0.001,0,0.001,0,0,0.027,-0.054,-0.161,-0.104,-2.907,-0.335,-0.09,0.008,0.003,-4.429,0.711,-0.476
0,1,0,0,0,0.002,-0.001,-0.005,-0.004,-0.007,0,0.003,-0.023,0.022,0.029,0.029,0.008,0.006,-0.008,0.047,-0.018,-0.001,0.004,0.002,0,0,0,-0.001,0,0,0,0,0,0.001,0,0,0,0,0.026,-0.053,-0.161,-0.104,-2.911,-0.335,-0.09,0.008,0.003,-4.439,0.711,-0.476
0,1,0,0,0,0,-0.001,0.003,-0.004,-0.007,0,0.003,-0.024,0.022,0.029,0.029,0.008,0.006,-0.007,0.047,-0.018,-0.001,0.004,0.002,0,0,-0.001,-0.001,0,0,0,0,0,-0.001,0,0,0,0,0.026,-0.053,-0.162,-0.103,-2.909,-0.336,-0.09,0.011,0.004,-4.438,0.71,-0.475
0,1,0,0,0,-0.001,0.001,0.001,-0.004,-0.007,0,0.003,-0.023,0.022,0.029,0.029,0.008,0.006,-0.007,0.047,-0.018,-0.001,0.004,0.002,0,0,0,0,0,-0.001,0,0,0,0,0,0,0,0,0.028,-0.053,-0.16,-0.104,-2.91,-0.334,-0.09,0.006,0.003,-4.447,0.712,-0.478
0,1,0,0,0,-0.002,0,-0.001,-0.004,-0.007,0,0.003,-0.023,0.022,0.029,0.029,0.008,0.006,-0.007,0.047,-0.018,-0.001,0.004,0.002,0,0,0,0,0,0,0,0,0,0,0,0,0,0,0.026,-0.054,-0.159,-0.104,-2.912,-0.335,-0.09,0.009,0.004,-4.439,0.71,-0.475
0,1,0,0,0,0,0.003,0.001,-0.004,-0.007,0,0.003,-0.023,0.022,0.029,0.029,0.008,0.006,-0.007,0.047,-0.018,-0.001,0.004,0.002,0,0,0,0.001,0,0,0,0,0,0,0,0,0,0,0.027,-0.054,-0.161,-0.105,-2.915,-0.334,-0.09,0.008,0.004,-4.443,0.71,-0.475
0,1,0,0,0,0.002,0.001,0.001,-0.004,-0.007,0,0.003,-0.023,0.022,0.029,0.029,0.008,0.006,-0.007,0.047,-0.018,-0.001,0.004,0.002,0,0,0,0,0,0,0,0,0,0,0,0,0,0,0.028,-0.054,-0.159,-0.104,-2.908,-0.335,-0.09,0.01,0.004,-4.429,0.711,-0.476
0,1,0,0,0,0.002,0.001,0.001,-0.004,-0.007,0,0.003,-0.023,0.022,0.029,0.029,0.008,0.006,-0.007,0.047,-0.018,-0.001,0.004,0.002,0,0,0,0,0,0,0,0,0,0,0,0,0,0,0.027,-0.054,-0.161,-0.104,-2.9,-0.336,-0.09,0.01,0.003,-4.422,0.713,-0.478
0,1,0,0,0,0,0.002,0.001,-0.004,-0.007,0,0.003,-0.023,0.022,0.029,0.029,0.008,0.006,-0.008,0.047,-0.018,-0.001,0.004,0.002,0,0,0,0,0,0,0,0,0,0,0,0,0,0,0.028,-0.054,-0.16,-0.104,-2.896,-0.336,-0.089,0.01,0.003,-4.414,0.713,-0.478
0,1,0,0,0,0,0,0,-0.004,-0.007,0,0.003,-0.023,0.022,0.029,0.029,0.008,0.006,-0.007,0.047,-0.018,0,0.004,0.002,0,0,-0.001,0,0,0,0,0,0.001,0,0,0,0,0,0.028,-0.054,-0.16,-0.104,-2.895,-0.336,-0.089,0.01,0.003,-4.404,0.713,-0.477
0,1,0,0,0,0,-0.002,-0.001,-0.004,-0.007,0,0.003,-0.023,0.022,0.029,0.029,0.008,0.006,-0.008,0.047,-0.018,-0.001,0.004,0.002,0,0,0,0,0,0,0,0,0,0,0,0,0,0,0.027,-0.054,-0.161,-0.104,-2.899,-0.336,-0.089,0.01,0.003,-4.41,0.711,-0.476
0,1,0,0,0,-0.003,-0.002,0,-0.004,-0.007,0,0.003,-0.023,0.022,0.029,0.029,0.008,0.006,-0.007,0.047,-0.018,-0.001,0.004,0.002,0,0,-0.001,0,0,0,0,0,0,0,0,0,0,0,0.027,-0.054,-0.162,-0.104,-2.901,-0.336,-0.09,0.009,0.003,-4.42,0.711,-0.477
0,1,0,0,0,0.002,0.002,0,-0.004,-0.007,0,0.003,-0.023,0.022,0.029,0.029,0.008,0.006,-0.007,0.047,-0.018,-0.001,0.004,0.002,0,0,0.001,0,0,0,0,0,0,0,0,0,0,0,0.027,-0.054,-0.161,-0.104,-2.911,-0.334,-0.09,0.007,0.004,-4.436,0.71,-0.475
0,1,0,0,0,-0.003,0.001,-0.001,-0.004,-0.007,0,0.003,-0.023,0.022,0.029,0.029,0.008,0.006,-0.007,0.047,-0.018,-0.001,0.004,0.002,0,0,0,0,0,0,0,0,0,0,0,0,0,0,0.027,-0.054,-0.161,-0.104,-2.901,-0.336,-0.09,0.011,0.004,-4.421,0.712,-0.477
0,1,0,0,0,-0.002,-0.001,-0.001,-0.004,-0.007,0,0.003,-0.023,0.022,0.029,0.029,0.008,0.006,-0.008,0.047,-0.018,-0.001,0.004,0.002,0,0,0,0.001,0,0,0,0,0,0,0,0,0,0,0.028,-0.054,-0.16,-0.105,-2.908,-0.335,-0.09,0.009,0.005,-4.418,0.71,-0.474
0,1,0,0,0,0.002,0.001,0,-0.004,-0.007,0,0.003,-0.023,0.022,0.029,0.029,0.008,0.006,-0.007,0.047,-0.018,-0.001,0.004,0.002,0,0,0,0,0,0,0,0,0,0,0,0,0,0,0.026,-0.054,-0.162,-0.105,-2.912,-0.334,-0.09,0.008,0.005,-4.433,0.709,-0.475
0,1,0,0,0,-0.001,0,0,-0.004,-0.007,0,0.003,-0.023,0.022,0.029,0.029,0.008,0.006,-0.008,0.047,-0.018,-0.001,0.004,0.002,0,0,0,0,0,0,0,0,0,0.001,0,0,0,0,0.028,-0.054,-0.161,-0.104,-2.905,-0.335,-0.09,0.01,0.004,-4.429,0.712,-0.477
0,1,0,0,0,0,-0.001,0.002,-0.004,-0.007,0,0.003,-0.023,0.022,0.029,0.029,0.008,0.006,-0.007,0.047,-0.018,-0.001,0.004,0.002,0,0,0.001,0,0,0,0,0,-0.001,0,0,0.001,0,0,0.027,-0.054,-0.161,-0.104,-2.907,-0.335,-0.09,0.008,0.004,-4.429,0.711,-0.476
0,1,0,0,0,-0.001,0.001,0.002,-0.004,-0.007,0,0.003,-0.023,0.022,0.029,0.029,0.008,0.006,-0.008,0.047,-0.018,0,0.004,0.002,0,0,0,0,0,0,0,0,0,0.001,0,0.001,0,0,0.027,-0.054,-0.161,-0.105,-2.903,-0.335,-0.09,0.008,0.003,-4.428,0.713,-0.478
0,1,0,0,0,0,0,0.001,-0.004,-0.007,0,0.003,-0.023,0.022,0.029,0.029,0.008,0.006,-0.007,0.047,-0.018,0,0.004,0.002,0,0,0,0,0,0.001,0,0,0,0,0,-0.001,0,0,0.027,-0.054,-0.159,-0.105,-2.906,-0.335,-0.09,0.009,0.004,-4.424,0.712,-0.476
0,1,0,0,0,0,0.001,0.001,-0.004,-0.007,0,0.003,-0.023,0.022,0.029,0.029,0.008,0.006,-0.008,0.047,-0.018,-0.001,0.004,0.002,0,0,0,0,0,0,0,0,0,0,0,-0.001,0,0,0.027,-0.054,-0.161,-0.105,-2.901,-0.336,-0.09,0.009,0.003,-4.423,0.712,-0.477
0,1,0,0,0,0,0.001,0.002,-0.004,-0.007,0,0.003,-0.023,0.022,0.029,0.029,0.008,0.006,-0.008,0.047,-0.018,-0.001,0.004,0.002,0,0,-0.001,0,0,0,0,0,0,-0.001,0,-0.001,0,0,0.027,-0.054,-0.16,-0.105,-2.9,-0.336,-0.09,0.01,0.004,-4.414,0.712,-0.476
0,1,0,0,0,0,0.001,0.002,-0.004,-0.007,0,0.003,-0.023,0.022,0.029,0.029,0.008,0.006,-0.008,0.047,-0.018,-0.001,0.004,0.002,0,0,0,0,0,0,0,0,0,0.001,0,0,0,0,0.027,-0.054,-0.161,-0.105,-2.899,-0.336,-0.089,0.009,0.003,-4.416,0.712,-0.477
0,1,0,0,0,0,0.001,0.002,-0.004,-0.007,0,0.003,-0.023,0.022,0.029,0.029,0.008,0.006,-0.008,0.047,-0.018,-0.001,0.004,0.002,0,0,0,0,0,0,0,0,0,0.001,0,0,0,0,0.027,-0.054,-0.16,-0.105,-2.898,-0.336,-0.089,0.009,0.003,-4.41,0.712,-0.477
0,1,0,0,0,0.002,0,-0.003,-0.004,-0.007,0,0.003,-0.023,0.022,0.029,0.029,0.008,0.006,-0.007,0.047,-0.018,-0.001,0.004,0.002,0,0,0,0,0,0,0,0,0,0,0,0,0,0,0.027,-0.054,-0.16,-0.105,-2.897,-0.336,-0.089,0.01,0.003,-4.407,0.712,-0.477
0,1,0,0,0,0,-0.001,0.001,-0.004,-0.007,0,0.003,-0.023,0.022,0.029,0.029,0.008,0.006,-0.007,0.047,-0.018,-0.001,0.004,0.002,0,0,0,0.001,0,0,0,0,0.001,0,0,0,0,0,0.027,-0.054,-0.162,-0.104,-2.894,-0.337,-0.09,0.012,0.003,-4.405,0.711,-0.476
0,1,0,0,0,-0.001,0.002,0.001,-0.004,-0.007,0,0.003,-0.023,0.022,0.029,0.029,0.008,0.006,-0.008,0.047,-0.018,-0.001,0.004,0.002,0,0,-0.001,0,0,0,0,0,0,-0.001,0,0,0,0,0.028,-0.053,-0.162,-0.104,-2.895,-0.336,-0.089,0.008,0.002,-4.411,0.712,-0.478
0,1,0,0,0,0,0.002,-0.001,-0.004,-0.007,0,0.003,-0.023,0.022,0.029,0.029,0.008,0.006,-0.007,0.047,-0.018,-0.001,0.004,0.002,0,0,0.001,-0.001,0,0.001,0,0,0,0,0,-0.001,0,0,0.028,-0.054,-0.159,-0.104,-2.896,-0.336,-0.089,0.01,0.005,-4.403,0.711,-0.475
0,1,0,0,0,0,0,-0.001,-0.004,-0.007,0,0.003,-0.023,0.022,0.029,0.029,0.008,0.006,-0.007,0.047,-0.018,-0.001,0.004,0.002,0,0,-0.001,0,0,0,0,0,-0.001,0,0,0.001,0,0,0.027,-0.054,-0.162,-0.105,-2.893,-0.337,-0.089,0.011,0.004,-4.396,0.711,-0.477
0,1,0,0,0,-0.002,-0.001,-0.003,-0.004,-0.007,0,0.003,-0.023,0.022,0.029,0.029,0.008,0.006,-0.007,0.047,-0.018,-0.001,0.004,0.002,0,0,0,0.001,0,0,0,0,-0.001,0,0,0,0,0,0.027,-0.054,-0.161,-0.105,-2.894,-0.337,-0.089,0.011,0.003,-4.397,0.712,-0.477
0,1,0,0,0,-0.002,0,0.002,-0.004,-0.007,0,0.003,-0.023,0.022,0.029,0.029,0.008,0.006,-0.007,0.047,-0.018,-0.001,0.004,0.002,0,0,0,0,0,0,0,0,0,0,0,0,0,0,0.027,-0.054,-0.162,-0.105,-2.897,-0.336,-0.09,0.01,0.004,-4.398,0.71,-0.475
0,1,0,0,0,0.001,-0.001,-0.002,-0.004,-0.007,0,0.003,-0.023,0.022,0.029,0.029,0.008,0.006,-0.007,0.047,-0.018,-0.001,0.004,0.002,0,0,0,0,0,0,0,0,0,0,0,0,0,0,0.027,-0.054,-0.161,-0.106,-2.899,-0.335,-0.089,0.008,0.004,-4.406,0.711,-0.477
0,1,0,0,0,0.002,0.002,0.001,-0.004,-0.007,0,0.003,-0.023,0.022,0.029,0.029,0.008,0.006,-0.007,0.047,-0.018,-0.001,0.004,0.002,0,0,0,0,0,0,0,0,0,0,0,0,0,0,0.026,-0.054,-0.162,-0.105,-2.899,-0.337,-0.09,0.01,0.003,-4.413,0.711,-0.477
0,1,0,0,0,0.003,0.002,0.001,-0.004,-0.007,0,0.003,-0.023,0.022,0.029,0.029,0.008,0.006,-0.007,0.047,-0.018,-0.001,0.004,0.002,0,0,0,0,0,0,0,0,0,0,0,0,0,0,0.029,-0.054,-0.16,-0.105,-2.889,-0.337,-0.089,0.011,0.003,-4.396,0.713,-0.478
0,1,0,0,0,-0.002,0,0.001,-0.004,-0.007,0,0.003,-0.023,0.022,0.029,0.029,0.008,0.006,-0.007,0.047,-0.018,-0.001,0.004,0.002,0,0,0,0,0,0,0,0,0,-0.001,0,0,0,0,0.028,-0.054,-0.161,-0.105,-2.882,-0.338,-0.089,0.012,0.002,-4.383,0.714,-0.479
0,1,0,0,0,0,-0.001,0.002,-0.004,-0.007,0,0.003,-0.023,0.022,0.029,0.029,0.008,0.006,-0.008,0.047,-0.018,-0.001,0.004,0.002,0,0,0.001,0,0,0.001,0,0,0,0,0,0,0,0,0.028,-0.054,-0.161,-0.105,-2.89,-0.337,-0.089,0.009,0.003,-4.389,0.712,-0.476
0,1,0,0,0,0.001,0.002,0,-0.004,-0.007,0,0.003,-0.023,0.022,0.029,0.029,0.008,0.006,-0.008,0.047,-0.018,-0.001,0.004,0.002,0,0,0,-0.001,0,0,0,0,0,-0.001,0,0,0,0,0.027,-0.054,-0.161,-0.106,-2.893,-0.337,-0.089,0.009,0.003,-4.401,0.712,-0.478
0,1,0,0,0,0,0.001,0.001,-0.004,-0.007,0,0.003,-0.023,0.022,0.029,0.029,0.008,0.006,-0.007,0.047,-0.018,-0.001,0.004,0.002,0,0,0.001,0,0,0,0,0,0,0.001,0,-0.001,0,0,0.028,-0.054,-0.16,-0.105,-2.89,-0.338,-0.089,0.012,0.003,-4.388,0.713,-0.477
0,1,0,0,0,-0.001,-0.001,-0.001,-0.004,-0.007,0,0.003,-0.023,0.022,0.029,0.029,0.008,0.006,-0.007,0.047,-0.018,-0.001,0.004,0.002,0,0,0,-0.001,0,0,0,0,0,0.001,0,0,0,0,0.027,-0.054,-0.161,-0.106,-2.889,-0.337,-0.089,0.01,0.003,-4.387,0.713,-0.478
0,1,0,0,0,0.001,0.001,0.003,-0.004,-0.007,0,0.003,-0.023,0.022,0.029,0.029,0.008,0.006,-0.007,0.047,-0.018,-0.001,0.004,0.002,0,0,0,0.001,0,0,0,0,0,0,0,0,0,0,0.026,-0.054,-0.161,-0.105,-2.896,-0.337,-0.09,0.01,0.003,-4.398,0.711,-0.476
0,1,0,0,0,0,0.001,0,-0.004,-0.007,0,0.003,-0.023,0.022,0.029,0.029,0.008,0.006,-0.007,0.047,-0.018,-0.001,0.004,0.002,0,0,0,0,0,0,0,0,0,0,0,0,0,0,0.028,-0.054,-0.16,-0.105,-2.888,-0.337,-0.089,0.011,0.003,-4.393,0.714,-0.479
0,1,0,0,0,0.001,0.001,0.001,-0.004,-0.007,0,0.003,-0.023,0.022,0.029,0.029,0.008,0.006,-0.007,0.047,-0.018,-0.001,0.004,0.002,0,0,0,0.001,0,0,0,0,-0.001,0,0,0,0,0,0.027,-0.054,-0.161,-0.105,-2.889,-0.338,-0.089,0.012,0.003,-4.388,0.712,-0.477
0,1,0,0,0,0.003,-0.001,0,-0.004,-0.007,0,0.003,-0.023,0.022,0.029,0.029,0.008,0.006,-0.008,0.047,-0.018,-0.001,0.004,0.002,0,0,0,0,0,0,0,0,0,0,0,0,0,0,0.028,-0.054,-0.161,-0.105,-2.887,-0.337,-0.089,0.011,0.003,-4.389,0.713,-0.478
0,1,0,0,0,0.002,0.001,0.003,-0.004,-0.007,0,0.003,-0.023,0.022,0.029,0.029,0.008,0.006,-0.008,0.047,-0.018,-0.001,0.004,0.002,0,0,0,-0.001,0,0,0,0,0,0.001,0,0,0,0,0.027,-0.054,-0.162,-0.105,-2.884,-0.338,-0.089,0.012,0.002,-4.392,0.713,-0.479
0,1,0,0,0,0.001,0.001,0.001,-0.004,-0.007,0,0.003,-0.023,0.022,0.029,0.029,0.008,0.006,-0.007,0.047,-0.018,-0.001,0.004,0.002,0,0,0,0,0,0,0,0,0,0,0,0,0,0,0.029,-0.054,-0.16,-0.105,-2.883,-0.337,-0.089,0.01,0.002,-4.387,0.714,-0.479
0,1,0,0,0,0,0.001,0.001,-0.004,-0.007,0,0.003,-0.023,0.022,0.029,0.029,0.008,0.006,-0.008,0.047,-0.018,-0.001,0.004,0.002,0,0,0,0,0,0,0,0,0,0,0,0,0,0,0.027,-0.054,-0.161,-0.105,-2.885,-0.338,-0.089,0.011,0.003,-4.385,0.713,-0.477
0,1,0,0,0,0,0.001,0.001,-0.004,-0.007,0,0.003,-0.023,0.022,0.029,0.029,0.008,0.006,-0.008,0.047,-0.018,-0.001,0.004,0.002,0,0,0,0,0,0,0,0,0,0,0,0,0,0,0.028,-0.054,-0.161,-0.106,-2.886,-0.338,-0.089,0.01,0.003,-4.384,0.713,-0.478
0,1,0,0,0,-0.001,0.003,-0.001,-0.004,-0.007,0,0.003,-0.023,0.022,0.029,0.029,0.008,0.006,-0.008,0.047,-0.018,-0.001,0.004,0.002,0,0,0,0.001,0,0,0,0,0.001,0.001,0,0,0,0,0.027,-0.054,-0.161,-0.106,-2.887,-0.338,-0.089,0.011,0.003,-4.385,0.713,-0.478
0,1,0,0,0,-0.002,0,-0.001,-0.004,-0.007,0,0.003,-0.023,0.022,0.029,0.029,0.008,0.006,-0.007,0.047,-0.018,0,0.004,0.002,0,0,0,0,0,-0.001,0,0,0,0,0,0.001,0,0,0.028,-0.054,-0.161,-0.105,-2.888,-0.338,-0.089,0.012,0.004,-4.374,0.711,-0.476
0,1,0,0,0,-0.002,0,-0.001,-0.004,-0.007,0,0.003,-0.023,0.022,0.029,0.029,0.008,0.006,-0.007,0.047,-0.018,0,0.004,0.002,0,0,0,0,0,-0.001,0,0,0,0,0,0.001,0,0,0.026,-0.054,-0.162,-0.105,-2.895,-0.336,-0.089,0.01,0.004,-4.385,0.71,-0.476
0,1,0,0,0,-0.003,-0.001,-0.003,-0.004,-0.007,0,0.003,-0.023,0.022,0.029,0.029,0.008,0.006,-0.007,0.047,-0.018,-0.001,0.004,0.002,0,0,0.001,0,0,0.001,0,0,0,0,0,-0.001,0,0,0.027,-0.054,-0.161,-0.105,-2.9,-0.335,-0.089,0.01,0.004,-4.396,0.709,-0.475
0,1,0,0,0,0,0.001,0.002,-0.004,-0.007,0,0.003,-0.023,0.022,0.029,0.029,0.008,0.006,-0.008,0.047,-0.018,-0.001,0.004,0.002,0,0,0,-0.001,0,0,0,0,0,0,0,0,0,0,0.027,-0.054,-0.163,-0.105,-2.904,-0.335,-0.09,0.009,0.005,-4.407,0.708,-0.474
0,1,0,0,0,-0.001,0.001,0.002,-0.004,-0.007,0,0.003,-0.023,0.022,0.029,0.029,0.008,0.006,-0.007,0.047,-0.018,-0.001,0.004,0.002,0,0,0.001,0,0,0,0,0,0,0,0,0,0,0,0.028,-0.054,-0.16,-0.105,-2.899,-0.335,-0.089,0.01,0.004,-4.407,0.712,-0.477
0,1,0,0,0,-0.001,0.001,0.002,-0.004,-0.007,0,0.003,-0.023,0.022,0.029,0.029,0.008,0.006,-0.007,0.047,-0.018,-0.001,0.004,0.002,0,0,0.001,0,0,0,0,0,0,0,0,0,0,0,0.028,-0.054,-0.161,-0.106,-2.898,-0.336,-0.089,0.009,0.004,-4.404,0.712,-0.477
0,1,0,0,0,-0.002,0.001,0.003,-0.004,-0.007,0,0.003,-0.023,0.022,0.029,0.029,0.008,0.006,-0.007,0.047,-0.018,-0.001,0.004,0.002,0,0,0,0,0,0,0,0,0,0,0,0,0,0,0.028,-0.054,-0.16,-0.106,-2.897,-0.336,-0.089,0.009,0.004,-4.403,0.712,-0.477
0,1,0,0,0,0,0.001,0.001,-0.004,-0.007,0,0.003,-0.023,0.022,0.029,0.029,0.008,0.006,-0.008,0.047,-0.018,-0.001,0.004,0.002,0,0,0,0,0,0,0,0,0,0,0,0,0,0,0.028,-0.054,-0.16,-0.106,-2.899,-0.335,-0.089,0.009,0.004,-4.4,0.711,-0.476
0,1,0,0,0,0.001,0,0.003,-0.004,-0.007,0,0.003,-0.023,0.022,0.029,0.029,0.008,0.006,-0.008,0.047,-0.018,-0.001,0.004,0.002,0,0,0,0,0,0,0,0,0,0,0,0,0,0,0.027,-0.054,-0.161,-0.105,-2.896,-0.336,-0.089,0.01,0.004,-4.399,0.712,-0.477
0,1,0,0,0,0,0.001,0.002,-0.004,-0.007,0,0.003,-0.023,0.022,0.029,0.029,0.008,0.006,-0.007,0.047,-0.018,-0.001,0.004,0.002,0,0,0,0,0,0,0,0,0,0.001,0,-0.001,0,0,0.028,-0.054,-0.161,-0.105,-2.891,-0.336,-0.089,0.009,0.003,-4.396,0.713,-0.478
0,1,0,0,0,0.002,0,0,-0.004,-0.007,0,0.003,-0.023,0.022,0.029,0.029,0.008,0.006,-0.008,0.047,-0.018,-0.001,0.004,0.002,0,0,0,0,0,0,0,0,0,0,0,0,0,0,0.028,-0.054,-0.16,-0.106,-2.889,-0.337,-0.089,0.01,0.003,-4.39,0.713,-0.477
0,1,0,0,0,0.002,0,0,-0.004,-0.007,0,0.003,-0.023,0.022,0.029,0.029,0.008,0.006,-0.008,0.047,-0.018,-0.001,0.004,0.002,0,0,0,0,0,0,0,0,0,0,0,0,0,0,0.027,-0.054,-0.162,-0.105,-2.886,-0.337,-0.089,0.012,0.003,-4.388,0.713,-0.478
0,1,0,0,0,0,0,0.002,-0.004,-0.007,0,0.003,-0.023,0.022,0.029,0.029,0.008,0.006,-0.008,0.047,-0.018,-0.001,0.004,0.002,0,0,0.001,-0.001,0,0,0,0,-0.001,0,0,0,0,0,0.028,-0.054,-0.161,-0.105,-2.883,-0.337,-0.089,0.012,0.002,-4.384,0.713,-0.478
0,1,0,0,0,0.001,-0.001,0.001,-0.004,-0.007,0,0.003,-0.023,0.022,0.029,0.029,0.008,0.006,-0.008,0.047,-0.018,-0.001,0.004,0.002,0,0,0,0,0,0,0,0,0,0,0,0,0,0,0.028,-0.054,-0.161,-0.106,-2.885,-0.337,-0.089,0.01,0.003,-4.382,0.713,-0.478
0,1,0,0,0,0.001,0,-0.002,-0.004,-0.007,0,0.003,-0.023,0.022,0.029,0.029,0.008,0.006,-0.007,0.047,-0.018,-0.001,0.004,0.002,0,0,-0.001,0,0,0,0,0,0,0,0,0,0,0,0.026,-0.054,-0.162,-0.106,-2.89,-0.337,-0.089,0.01,0.002,-4.393,0.713,-0.478
0,1,0,0,0,0,0,0.002,-0.004,-0.007,0,0.003,-0.023,0.022,0.029,0.029,0.008,0.006,-0.008,0.047,-0.018,-0.001,0.004,0.002,0,0,0,0,0,0,0,0,0,0.001,0,0,0,0,0.027,-0.054,-0.162,-0.104,-2.891,-0.338,-0.09,0.012,0.003,-4.394,0.711,-0.476
0,1,0,0,0,0,0.002,0.001,-0.004,-0.007,0,0.003,-0.023,0.022,0.029,0.029,0.008,0.006,-0.008,0.047,-0.018,-0.001,0.004,0.002,0,0,0,0,0,0,0,0,0,0,0,0,0,0,0.028,-0.054,-0.161,-0.106,-2.887,-0.337,-0.089,0.009,0.003,-4.392,0.713,-0.478
0,1,0,0,0,0.001,0.001,0.002,-0.004,-0.007,0,0.003,-0.023,0.022,0.029,0.029,0.008,0.006,-0.007,0.047,-0.018,-0.001,0.004,0.002,0,0,0,0,0,0,0,0,-0.001,-0.001,0,0,0,0,0.027,-0.054,-0.16,-0.105,-2.89,-0.337,-0.089,0.011,0.003,-4.387,0.712,-0.476
0,1,0,0,0,0,0.002,-0.001,-0.004,-0.007,0,0.003,-0.024,0.022,0.029,0.029,0.008,0.006,-0.007,0.047,-0.018,-0.001,0.004,0.002,0,0,0,0,0,0.001,0,0,0,-0.001,0,0,0,0,0.028,-0.054,-0.161,-0.106,-2.885,-0.337,-0.089,0.01,0.003,-4.386,0.713,-0.479
0,1,0,0,0,0,0.002,-0.001,-0.004,-0.007,0,0.003,-0.024,0.022,0.029,0.029,0.008,0.006,-0.007,0.047,-0.018,-0.001,0.004,0.002,0,0,0,0,0,0.001,0,0,0,-0.001,0,0,0,0,0.028,-0.054,-0.161,-0.105,-2.888,-0.338,-0.089,0.012,0.003,-4.379,0.711,-0.476
0,1,0,0,0,0,0.002,0.001,-0.004,-0.007,0,0.003,-0.023,0.022,0.029,0.029,0.008,0.006,-0.007,0.047,-0.018,-0.001,0.004,0.002,0,0,0,0,0,0,0,0,0,0,0,0.001,0,0,0.028,-0.054,-0.162,-0.105,-2.887,-0.337,-0.089,0.012,0.004,-4.377,0.711,-0.476
0,1,0,0,0,0,0.002,0.001,-0.004,-0.007,0,0.003,-0.023,0.022,0.029,0.029,0.008,0.006,-0.007,0.047,-0.018,-0.001,0.004,0.002,0,0,0,0,0,0,0,0,0.001,-0.001,0,0,0,0,0.028,-0.054,-0.161,-0.105,-2.887,-0.337,-0.089,0.011,0.004,-4.378,0.712,-0.477
0,1,0,0,0,0,0,-0.001,-0.004,-0.007,0,0.003,-0.023,0.022,0.029,0.029,0.008,0.006,-0.008,0.047,-0.018,-0.001,0.004,0.002,0,0,0,0,0,0,0,0,0,0,0,0,0,0,0.028,-0.054,-0.161,-0.105,-2.887,-0.337,-0.089,0.011,0.004,-4.381,0.711,-0.476
0,1,0,0,0,0,0.002,0.001,-0.004,-0.007,0,0.003,-0.023,0.022,0.029,0.029,0.008,0.006,-0.008,0.047,-0.018,-0.001,0.004,0.002,0,0,0,0,0,0,0,0,0,-0.001,0,0,0,0,0.027,-0.054,-0.162,-0.105,-2.888,-0.337,-0.089,0.011,0.004,-4.384,0.711,-0.476
0,1,0,0,0,0,0.001,0,-0.004,-0.007,0,0.003,-0.023,0.022,0.029,0.029,0.008,0.006,-0.008,0.047,-0.018,-0.001,0.004,0.002,0,0,0,0,0,0,0,0,0,0,0,0,0,0,0.029,-0.054,-0.161,-0.105,-2.886,-0.337,-0.089,0.012,0.004,-4.377,0.712,-0.477
0,1,0,0,0,0,0.001,0,-0.004,-0.007,0,0.003,-0.023,0.022,0.029,0.029,0.008,0.006,-0.008,0.047,-0.018,-0.001,0.004,0.002,0,0,0,0,0,0,0,0,0,0,0,0,0,0,0.027,-0.054,-0.162,-0.105,-2.887,-0.337,-0.089,0.011,0.004,-4.378,0.711,-0.476
0,1,0,0,0,0,0,-0.002,-0.004,-0.007,0,0.003,-0.023,0.022,0.029,0.029,0.008,0.006,-0.007,0.047,-0.018,-0.001,0.004,0.002,0,0,0,0,0,0,0,0,0,0,0,0,0,0,0.028,-0.054,-0.162,-0.105,-2.888,-0.336,-0.089,0.011,0.004,-4.38,0.711,-0.476
0,1,0,0,0,0,-0.002,-0.001,-0.004,-0.007,0,0.003,-0.023,0.022,0.029,0.029,0.008,0.006,-0.007,0.047,-0.018,-0.001,0.004,0.002,0,0,-0.001,0,0,0,0,0,0,0,0,0,0,0,0.027,-0.054,-0.163,-0.105,-2.89,-0.337,-0.089,0.011,0.003,-4.387,0.71,-0.476
0,1,0,0,0,0.002,-0.001,0,-0.004,-0.007,0,0.003,-0.023,0.022,0.029,0.029,0.008,0.006,-0.007,0.047,-0.018,-0.001,0.004,0.002,0,0,0,-0.001,0,0,0,0,0,0,0,0,0,0,0.027,-0.054,-0.162,-0.105,-2.896,-0.336,-0.089,0.009,0.003,-4.403,0.711,-0.477
0,1,0,0,0,0.001,-0.001,0.002,-0.004,-0.007,0,0.003,-0.023,0.022,0.029,0.029,0.008,0.006,-0.007,0.047,-0.018,-0.001,0.004,0.002,0,0,-0.001,-0.001,0,0,0,0,0,-0.001,0,0,0,0,0.027,-0.054,-0.162,-0.105,-2.892,-0.337,-0.09,0.011,0.002,-4.408,0.713,-0.478
0,1,0,0,0,0,0,-0.001,-0.004,-0.007,0,0.003,-0.023,0.022,0.029,0.029,0.008,0.006,-0.007,0.047,-0.018,-0.001,0.004,0.002,0,0,0.001,0,0,0,0,0,0,0,0,0,0,0,0.028,-0.054,-0.161,-0.104,-2.895,-0.336,-0.09,0.009,0.003,-4.414,0.713,-0.477
0,1,0,0,0,-0.001,0,-0.001,-0.004,-0.007,0,0.003,-0.023,0.022,0.029,0.029,0.008,0.006,-0.008,0.047,-0.018,-0.001,0.004,0.002,0,0,0,0,0,0,0,0,0,-0.001,0,0,0,0,0.027,-0.054,-0.161,-0.105,-2.896,-0.337,-0.09,0.01,0.003,-4.409,0.711,-0.476
0,1,0,0,0,0,0,-0.004,-0.004,-0.007,0,0.003,-0.023,0.022,0.029,0.029,0.008,0.006,-0.007,0.047,-0.018,-0.001,0.004,0.002,0,0,-0.001,0.001,0,0,0,0,0,0,0,0,0,0,0.027,-0.054,-0.161,-0.105,-2.9,-0.336,-0.09,0.01,0.004,-4.409,0.71,-0.475
0,1,0,0,0,0,0.001,0,-0.004,-0.007,0,0.003,-0.023,0.022,0.029,0.029,0.008,0.006,-0.007,0.047,-0.018,-0.001,0.004,0.002,0,0,0,-0.001,0,0,0,0,0,-0.001,0,0,0,0,0.027,-0.054,-0.162,-0.105,-2.901,-0.336,-0.09,0.011,0.004,-4.411,0.709,-0.475
0,1,0,0,0,-0.001,-0.001,0.001,-0.004,-0.007,0,0.003,-0.023,0.022,0.029,0.029,0.008,0.006,-0.008,0.047,-0.018,0,0.004,0.002,0,0,0,0,0,-0.001,0,0,0,-0.001,0,0.001,0,0,0.028,-0.054,-0.161,-0.105,-2.897,-0.335,-0.089,0.01,0.004,-4.406,0.712,-0.477
0,1,0,0,0,-0.001,-0.001,0.001,-0.004,-0.007,0,0.003,-0.023,0.022,0.029,0.029,0.008,0.006,-0.007,0.047,-0.018,-0.001,0.004,0.002,0,0,0,0,0,0,0,0,0,0,0,0,0,0,0.027,-0.054,-0.161,-0.105,-2.901,-0.336,-0.09,0.008,0.003,-4.413,0.711,-0.476
0,1,0,0,0,0,-0.002,-0.001,-0.004,-0.007,0,0.003,-0.023,0.022,0.029,0.029,0.008,0.006,-0.007,0.047,-0.018,-0.001,0.004,0.002,0,0,0,-0.001,0,0,0,0,0,0,0,-0.001,0,0,0.027,-0.054,-0.161,-0.105,-2.902,-0.335,-0.09,0.008,0.004,-4.418,0.711,-0.476
0,1,0,0,0,0,-0.002,-0.001,-0.004,-0.007,0,0.003,-0.023,0.022,0.029,0.029,0.008,0.006,-0.007,0.047,-0.018,-0.001,0.004,0.002,0,0,0,-0.001,0,0,0,0,0,0,0,-0.001,0,0,0.026,-0.054,-0.162,-0.105,-2.902,-0.336,-0.09,0.01,0.003,-4.426,0.711,-0.476
0,1,0,0,0,0.001,0,0.001,-0.004,-0.007,0,0.003,-0.023,0.022,0.029,0.029,0.008,0.006,-0.007,0.047,-0.018,-0.001,0.004,0.002,0,0,0,0,0,0,0,0,0,0,0,0,0,0,0.027,-0.054,-0.162,-0.105,-2.902,-0.336,-0.09,0.009,0.003,-4.428,0.711,-0.476
0,1,0,0,0,0,-0.001,0.001,-0.004,-0.007,0,0.003,-0.023,0.022,0.029,0.029,0.008,0.006,-0.007,0.047,-0.018,-0.001,0.004,0.002,0,0,-0.001,0,0,0,0,0,0,0,0,0,0,0,0.027,-0.054,-0.161,-0.105,-2.9,-0.336,-0.09,0.009,0.003,-4.424,0.712,-0.477
0,1,0,0,0,0.001,0.002,0,-0.004,-0.007,0,0.003,-0.023,0.022,0.029,0.029,0.008,0.006,-0.007,0.047,-0.018,-0.001,0.004,0.002,0,0,0,0,0,0,0,0,0,0,0,0,0,0,0.027,-0.054,-0.161,-0.105,-2.903,-0.336,-0.09,0.009,0.003,-4.426,0.711,-0.476
0,1,0,0,0,-0.002,0.002,0,-0.004,-0.007,0,0.003,-0.023,0.022,0.029,0.029,0.008,0.006,-0.007,0.047,-0.018,-0.001,0.004,0.002,0,0,0,0,0,0,0,0,0,-0.001,0,0,0,0,0.028,-0.054,-0.16,-0.105,-2.897,-0.337,-0.09,0.011,0.004,-4.41,0.712,-0.476
0,1,0,0,0,-0.001,-0.001,0.003,-0.004,-0.007,0,0.003,-0.023,0.022,0.029,0.029,0.008,0.006,-0.007,0.047,-0.018,-0.001,0.004,0.002,0,0,0,0,0,0,0,0,0,-0.001,0,0,0,0,0.028,-0.054,-0.16,-0.106,-2.899,-0.336,-0.09,0.01,0.004,-4.4,0.711,-0.475
0,1,0,0,0,0.001,0,0.003,-0.004,-0.007,0,0.003,-0.023,0.022,0.029,0.029,0.008,0.006,-0.008,0.047,-0.018,-0.001,0.004,0.002,0,0,0,0,0,0,0,0,0,0,0,0,0,0,0.027,-0.054,-0.161,-0.106,-2.9,-0.335,-0.09,0.008,0.003,-4.413,0.712,-0.478
0,1,0,0,0,0.001,-0.001,0.002,-0.004,-0.007,0,0.003,-0.023,0.022,0.029,0.029,0.008,0.006,-0.008,0.047,-0.018,-0.001,0.004,0.002,0,0,0,0,0,0,0,0,0,0,0,0,0,0,0.027,-0.054,-0.16,-0.105,-2.898,-0.336,-0.09,0.009,0.003,-4.414,0.713,-0.478
0,1,0,0,0,0,0,0,-0.004,-0.007,0,0.003,-0.023,0.022,0.029,0.029,0.008,0.006,-0.007,0.047,-0.018,-0.001,0.004,0.002,0,0,-0.001,-0.001,0,-0.001,0,0,0,0,0,0.001,0,0,0.027,-0.054,-0.161,-0.105,-2.898,-0.336,-0.09,0.009,0.003,-4.418,0.713,-0.478
0,1,0,0,0,0.002,0.002,0.002,-0.004,-0.007,0,0.003,-0.023,0.022,0.029,0.029,0.008,0.006,-0.008,0.047,-0.018,-0.001,0.004,0.002,0,0,0,0,0,0.001,0,0,0,0,0,0,0,0,0.027,-0.054,-0.16,-0.104,-2.9,-0.336,-0.09,0.01,0.003,-4.416,0.711,-0.476
0,1,0,0,0,0,-0.002,-0.005,-0.004,-0.007,0,0.003,-0.023,0.022,0.029,0.029,0.008,0.006,-0.008,0.047,-0.018,-0.001,0.004,0.002,0,0,0,-0.001,0,0,0,0,0,0,0,-0.001,0,0,0.028,-0.054,-0.16,-0.105,-2.891,-0.337,-0.089,0.011,0.003,-4.402,0.713,-0.478
0,1,0,0,0,-0.002,0.001,-0.001,-0.004,-0.007,0,0.003,-0.023,0.022,0.029,0.029,0.008,0.006,-0.007,0.047,-0.018,-0.001,0.004,0.002,0,0,-0.001,-0.001,0,0,0,0,0,-0.001,0,0,0,0,0.026,-0.054,-0.162,-0.105,-2.898,-0.337,-0.09,0.011,0.003,-4.404,0.71,-0.475
0,1,0,0,0,0.001,0,-0.004,-0.004,-0.007,0,0.003,-0.023,0.022,0.029,0.029,0.008,0.006,-0.007,0.047,-0.018,-0.001,0.004,0.002,0,0,-0.001,0.001,0,0,0,0,0,0.001,0,0,0,0,0.029,-0.054,-0.16,-0.105,-2.9,-0.335,-0.09,0.01,0.005,-4.401,0.71,-0.475
0,1,0,0,0,-0.001,0,-0.003,-0.004,-0.007,0,0.003,-0.023,0.022,0.029,0.029,0.008,0.006,-0.007,0.047,-0.018,-0.001,0.004,0.002,0,0,0.001,0,0,0,0,0,0,0,0,0,0,0,0.026,-0.054,-0.163,-0.105,-2.899,-0.337,-0.09,0.012,0.004,-4.404,0.709,-0.475
0,1,0,0,0,-0.001,0.001,-0.001,-0.004,-0.007,0,0.003,-0.023,0.022,0.029,0.029,0.008,0.006,-0.007,0.047,-0.018,-0.001,0.004,0.002,0,0,0,0.001,0,-0.001,0,0,-0.001,0,0,0.001,0,0,0.028,-0.054,-0.161,-0.105,-2.9,-0.335,-0.09,0.01,0.004,-4.4,0.71,-0.475
0,1,0,0,0,-0.001,0.002,0.001,-0.004,-0.007,0,0.003,-0.023,0.022,0.029,0.029,0.008,0.006,-0.008,0.047,-0.018,-0.001,0.004,0.002,0,0,0,0,0,0,0,0,0,0.001,0,0,0,0,0.027,-0.054,-0.161,-0.106,-2.9,-0.335,-0.09,0.01,0.005,-4.4,0.71,-0.475
0,1,0,0,0,-0.002,0,-0.001,-0.004,-0.007,0,0.003,-0.023,0.022,0.029,0.029,0.008,0.006,-0.008,0.047,-0.018,-0.001,0.004,0.002,0,0,0,0,0,0,0,0,0,0.001,0,0,0,0,0.028,-0.054,-0.16,-0.106,-2.899,-0.335,-0.089,0.01,0.005,-4.397,0.711,-0.476
0,1,0,0,0,0,-0.002,-0.001,-0.004,-0.007,0,0.003,-0.023,0.022,0.029,0.029,0.008,0.006,-0.007,0.047,-0.018,-0.001,0.004,0.002,0,0,0.001,0,0,0,0,0,0,0,0,0,0,0,0.027,-0.054,-0.161,-0.106,-2.902,-0.336,-0.09,0.01,0.004,-4.401,0.71,-0.475
0,1,0,0,0,0.001,0,-0.001,-0.004,-0.007,0,0.003,-0.023,0.022,0.029,0.029,0.008,0.006,-0.007,0.047,-0.018,-0.001,0.004,0.002,0,0,0,-0.001,0,0,0,0,0,0,0,0,0,0,0.027,-0.054,-0.162,-0.105,-2.902,-0.336,-0.09,0.009,0.003,-4.415,0.711,-0.477
0,1,0,0,0,0.002,-0.001,-0.003,-0.004,-0.007,0,0.003,-0.023,0.022,0.029,0.029,0.008,0.006,-0.007,0.047,-0.018,0,0.004,0.002,0,0,0,0,0,0,0,0,0.001,0,0,0,0,0,0.028,-0.054,-0.161,-0.104,-2.9,-0.335,-0.09,0.01,0.003,-4.415,0.711,-0.476
0,1,0,0,0,0.001,0,0,-0.004,-0.007,0,0.003,-0.023,0.022,0.029,0.029,0.008,0.006,-0.008,0.047,-0.018,-0.001,0.004,0.002,0,0,0,0,0,0,0,0,0,-0.001,0,-0.001,0,0,0.027,-0.054,-0.162,-0.104,-2.899,-0.336,-0.09,0.011,0.003,-4.413,0.711,-0.476
0,1,0,0,0,0.001,0,0,-0.004,-0.007,0,0.003,-0.023,0.022,0.029,0.029,0.008,0.006,-0.008,0.047,-0.018,-0.001,0.004,0.002,0,0,0,0,0,0,0,0,0,-0.001,0,-0.001,0,0,0.028,-0.054,-0.161,-0.104,-2.898,-0.336,-0.09,0.01,0.003,-4.411,0.711,-0.476
0,1,0,0,0,-0.002,0.001,-0.002,-0.004,-0.007,0,0.003,-0.023,0.022,0.029,0.029,0.008,0.006,-0.008,0.047,-0.018,0,0.004,0.002,0,0,-0.001,0,0,-0.001,0,0,0,0,0,0.001,0,0,0.027,-0.054,-0.161,-0.105,-2.899,-0.336,-0.09,0.01,0.003,-4.413,0.711,-0.476
0,1,0,0,0,0,0,0.001,-0.004,-0.007,0,0.003,-0.023,0.022,0.029,0.029,0.008,0.006,-0.007,0.047,-0.018,0,0.004,0.002,0,0,-0.001,-0.001,0,-0.001,0,0,0.001,0,0,0.001,0,0,0.028,-0.054,-0.16,-0.105,-2.908,-0.335,-0.09,0.01,0.005,-4.412,0.71,-0.474
0,1,0,0,0,0.002,0,0.001,-0.004,-0.007,0,0.003,-0.023,0.022,0.029,0.029,0.008,0.006,-0.007,0.047,-0.018,0,0.004,0.002,0,0,0,0,0,-0.001,0,0,0,0,0.001,0.002,0,0,0.027,-0.054,-0.161,-0.104,-2.907,-0.335,-0.09,0.009,0.004,-4.422,0.711,-0.477
0,1,0,0,0,-0.001,-0.001,-0.001,-0.004,-0.007,0,0.003,-0.023,0.022,0.029,0.029,0.008,0.006,-0.007,0.047,-0.018,0,0.004,0.002,0,0,0,0.001,0,0,0,0,0,0,0,-0.001,0,0,0.027,-0.054,-0.16,-0.104,-2.902,-0.335,-0.09,0.01,0.003,-4.421,0.713,-0.477
0,1,0,0,0,-0.001,0.002,0,-0.004,-0.007,0,0.003,-0.023,0.022,0.029,0.029,0.008,0.006,-0.007,0.047,-0.018,0,0.004,0.002,0,0,-0.001,0,0,0.001,0,0,0,0,0,0,0,0,0.027,-0.054,-0.162,-0.105,-2.906,-0.335,-0.09,0.009,0.004,-4.424,0.71,-0.475
0,1,0,0,0,-0.001,0.002,0,-0.004,-0.007,0,0.003,-0.023,0.022,0.029,0.029,0.008,0.006,-0.007,0.047,-0.018,0,0.004,0.002,0,0,-0.001,0,0,0.001,0,0,0,0,0,0,0,0,0.028,-0.054,-0.16,-0.105,-2.906,-0.334,-0.09,0.01,0.005,-4.417,0.71,-0.475
0,1,0,0,0,0.002,0,0.002,-0.004,-0.007,0,0.003,-0.023,0.022,0.029,0.029,0.008,0.006,-0.007,0.047,-0.018,0,0.004,0.002,0,0,0,0,0,-0.001,0,0,0,-0.001,0,0,0,0,0.027,-0.054,-0.161,-0.105,-2.906,-0.335,-0.09,0.01,0.005,-4.413,0.71,-0.475
0,1,0,0,0,0.001,0.001,0,-0.004,-0.007,0,0.003,-0.023,0.022,0.029,0.029,0.008,0.006,-0.008,0.047,-0.018,-0.001,0.004,0.002,0,0,0,-0.001,0,0,0,0,-0.001,0,0,-0.001,0,0,0.027,-0.054,-0.161,-0.104,-2.901,-0.335,-0.09,0.009,0.003,-4.419,0.713,-0.478
0,1,0,0,0,-0.001,0.001,0.003,-0.004,-0.007,0,0.003,-0.023,0.022,0.029,0.029,0.008,0.006,-0.007,0.047,-0.018,0,0.004,0.002,0,0,0,0.001,0,0,0,0,0,0,0,-0.001,0,0,0.028,-0.054,-0.16,-0.104,-2.897,-0.336,-0.09,0.01,0.004,-4.412,0.712,-0.476
0,1,0,0,0,0.001,0.001,0,-0.004,-0.007,0,0.003,-0.023,0.022,0.029,0.029,0.008,0.006,-0.007,0.047,-0.018,0,0.004,0.002,0,0,0,0,0,0,0,0,0,0,0,0,0,0,0.028,-0.054,-0.16,-0.106,-2.9,-0.335,-0.089,0.008,0.004,-4.414,0.712,-0.477
0,1,0,0,0,0.001,0.001,-0.001,-0.004,-0.007,0,0.003,-0.023,0.022,0.029,0.029,0.008,0.006,-0.008,0.047,-0.018,-0.001,0.004,0.002,0,0,0.001,-0.001,0,0,0,0,0,0,0,0,0,0,0.027,-0.054,-0.16,-0.106,-2.897,-0.337,-0.09,0.011,0.004,-4.404,0.712,-0.477
0,1,0,0,0,0.001,0.001,-0.002,-0.004,-0.007,0,0.003,-0.023,0.022,0.029,0.029,0.008,0.006,-0.007,0.047,-0.018,0,0.004,0.002,0,0,0,0,0,0,0,0,0.001,0.001,0,0,0,0,0.028,-0.054,-0.161,-0.105,-2.895,-0.337,-0.089,0.011,0.003,-4.397,0.712,-0.477
0,1,0,0,0,-0.001,0,0,-0.004,-0.007,0,0.003,-0.023,0.022,0.029,0.029,0.008,0.006,-0.007,0.047,-0.018,-0.001,0.004,0.002,0,0,0,0,0,0,0,0,0,0,0,0,0,0,0.028,-0.054,-0.162,-0.104,-2.893,-0.337,-0.089,0.012,0.003,-4.391,0.712,-0.477
0,1,0,0,0,0,0.001,-0.001,-0.004,-0.007,0,0.003,-0.023,0.022,0.029,0.029,0.008,0.006,-0.008,0.047,-0.018,0,0.004,0.002,0,0,0,0,0,0.001,0,0,0,0.001,0,0,0,0,0.028,-0.054,-0.161,-0.105,-2.896,-0.336,-0.089,0.009,0.004,-4.395,0.711,-0.477
0,1,0,0,0,0.001,0.001,0.002,-0.004,-0.007,0,0.003,-0.023,0.022,0.029,0.029,0.008,0.006,-0.007,0.047,-0.018,-0.001,0.004,0.002,0,0,0,0,0,0,0,0,0,0,0,0,0,0,0.027,-0.054,-0.161,-0.106,-2.893,-0.337,-0.089,0.012,0.004,-4.392,0.711,-0.477
0,1,0,0,0,-0.001,0.002,-0.002,-0.004,-0.007,0,0.003,-0.023,0.022,0.029,0.029,0.008,0.006,-0.008,0.047,-0.018,-0.001,0.004,0.002,0,0,0,-0.001,0,0,0,0,0.001,-0.001,0,0,0,0,0.028,-0.054,-0.161,-0.106,-2.891,-0.336,-0.089,0.01,0.003,-4.392,0.713,-0.478
0,1,0,0,0,0,0,0.003,-0.004,-0.007,0,0.003,-0.023,0.022,0.029,0.029,0.008,0.006,-0.007,0.047,-0.018,-0.001,0.004,0.002,0,0,0.001,0,0,0,0,0,0,0,0,0,0,0,0.028,-0.054,-0.16,-0.105,-2.895,-0.337,-0.089,0.012,0.004,-4.385,0.71,-0.475
0,1,0,0,0,0,0,0.003,-0.004,-0.007,0,0.003,-0.023,0.022,0.029,0.029,0.008,0.006,-0.007,0.047,-0.018,0,0.004,0.002,0,0,0,0,0,0,0,0,0,0,0,0,0,0,0.028,-0.054,-0.161,-0.106,-2.89,-0.336,-0.089,0.009,0.003,-4.391,0.713,-0.479
0,1,0,0,0,0.003,0.001,-0.003,-0.004,-0.007,0,0.003,-0.023,0.022,0.029,0.029,0.008,0.006,-0.007,0.047,-0.018,-0.001,0.004,0.002,0,0,-0.001,-0.001,0,0,0,0,0,0,0,0,0,0,0.028,-0.054,-0.16,-0.106,-2.891,-0.337,-0.089,0.01,0.003,-4.393,0.713,-0.478
0,1,0,0,0,0,0.001,-0.003,-0.004,-0.007,0,0.003,-0.023,0.022,0.029,0.029,0.008,0.006,-0.007,0.047,-0.018,0,0.004,0.002,0,0,0,0,0,0,0,0,0,-0.001,0,0,0,0,0.027,-0.054,-0.161,-0.104,-2.888,-0.338,-0.09,0.013,0.003,-4.386,0.712,-0.476
0,1,0,0,0,0.002,0,0.001,-0.004,-0.007,0,0.003,-0.023,0.022,0.029,0.029,0.008,0.006,-0.008,0.047,-0.018,-0.001,0.004,0.002,0,0,0,0.001,0,0,0,0,0.001,0.001,0,0,0,0,0.028,-0.054,-0.162,-0.105,-2.891,-0.336,-0.089,0.011,0.004,-4.384,0.711,-0.476
0,1,0,0,0,0,0.001,0.002,-0.004,-0.007,0,0.003,-0.023,0.022,0.029,0.029,0.008,0.006,-0.008,0.047,-0.018,-0.001,0.004,0.002,0,0,-0.001,0,0,0,0,0,0.001,0,0,0.001,0,0,0.028,-0.054,-0.162,-0.105,-2.888,-0.337,-0.089,0.011,0.003,-4.387,0.712,-0.478
0,1,0,0,0,-0.003,0.001,0.002,-0.004,-0.007,0,0.003,-0.023,0.022,0.029,0.029,0.008,0.006,-0.007,0.047,-0.018,0,0.004,0.002,0,0,0,0,0,0,0,0,0,0,0,0,0,0,0.028,-0.054,-0.16,-0.104,-2.891,-0.336,-0.089,0.011,0.003,-4.389,0.712,-0.477
0,1,0,0,0,0,0.002,0.002,-0.004,-0.007,0,0.003,-0.023,0.021,0.029,0.029,0.008,0.006,-0.007,0.047,-0.018,-0.001,0.004,0.002,0,0,0,-0.001,0,0.001,0,0,0,0,0,-0.001,0,0,0.027,-0.054,-0.16,-0.106,-2.896,-0.335,-0.089,0.009,0.005,-4.391,0.711,-0.476
0,1,0,0,0,0.001,0,-0.001,-0.004,-0.007,0,0.003,-0.023,0.022,0.029,0.029,0.008,0.006,-0.008,0.047,-0.018,-0.001,0.004,0.002,0,0,-0.001,0,0,0,0,0,0.001,0,0,0,0,0,0.027,-0.054,-0.16,-0.106,-2.894,-0.337,-0.089,0.011,0.004,-4.394,0.712,-0.478
0,1,0,0,0,0.001,0,-0.001,-0.004,-0.007,0,0.003,-0.023,0.022,0.029,0.029,0.008,0.006,-0.008,0.047,-0.018,-0.001,0.004,0.002,0,0,-0.001,0,0,0,0,0,0.001,0,0,0,0,0,0.027,-0.054,-0.162,-0.105,-2.895,-0.337,-0.089,0.012,0.003,-4.395,0.712,-0.477
0,1,0,0,0,0,-0.002,-0.001,-0.004,-0.007,0,0.003,-0.023,0.022,0.029,0.029,0.008,0.006,-0.007,0.047,-0.018,-0.001,0.004,0.002,0,0,0,0,0,0.001,0,0,0,0,0,0,0,0,0.028,-0.054,-0.162,-0.104,-2.893,-0.336,-0.089,0.011,0.003,-4.394,0.711,-0.476
0,1,0,0,0,-0.001,0,-0.002,-0.004,-0.007,0,0.003,-0.023,0.022,0.029,0.029,0.008,0.006,-0.007,0.047,-0.018,-0.001,0.004,0.002,0,0,0,0.001,0,0,0,0,0,0,0,0,0,0,0.027,-0.054,-0.162,-0.105,-2.896,-0.336,-0.09,0.009,0.003,-4.404,0.711,-0.477
0,1,0,0,0,-0.001,-0.002,0,-0.004,-0.007,0,0.003,-0.023,0.022,0.029,0.029,0.008,0.006,-0.008,0.047,-0.018,-0.001,0.004,0.002,0,0,0,0,0,0,0,0,0,0,0,0,0,0,0.027,-0.054,-0.161,-0.105,-2.901,-0.336,-0.09,0.01,0.004,-4.406,0.71,-0.475
0,1,0,0,0,0,-0.001,0.001,-0.004,-0.007,0,0.003,-0.023,0.022,0.029,0.029,0.008,0.006,-0.007,0.047,-0.018,-0.001,0.004,0.002,0,0,-0.001,-0.001,0,0,0,0,0.001,0.001,0,0,0,0,0.027,-0.054,-0.162,-0.106,-2.905,-0.334,-0.09,0.008,0.004,-4.418,0.711,-0.477
0,1,0,0,0,-0.002,0,-0.001,-0.004,-0.007,0,0.003,-0.023,0.022,0.029,0.029,0.008,0.006,-0.007,0.047,-0.018,-0.001,0.004,0.002,0,0,0,0,0,0,0,0,0,0,0,0,0,0,0.028,-0.054,-0.16,-0.105,-2.906,-0.335,-0.09,0.009,0.004,-4.423,0.711,-0.477
0,1,0,0,0,0,-0.001,-0.001,-0.004,-0.007,0,0.003,-0.023,0.022,0.029,0.029,0.008,0.006,-0.007,0.047,-0.018,-0.001,0.004,0.002,0,0,0,0,0,0,0,0,0,0,0,0,0,0,0.027,-0.054,-0.161,-0.105,-2.907,-0.335,-0.09,0.009,0.004,-4.421,0.71,-0.474
0,1,0,0,0,-0.001,0.001,0.002,-0.004,-0.007,0,0.003,-0.023,0.022,0.029,0.029,0.008,0.006,-0.007,0.047,-0.018,0,0.004,0.002,0,0,0,0.001,0,-0.001,0,0,0,0,0,0.001,0,0,0.027,-0.054,-0.161,-0.105,-2.907,-0.334,-0.09,0.009,0.004,-4.425,0.71,-0.476
0,1,0,0,0,-0.001,0,0.002,-0.004,-0.007,0,0.003,-0.023,0.022,0.029,0.029,0.008,0.006,-0.007,0.047,-0.018,-0.001,0.004,0.002,0,0,0,0,0,0,0,0,0,-0.001,0,-0.001,0,0,0.028,-0.054,-0.16,-0.105,-2.906,-0.334,-0.09,0.009,0.005,-4.419,0.711,-0.476
0,1,0,0,0,-0.001,0,0.002,-0.004,-0.007,0,0.003,-0.023,0.022,0.029,0.029,0.008,0.006,-0.007,0.047,-0.018,-0.001,0.004,0.002,0,0,0,0,0,0,0,0,0,-0.001,0,-0.001,0,0,0.027,-0.054,-0.161,-0.105,-2.903,-0.335,-0.09,0.009,0.004,-4.421,0.711,-0.476
0,1,0,0,0,0,0,0,-0.004,-0.007,0,0.003,-0.023,0.022,0.029,0.029,0.008,0.006,-0.007,0.047,-0.018,-0.001,0.004,0.002,0,0,0,0,0,0,0,0,0,0,0,0,0,0,0.028,-0.054,-0.16,-0.105,-2.903,-0.335,-0.09,0.009,0.004,-4.419,0.711,-0.476
0,1,0,0,0,0.001,0.001,0,-0.004,-0.007,0,0.003,-0.023,0.022,0.029,0.029,0.008,0.006,-0.008,0.047,-0.018,-0.001,0.004,0.002,0,0,0,0,0,0,0,0,0,0,0,0,0,0,0.027,-0.054,-0.161,-0.105,-2.903,-0.335,-0.09,0.009,0.004,-4.415,0.711,-0.476
0,1,0,0,0,0.001,0.001,-0.001,-0.004,-0.007,0,0.003,-0.023,0.022,0.029,0.029,0.008,0.006,-0.007,0.047,-0.018,-0.001,0.004,0.002,0,0,0,0,0,0,0,0,0,0,0,0,0,0,0.028,-0.054,-0.161,-0.105,-2.899,-0.336,-0.09,0.01,0.004,-4.409,0.711,-0.477
0,1,0,0,0,-0.001,-0.001,-0.002,-0.004,-0.007,0,0.003,-0.023,0.022,0.029,0.029,0.008,0.006,-0.007,0.047,-0.018,-0.001,0.004,0.002,0,0,-0.001,0,0,0,0,0,0,0,0,0.001,0,0,0.028,-0.054,-0.161,-0.105,-2.896,-0.336,-0.09,0.011,0.004,-4.399,0.711,-0.476
0,1,0,0,0,-0.002,-0.001,0,-0.004,-0.007,0,0.003,-0.023,0.022,0.029,0.029,0.008,0.006,-0.007,0.047,-0.018,-0.001,0.004,0.002,0,0,0,0,0,0,0,0,-0.001,0,0,0,0,0,0.027,-0.054,-0.162,-0.105,-2.9,-0.336,-0.09,0.01,0.004,-4.405,0.71,-0.476
0,1,0,0,0,0,0.001,0,-0.004,-0.007,0,0.003,-0.023,0.022,0.029,0.029,0.008,0.006,-0.007,0.047,-0.018,-0.001,0.004,0.002,0,0,0,0,0,0,0,0,0,0,0,0,0,0,0.027,-0.054,-0.161,-0.105,-2.903,-0.335,-0.09,0.009,0.004,-4.411,0.71,-0.476
0,1,0,0,0,0.001,0.001,0.001,-0.004,-0.007,0,0.003,-0.023,0.022,0.029,0.029,0.008,0.006,-0.007,0.047,-0.018,-0.001,0.004,0.002,0,0,0,0,0,0,0,0,0,0,0,0,0,0,0.028,-0.054,-0.16,-0.106,-2.9,-0.336,-0.09,0.011,0.004,-4.404,0.711,-0.476
0,1,0,0,0,0.001,0,-0.001,-0.004,-0.007,0,0.003,-0.023,0.022,0.029,0.029,0.008,0.006,-0.008,0.047,-0.018,0,0.004,0.002,0,0,-0.001,0.001,0,0,0,0,0,-0.001,0,0.001,0,0,0.028,-0.054,-0.161,-0.105,-2.895,-0.336,-0.089,0.011,0.004,-4.398,0.712,-0.477
0,1,0,0,0,0.001,-0.001,0.001,-0.004,-0.007,0,0.003,-0.023,0.022,0.029,0.029,0.008,0.006,-0.007,0.047,-0.018,0,0.004,0.002,0,0,-0.001,0,0,0.001,0,0,0,0,0,-0.001,0,0,0.027,-0.054,-0.161,-0.104,-2.897,-0.336,-0.09,0.011,0.003,-4.403,0.711,-0.476
0,1,0,0,0,-0.002,0.001,0,-0.004,-0.007,0,0.003,-0.023,0.022,0.029,0.029,0.008,0.006,-0.007,0.047,-0.018,-0.001,0.004,0.002,0,0,0,0,0,0,0,0,0,0,0,0,0,0,0.028,-0.054,-0.161,-0.105,-2.895,-0.335,-0.089,0.009,0.003,-4.409,0.712,-0.477
0,1,0,0,0,0,0.002,0.002,-0.004,-0.007,0,0.003,-0.023,0.022,0.029,0.029,0.008,0.006,-0.007,0.047,-0.018,-0.001,0.004,0.002,0,0,0,-0.001,0,0,0,0,0,0,0,0,0,0,0.028,-0.054,-0.16,-0.106,-2.901,-0.336,-0.09,0.01,0.004,-4.403,0.711,-0.475
