-6.894,3.929,-6.768,2.691,-0.113,0.197,-1.072,2.326
-5.497,3.178,-3.928,-2.394,-0.112,0.198,-1.204,2.595
-5.884,3.729,-3.115,-3.872,-0.112,0.196,-1.246,2.649
-4.509,-0.313,0.939,-12.922,-0.105,0.175,-1.360,2.830
-4.235,-0.305,0.767,-12.047,-0.099,0.168,-1.277,2.698
-4.380,0.905,3.192,-11.973,-0.090,0.145,-1.283,2.406
-2.812,-0.299,3.593,-13.188,-0.082,0.135,-1.206,2.348
-2.812,-0.299,2.742,-11.486,-0.085,0.142,-1.206,2.348
-1.433,-1.729,3.678,-10.078,-0.078,0.128,-1.160,2.107
-1.296,0.085,6.718,-11.183,-0.052,0.084,-0.987,1.603
-0.724,0.190,7.540,-13.029,-0.047,0.072,-0.969,1.558
-0.832,0.822,7.515,-11.879,-0.039,0.058,-0.860,1.317
0.339,0.333,7.881,-12.617,-0.025,0.037,-0.702,1.088
0.339,0.333,9.065,-14.985,-0.020,0.027,-0.702,1.088
1.050,-0.225,8.106,-13.003,-0.004,-0.001,-0.450,0.633
1.006,0.165,8.452,-12.744,0.007,-0.019,-0.336,0.394
2.104,0.037,10.249,-12.045,0.018,-0.038,-0.291,0.129
2.062,1.230,11.746,-14.733,0.029,-0.058,-0.228,0.017
6.163,-4.546,11.790,-13.185,0.043,-0.074,-0.054,-0.272
4.091,-1.412,11.162,-12.060,0.054,-0.095,0.118,-0.581
5.243,-2.119,11.967,-13.001,0.065,-0.114,0.216,-0.780
3.693,1.767,8.835,-5.017,0.073,-0.124,0.470,-1.301
3.693,1.767,12.463,-12.271,0.087,-0.153,0.470,-1.301
6.993,-4.555,7.738,-4.396,0.090,-0.154,0.736,-1.703
4.498,0.112,8.111,-5.155,0.100,-0.174,0.850,-1.918
5.435,-4.085,2.989,-0.140,0.102,-0.177,1.129,-2.208
4.014,1.404,4.412,-0.853,0.114,-0.196,1.208,-2.408
3.790,2.231,3.763,2.207,0.116,-0.200,1.267,-2.615
3.538,-0.704,2.128,1.006,0.118,-0.205,1.367,-2.614
4.297,-3.032,-1.051,5.776,0.107,-0.189,1.389,-2.655
2.165,1.038,-4.188,10.723,0.101,-0.173,1.470,-2.697
0.866,0.538,-13.657,26.063,0.070,-0.117,1.553,-2.764
-1.657,4.455,-15.973,30.822,0.054,-0.094,1.479,-2.720
-3.671,6.613,-18.017,30.136,0.049,-0.079,1.508,-2.498
-6.493,4.477,-17.651,19.636,0.024,-0.042,1.177,-1.503
-6.143,4.012,-14.951,17.304,0.016,-0.034,0.944,-1.290
-5.990,3.034,-14.047,12.553,0.008,-0.024,0.800,-0.931
-6.203,1.419,-12.557,7.797,0.002,-0.019,0.655,-0.628
-5.708,-0.053,-10.474,4.060,-0.005,-0.013,0.461,-0.360
-5.919,-0.542,-9.643,2.126,-0.008,-0.010,0.381,-0.234
-6.309,-0.324,-9.245,1.480,-0.011,-0.009,0.325,-0.181
-5.324,-0.914,-7.348,0.146,-0.015,-0.007,0.185,-0.090
-4.988,-0.954,-6.699,-0.348,-0.016,-0.006,0.135,-0.056
-4.831,-0.598,-6.196,0.662,-0.017,-0.005,0.097,-0.098
-4.759,-0.298,-6.083,0.756,-0.018,-0.004,0.077,-0.083
-4.404,-0.792,-4.795,0.236,-0.018,-0.003,0.009,-0.053
-4.330,-1.263,-4.357,-0.678,-0.019,-0.003,-0.014,-0.006
-4.036,-1.067,-4.102,-0.885,-0.019,-0.003,-0.027,0.007
-3.963,-0.503,-3.831,-0.237,-0.018,-0.003,-0.036,-0.024
-3.611,-0.868,-3.520,-0.345,-0.018,-0.003,-0.047,-0.019
-3.548,-0.455,-3.200,-0.181,-0.017,-0.003,-0.057,-0.024
-2.796,-0.539,-2.144,0.044,-0.017,-0.003,-0.102,-0.034
-2.388,-0.193,-1.691,0.712,-0.015,-0.002,-0.105,-0.057
-2.410,0.159,-2.096,0.822,-0.014,-0.001,-0.073,-0.057
-0.620,0.382,0.456,1.049,-0.012,0.000,-0.176,-0.052
-0.322,0.117,0.991,0.438,-0.011,0.000,-0.185,-0.020
-1.128,0.038,-0.309,0.560,-0.010,0.001,-0.108,-0.022
1.299,0.627,2.727,1.257,-0.007,0.001,-0.223,-0.048
1.956,1.219,4.001,1.687,-0.005,0.002,-0.262,-0.064
1.895,0.866,3.750,1.738,-0.002,0.003,-0.216,-0.053
1.013,1.110,1.908,1.522,-0.000,0.004,-0.099,-0.032
1.794,0.524,2.117,1.359,0.001,0.004,-0.098,-0.020
1.794,0.524,2.117,1.359,0.001,0.004,-0.098,-0.020
1.868,0.499,2.507,0.912,0.001,0.004,-0.110,0.002
1.475,0.523,1.779,1.120,0.003,0.004,-0.056,-0.011
0.880,0.863,0.706,0.840,0.003,0.004,-0.003,0.003
0.723,0.582,0.257,0.908,0.002,0.004,0.017,0.001
0.816,0.464,-0.075,0.857,0.002,0.004,0.030,0.003
0.302,0.560,-0.572,0.554,0.002,0.003,0.049,0.015
-0.332,0.357,-0.677,0.471,0.001,0.003,0.048,0.018
-0.699,0.582,-1.814,0.889,0.000,0.003,0.094,-0.001
-0.947,0.500,-5.486,6.839,-0.013,0.028,0.111,0.014
-0.793,0.561,-9.449,15.413,-0.032,0.063,0.076,0.012
-0.935,0.356,-13.625,23.440,-0.049,0.096,0.068,0.028
-2.949,3.711,-16.102,27.216,-0.066,0.127,-0.014,0.229
-6.119,9.598,-18.401,32.245,-0.081,0.156,-0.091,0.340
-8.430,10.284,-18.707,27.874,-0.094,0.181,-0.242,0.863
-5.663,6.043,-17.896,27.852,-0.106,0.203,-0.432,1.141
-3.865,3.327,-12.496,16.918,-0.109,0.208,-0.737,1.753
-6.262,5.214,-7.578,8.638,-0.110,0.206,-0.999,2.141
-7.183,3.887,-6.881,1.108,-0.114,0.205,-1.075,2.509
-7.620,5.051,-3.342,-9.375,-0.105,0.188,-1.149,2.821
-7.620,5.051,-5.766,-4.528,-0.115,0.208,-1.149,2.821
-2.466,-4.066,-1.840,-8.795,-0.104,0.180,-1.202,2.688
-5.459,3.010,-2.163,-3.192,-0.102,0.171,-1.161,2.295
-6.370,2.287,0.925,-14.998,-0.091,0.153,-1.179,2.659
-4.137,0.046,3.124,-13.808,-0.088,0.143,-1.254,2.472
-2.828,-3.631,2.545,-15.507,-0.080,0.130,-1.127,2.405
-2.828,-3.631,2.032,-14.482,-0.082,0.135,-1.127,2.405
-1.809,-1.292,5.391,-13.147,-0.059,0.089,-1.012,1.766
-1.809,-1.292,5.562,-13.490,-0.059,0.087,-1.012,1.766
-1.688,0.890,6.335,-12.715,-0.040,0.059,-0.822,1.378
-0.209,-0.526,6.832,-13.058,-0.025,0.032,-0.657,1.047
0.366,-0.823,8.814,-15.600,-0.017,0.018,-0.650,1.008
0.230,-0.829,6.281,-12.011,-0.004,-0.003,-0.363,0.561
-0.057,0.120,7.166,-11.819,0.006,-0.021,-0.285,0.333
0.803,1.306,8.046,-10.264,0.017,-0.040,-0.195,0.019
1.467,-0.706,8.550,-13.055,0.027,-0.059,-0.086,-0.079
2.419,-1.276,9.636,-13.589,0.038,-0.077,-0.001,-0.289
3.333,-2.430,9.982,-14.850,0.050,-0.097,0.120,-0.474
2.536,-0.483,11.558,-16.781,0.061,-0.120,0.190,-0.664
1.771,1.313,10.372,-13.727,0.070,-0.133,0.352,-0.978
3.567,-2.310,7.890,-12.175,0.078,-0.147,0.578,-1.225
4.539,-4.215,10.172,-15.394,0.089,-0.169,0.609,-1.343
1.826,2.053,8.514,-11.609,0.098,-0.181,0.796,-1.684
5.925,-6.791,11.337,-15.134,0.106,-0.200,0.764,-1.741
3.980,-1.260,11.090,-13.579,0.119,-0.221,0.939,-2.086
1.697,3.716,7.998,-6.323,0.119,-0.219,1.092,-2.418
4.616,-6.241,4.138,-9.772,0.120,-0.225,1.292,-2.325
3.414,0.433,3.194,3.553,0.115,-0.209,1.274,-2.788
0.610,4.105,-6.891,17.214,0.092,-0.164,1.492,-2.910
4.319,-3.966,-9.610,20.086,0.080,-0.141,1.487,-2.772
-0.546,6.287,-15.903,35.021,0.058,-0.100,1.526,-2.999
-2.450,7.605,-16.094,32.334,0.047,-0.079,1.394,-2.599
-3.572,5.997,-15.138,23.053,0.028,-0.050,1.110,-1.772
-5.008,5.591,-15.504,19.939,0.022,-0.037,1.050,-1.463
-3.882,3.595,-13.316,14.204,0.017,-0.031,0.873,-1.093
-4.763,1.911,-10.420,8.024,0.003,-0.015,0.562,-0.592
-4.763,1.911,-10.420,8.024,0.003,-0.015,0.562,-0.592
-4.417,1.045,-9.380,5.587,0.000,-0.013,0.472,-0.437
-4.198,0.187,-7.170,2.516,-0.006,-0.008,0.283,-0.228
-4.789,-0.080,-7.382,1.640,-0.010,-0.006,0.247,-0.151
-4.581,0.262,-7.173,2.021,-0.012,-0.004,0.212,-0.152
-4.008,-0.761,-5.656,0.246,-0.013,-0.003,0.125,-0.053
-2.929,-1.125,-3.391,-1.043,-0.013,-0.003,0.008,0.013
-2.850,-1.041,-3.155,-0.777,-0.013,-0.003,-0.005,-0.001
-2.489,-1.180,-2.823,-0.712,-0.013,-0.003,-0.020,-0.004
-2.038,-1.485,-1.911,-1.112,-0.012,-0.003,-0.058,0.017
-2.225,-0.931,-2.400,-0.589,-0.012,-0.003,-0.028,-0.009
-2.376,-0.154,-2.421,0.280,-0.012,-0.003,-0.023,-0.051
-1.843,0.191,-2.239,1.134,-0.011,-0.002,-0.026,-0.080
-2.012,0.616,-2.092,1.726,-0.011,-0.001,-0.030,-0.099
-2.099,0.644,-2.104,2.608,-0.011,-0.000,-0.026,-0.133
-1.808,0.408,-2.133,1.234,-0.010,0.001,-0.023,-0.054
-1.312,0.264,-1.343,0.635,-0.010,0.001,-0.055,-0.020
-0.670,0.051,-0.139,0.157,-0.009,0.001,-0.105,0.003
-0.798,0.187,-0.462,0.707,-0.008,0.001,-0.078,-0.023
0.191,0.335,0.708,1.074,-0.007,0.001,-0.120,-0.038
0.644,0.704,2.187,1.394,-0.006,0.002,-0.179,-0.050
1.403,0.931,1.438,1.611,-0.002,0.003,-0.098,-0.045
1.396,0.947,2.044,1.664,-0.001,0.003,-0.119,-0.044
0.919,1.152,1.250,1.616,-0.001,0.003,-0.071,-0.040
0.545,0.664,0.418,1.285,-0.000,0.004,-0.022,-0.020
0.649,0.621,0.172,0.663,-0.000,0.003,-0.009,0.009
0.159,0.723,-0.418,0.928,-0.000,0.003,0.019,-0.003
-0.095,0.642,-0.968,0.903,-0.000,0.003,0.043,-0.002
-0.607,0.397,-1.505,0.383,-0.001,0.003,0.067,0.024
-0.193,0.703,-0.653,0.651,-0.001,0.003,0.018,0.010
-0.823,0.643,-1.598,0.559,-0.002,0.003,0.061,0.012
-0.601,0.132,-1.488,0.195,-0.002,0.003,0.050,0.029
-1.577,0.291,-2.775,0.682,-0.004,0.003,0.095,0.003
-1.858,0.483,-5.861,6.933,-0.017,0.028,0.077,0.003
-1.126,0.195,-8.944,15.090,-0.035,0.062,0.016,0.025
-1.057,0.405,-13.362,23.923,-0.051,0.096,0.026,0.000
-3.039,3.638,-15.345,27.430,-0.067,0.127,-0.076,0.220
-5.832,8.728,-17.410,31.260,-0.082,0.156,-0.158,0.388
-7.748,8.381,-17.211,25.321,-0.095,0.178,-0.328,0.958
-7.982,8.017,-15.336,18.650,-0.105,0.196,-0.551,1.513
-4.151,2.538,-11.940,15.415,-0.112,0.209,-0.807,1.841
-3.847,-0.256,-9.638,8.816,-0.114,0.206,-0.943,2.132
-8.972,6.682,-10.633,6.921,-0.116,0.208,-0.923,2.248
-6.205,1.245,-9.412,2.612,-0.121,0.214,-1.039,2.549
-5.165,1.607,-5.315,-0.158,-0.121,0.213,-1.243,2.671
-4.393,-0.291,-3.987,-5.370,-0.115,0.198,-1.236,2.740
-5.258,2.240,-3.069,-3.212,-0.112,0.197,-1.250,2.620
-3.788,0.275,1.123,-9.496,-0.091,0.147,-1.189,2.307
-3.788,0.275,-0.061,-7.127,-0.095,0.156,-1.189,2.307
-2.800,0.980,6.468,-14.626,-0.073,0.113,-1.232,2.149
-2.195,-0.318,5.439,-15.531,-0.068,0.109,-1.122,2.141
-2.495,-0.741,5.089,-15.590,-0.061,0.095,-1.011,1.961
-0.660,-1.092,8.169,-15.998,-0.048,0.069,-1.007,1.661
-0.244,-0.257,7.716,-13.425,-0.034,0.046,-0.813,1.247
-0.391,0.017,7.029,-12.542,-0.026,0.035,-0.681,1.065
0.359,-0.720,8.930,-15.231,-0.016,0.018,-0.650,0.981
0.050,1.267,6.827,-10.611,-0.004,-0.003,-0.395,0.490
0.524,-0.256,8.595,-13.304,0.006,-0.020,-0.356,0.410
0.721,-0.386,7.079,-13.357,0.016,-0.039,-0.148,0.175
1.470,-0.317,8.465,-9.629,0.028,-0.057,-0.072,-0.226
4.518,-3.599,9.410,-10.532,0.039,-0.074,0.019,-0.401
2.912,0.094,8.780,-8.992,0.050,-0.093,0.187,-0.708
4.943,-2.164,11.945,-13.691,0.062,-0.115,0.181,-0.756
6.288,-4.572,9.596,-8.764,0.069,-0.122,0.380,-1.088
5.129,-1.842,11.313,-10.081,0.081,-0.146,0.449,-1.321
4.864,-1.624,10.112,-10.576,0.090,-0.164,0.620,-1.525
4.825,-2.936,9.304,-10.354,0.100,-0.179,0.782,-1.717
4.825,-2.936,13.397,-18.539,0.116,-0.211,0.782,-1.717
0.540,5.665,7.031,-6.019,0.109,-0.198,1.010,-2.172
6.762,-5.742,11.420,-13.176,0.120,-0.216,0.931,-2.038
4.192,-1.487,-1.142,4.346,0.112,-0.205,1.453,-2.779
-0.015,4.494,-8.687,16.967,0.096,-0.170,1.637,-2.974
-0.099,5.990,-5.591,18.737,0.087,-0.153,1.373,-2.849
3.145,-3.237,-9.411,19.982,0.074,-0.132,1.390,-2.643
1.461,0.608,-13.038,27.560,0.068,-0.115,1.497,-2.812
-4.000,6.532,-16.831,27.452,0.039,-0.064,1.327,-2.174
-3.332,5.178,-13.828,24.286,0.032,-0.053,1.093,-1.876
-3.332,5.178,-16.222,19.444,0.021,-0.040,1.074,-1.478
-5.068,3.379,-12.883,13.437,0.011,-0.027,0.780,-1.009
-5.364,1.418,-11.163,7.021,0.001,-0.016,0.577,-0.548
-5.364,1.418,-11.163,7.021,0.001,-0.016,0.577,-0.548
-4.880,-0.043,-8.361,2.848,-0.006,-0.010,0.339,-0.271
-4.880,-0.043,-8.361,2.848,-0.006,-0.010,0.339,-0.271
-5.352,-0.106,-9.109,1.917,-0.009,-0.009,0.340,-0.205
-4.844,-0.593,-6.653,0.703,-0.014,-0.006,0.163,-0.106
-4.677,-0.312,-6.159,1.225,-0.015,-0.005,0.126,-0.119
-4.402,-0.861,-5.955,-0.028,-0.016,-0.003,0.097,-0.042
-3.672,-0.875,-4.035,-0.580,-0.016,-0.003,-0.002,-0.011
-3.672,-0.875,-4.035,-0.580,-0.016,-0.003,-0.002,-0.011
-3.535,-0.682,-3.404,-0.562,-0.016,-0.003,-0.028,-0.011
-3.030,-0.960,-3.338,-0.336,-0.016,-0.003,-0.028,-0.019
-2.643,-0.541,-2.648,-0.018,-0.015,-0.003,-0.055,-0.035
-2.360,-0.380,-2.297,-0.253,-0.014,-0.002,-0.064,-0.017
-1.715,-0.105,-1.165,0.566,-0.013,-0.002,-0.110,-0.051
-1.351,0.695,-1.033,1.872,-0.012,-0.000,-0.092,-0.100
-1.713,0.141,-1.581,1.181,-0.011,-0.000,-0.061,-0.064
-1.507,0.262,-1.115,1.246,-0.011,0.000,-0.077,-0.057
-0.761,0.197,-0.855,0.500,-0.010,0.001,-0.078,-0.017
0.644,0.265,2.126,1.414,-0.007,0.001,-0.198,-0.055
1.252,0.924,2.591,1.435,-0.006,0.002,-0.201,-0.052
2.101,0.855,3.480,1.804,-0.004,0.002,-0.223,-0.063
1.480,1.333,2.195,2.236,-0.002,0.003,-0.134,-0.072
1.259,0.663,2.033,1.146,-0.001,0.003,-0.113,-0.014
1.171,0.968,1.757,1.551,-0.000,0.003,-0.090,-0.034
1.158,1.367,1.592,0.832,0.001,0.004,-0.072,0.004
1.278,0.522,1.224,0.884,0.001,0.004,-0.045,-0.000
0.928,0.524,0.627,0.740,0.001,0.004,-0.014,0.009
0.425,0.379,-0.152,0.493,0.001,0.003,0.023,0.018
-0.614,0.602,-1.725,0.693,0.000,0.003,0.086,0.008
-0.614,0.602,-1.725,0.693,0.000,0.003,0.086,0.008
-1.064,0.643,-2.125,0.660,-0.000,0.003,0.101,0.008
-0.688,0.338,-1.548,0.401,-0.002,0.003,0.058,0.021
-1.382,0.180,-2.610,-0.094,-0.003,0.003,0.095,0.041
-1.946,0.195,-6.551,6.951,-0.016,0.028,0.126,-0.000
-2.008,0.484,-11.234,15.523,-0.034,0.062,0.135,0.001
-1.067,0.643,-13.833,24.224,-0.052,0.096,0.047,-0.014
-2.967,3.238,-15.278,26.107,-0.067,0.126,-0.080,0.276
-6.121,8.287,-18.140,30.428,-0.083,0.155,-0.126,0.416
-7.932,10.435,-18.048,28.427,-0.095,0.179,-0.288,0.819
-8.502,8.391,-16.022,19.002,-0.106,0.195,-0.520,1.487
-4.895,2.754,-9.094,5.710,-0.104,0.192,-0.851,2.110
-6.726,4.072,-8.109,6.020,-0.112,0.204,-0.999,2.244
-6.726,4.072,-11.070,11.942,-0.124,0.227,-0.999,2.244
-5.034,-1.620,-3.349,-9.358,-0.106,0.182,-1.162,2.739
-5.899,1.809,-3.103,-5.647,-0.110,0.191,-1.221,2.664
-6.384,1.559,-2.837,-7.637,-0.109,0.181,-1.218,2.645
-7.010,0.822,-2.516,-7.805,-0.109,0.185,-1.231,2.701
-2.702,-3.967,1.154,-11.796,-0.097,0.156,-1.268,2.535
-5.354,2.644,0.318,-7.613,-0.090,0.147,-1.141,2.221
-3.161,-0.067,4.757,-13.456,-0.077,0.122,-1.204,2.202
-1.475,-1.585,5.829,-12.661,-0.070,0.110,-1.165,2.011
-2.642,0.917,4.586,-13.078,-0.057,0.083,-0.948,1.697
-1.240,0.178,7.180,-13.856,-0.049,0.072,-0.972,1.596
-0.774,0.047,7.032,-13.355,-0.040,0.054,-0.850,1.349
-0.707,0.419,7.423,-12.850,-0.029,0.038,-0.737,1.121
0.232,0.411,8.189,-11.971,-0.014,0.014,-0.589,0.777
-0.235,0.887,8.254,-13.542,-0.006,-0.002,-0.488,0.654
0.865,-1.359,9.092,-14.823,0.004,-0.019,-0.402,0.499
-0.072,-0.215,6.263,-12.840,0.015,-0.039,-0.121,0.149
3.045,-2.169,8.405,-9.844,0.026,-0.057,-0.090,-0.223
2.360,0.018,9.972,-10.934,0.037,-0.076,-0.032,-0.408
5.214,-1.876,9.612,-9.527,0.048,-0.093,0.122,-0.686
2.380,-0.017,7.303,-7.847,0.058,-0.111,0.366,-0.999
1.406,1.823,9.705,-13.399,0.069,-0.131,0.380,-0.965
3.780,-1.016,8.612,-8.521,0.078,-0.143,0.543,-1.364
4.473,-2.896,9.442,-12.297,0.089,-0.165,0.637,-1.447
4.178,-3.984,8.459,-12.118,0.098,-0.183,0.806,-1.684
3.196,-1.468,5.827,-6.887,0.102,-0.189,0.983,-2.014
4.302,-1.079,8.044,-4.402,0.111,-0.200,0.984,-2.278
3.881,-2.571,5.153,-6.040,0.117,-0.215,1.200,-2.380
1.733,1.941,0.525,6.177,0.113,-0.202,1.380,-2.832
2.112,1.176,-3.393,11.711,0.099,-0.174,1.404,-2.760
-0.605,5.550,-6.795,16.246,0.085,-0.152,1.399,-2.712
3.784,-4.142,-7.909,17.758,0.074,-0.131,1.321,-2.530
-0.318,2.797,-14.920,29.524,0.062,-0.104,1.525,-2.772
-3.988,6.691,-16.380,29.756,0.040,-0.069,1.315,-2.352
-3.910,5.815,-14.675,22.222,0.030,-0.050,1.113,-1.735
-4.785,4.900,-15.078,19.110,0.022,-0.038,1.029,-1.430
-4.785,4.900,-15.078,19.110,0.022,-0.038,1.029,-1.430
-5.265,3.737,-12.714,13.604,0.010,-0.025,0.767,-0.996
-5.126,0.231,-9.999,3.871,-0.002,-0.012,0.470,-0.341
-5.126,0.231,-9.999,3.871,-0.002,-0.012,0.470,-0.341
-5.347,-0.029,-8.508,1.766,-0.009,-0.008,0.318,-0.190
-5.298,0.353,-8.629,2.710,-0.010,-0.006,0.301,-0.215
-4.678,-0.305,-7.365,1.264,-0.013,-0.005,0.206,-0.129
-4.639,-0.524,-5.871,0.617,-0.015,-0.004,0.111,-0.081
-4.403,-1.039,-5.689,-0.144,-0.016,-0.003,0.091,-0.035
-3.502,-0.986,-4.070,-0.361,-0.016,-0.003,0.004,-0.021
-3.395,-1.236,-3.342,-1.206,-0.016,-0.003,-0.029,0.019
-3.238,-1.097,-3.388,-0.750,-0.015,-0.003,-0.023,-0.002
-3.154,-0.405,-3.370,-0.117,-0.015,-0.003,-0.023,-0.032
-2.649,-0.667,-2.278,0.148,-0.015,-0.003,-0.070,-0.043
-2.512,-0.658,-2.319,0.326,-0.014,-0.002,-0.062,-0.046
-1.668,0.022,-1.290,0.919,-0.013,-0.002,-0.098,-0.068
-1.581,-0.057,-0.795,0.906,-0.012,-0.001,-0.112,-0.060
-1.581,-0.057,-0.795,0.906,-0.012,-0.001,-0.112,-0.060
-2.157,0.364,-1.969,1.495,-0.011,-0.001,-0.044,-0.081
-1.168,0.646,-0.798,1.268,-0.010,0.001,-0.086,-0.057
-0.784,-0.105,-0.678,0.438,-0.010,0.001,-0.088,-0.012
0.305,0.412,1.825,0.889,-0.007,0.001,-0.179,-0.028
1.316,0.632,2.518,1.795,-0.006,0.002,-0.196,-0.068
1.514,0.709,3.082,1.248,-0.004,0.002,-0.207,-0.036
1.299,0.947,2.422,1.525,-0.001,0.003,-0.138,-0.033
1.043,0.701,1.658,1.163,-0.000,0.004,-0.089,-0.014
0.747,0.946,0.660,1.101,0.000,0.004,-0.032,-0.010
0.638,0.723,0.836,0.572,0.001,0.004,-0.032,0.015
0.535,0.762,-0.017,0.787,0.001,0.003,0.012,0.004
-0.006,0.560,-0.615,0.639,0.001,0.003,0.038,0.011
-0.226,0.703,-1.150,0.704,-0.000,0.003,0.054,0.007
-0.567,0.620,-2.030,0.801,-0.001,0.003,0.087,0.003
-0.567,0.620,-2.030,0.801,-0.001,0.003,0.087,0.003
-0.933,-0.029,-1.857,0.007,-0.002,0.003,0.068,0.037
-0.995,0.419,-2.241,0.444,-0.003,0.003,0.081,0.014
-1.443,0.260,-6.244,6.720,-0.016,0.028,0.113,0.014
-1.571,0.629,-10.148,15.919,-0.034,0.062,0.078,-0.019
-1.134,0.629,-13.278,24.252,-0.051,0.096,0.021,-0.016
-2.892,3.438,-15.096,26.125,-0.067,0.127,-0.089,0.279
-6.553,7.300,-18.349,33.199,-0.082,0.157,-0.114,0.305
-4.268,3.941,-18.089,29.275,-0.095,0.180,-0.285,0.781
-6.690,6.988,-13.326,15.589,-0.103,0.191,-0.625,1.608
-3.935,3.160,-11.209,17.095,-0.110,0.208,-0.821,1.745
-9.749,6.766,-8.609,6.980,-0.113,0.205,-0.983,2.215
-9.749,6.766,-11.570,12.902,-0.125,0.229,-0.983,2.215
-4.995,-0.314,-2.081,-10.383,-0.111,0.196,-1.288,2.968
-5.388,2.278,-2.395,-6.848,-0.111,0.199,-1.272,2.825
-5.611,3.158,-1.501,-7.626,-0.110,0.193,-1.294,2.795
-4.501,-1.044,0.406,-13.307,-0.099,0.164,-1.252,2.713
-4.624,-0.282,-0.066,-13.377,-0.095,0.155,-1.181,2.610
-4.335,0.137,3.137,-13.492,-0.089,0.145,-1.273,2.489
-2.065,-1.913,3.535,-12.159,-0.076,0.124,-1.130,2.164
-3.441,2.024,3.431,-9.518,-0.070,0.113,-1.046,1.893
-1.909,0.704,5.649,-12.306,-0.057,0.089,-0.994,1.729
-1.007,0.568,7.503,-14.184,-0.048,0.075,-0.978,1.644
-0.976,-0.362,6.431,-13.319,-0.040,0.059,-0.818,1.402
-0.718,-0.157,7.338,-14.208,-0.030,0.042,-0.745,1.234
-0.390,0.622,8.731,-13.937,-0.023,0.026,-0.720,1.024
0.315,0.540,8.946,-13.868,-0.006,0.000,-0.520,0.697
0.766,-0.427,9.457,-13.646,0.005,-0.019,-0.411,0.449
-0.144,-0.134,8.609,-16.583,0.015,-0.038,-0.245,0.358
0.922,1.706,10.366,-13.496,0.027,-0.058,-0.181,-0.055
2.744,-0.302,9.999,-10.986,0.039,-0.077,-0.011,-0.407
3.346,-1.981,10.154,-13.933,0.050,-0.096,0.119,-0.509
2.160,1.021,10.950,-13.936,0.061,-0.116,0.218,-0.754
3.869,-2.348,9.910,-13.335,0.071,-0.130,0.391,-0.964
3.589,-1.172,8.750,-9.378,0.080,-0.147,0.566,-1.365
3.932,-1.077,9.459,-8.839,0.088,-0.159,0.628,-1.548
4.528,-3.403,8.906,-11.867,0.098,-0.178,0.782,-1.627
2.818,-1.581,4.204,-6.488,0.103,-0.191,1.079,-2.061
0.907,3.513,7.280,-6.864,0.111,-0.203,1.027,-2.190
6.537,-6.805,10.372,-13.076,0.121,-0.224,0.988,-2.148
4.297,-1.787,9.435,-11.951,0.128,-0.235,1.134,-2.340
0.771,3.296,-5.042,6.422,0.093,-0.173,1.416,-2.480
4.765,-7.700,-5.042,6.422,0.093,-0.173,1.416,-2.480
3.227,-1.680,-6.585,19.452,0.087,-0.155,1.420,-2.915
-2.943,7.285,-17.462,33.649,0.050,-0.085,1.495,-2.747
-2.943,7.285,-17.462,33.649,0.050,-0.085,1.495,-2.747
-2.846,7.755,-15.135,32.084,0.042,-0.070,1.283,-2.483
-4.863,3.336,-13.443,14.689,0.016,-0.031,0.871,-1.125
-4.736,3.666,-12.148,13.654,0.011,-0.025,0.748,-1.000
-5.314,2.305,-12.210,9.068,0.006,-0.019,0.682,-0.694
-5.315,0.765,-9.988,4.379,-0.002,-0.012,0.477,-0.366
-4.821,-0.072,-8.860,2.951,-0.005,-0.010,0.382,-0.273
-4.814,-0.201,-8.640,1.830,-0.008,-0.008,0.336,-0.197
-5.168,-0.007,-8.399,1.676,-0.012,-0.006,0.275,-0.155
-4.767,-0.139,-6.939,1.011,-0.013,-0.005,0.181,-0.109
-4.565,-0.237,-5.831,0.713,-0.015,-0.004,0.110,-0.087
-3.970,-0.904,-4.681,-0.442,-0.016,-0.003,0.039,-0.018
-3.784,-1.236,-4.351,-0.818,-0.016,-0.003,0.020,0.001
-3.271,-1.179,-3.427,-1.134,-0.016,-0.003,-0.023,0.015
-3.412,-1.180,-3.507,-0.724,-0.015,-0.003,-0.015,-0.004
-2.899,-1.040,-2.991,-0.732,-0.015,-0.003,-0.039,-0.005
-2.714,-0.269,-2.344,0.777,-0.014,-0.003,-0.059,-0.074
-2.158,-0.197,-1.667,0.686,-0.014,-0.002,-0.089,-0.062
-1.594,0.192,-0.632,0.737,-0.013,-0.002,-0.128,-0.058
-1.498,1.225,-1.225,1.653,-0.011,-0.000,-0.078,-0.089
-1.566,0.645,-1.370,1.614,-0.011,0.000,-0.066,-0.081
-1.489,0.486,-1.251,1.346,-0.010,0.001,-0.066,-0.061
0.137,0.418,1.314,1.098,-0.008,0.001,-0.168,-0.040
0.523,0.341,1.885,1.318,-0.007,0.001,-0.186,-0.050
1.092,0.998,2.577,2.004,-0.006,0.002,-0.198,-0.077
1.097,1.000,2.598,1.597,-0.003,0.003,-0.171,-0.047
1.121,1.155,2.182,2.068,-0.002,0.003,-0.134,-0.066
1.263,1.009,2.060,1.591,-0.001,0.003,-0.120,-0.038
1.258,1.050,1.758,1.574,-0.000,0.003,-0.094,-0.035
0.932,0.602,1.409,0.666,-0.000,0.003,-0.071,0.009
1.128,0.604,0.917,0.984,0.001,0.004,-0.038,-0.005
0.465,0.664,0.013,1.073,0.001,0.004,0.010,-0.009
0.022,0.418,-0.742,0.523,0.000,0.003,0.042,0.016
-0.480,0.744,-1.471,0.740,0.000,0.003,0.074,0.005
-0.614,0.560,-1.431,0.815,-0.001,0.003,0.057,0.002
-0.604,0.338,-1.302,0.549,-0.002,0.003,0.046,0.013
-0.625,0.150,-1.265,-0.028,-0.002,0.003,0.041,0.041
-0.935,0.355,-2.271,0.701,-0.002,0.003,0.083,0.003
-1.639,0.549,-6.123,7.036,-0.017,0.028,0.099,-0.002
-1.420,0.772,-9.804,15.678,-0.034,0.062,0.062,-0.005
-3.623,1.972,-12.870,23.587,-0.051,0.096,0.006,0.018
-2.529,2.726,-14.654,26.015,-0.066,0.126,-0.098,0.275
-2.357,1.546,-18.054,31.826,-0.082,0.156,-0.118,0.358
-2.357,1.546,-21.860,39.438,-0.097,0.186,-0.118,0.358
-9.209,11.169,-24.179,37.983,-0.110,0.210,-0.167,0.722
-7.542,5.897,-11.777,11.875,-0.109,0.202,-0.768,1.925
-5.992,6.474,-7.593,7.347,-0.112,0.209,-1.019,2.248
-7.257,8.116,-6.927,5.044,-0.117,0.218,-1.118,2.472
-5.633,3.606,-4.667,-2.559,-0.107,0.187,-1.102,2.460
-5.633,3.606,-7.090,2.288,-0.117,0.206,-1.102,2.460
-6.460,3.858,-5.760,1.777,-0.118,0.213,-1.185,2.568
-2.811,-0.863,0.040,-7.662,-0.102,0.179,-1.283,2.615
-3.056,1.255,-0.053,-6.425,-0.099,0.166,-1.233,2.392
-4.388,0.611,1.466,-13.432,-0.087,0.141,-1.164,2.437
-3.705,-0.151,4.392,-14.383,-0.081,0.130,-1.230,2.342
-1.502,-1.850,5.626,-14.331,-0.071,0.116,-1.172,2.169
-2.903,0.219,4.278,-13.501,-0.062,0.095,-0.988,1.859
-0.905,-1.070,6.978,-12.508,-0.044,0.068,-0.901,1.470
-1.570,0.329,5.634,-13.542,-0.038,0.055,-0.750,1.369
-0.298,0.303,8.100,-12.726,-0.028,0.037,-0.757,1.098
0.411,-1.062,8.738,-15.720,-0.018,0.019,-0.662,1.028
-0.003,0.595,6.901,-11.971,-0.004,-0.002,-0.401,0.570
0.615,-0.098,8.250,-13.264,0.006,-0.020,-0.343,0.410
0.734,-0.402,6.410,-13.772,0.016,-0.039,-0.120,0.202
1.696,-2.543,9.322,-11.410,0.028,-0.057,-0.118,-0.145
2.967,-1.606,10.841,-14.216,0.039,-0.078,-0.056,-0.261
3.633,-1.923,10.634,-13.744,0.050,-0.097,0.095,-0.522
3.954,-2.337,10.185,-13.175,0.061,-0.116,0.248,-0.791
3.949,-1.665,9.355,-11.245,0.071,-0.133,0.424,-1.096
1.847,3.698,9.999,-10.701,0.080,-0.146,0.503,-1.292
6.608,-4.408,11.045,-11.253,0.090,-0.163,0.568,-1.475
4.245,-2.562,8.200,-8.275,0.100,-0.181,0.843,-1.846
2.763,0.600,4.377,-1.094,0.102,-0.188,1.061,-2.296
5.917,0.233,8.311,-6.416,0.109,-0.199,0.949,-2.167
2.699,-3.344,3.533,1.610,0.115,-0.203,1.258,-2.620
3.102,-3.293,1.086,-3.083,0.121,-0.218,1.463,-2.570
3.102,-3.293,1.086,-3.083,0.121,-0.218,1.463,-2.570
-1.355,6.702,-3.313,7.393,0.099,-0.174,1.400,-2.545
0.815,0.566,-14.416,27.652,0.068,-0.121,1.565,-2.897
-1.049,4.693,-16.212,32.293,0.058,-0.104,1.537,-2.909
-2.652,7.278,-14.568,30.240,0.042,-0.068,1.248,-2.364
-5.770,5.424,-16.964,20.985,0.023,-0.043,1.137,-1.583
-5.814,4.620,-15.196,18.781,0.019,-0.035,0.998,-1.372
-5.029,3.150,-12.289,12.607,0.010,-0.023,0.736,-0.917
-5.366,1.818,-12.408,8.634,0.006,-0.019,0.690,-0.666
-5.121,0.530,-9.564,3.917,-0.004,-0.011,0.434,-0.339
-5.121,0.530,-9.564,3.917,-0.004,-0.011,0.434,-0.339
-5.353,0.115,-8.442,2.449,-0.009,-0.008,0.308,-0.220
-5.530,0.052,-8.189,2.226,-0.011,-0.006,0.269,-0.190
-4.946,-0.519,-7.604,0.777,-0.013,-0.005,0.217,-0.105
-4.470,-0.337,-5.793,0.918,-0.015,-0.004,0.107,-0.095
-4.205,-1.204,-5.183,-0.253,-0.016,-0.003,0.059,-0.030
-3.464,-1.264,-3.897,-0.729,-0.016,-0.003,-0.002,-0.002
-3.037,-1.180,-2.734,-1.059,-0.015,-0.003,-0.055,0.013
-3.194,-0.682,-3.249,-0.271,-0.015,-0.003,-0.027,-0.025
-2.772,-0.405,-2.917,-0.138,-0.015,-0.003,-0.040,-0.032
-2.765,-0.541,-2.990,0.170,-0.015,-0.003,-0.034,-0.043
-2.095,-0.273,-1.913,0.205,-0.014,-0.002,-0.080,-0.037
-1.611,0.232,-1.061,0.971,-0.013,-0.002,-0.107,-0.069
-1.789,0.364,-1.413,1.747,-0.011,-0.000,-0.072,-0.093
-1.561,0.341,-1.764,1.581,-0.011,0.000,-0.048,-0.078
-1.561,0.341,-1.764,1.581,-0.011,0.000,-0.048,-0.078
-1.519,0.277,-1.445,0.998,-0.010,0.001,-0.057,-0.042
0.524,0.634,1.775,1.222,-0.007,0.001,-0.179,-0.045
0.524,0.634,1.775,1.222,-0.007,0.001,-0.179,-0.045
1.157,0.924,2.748,1.618,-0.005,0.002,-0.205,-0.061
1.145,1.091,2.269,2.113,-0.002,0.003,-0.142,-0.069
1.342,0.825,1.780,1.055,-0.001,0.003,-0.099,-0.011
1.342,0.825,1.780,1.055,-0.001,0.003,-0.099,-0.011
0.960,0.664,1.209,0.983,0.001,0.004,-0.051,-0.004
0.993,0.805,1.147,0.774,0.001,0.004,-0.046,0.005
0.570,0.641,0.229,1.018,0.001,0.004,0.000,-0.006
0.020,0.762,-0.746,0.747,0.001,0.003,0.046,0.006
-0.194,0.704,-1.169,0.942,0.000,0.003,0.059,-0.006
-0.352,0.925,-1.603,0.776,-0.001,0.003,0.069,0.005
0.033,0.358,-0.557,0.545,-0.001,0.003,0.012,0.015
-0.403,0.133,-1.525,0.186,-0.002,0.003,0.056,0.031
-1.017,0.051,-1.938,0.241,-0.003,0.003,0.065,0.024
-1.655,0.499,-5.969,7.102,-0.016,0.028,0.100,-0.004
-1.271,0.484,-10.028,15.436,-0.034,0.062,0.076,0.005
-1.127,0.419,-13.386,24.168,-0.051,0.096,0.030,-0.011
-2.665,3.420,-14.955,27.132,-0.067,0.127,-0.088,0.233
-5.269,8.105,-17.054,30.564,-0.082,0.156,-0.166,0.419
-7.539,9.511,-16.272,27.492,-0.094,0.178,-0.362,0.853
-6.467,7.360,-12.678,17.210,-0.103,0.193,-0.654,1.554
-10.078,10.055,-11.822,9.251,-0.105,0.190,-0.718,1.918
-5.604,2.741,-6.664,1.946,-0.111,0.202,-1.060,2.429
-5.203,6.743,-5.698,5.040,-0.116,0.211,-1.169,2.391
-3.292,-1.979,-4.331,-2.197,-0.114,0.202,-1.202,2.630
-8.471,5.434,-7.670,1.080,-0.115,0.201,-1.048,2.461
-4.896,2.018,-4.335,-0.941,-0.116,0.207,-1.231,2.639
-3.120,0.214,-0.872,-9.182,-0.101,0.169,-1.217,2.577
-3.627,-1.532,-1.088,-7.755,-0.095,0.162,-1.136,2.414
-4.665,4.059,1.805,-5.753,-0.090,0.153,-1.220,2.203
-4.630,1.032,0.984,-10.381,-0.089,0.146,-1.164,2.341
-2.837,0.260,3.241,-13.688,-0.064,0.099,-0.968,1.924
-2.140,-0.560,5.058,-14.639,-0.059,0.093,-0.993,1.895
-1.639,-0.536,6.490,-15.341,-0.051,0.075,-0.957,1.700
-0.743,-0.321,6.775,-14.627,-0.035,0.050,-0.774,1.359
-0.250,-0.170,7.959,-12.195,-0.027,0.034,-0.735,1.039
0.295,-1.001,8.513,-16.040,-0.016,0.017,-0.624,1.015
0.405,-0.578,8.269,-13.956,-0.005,-0.001,-0.482,0.685
0.918,-0.750,9.162,-13.914,0.005,-0.019,-0.397,0.455
0.671,0.738,7.467,-11.327,0.016,-0.040,-0.168,0.072
2.022,-0.483,10.079,-13.333,0.027,-0.059,-0.166,-0.065
3.161,-1.788,10.354,-14.490,0.039,-0.078,-0.036,-0.251
3.416,-0.091,9.664,-9.746,0.049,-0.094,0.133,-0.691
3.416,-0.091,12.867,-16.152,0.062,-0.120,0.133,-0.691
3.664,-1.980,9.211,-12.696,0.071,-0.132,0.421,-1.020
3.307,-0.878,7.509,-9.211,0.080,-0.146,0.621,-1.366
5.276,-1.196,10.912,-8.747,0.090,-0.164,0.582,-1.609
4.278,0.184,8.869,-6.467,0.095,-0.171,0.750,-1.814
3.389,-1.043,6.518,-6.553,0.103,-0.184,0.958,-1.978
0.913,2.861,7.828,-8.968,0.110,-0.201,0.979,-2.070
5.573,-5.971,9.209,-14.098,0.119,-0.219,1.022,-2.031
3.046,-1.597,2.611,-1.874,0.115,-0.210,1.313,-2.526
0.834,3.809,1.063,6.354,0.103,-0.189,1.231,-2.678
5.225,-3.972,-3.395,13.403,0.092,-0.163,1.319,-2.702
0.044,3.302,-16.246,32.689,0.069,-0.120,1.679,-3.132
-1.966,7.603,-17.205,36.471,0.057,-0.102,1.568,-3.092
-3.178,7.129,-15.710,30.364,0.038,-0.065,1.259,-2.336
-5.057,5.352,-16.197,21.441,0.026,-0.043,1.141,-1.614
-4.395,5.626,-13.943,19.960,0.019,-0.035,0.929,-1.436
-4.209,3.901,-11.150,13.998,0.013,-0.026,0.715,-1.031
-5.452,2.041,-12.700,8.786,0.007,-0.019,0.721,-0.674
-4.880,0.627,-9.539,4.457,-0.001,-0.012,0.469,-0.371
-4.667,-0.035,-8.296,2.289,-0.006,-0.009,0.338,-0.225
-4.561,0.084,-7.995,2.594,-0.007,-0.008,0.309,-0.224
-5.443,0.199,-8.561,2.092,-0.010,-0.006,0.297,-0.176
-4.369,-0.718,-6.405,0.632,-0.013,-0.004,0.153,-0.083
-4.014,-0.909,-5.010,-0.265,-0.014,-0.004,0.076,-0.032
-4.085,-0.848,-5.022,-0.112,-0.015,-0.003,0.069,-0.035
-4.294,-0.986,-5.431,-0.803,-0.015,-0.003,0.084,0.001
-3.272,-1.152,-4.053,-0.840,-0.015,-0.003,0.012,0.002
-2.947,-1.568,-3.106,-0.444,-0.015,-0.003,-0.029,-0.017
-2.781,-0.655,-2.942,-0.081,-0.015,-0.003,-0.034,-0.033
-2.781,-0.655,-2.942,-0.081,-0.015,-0.003,-0.034,-0.033
-1.853,-0.279,-1.418,0.027,-0.013,-0.002,-0.090,-0.027
-1.787,-0.275,-0.882,0.784,-0.012,-0.002,-0.107,-0.059
-2.157,0.448,-1.889,1.594,-0.011,-0.001,-0.048,-0.093
-2.007,-0.059,-2.012,1.654,-0.011,-0.000,-0.040,-0.086
-1.730,0.342,-1.255,1.187,-0.011,0.000,-0.071,-0.055
-1.440,0.473,-1.089,1.354,-0.010,0.001,-0.074,-0.060
0.138,0.265,1.175,1.122,-0.008,0.001,-0.157,-0.044
0.221,0.194,1.505,0.574,-0.007,0.001,-0.162,-0.012
1.367,0.848,3.091,1.780,-0.004,0.002,-0.208,-0.060
1.226,1.078,2.121,1.843,-0.003,0.003,-0.143,-0.059
1.514,1.091,2.596,2.005,-0.002,0.003,-0.150,-0.060
1.131,0.681,1.732,1.029,-0.001,0.003,-0.100,-0.011
0.883,0.702,0.809,1.053,0.000,0.003,-0.039,-0.009
1.158,0.618,1.158,0.862,0.001,0.004,-0.048,0.002
0.499,0.702,0.306,0.883,0.001,0.003,-0.005,-0.001
0.298,0.865,-0.580,1.339,0.001,0.004,0.036,-0.023
-0.413,0.641,-1.657,0.825,0.000,0.004,0.084,0.003
-0.605,0.276,-1.784,0.386,-0.001,0.003,0.078,0.023
0.163,0.601,-0.770,0.840,-0.001,0.003,0.024,-0.001
-0.249,0.500,-1.647,0.573,-0.002,0.003,0.062,0.011
-0.905,0.195,-1.662,0.375,-0.002,0.003,0.058,0.019
-0.712,0.483,-4.805,6.828,-0.015,0.028,0.053,0.010
-1.785,0.484,-10.436,15.561,-0.034,0.062,0.097,-0.000
-0.762,0.403,-12.724,23.919,-0.051,0.096,-0.002,0.003
-3.180,4.982,-16.369,30.752,-0.067,0.128,-0.023,0.064
-2.451,2.664,-18.378,33.169,-0.082,0.157,-0.109,0.306
-8.204,14.598,-18.286,37.380,-0.095,0.184,-0.278,0.430
-6.629,8.097,-12.934,19.307,-0.102,0.196,-0.630,1.481
-7.122,9.799,-11.308,15.064,-0.110,0.209,-0.805,1.856
-4.160,1.348,-3.545,-2.494,-0.108,0.197,-1.172,2.589
-6.654,3.614,-6.110,0.609,-0.113,0.206,-1.111,2.539
-5.129,1.376,-3.280,-5.639,-0.112,0.200,-1.239,2.780
-5.205,2.422,-2.361,-6.331,-0.112,0.197,-1.283,2.783
-5.205,2.422,-4.493,-2.069,-0.121,0.214,-1.283,2.783
-1.935,-4.505,-0.185,-11.741,-0.097,0.162,-1.202,2.618
-5.479,2.042,-2.309,-7.309,-0.094,0.156,-1.059,2.317
-4.593,2.949,2.231,-8.182,-0.091,0.152,-1.255,2.305
-3.008,0.995,3.816,-8.883,-0.076,0.123,-1.145,1.976
-3.621,1.667,3.570,-11.643,-0.070,0.115,-1.054,2.014
-1.299,0.746,6.991,-12.941,-0.055,0.086,-1.033,1.718
-0.714,-1.665,7.966,-17.063,-0.048,0.071,-0.997,1.735
-0.714,-1.665,8.479,-18.089,-0.046,0.066,-0.997,1.735
-0.465,-0.999,7.890,-15.493,-0.028,0.038,-0.745,1.251
0.650,-0.116,8.913,-13.387,-0.014,0.015,-0.622,0.856
0.160,-0.066,7.041,-13.497,-0.004,-0.002,-0.407,0.646
1.050,-0.996,9.291,-14.627,0.005,-0.020,-0.398,0.483
-0.695,-0.148,7.647,-13.568,0.017,-0.040,-0.172,0.177
1.814,-0.261,9.428,-12.204,0.028,-0.059,-0.126,-0.123
2.745,-0.611,10.086,-12.086,0.039,-0.077,-0.016,-0.362
1.664,1.092,11.272,-15.441,0.050,-0.097,0.068,-0.443
5.153,-4.439,13.005,-18.108,0.062,-0.117,0.129,-0.559
3.122,-1.501,7.689,-11.090,0.071,-0.133,0.508,-1.103
2.409,2.418,10.786,-10.959,0.082,-0.151,0.482,-1.340
2.757,0.112,6.523,-4.794,0.086,-0.158,0.755,-1.730
2.757,0.112,10.484,-12.717,0.102,-0.189,0.755,-1.730
4.043,-2.935,11.982,-18.990,0.115,-0.212,0.841,-1.696
1.677,1.861,7.261,-8.869,0.114,-0.211,1.063,-2.196
5.678,-4.159,8.713,-8.854,0.119,-0.218,1.053,-2.286
0.377,2.258,2.520,-5.507,0.118,-0.219,1.354,-2.458
6.178,-5.737,2.501,-0.844,0.108,-0.194,1.231,-2.379
1.870,1.001,-9.965,24.647,0.087,-0.153,1.586,-3.139
1.216,1.129,-13.583,30.185,0.071,-0.128,1.565,-3.107
-0.274,6.793,-15.207,35.972,0.059,-0.103,1.498,-3.084
-2.848,7.403,-14.802,30.455,0.042,-0.067,1.267,-2.358
-3.832,6.043,-14.343,24.125,0.030,-0.051,1.096,-1.846
-5.070,5.453,-15.593,19.564,0.022,-0.039,1.052,-1.462
-4.598,3.308,-13.078,15.360,0.012,-0.024,0.803,-1.064
-4.794,3.840,-11.925,13.932,0.012,-0.024,0.746,-0.992
-5.055,1.384,-10.633,7.455,0.003,-0.015,0.567,-0.557
-5.231,-0.292,-9.276,2.236,-0.004,-0.010,0.410,-0.231
-5.027,0.004,-8.438,2.007,-0.007,-0.008,0.334,-0.203
-5.566,-0.014,-8.591,2.347,-0.010,-0.006,0.305,-0.195
-5.493,-0.317,-8.456,1.073,-0.012,-0.005,0.271,-0.116
-3.901,-0.055,-5.066,0.498,-0.014,-0.004,0.079,-0.072
-4.209,-1.040,-5.300,-0.651,-0.015,-0.003,0.078,-0.008
-4.209,-1.040,-5.300,-0.651,-0.015,-0.003,0.078,-0.008
-3.067,-1.070,-2.855,-0.507,-0.015,-0.003,-0.044,-0.014
-3.405,-1.070,-3.626,-0.689,-0.015,-0.003,-0.004,-0.005
-3.275,-1.097,-3.428,-0.857,-0.015,-0.003,-0.014,0.004
-2.887,-0.438,-3.038,0.210,-0.015,-0.003,-0.030,-0.044
-1.903,-0.233,-1.482,0.262,-0.013,-0.002,-0.093,-0.037
-1.903,-0.233,-1.482,0.262,-0.013,-0.002,-0.093,-0.037
-1.515,-0.190,-0.724,0.611,-0.012,-0.002,-0.120,-0.054
-1.944,0.646,-1.998,1.617,-0.011,0.000,-0.035,-0.080
-1.598,0.725,-1.410,1.543,-0.010,0.001,-0.058,-0.071
0.000,0.333,1.175,1.006,-0.009,0.001,-0.169,-0.038
0.222,0.119,1.660,1.216,-0.007,0.001,-0.175,-0.043
0.886,0.632,1.929,1.511,-0.006,0.002,-0.172,-0.055
1.368,1.224,2.996,2.377,-0.004,0.002,-0.197,-0.089
1.062,1.379,1.822,2.264,-0.002,0.003,-0.120,-0.075
1.395,0.724,1.947,1.389,-0.001,0.003,-0.113,-0.028
1.219,0.848,1.740,0.931,-0.000,0.003,-0.088,-0.003
1.186,0.523,1.275,0.602,0.000,0.004,-0.062,0.015
0.602,0.464,0.277,0.825,0.000,0.004,-0.009,0.004
0.713,0.663,0.049,0.895,0.001,0.003,0.006,-0.001
-0.119,0.522,-0.704,0.830,0.000,0.004,0.041,0.003
-0.688,0.723,-1.847,1.009,-0.001,0.003,0.086,-0.008
-0.688,0.723,-1.847,1.009,-0.001,0.003,0.086,-0.008
-0.146,0.500,-0.672,0.778,-0.001,0.003,0.019,0.004
-0.605,-0.074,-1.346,0.275,-0.001,0.003,0.049,0.025
-0.655,0.324,-1.449,-0.014,-0.002,0.003,0.046,0.038
-0.854,0.419,-5.087,6.827,-0.015,0.028,0.063,0.009
-1.422,0.629,-10.165,15.385,-0.033,0.062,0.092,0.007
-0.832,0.659,-13.098,24.011,-0.051,0.096,0.020,-0.002
-3.473,5.517,-16.286,31.516,-0.067,0.128,-0.026,0.026
-2.382,2.759,-18.196,33.553,-0.082,0.157,-0.117,0.288
-6.146,8.031,-14.658,22.981,-0.094,0.178,-0.439,1.073
-6.973,7.834,-13.523,18.797,-0.102,0.195,-0.602,1.504
-4.330,2.988,-12.567,15.480,-0.111,0.209,-0.764,1.834
-9.428,11.402,-13.751,17.010,-0.116,0.219,-0.768,1.886
-5.983,6.741,-4.394,5.164,-0.114,0.214,-1.210,2.415
-3.685,-1.009,-4.981,-1.196,-0.116,0.214,-1.200,2.734
-5.763,6.238,-7.081,0.424,-0.117,0.207,-1.103,2.565
-4.954,4.145,-0.696,-6.324,-0.108,0.191,-1.310,2.708
-4.069,1.042,1.612,-12.039,-0.102,0.178,-1.352,2.830
-4.248,0.569,2.640,-11.774,-0.097,0.163,-1.347,2.623
-3.714,0.286,4.331,-13.971,-0.091,0.151,-1.359,2.589
-4.170,-1.194,1.368,-15.674,-0.088,0.148,-1.163,2.629
-1.612,-2.842,5.317,-14.603,-0.071,0.111,-1.149,2.115
-2.436,-0.625,3.471,-12.880,-0.063,0.101,-0.967,1.903
-0.225,-1.382,7.302,-13.263,-0.049,0.073,-0.978,1.571
-0.031,0.359,7.131,-12.407,-0.034,0.048,-0.781,1.218
0.044,0.831,7.552,-10.993,-0.026,0.035,-0.705,0.984
0.737,0.005,8.744,-15.094,-0.015,0.018,-0.623,0.976
0.464,-0.150,7.886,-13.110,-0.005,-0.000,-0.454,0.652
-0.070,0.246,6.414,-11.635,0.007,-0.021,-0.237,0.324
0.920,0.316,8.410,-12.259,0.017,-0.039,-0.205,0.128
2.136,-0.782,9.962,-12.748,0.028,-0.058,-0.147,-0.085
3.304,-0.832,11.271,-12.709,0.040,-0.077,-0.069,-0.324
4.608,-1.091,12.029,-14.235,0.051,-0.096,0.037,-0.489
3.448,-1.847,9.127,-9.438,0.061,-0.108,0.301,-0.879
4.009,-2.652,10.041,-14.093,0.072,-0.132,0.397,-0.941
4.185,-2.210,9.325,-11.759,0.081,-0.148,0.548,-1.266
5.496,-2.643,10.794,-10.819,0.091,-0.166,0.602,-1.540
2.739,2.669,6.133,-0.655,0.094,-0.164,0.865,-2.020
3.518,-1.812,6.183,-7.400,0.104,-0.189,0.993,-1.994
4.807,-2.658,8.346,-6.629,0.113,-0.201,0.993,-2.180
3.738,-2.714,4.650,-6.700,0.118,-0.216,1.242,-2.370
-0.104,2.972,1.516,-3.215,0.119,-0.221,1.416,-2.597
0.162,4.383,-0.302,7.209,0.102,-0.184,1.286,-2.662
0.162,4.383,-0.302,7.209,0.102,-0.184,1.286,-2.662
-1.146,3.226,-16.867,31.386,0.062,-0.112,1.621,-2.965
-2.398,5.817,-17.292,33.417,0.053,-0.094,1.530,-2.851
-3.550,7.428,-15.113,28.864,0.035,-0.060,1.195,-2.196
-3.550,7.428,-15.113,28.864,0.035,-0.060,1.195,-2.196
-5.086,4.320,-14.342,17.590,0.018,-0.033,0.945,-1.288
-4.760,3.342,-11.934,13.308,0.012,-0.025,0.746,-0.972
-4.760,3.342,-11.934,13.308,0.012,-0.025,0.746,-0.972
-5.122,1.654,-10.617,8.024,-0.003,-0.011,0.495,-0.536
-4.678,0.483,-9.657,3.921,-0.003,-0.011,0.447,-0.331
-4.688,0.139,-8.535,2.474,-0.008,-0.008,0.328,-0.225
-5.361,0.300,-8.335,2.605,-0.010,-0.007,0.296,-0.212
-5.070,0.148,-8.185,1.617,-0.012,-0.005,0.255,-0.143
-4.295,-0.484,-5.429,0.154,-0.015,-0.004,0.086,-0.052
-4.313,-1.066,-5.264,-0.325,-0.015,-0.003,0.071,-0.025
-4.313,-1.066,-5.264,-0.325,-0.015,-0.003,0.071,-0.025
-3.918,-0.599,-4.929,-0.699,-0.016,-0.003,0.049,-0.005
-3.227,-0.607,-3.255,-0.859,-0.015,-0.003,-0.028,0.001
-3.025,-0.848,-3.002,-0.899,-0.015,-0.003,-0.037,0.006
-2.462,-0.624,-2.002,0.069,-0.014,-0.003,-0.077,-0.036
-2.462,-0.624,-2.002,0.069,-0.014,-0.003,-0.077,-0.036
-1.816,-0.233,-1.427,0.423,-0.013,-0.002,-0.093,-0.045
-1.657,0.193,-1.006,1.106,-0.013,-0.002,-0.110,-0.076
-1.715,0.421,-1.840,1.292,-0.011,-0.000,-0.051,-0.067
-1.471,0.263,-0.692,1.284,-0.010,0.001,-0.092,-0.057
-0.776,-0.027,0.230,0.456,-0.009,0.001,-0.127,-0.012
0.482,0.558,1.554,1.590,-0.008,0.001,-0.173,-0.064
0.805,0.631,1.811,1.113,-0.006,0.002,-0.165,-0.036
1.967,1.078,3.599,1.969,-0.003,0.003,-0.222,-0.067
1.210,0.805,2.337,1.333,-0.001,0.003,-0.130,-0.025
1.266,0.926,1.943,1.443,-0.000,0.003,-0.101,-0.030
1.511,0.463,1.646,0.867,0.001,0.004,-0.072,0.001
1.835,0.500,1.875,0.988,0.002,0.004,-0.074,-0.005
1.835,0.500,1.875,0.988,0.002,0.004,-0.074,-0.005
1.565,0.908,1.566,0.873,0.002,0.003,-0.054,-0.000
0.366,0.621,-0.386,0.564,0.001,0.003,0.038,0.014
0.099,0.500,-0.494,0.725,0.001,0.003,0.038,0.005
-0.255,0.602,-1.228,0.678,0.001,0.003,0.069,0.009
-0.311,0.663,-1.708,0.905,-0.000,0.003,0.085,-0.003
-0.875,0.481,-2.038,0.484,-0.002,0.003,0.080,0.016
-1.322,0.338,-2.381,0.505,-0.002,0.003,0.091,0.015
-1.589,0.115,-6.145,6.381,-0.016,0.028,0.109,0.034
-1.565,0.853,-10.673,15.634,-0.034,0.062,0.112,-0.005
-1.565,0.853,-14.871,24.031,-0.051,0.096,0.112,-0.005
-3.708,4.924,-16.527,30.954,-0.068,0.128,-0.021,0.054
-3.708,4.924,-20.489,38.877,-0.084,0.160,-0.021,0.054
-7.432,10.842,-16.577,29.257,-0.095,0.182,-0.357,0.808
-4.091,2.255,-8.675,7.898,-0.099,0.183,-0.804,1.889
-6.997,6.903,-11.450,12.883,-0.108,0.202,-0.779,1.885
-7.674,4.098,-4.040,0.540,-0.107,0.197,-1.132,2.431
-7.674,4.098,-7.001,6.462,-0.119,0.220,-1.132,2.431
-3.494,-3.531,-5.148,-4.145,-0.111,0.195,-1.128,2.644
-2.081,5.468,-6.862,1.743,-0.112,0.195,-1.059,2.356
-5.472,2.089,-2.950,-8.930,-0.108,0.181,-1.201,2.704
-2.592,-0.868,0.439,-6.482,-0.102,0.175,-1.296,2.508
-5.929,2.308,-1.188,-5.899,-0.098,0.163,-1.171,2.331
-5.169,0.392,1.520,-13.883,-0.092,0.147,-1.223,2.531
-3.528,-3.056,1.538,-14.638,-0.084,0.130,-1.125,2.357
-2.578,0.101,5.514,-14.124,-0.070,0.110,-1.154,2.075
-3.070,-0.873,4.478,-15.891,-0.063,0.095,-1.008,1.981
-1.151,-1.717,6.996,-14.253,-0.054,0.076,-1.023,1.668
-1.674,0.770,6.621,-13.183,-0.043,0.061,-0.866,1.417
-1.639,0.265,6.602,-15.016,-0.035,0.043,-0.765,1.289
-0.350,-0.775,7.617,-15.865,-0.020,0.020,-0.633,1.049
0.244,-0.354,8.261,-13.804,-0.006,-0.002,-0.492,0.665
0.244,-0.354,10.088,-17.457,0.001,-0.017,-0.492,0.665
0.186,-0.819,5.604,-10.312,0.015,-0.040,-0.090,0.016
-0.394,1.088,8.027,-15.159,0.025,-0.059,-0.090,0.016
0.679,-0.120,11.079,-17.608,0.036,-0.080,-0.102,-0.123
0.717,1.318,10.698,-14.834,0.048,-0.097,0.062,-0.471
4.458,-4.698,12.081,-17.651,0.060,-0.118,0.141,-0.592
3.296,-2.177,9.264,-12.948,0.068,-0.132,0.391,-0.998
3.410,-1.380,7.779,-9.587,0.078,-0.148,0.591,-1.367
5.741,-1.836,10.704,-10.097,0.089,-0.166,0.580,-1.567
2.942,1.484,6.720,-2.335,0.094,-0.171,0.842,-2.024
3.103,0.982,5.197,-2.769,0.101,-0.183,1.001,-2.148
0.831,3.876,7.833,-8.139,0.110,-0.199,0.981,-2.087
4.664,-7.542,1.894,-1.924,0.111,-0.203,1.298,-2.440
1.296,-0.565,0.146,0.885,0.113,-0.212,1.400,-2.691
1.296,-0.565,0.146,0.885,0.113,-0.212,1.400,-2.691
4.180,-1.681,-5.029,19.177,0.090,-0.161,1.377,-2.967
-0.076,4.026,-16.114,34.388,0.067,-0.117,1.643,-3.182
-2.790,7.084,-17.529,34.621,0.054,-0.093,1.555,-2.894
-4.117,7.374,-17.216,27.674,0.036,-0.059,1.305,-2.125
-5.061,6.020,-16.432,22.904,0.026,-0.045,1.150,-1.711
-5.601,4.768,-15.560,18.550,0.018,-0.034,1.004,-1.355
-5.631,3.118,-13.203,12.304,0.007,-0.023,0.748,-0.902
-5.456,1.968,-11.219,8.537,0.002,-0.017,0.588,-0.645
-5.306,0.677,-10.282,5.386,-0.002,-0.013,0.492,-0.428
-4.444,0.123,-8.555,3.214,-0.006,-0.010,0.357,-0.289
-5.502,0.247,-8.666,2.313,-0.009,-0.007,0.315,-0.208
-5.546,-0.100,-8.390,1.952,-0.013,-0.006,0.261,-0.171
-4.724,-0.012,-6.253,1.036,-0.015,-0.004,0.130,-0.106
-4.356,-0.115,-5.738,1.081,-0.016,-0.004,0.092,-0.100
-4.142,-0.709,-5.288,0.009,-0.016,-0.003,0.061,-0.041
-3.923,-1.264,-4.646,-0.500,-0.017,-0.003,0.025,-0.013
-3.182,-0.657,-3.176,-0.656,-0.016,-0.003,-0.047,-0.008
-3.588,-0.958,-3.855,-0.770,-0.016,-0.003,-0.008,-0.002
-3.161,-0.848,-3.426,-0.677,-0.016,-0.003,-0.027,-0.006
-2.899,-0.070,-2.793,0.470,-0.015,-0.003,-0.049,-0.059
-2.613,-0.479,-2.284,0.328,-0.014,-0.002,-0.067,-0.045
-2.613,-0.479,-2.284,0.328,-0.014,-0.002,-0.067,-0.045
-2.380,-0.063,-2.109,0.685,-0.014,-0.002,-0.068,-0.057
-1.558,0.422,-1.164,1.022,-0.011,0.000,-0.079,-0.051
-1.558,0.422,-1.164,1.022,-0.011,0.000,-0.079,-0.051
-1.652,0.261,-1.369,1.257,-0.011,0.000,-0.065,-0.059
0.182,0.564,2.084,1.366,-0.008,0.001,-0.206,-0.054
0.182,0.564,2.084,1.366,-0.008,0.001,-0.206,-0.054
1.598,1.234,2.785,1.619,-0.003,0.002,-0.181,-0.050
1.424,1.155,2.046,2.186,-0.003,0.003,-0.135,-0.071
1.278,1.313,2.156,1.834,-0.001,0.003,-0.126,-0.050
0.917,1.029,1.179,1.519,-0.000,0.003,-0.060,-0.033
0.965,0.158,0.829,1.115,0.000,0.004,-0.037,-0.011
0.965,0.158,0.829,1.115,0.000,0.004,-0.037,-0.011
0.824,0.684,0.604,0.755,0.001,0.003,-0.023,0.005
-0.638,0.601,-1.352,0.798,-0.000,0.003,0.064,0.002
-0.638,0.601,-1.352,0.798,-0.000,0.003,0.064,0.002
-0.395,0.581,-1.641,0.619,-0.001,0.003,0.073,0.011
-0.134,0.214,-1.037,0.420,-0.001,0.003,0.033,0.020
-0.821,0.339,-1.646,0.218,-0.002,0.003,0.057,0.027
-1.181,0.419,-2.272,0.378,-0.002,0.003,0.083,0.018
-2.023,0.130,-6.388,6.673,-0.016,0.028,0.118,0.016
-1.202,0.225,-9.423,15.692,-0.034,0.062,0.043,-0.007
-1.419,0.368,-13.430,23.915,-0.051,0.096,0.031,0.001
-3.403,4.227,-15.350,28.846,-0.067,0.128,-0.074,0.154
-6.109,11.031,-18.430,34.167,-0.083,0.158,-0.113,0.269
-6.947,8.134,-15.482,24.689,-0.094,0.179,-0.407,1.003
-6.807,3.296,-14.093,19.777,-0.102,0.191,-0.576,1.404
-8.881,11.848,-14.067,20.294,-0.111,0.209,-0.682,1.599
-4.465,3.062,-3.985,3.221,-0.111,0.204,-1.194,2.391
-7.272,5.928,-6.970,2.810,-0.114,0.213,-1.083,2.517
-5.059,0.612,-3.031,-8.601,-0.109,0.196,-1.211,2.882
-5.011,1.639,-2.169,-6.458,-0.109,0.194,-1.252,2.744
-6.361,3.705,-2.478,-6.031,-0.110,0.189,-1.249,2.664
-6.361,3.705,-4.304,-2.379,-0.117,0.204,-1.249,2.664
-2.813,-3.829,-1.966,-6.661,-0.108,0.183,-1.251,2.625
-1.661,-1.158,1.186,-9.926,-0.083,0.132,-1.091,2.142
-3.957,0.555,0.335,-8.224,-0.086,0.138,-1.091,2.142
-2.837,0.498,4.799,-13.104,-0.070,0.113,-1.118,2.071
-3.081,0.150,4.263,-13.808,-0.063,0.099,-0.999,1.924
-1.719,-1.789,6.322,-14.788,-0.056,0.083,-1.017,1.774
-0.765,-0.642,8.106,-16.352,-0.046,0.068,-0.984,1.673
-0.693,-0.329,6.350,-12.178,-0.026,0.034,-0.643,1.029
-0.180,-1.120,8.248,-16.075,-0.019,0.018,-0.646,1.028
0.107,0.155,7.982,-12.907,-0.006,-0.002,-0.474,0.617
-0.118,1.009,8.198,-13.951,0.005,-0.020,-0.351,0.441
0.439,-1.252,7.995,-15.482,0.015,-0.040,-0.210,0.277
0.641,-1.663,7.553,-15.176,0.026,-0.060,-0.058,0.015
0.700,0.403,10.305,-16.087,0.037,-0.080,-0.058,-0.196
1.574,0.455,11.954,-15.360,0.048,-0.099,0.008,-0.465
3.061,-1.166,13.317,-19.150,0.061,-0.121,0.091,-0.555
3.816,-1.560,9.863,-12.367,0.068,-0.129,0.360,-0.993
3.901,-2.382,8.725,-11.705,0.079,-0.148,0.547,-1.261
4.007,-2.778,8.987,-11.358,0.088,-0.166,0.651,-1.511
3.497,-2.500,7.035,-9.726,0.097,-0.181,0.866,-1.771
2.207,2.247,7.836,-9.445,0.105,-0.197,0.918,-1.993
2.848,-0.398,9.936,-14.532,0.118,-0.219,0.974,-2.008
0.796,4.345,6.986,-7.607,0.116,-0.213,1.103,-2.276
3.725,-7.555,4.361,-12.066,0.116,-0.220,1.238,-2.143
4.118,-6.230,-0.685,2.142,0.106,-0.199,1.357,-2.592
1.901,0.600,-8.771,22.710,0.084,-0.152,1.493,-3.034
1.901,0.600,-8.771,22.710,0.084,-0.152,1.493,-3.034
0.609,0.536,-14.364,28.082,0.069,-0.127,1.579,-2.994
-4.519,7.000,-16.600,28.496,0.035,-0.063,1.267,-2.208
-4.718,6.222,-15.935,22.601,0.028,-0.048,1.145,-1.730
-5.856,5.308,-15.576,19.264,0.018,-0.036,0.998,-1.418
-5.162,3.261,-12.759,13.640,0.012,-0.030,0.794,-1.054
-5.786,2.009,-14.244,9.711,0.001,-0.016,0.722,-0.689
-5.313,0.679,-10.411,5.036,-0.002,-0.013,0.493,-0.411
-5.101,-0.189,-8.621,2.480,-0.007,-0.010,0.346,-0.248
-5.704,0.121,-8.911,2.235,-0.009,-0.008,0.327,-0.214
-5.700,0.103,-9.124,3.009,-0.012,-0.007,0.306,-0.232
-5.033,-0.756,-7.038,0.582,-0.015,-0.005,0.170,-0.089
-5.229,-0.364,-7.215,0.843,-0.016,-0.004,0.164,-0.093
-4.920,-0.957,-6.256,-0.222,-0.018,-0.003,0.094,-0.030
-4.710,-1.153,-5.641,-0.659,-0.018,-0.003,0.057,-0.007
-4.130,-1.431,-4.534,-0.907,-0.018,-0.003,0.000,0.007
-4.261,-1.319,-4.434,-0.814,-0.018,-0.003,-0.006,0.000
-4.134,-1.097,-4.130,-0.579,-0.018,-0.003,-0.017,-0.009
-3.787,-0.489,-3.931,-0.197,-0.018,-0.003,-0.025,-0.024
-3.881,-0.586,-3.879,-0.392,-0.017,-0.002,-0.022,-0.011
-3.390,-0.573,-2.990,0.415,-0.017,-0.002,-0.063,-0.050
-2.896,-0.021,-2.437,0.726,-0.016,-0.002,-0.079,-0.057
-2.349,0.586,-1.751,1.539,-0.015,-0.000,-0.099,-0.083
-0.876,0.279,0.295,1.116,-0.013,0.000,-0.176,-0.052
0.045,-0.090,2.005,0.322,-0.011,0.000,-0.239,-0.011
-0.721,0.566,0.228,0.608,-0.010,0.000,-0.136,-0.025
0.435,0.187,1.658,0.887,-0.008,0.001,-0.180,-0.033
0.783,0.634,2.301,1.448,-0.006,0.001,-0.191,-0.055
2.027,0.777,3.753,1.629,-0.004,0.002,-0.240,-0.058
1.589,1.301,2.131,2.017,-0.002,0.003,-0.131,-0.066
1.138,0.767,1.650,1.438,-0.001,0.003,-0.096,-0.031
0.641,0.238,1.006,1.407,-0.000,0.003,-0.053,-0.027
0.749,0.805,0.470,0.937,-0.000,0.004,-0.024,-0.002
0.800,0.593,0.257,0.642,0.000,0.004,-0.007,0.013
0.327,0.559,-0.125,0.898,0.000,0.004,0.009,-0.001
-0.143,0.559,-0.953,0.642,-0.000,0.004,0.046,0.012
-0.483,0.500,-1.461,0.767,-0.001,0.003,0.059,0.003
-0.483,0.500,-1.461,0.767,-0.001,0.003,0.059,0.003
0.033,0.581,-0.401,0.691,-0.001,0.003,0.005,0.006
-0.733,0.339,-1.911,0.645,-0.003,0.003,0.063,0.006
-1.957,0.499,-6.388,7.171,-0.016,0.028,0.120,-0.009
-1.563,0.578,-10.165,15.643,-0.034,0.062,0.081,-0.005
-1.280,0.195,-13.490,23.803,-0.051,0.096,0.032,0.007
-3.422,5.069,-16.608,31.175,-0.068,0.128,-0.016,0.045
-8.494,7.972,-14.679,25.388,-0.081,0.154,-0.280,0.661
-8.494,7.972,-18.485,33.000,-0.096,0.185,-0.280,0.661
-4.257,1.537,-14.683,19.715,-0.102,0.192,-0.537,1.409
-8.816,8.131,-15.298,16.836,-0.111,0.203,-0.618,1.695
-5.543,8.196,-5.920,10.886,-0.113,0.212,-1.121,2.107
-7.230,4.216,-6.165,-0.484,-0.116,0.210,-1.143,2.652
-4.988,2.147,-2.263,-5.524,-0.113,0.204,-1.295,2.822
-5.843,1.385,-3.226,-8.049,-0.112,0.200,-1.244,2.899
-4.081,-1.031,1.509,-14.258,-0.105,0.176,-1.390,2.915
-4.278,1.076,0.979,-10.476,-0.102,0.174,-1.322,2.698
-5.969,2.473,1.292,-10.681,-0.089,0.141,-1.172,2.292
-4.844,0.579,1.063,-12.996,-0.086,0.141,-1.134,2.409
-4.283,0.840,3.079,-12.573,-0.081,0.124,-1.162,2.183
-3.126,-0.757,3.662,-14.530,-0.067,0.104,-1.023,2.024
-2.434,-0.442,4.800,-12.594,-0.060,0.087,-0.990,1.716
-1.844,-1.065,6.671,-15.021,-0.050,0.069,-0.955,1.616
-1.210,0.099,6.675,-13.878,-0.037,0.051,-0.802,1.336
-1.210,0.099,7.526,-15.581,-0.034,0.045,-0.802,1.336
0.290,0.529,8.217,-11.413,-0.016,0.013,-0.609,0.737
0.254,0.230,7.721,-12.263,-0.005,-0.004,-0.454,0.567
0.834,-0.629,8.736,-13.111,0.005,-0.022,-0.370,0.386
0.418,-0.301,6.989,-8.124,0.017,-0.040,-0.142,-0.091
1.640,0.018,9.338,-10.944,0.027,-0.058,-0.130,-0.179
2.275,-1.763,9.818,-14.466,0.038,-0.078,-0.015,-0.254
2.921,-3.130,10.037,-14.992,0.049,-0.098,0.113,-0.478
1.678,-1.129,10.187,-12.831,0.060,-0.115,0.240,-0.795
3.364,-1.804,9.538,-13.122,0.069,-0.129,0.384,-0.955
3.483,-2.449,7.787,-12.025,0.079,-0.148,0.601,-1.250
4.301,-3.236,9.411,-12.059,0.088,-0.167,0.634,-1.481
2.942,1.093,5.846,-3.385,0.094,-0.172,0.887,-1.986
3.760,-1.085,6.870,-5.897,0.103,-0.189,0.946,-2.065
3.634,-1.795,6.958,-5.789,0.110,-0.204,1.024,-2.267
1.381,0.291,0.817,-2.621,0.110,-0.205,1.335,-2.432
2.767,-1.170,3.621,-1.593,0.113,-0.210,1.228,-2.547
4.758,-2.954,0.471,2.469,0.105,-0.194,1.287,-2.554
0.301,4.077,-5.236,16.340,0.088,-0.161,1.357,-2.834
2.091,-0.756,-8.358,16.475,0.082,-0.145,1.440,-2.636
1.170,-0.902,-12.886,23.671,0.067,-0.123,1.483,-2.724
-2.856,7.112,-14.989,30.066,0.042,-0.070,1.271,-2.385
-4.548,5.917,-15.453,22.024,0.028,-0.048,1.118,-1.698
-5.192,5.467,-15.291,19.146,0.019,-0.036,1.008,-1.412
-4.976,3.308,-12.664,13.062,0.011,-0.028,0.773,-1.002
-5.390,2.079,-12.680,9.988,0.005,-0.021,0.701,-0.766
-5.309,1.141,-9.952,5.885,-0.001,-0.014,0.484,-0.463
-4.835,0.340,-8.967,3.473,-0.005,-0.010,0.383,-0.304
-5.391,0.141,-8.926,2.743,-0.010,-0.007,0.318,-0.225
-5.614,0.218,-8.525,2.466,-0.012,-0.006,0.275,-0.199
-4.356,-0.227,-6.285,1.210,-0.013,-0.005,0.146,-0.124
-4.549,-0.156,-5.714,0.791,-0.015,-0.004,0.100,-0.084
-4.644,-0.486,-5.890,0.055,-0.016,-0.003,0.099,-0.044
-3.869,-1.544,-4.614,-0.993,-0.016,-0.003,0.029,0.011
-3.314,-1.070,-3.611,-0.744,-0.016,-0.003,-0.018,-0.002
-3.465,-1.151,-3.686,-0.603,-0.016,-0.003,-0.012,-0.010
-3.076,-1.042,-3.152,-0.868,-0.015,-0.003,-0.034,0.004
-2.940,-0.848,-2.878,-0.618,-0.015,-0.003,-0.044,-0.008
-2.781,-0.440,-2.743,0.303,-0.014,-0.003,-0.042,-0.046
-1.752,0.063,-1.352,0.973,-0.013,-0.002,-0.098,-0.068
-1.752,0.063,-1.352,0.973,-0.013,-0.002,-0.098,-0.068
-1.497,0.281,-1.054,1.369,-0.012,-0.000,-0.093,-0.074
-1.813,0.422,-1.563,1.006,-0.011,0.000,-0.057,-0.047
-0.198,0.409,0.793,0.571,-0.009,0.001,-0.155,-0.019
-0.198,0.409,0.793,0.571,-0.009,0.001,-0.155,-0.019
0.946,0.925,1.802,1.963,-0.006,0.002,-0.166,-0.077
1.219,0.997,2.494,1.711,-0.005,0.002,-0.186,-0.060
1.441,0.709,2.586,1.922,-0.003,0.002,-0.171,-0.065
1.345,0.967,2.104,1.859,-0.002,0.003,-0.127,-0.052
1.216,0.866,1.967,1.169,-0.001,0.003,-0.111,-0.016
1.268,0.723,1.898,1.163,-0.000,0.003,-0.098,-0.015
0.824,0.702,0.820,0.831,0.000,0.003,-0.035,0.002
0.576,0.440,0.119,0.863,0.000,0.004,0.000,0.002
0.023,0.559,-0.620,0.658,0.000,0.004,0.034,0.011
-0.226,0.522,-1.226,0.958,-0.000,0.004,0.057,-0.004
-0.136,-0.090,-1.350,0.662,-0.001,0.003,0.052,0.008
-0.052,0.234,-0.412,0.650,-0.001,0.003,0.006,0.009
-0.602,0.149,-1.618,0.249,-0.002,0.003,0.058,0.026
-1.604,0.499,-2.714,0.893,-0.003,0.003,0.097,-0.008
-1.130,0.434,-5.357,6.910,-0.016,0.028,0.067,0.005
-1.638,0.419,-10.319,15.596,-0.034,0.062,0.092,-0.003
-1.051,0.627,-13.121,24.049,-0.051,0.096,0.017,-0.003
-3.629,5.438,-16.658,31.378,-0.067,0.128,-0.011,0.035
-4.790,10.956,-19.156,34.372,-0.083,0.158,-0.078,0.260
-7.488,9.697,-16.424,26.802,-0.093,0.177,-0.339,0.873
-7.943,10.059,-15.901,22.398,-0.104,0.198,-0.510,1.354
-6.935,8.703,-9.591,14.900,-0.111,0.208,-0.912,1.854
-6.632,6.823,-8.060,7.129,-0.115,0.215,-1.029,2.333
-5.959,0.816,-4.814,-6.046,-0.112,0.202,-1.161,2.824
-5.309,4.169,-5.146,-2.731,-0.116,0.207,-1.192,2.720
-2.925,-1.611,-2.767,-5.251,-0.111,0.198,-1.253,2.741
-4.550,0.170,-0.167,-11.400,-0.103,0.178,-1.273,2.798
-5.312,2.955,-0.332,-8.057,-0.105,0.177,-1.293,2.614
-3.183,-3.395,0.280,-11.546,-0.096,0.158,-1.211,2.552
-4.815,0.054,0.447,-12.274,-0.085,0.135,-1.085,2.303
-3.984,0.784,2.991,-13.519,-0.081,0.128,-1.168,2.282
-1.864,-1.828,4.603,-13.127,-0.070,0.112,-1.103,2.058
-2.472,-0.338,5.339,-14.164,-0.055,0.081,-0.958,1.725
-0.508,-0.521,7.847,-15.203,-0.049,0.073,-1.000,1.673
-1.246,-0.320,6.885,-14.585,-0.040,0.055,-0.838,1.411
-0.602,-0.197,8.132,-14.263,-0.029,0.038,-0.766,1.186
-0.185,-0.257,8.184,-13.415,-0.016,0.015,-0.612,0.856
0.484,-0.212,8.543,-13.288,-0.006,-0.002,-0.499,0.634
0.484,-0.212,10.369,-16.941,0.002,-0.017,-0.499,0.634
0.695,-0.756,6.346,-13.803,0.016,-0.041,-0.117,0.179
1.177,0.033,8.255,-10.865,0.026,-0.059,-0.082,-0.199
2.656,-1.373,9.793,-13.460,0.038,-0.078,-0.019,-0.307
4.236,-2.963,8.563,-7.334,0.048,-0.091,0.169,-0.771
2.596,-0.002,7.880,-8.108,0.059,-0.113,0.340,-1.001
2.596,-0.002,11.306,-14.959,0.072,-0.140,0.340,-1.001
3.893,-1.767,9.324,-10.938,0.080,-0.147,0.531,-1.296
2.254,2.297,5.609,-3.196,0.084,-0.152,0.775,-1.737
4.030,0.695,9.021,-4.022,0.094,-0.169,0.726,-1.912
4.090,-3.434,7.238,-9.764,0.103,-0.190,0.931,-1.890
3.729,-2.799,6.680,-7.014,0.110,-0.203,1.040,-2.184
1.434,2.904,7.550,-8.464,0.120,-0.218,1.124,-2.305
4.007,-0.379,8.918,-10.043,0.126,-0.229,1.128,-2.362
5.270,-1.713,2.264,0.468,0.111,-0.199,1.274,-2.513
2.180,-1.040,-8.582,18.157,0.084,-0.149,1.482,-2.771
1.099,-0.535,-13.380,25.976,0.069,-0.125,1.536,-2.867
-0.164,4.357,-14.807,31.932,0.063,-0.108,1.528,-2.946
-2.172,7.228,-15.541,32.002,0.046,-0.076,1.352,-2.548
-4.270,6.002,-15.058,22.321,0.029,-0.048,1.114,-1.716
-5.228,5.108,-14.907,19.053,0.019,-0.036,0.978,-1.407
-5.095,3.294,-12.438,13.203,0.012,-0.028,0.775,-1.008
-5.346,1.663,-10.921,8.015,0.003,-0.018,0.582,-0.620
-5.102,1.071,-9.748,5.840,-0.001,-0.013,0.473,-0.459
-5.018,0.151,-8.998,3.289,-0.005,-0.010,0.392,-0.293
-5.449,-0.164,-8.748,2.100,-0.008,-0.009,0.337,-0.212
-5.553,-0.306,-8.611,1.068,-0.012,-0.006,0.281,-0.123
-4.819,-0.372,-6.193,0.990,-0.014,-0.005,0.137,-0.110
-4.522,-0.180,-5.850,0.607,-0.015,-0.003,0.100,-0.074
-4.083,-0.653,-5.201,-0.217,-0.016,-0.003,0.059,-0.028
-3.927,-1.319,-4.244,-1.097,-0.016,-0.003,0.010,0.013
-3.230,-0.931,-3.482,-0.823,-0.016,-0.003,-0.025,-0.001
-3.405,-1.097,-3.662,-0.548,-0.016,-0.003,-0.011,-0.011
-3.231,-0.904,-3.530,-0.560,-0.015,-0.003,-0.015,-0.012
-2.643,-0.648,-2.715,-0.180,-0.015,-0.003,-0.053,-0.027
-2.380,-0.234,-2.022,0.523,-0.014,-0.002,-0.072,-0.051
-1.652,0.241,-1.114,1.024,-0.013,-0.001,-0.108,-0.069
-1.572,0.312,-0.472,1.435,-0.012,-0.001,-0.128,-0.083
-1.645,0.503,-1.350,1.449,-0.011,0.000,-0.072,-0.070
-1.496,0.198,-1.396,1.282,-0.011,0.001,-0.062,-0.058
-0.511,-0.027,-0.362,0.399,-0.009,0.001,-0.100,-0.011
0.003,0.721,1.197,0.922,-0.009,0.001,-0.167,-0.034
0.251,0.926,1.674,1.150,-0.007,0.001,-0.169,-0.040
1.369,0.633,2.638,1.770,-0.004,0.002,-0.183,-0.062
0.919,1.091,1.638,1.911,-0.003,0.003,-0.118,-0.060
1.118,0.867,1.557,1.675,-0.002,0.003,-0.103,-0.045
1.001,0.338,1.963,1.040,-0.001,0.003,-0.112,-0.011
1.001,0.338,1.963,1.040,-0.001,0.003,-0.112,-0.011
0.868,0.582,0.703,0.858,-0.000,0.003,-0.036,0.000
0.579,0.582,0.331,0.887,0.000,0.004,-0.014,-0.000
0.075,0.805,-0.737,1.065,-0.000,0.003,0.036,-0.010
-0.265,0.216,-1.431,0.858,-0.001,0.003,0.065,0.000
-0.220,0.581,-0.669,0.669,-0.001,0.003,0.018,0.007
-0.436,0.356,-1.623,0.217,-0.002,0.003,0.061,0.028
-0.960,0.051,-1.862,0.075,-0.002,0.003,0.067,0.034
-1.135,0.499,-1.820,0.688,-0.002,0.003,0.060,0.001
-1.365,-0.323,-5.500,7.141,-0.015,0.028,0.081,-0.007
-1.127,0.513,-9.312,15.710,-0.034,0.062,0.036,-0.008
-0.985,0.275,-13.073,23.901,-0.051,0.096,0.014,0.004
-0.985,0.275,-16.646,31.650,-0.068,0.128,-0.012,0.022
-4.534,5.702,-14.947,23.989,-0.081,0.154,-0.269,0.724
-7.443,8.135,-15.984,25.202,-0.094,0.177,-0.371,0.954
-5.131,3.487,-8.561,10.613,-0.098,0.184,-0.800,1.771
-7.684,5.288,-12.264,10.591,-0.109,0.200,-0.749,1.971
-7.011,6.952,-9.988,8.393,-0.115,0.208,-0.932,2.182
-4.022,0.573,-2.665,-6.419,-0.106,0.185,-1.186,2.630
-5.923,1.231,-4.957,-5.799,-0.109,0.190,-1.120,2.670
-6.482,1.559,-4.024,-6.114,-0.110,0.188,-1.172,2.659
-5.264,2.503,-1.467,-7.089,-0.106,0.183,-1.254,2.648
-4.184,-0.048,1.308,-11.137,-0.101,0.171,-1.323,2.698
-4.442,0.059,0.459,-10.688,-0.090,0.148,-1.143,2.383
-5.266,0.690,-0.120,-11.415,-0.085,0.138,-1.061,2.301
-4.077,0.673,3.186,-14.448,-0.080,0.127,-1.155,2.310
-2.075,-1.457,5.518,-12.640,-0.074,0.114,-1.207,2.062
-2.661,-0.057,4.776,-11.715,-0.057,0.087,-0.957,1.669
-1.189,-0.440,6.914,-13.527,-0.049,0.069,-0.959,1.545
-0.869,-0.834,6.509,-13.635,-0.040,0.054,-0.831,1.363
-0.832,0.818,6.215,-12.160,-0.027,0.032,-0.649,1.013
0.089,0.106,7.841,-13.407,-0.016,0.016,-0.596,0.866
0.069,0.150,7.736,-12.948,-0.006,-0.003,-0.463,0.614
0.279,-0.471,7.827,-13.163,0.004,-0.021,-0.341,0.398
-0.375,0.961,5.929,-10.377,0.015,-0.040,-0.106,0.021
0.974,-0.040,8.473,-11.717,0.026,-0.058,-0.099,-0.144
1.744,-1.553,7.869,-8.402,0.037,-0.073,0.065,-0.493
2.277,0.666,7.967,-8.914,0.047,-0.093,0.194,-0.712
2.834,-0.192,8.016,-9.002,0.058,-0.111,0.323,-0.937
2.834,-0.192,11.442,-15.854,0.072,-0.138,0.323,-0.937
3.515,-2.357,13.207,-20.956,0.083,-0.160,0.372,-0.947
2.928,-0.913,7.721,-6.817,0.084,-0.152,0.660,-1.565
2.928,-0.913,11.682,-14.740,0.100,-0.184,0.660,-1.565
3.909,-3.489,13.193,-20.210,0.112,-0.211,0.738,-1.621
1.498,2.975,8.370,-8.754,0.111,-0.208,0.965,-2.158
3.283,-2.836,5.886,-8.200,0.113,-0.211,1.121,-2.229
3.147,-3.922,2.856,-5.620,0.115,-0.217,1.296,-2.425
4.091,-1.597,-1.145,8.254,0.104,-0.189,1.362,-2.777
0.180,3.788,-5.643,16.379,0.089,-0.166,1.400,-2.894
1.023,-0.980,-13.508,25.381,0.069,-0.127,1.532,-2.853
-1.238,5.242,-15.999,33.415,0.056,-0.103,1.505,-2.962
-2.144,7.541,-15.342,32.280,0.045,-0.077,1.333,-2.576
-5.153,5.599,-16.387,22.052,0.026,-0.045,1.147,-1.669
-5.515,5.139,-15.684,19.157,0.020,-0.037,1.031,-1.418
-5.515,5.139,-15.684,19.157,0.020,-0.037,1.031,-1.418
-5.496,2.034,-11.823,7.688,0.003,-0.016,0.631,-0.590
-5.010,1.271,-10.054,6.398,-0.001,-0.015,0.490,-0.502
-5.050,0.090,-9.164,3.276,-0.006,-0.010,0.384,-0.294
-5.535,-0.260,-9.057,1.829,-0.008,-0.009,0.350,-0.200
-5.584,-0.133,-9.103,1.860,-0.010,-0.008,0.336,-0.194
-5.193,-0.754,-6.636,0.419,-0.015,-0.005,0.150,-0.082
-4.993,-0.171,-6.847,1.254,-0.015,-0.004,0.149,-0.116
-4.791,-0.600,-5.990,0.245,-0.017,-0.003,0.091,-0.053
-4.506,-1.097,-5.492,-0.507,-0.017,-0.003,0.060,-0.013
-4.506,-1.097,-5.492,-0.507,-0.017,-0.003,0.060,-0.013
-3.932,-0.822,-4.267,-0.806,-0.017,-0.003,-0.004,-0.001
-3.658,-0.681,-3.845,-0.389,-0.017,-0.003,-0.024,-0.019
-3.387,-0.509,-3.604,-0.394,-0.017,-0.003,-0.033,-0.015
-3.288,-1.126,-3.013,-0.181,-0.017,-0.003,-0.058,-0.024
-2.825,-0.275,-2.653,0.453,-0.015,-0.002,-0.058,-0.046
-2.939,-0.191,-2.806,0.398,-0.015,-0.001,-0.048,-0.038
-2.431,0.196,-2.243,0.828,-0.014,-0.001,-0.068,-0.055
-1.739,0.834,-1.163,1.860,-0.013,-0.000,-0.110,-0.098
-1.163,0.015,-0.334,1.225,-0.013,0.000,-0.144,-0.060
-0.846,0.393,-0.258,0.774,-0.010,0.001,-0.112,-0.032
0.138,0.700,1.524,1.298,-0.008,0.001,-0.171,-0.048
0.631,0.926,2.393,1.724,-0.006,0.001,-0.200,-0.069
1.381,1.069,2.955,2.018,-0.005,0.002,-0.213,-0.078
1.425,1.104,1.907,2.221,-0.002,0.003,-0.125,-0.076
1.179,1.107,2.134,1.802,-0.001,0.003,-0.124,-0.052
1.360,0.805,1.163,1.005,-0.001,0.003,-0.072,-0.009
0.750,0.603,0.932,0.926,-0.000,0.003,-0.051,-0.003
0.159,0.723,-0.229,0.904,-0.000,0.003,0.010,-0.003
0.196,0.439,-0.686,0.619,-0.000,0.003,0.031,0.011
-0.307,0.500,-0.948,0.719,-0.001,0.003,0.039,0.006
-0.099,0.377,-1.133,0.474,-0.001,0.003,0.042,0.018
-0.437,0.805,-0.831,0.978,-0.001,0.003,0.026,-0.008
-0.603,0.259,-1.543,0.016,-0.002,0.003,0.056,0.038
-1.668,0.211,-2.613,0.244,-0.003,0.003,0.096,0.026
-1.645,0.433,-6.182,7.159,-0.016,0.028,0.108,-0.009
-1.570,-0.079,-10.406,15.526,-0.034,0.062,0.091,0.002
-0.842,0.404,-13.441,23.605,-0.051,0.096,0.029,0.017
-2.888,3.930,-15.111,27.927,-0.067,0.127,-0.087,0.195
-5.992,8.195,-17.782,30.759,-0.082,0.156,-0.137,0.410
-7.651,9.471,-17.305,27.128,-0.095,0.178,-0.322,0.874
-8.497,8.468,-16.363,19.412,-0.105,0.196,-0.499,1.483
-6.933,3.705,-9.739,6.578,-0.110,0.200,-0.882,2.173
-3.282,-2.183,-7.769,5.060,-0.113,0.203,-1.021,2.289
-8.050,8.323,-8.730,9.580,-0.115,0.210,-0.997,2.142
-5.893,2.795,-4.220,-3.936,-0.110,0.195,-1.163,2.640
-6.303,3.103,-3.138,-3.913,-0.110,0.194,-1.219,2.623
-6.089,3.269,-2.989,-7.308,-0.109,0.189,-1.210,2.732
-5.026,1.589,0.042,-9.796,-0.106,0.176,-1.323,2.694
-4.431,-0.410,0.074,-13.032,-0.092,0.152,-1.151,2.547
-4.593,0.545,2.285,-12.617,-0.092,0.146,-1.258,2.459
-2.351,-1.593,3.471,-12.339,-0.079,0.126,-1.159,2.190
-3.865,1.185,3.543,-11.545,-0.072,0.110,-1.079,1.953
-3.037,-0.031,4.345,-14.239,-0.063,0.093,-1.003,1.870
-1.397,-0.094,6.208,-12.045,-0.047,0.066,-0.897,1.423
-1.397,-0.094,6.721,-13.071,-0.045,0.062,-0.897,1.423
-1.799,0.051,7.069,-15.332,-0.037,0.047,-0.811,1.351
0.270,-0.395,8.570,-14.521,-0.017,0.016,-0.637,0.927
0.659,-0.357,8.987,-14.087,-0.006,-0.001,-0.524,0.687
1.226,-0.817,7.360,-10.830,0.006,-0.022,-0.294,0.272
-0.070,0.500,5.594,-11.532,0.015,-0.040,-0.089,0.080
1.386,-0.214,9.396,-12.321,0.027,-0.058,-0.134,-0.105
1.386,-0.214,12.096,-17.722,0.038,-0.079,-0.134,-0.105
0.451,1.487,9.480,-14.780,0.049,-0.097,0.132,-0.468
4.239,-4.600,12.051,-17.904,0.061,-0.118,0.154,-0.576
2.465,-2.513,7.265,-12.264,0.069,-0.135,0.499,-1.076
6.774,-6.442,10.326,-10.129,0.077,-0.144,0.441,-1.293
4.512,-3.655,9.646,-12.952,0.088,-0.168,0.620,-1.456
2.949,-2.450,5.431,-10.112,0.096,-0.183,0.924,-1.777
2.121,0.376,8.955,-9.347,0.109,-0.203,0.910,-2.072
3.135,-1.627,6.135,-5.052,0.107,-0.201,1.031,-2.264
3.584,-3.010,6.138,-7.100,0.115,-0.217,1.132,-2.352
2.469,-2.010,1.569,-2.623,0.117,-0.216,1.380,-2.565
2.811,-2.441,-2.723,6.909,0.103,-0.193,1.418,-2.759
-0.093,4.088,-8.836,16.452,0.093,-0.170,1.605,-2.942
-0.904,6.029,-12.346,26.850,0.069,-0.123,1.485,-2.876
-0.658,3.547,-13.720,29.169,0.055,-0.101,1.379,-2.724
-2.782,4.930,-16.072,27.782,0.044,-0.082,1.355,-2.409
-4.960,4.453,-16.563,22.903,0.027,-0.053,1.164,-1.807
-4.982,5.030,-14.930,19.296,0.019,-0.041,0.981,-1.474
-6.288,3.429,-13.935,12.997,0.006,-0.024,0.776,-0.947
-5.814,2.006,-12.230,8.504,0.002,-0.020,0.641,-0.670
-6.003,0.956,-11.128,6.476,-0.002,-0.015,0.532,-0.514
-5.518,0.263,-9.630,3.407,-0.005,-0.012,0.413,-0.316
-5.890,-0.370,-9.190,1.736,-0.010,-0.008,0.331,-0.193
-5.626,-0.020,-9.026,2.313,-0.013,-0.007,0.292,-0.202
-4.986,-0.521,-6.686,0.778,-0.014,-0.006,0.155,-0.111
-5.146,-0.459,-6.718,0.926,-0.016,-0.004,0.135,-0.102
-4.709,-0.183,-5.848,0.786,-0.017,-0.004,0.082,-0.084
-4.777,-0.405,-5.673,0.310,-0.017,-0.003,0.066,-0.054
-3.976,-1.068,-4.271,-0.664,-0.018,-0.003,-0.007,-0.004
-3.921,-0.738,-4.168,-0.673,-0.018,-0.003,-0.012,-0.005
-3.867,-0.876,-3.806,-0.059,-0.017,-0.003,-0.027,-0.032
-3.468,-0.453,-3.450,0.112,-0.017,-0.002,-0.041,-0.036
-3.256,-0.402,-3.321,0.782,-0.016,-0.002,-0.040,-0.062
-2.824,-0.107,-2.677,0.744,-0.016,-0.001,-0.065,-0.050
-2.606,0.642,-2.208,1.043,-0.015,-0.000,-0.080,-0.058
-2.461,0.362,-2.098,1.337,-0.014,-0.000,-0.073,-0.068
-1.541,0.215,-0.726,0.777,-0.013,0.000,-0.131,-0.035
-0.697,-0.106,0.275,0.053,-0.011,0.000,-0.151,0.002
-1.026,-0.026,-0.409,0.241,-0.010,0.001,-0.104,-0.006
-0.115,0.277,0.571,0.733,-0.009,0.001,-0.141,-0.029
0.354,0.342,1.505,1.284,-0.007,0.001,-0.168,-0.052
1.589,1.292,3.380,1.882,-0.005,0.002,-0.226,-0.073
1.589,1.292,3.380,1.882,-0.005,0.002,-0.226,-0.073
1.529,1.217,2.263,1.723,-0.003,0.002,-0.149,-0.058
1.091,0.743,1.290,1.226,-0.001,0.003,-0.072,-0.019
0.919,0.845,1.243,1.241,-0.001,0.003,-0.070,-0.019
0.581,0.582,0.324,0.910,-0.000,0.004,-0.020,-0.001
0.412,0.560,-0.055,0.694,0.000,0.003,0.003,0.008
-0.272,0.783,-1.151,1.345,-0.000,0.003,0.052,-0.024
-0.436,0.500,-1.303,0.815,-0.001,0.003,0.053,0.002
-0.183,0.357,-0.741,0.238,-0.001,0.003,0.021,0.029
-0.603,0.115,-1.541,0.053,-0.002,0.003,0.055,0.035
-1.158,0.694,-2.554,0.849,-0.003,0.003,0.091,-0.007
-1.935,0.340,-6.427,7.102,-0.016,0.028,0.121,-0.006
-1.787,0.419,-9.997,15.389,-0.035,0.062,0.068,0.008
-1.358,0.340,-13.641,23.811,-0.052,0.096,0.037,0.006
-1.056,0.195,-17.303,32.176,-0.068,0.129,0.014,-0.003
-7.754,12.337,-20.620,38.243,-0.084,0.160,-0.018,0.083
-4.795,6.057,-18.894,31.869,-0.098,0.185,-0.275,0.718
-5.023,2.577,-15.949,20.613,-0.105,0.198,-0.512,1.441
-9.971,11.542,-15.553,21.327,-0.113,0.213,-0.641,1.593
-4.490,1.213,-3.557,-1.115,-0.112,0.202,-1.220,2.577
-3.875,-2.622,-7.136,-0.254,-0.115,0.205,-1.078,2.572
-8.682,7.087,-9.750,5.135,-0.118,0.207,-0.984,2.335
-3.644,-1.176,0.317,-11.084,-0.107,0.182,-1.358,2.832
-5.843,1.434,-1.503,-8.480,-0.108,0.183,-1.274,2.708
-6.169,1.768,-1.225,-10.046,-0.106,0.181,-1.258,2.765
-6.060,-0.090,-0.743,-13.669,-0.104,0.160,-1.262,2.686
-5.443,1.150,1.342,-12.424,-0.082,0.126,-1.089,2.202
-3.915,0.865,4.077,-12.960,-0.078,0.125,-1.181,2.206
-2.719,-0.057,5.604,-14.969,-0.071,0.111,-1.164,2.141
-3.918,0.290,3.319,-13.559,-0.066,0.097,-0.985,1.894
-1.963,-1.842,5.613,-15.659,-0.055,0.078,-0.967,1.758
-1.575,-1.021,6.815,-16.539,-0.047,0.067,-0.930,1.669
-0.390,-0.064,7.653,-11.873,-0.028,0.033,-0.729,1.006
0.438,-0.574,8.618,-16.031,-0.018,0.018,-0.653,1.021
0.438,-0.574,10.128,-19.051,-0.012,0.006,-0.653,1.021
0.084,1.125,8.669,-12.361,0.006,-0.022,-0.362,0.343
0.886,-0.759,8.481,-14.242,0.016,-0.041,-0.224,0.200
1.215,-2.640,8.284,-10.753,0.027,-0.059,-0.075,-0.203
2.268,-1.923,10.013,-14.233,0.038,-0.080,-0.026,-0.283
1.978,1.593,11.602,-14.352,0.050,-0.099,0.040,-0.514
3.571,-1.110,9.991,-11.448,0.060,-0.113,0.249,-0.835
3.489,-1.847,9.226,-12.064,0.070,-0.130,0.412,-1.020
3.724,-2.272,8.807,-11.584,0.080,-0.149,0.562,-1.280
4.941,-2.792,9.645,-11.097,0.089,-0.167,0.632,-1.533
3.082,1.891,6.183,-2.192,0.095,-0.172,0.881,-2.042
2.389,-0.873,4.529,-5.676,0.102,-0.188,1.048,-2.069
1.056,3.784,7.621,-7.592,0.111,-0.200,1.003,-2.122
5.888,-3.696,9.998,-9.596,0.118,-0.213,0.976,-2.177
0.729,0.623,-0.816,4.570,0.111,-0.206,1.429,-2.804
2.503,-0.032,-3.412,10.432,0.100,-0.184,1.418,-2.825
2.503,-0.032,-3.412,10.432,0.100,-0.184,1.418,-2.825
-1.335,4.638,-13.653,27.087,0.073,-0.131,1.591,-2.997
-2.171,7.740,-12.940,27.196,0.064,-0.109,1.447,-2.723
-0.734,2.519,-13.515,24.770,0.053,-0.094,1.343,-2.418
-3.955,5.820,-15.113,25.560,0.033,-0.056,1.166,-1.974
-4.796,4.551,-14.048,17.788,0.018,-0.035,0.927,-1.330
-4.671,3.185,-12.308,12.868,0.013,-0.029,0.782,-1.006
-6.141,1.804,-12.968,9.437,0.005,-0.021,0.707,-0.731
-5.350,1.273,-10.379,6.609,0.000,-0.015,0.522,-0.519
-5.047,0.138,-9.203,3.004,-0.005,-0.011,0.397,-0.286
-5.738,-0.160,-8.867,2.026,-0.008,-0.009,0.339,-0.215
-5.565,0.119,-8.810,2.603,-0.011,-0.007,0.306,-0.218
-4.748,-0.302,-6.152,0.773,-0.014,-0.005,0.130,-0.097
-4.594,-0.077,-5.779,1.260,-0.015,-0.004,0.105,-0.115
-4.281,-0.734,-5.549,0.223,-0.016,-0.003,0.075,-0.053
-3.977,-1.043,-4.701,-0.650,-0.016,-0.003,0.032,-0.006
-3.783,-1.346,-3.920,-0.989,-0.016,-0.003,-0.009,0.009
-3.594,-1.345,-3.852,-1.029,-0.016,-0.003,-0.009,0.011
-3.618,-1.264,-3.979,-0.858,-0.016,-0.003,-0.003,0.003
-2.853,-0.876,-2.859,-0.720,-0.015,-0.003,-0.050,-0.003
-2.728,-0.457,-2.653,0.279,-0.015,-0.003,-0.054,-0.049
-2.733,-0.441,-2.618,0.267,-0.014,-0.002,-0.049,-0.043
-2.524,0.017,-2.241,1.182,-0.013,-0.002,-0.056,-0.078
-2.524,0.017,-2.241,1.182,-0.013,-0.002,-0.056,-0.078
-1.280,0.339,-0.540,1.605,-0.012,-0.000,-0.120,-0.083
-1.182,0.438,-0.833,1.045,-0.010,0.000,-0.085,-0.047
-1.182,0.438,-0.833,1.045,-0.010,0.000,-0.085,-0.047
0.561,0.703,1.824,1.588,-0.008,0.001,-0.190,-0.065
0.663,0.925,1.637,1.706,-0.006,0.002,-0.163,-0.064
1.375,1.292,3.108,1.884,-0.004,0.003,-0.199,-0.063
1.375,1.292,3.108,1.884,-0.004,0.003,-0.199,-0.063
0.958,0.662,1.442,1.119,-0.002,0.003,-0.093,-0.015
1.129,0.743,1.628,0.873,-0.001,0.003,-0.092,-0.002
0.448,0.743,0.302,0.976,-0.000,0.003,-0.018,-0.008
0.207,0.582,0.042,0.815,-0.000,0.003,-0.005,0.003
0.149,0.703,-0.592,0.794,-0.000,0.003,0.025,0.003
-0.351,0.316,-0.977,0.655,-0.001,0.003,0.037,0.010
-0.137,0.561,-1.011,0.750,-0.001,0.003,0.037,0.004
-0.002,0.927,-0.382,1.147,-0.001,0.003,0.002,-0.015
-0.519,0.275,-1.488,0.252,-0.002,0.003,0.052,0.025
-1.182,0.515,-2.185,0.672,-0.002,0.003,0.081,0.004
-1.652,0.367,-6.519,6.814,-0.016,0.028,0.122,0.008
-1.652,0.367,-10.797,15.371,-0.033,0.062,0.122,0.008
-3.728,4.580,-12.921,23.901,-0.052,0.096,-0.000,0.002
-2.963,3.492,-15.350,27.066,-0.067,0.127,-0.075,0.236
-5.714,7.937,-17.187,30.274,-0.082,0.156,-0.168,0.430
-7.216,8.241,-16.442,24.509,-0.095,0.177,-0.363,0.993
-3.917,1.112,-14.134,19.648,-0.102,0.190,-0.567,1.391
-9.651,8.204,-15.951,17.648,-0.111,0.202,-0.587,1.641
-5.096,2.896,-4.183,2.459,-0.110,0.202,-1.161,2.396
-7.327,3.779,-7.368,0.859,-0.113,0.201,-1.046,2.467
-7.327,3.779,-10.069,6.260,-0.124,0.222,-1.046,2.467
-3.950,-1.565,-8.148,3.517,-0.123,0.221,-1.125,2.585
-5.147,2.870,-0.454,-5.900,-0.105,0.182,-1.290,2.564
-5.232,2.583,-0.118,-7.343,-0.102,0.175,-1.270,2.557
-4.375,0.398,1.374,-12.091,-0.098,0.161,-1.295,2.614
-3.353,-1.507,2.859,-15.945,-0.083,0.135,-1.180,2.485
-3.353,-1.507,2.008,-14.243,-0.086,0.142,-1.180,2.485
-2.797,0.025,4.947,-15.207,-0.063,0.098,-1.038,1.983
-1.548,-0.715,6.824,-14.333,-0.060,0.088,-1.087,1.818
-1.272,-0.234,7.135,-13.481,-0.045,0.064,-0.924,1.472
-1.272,-0.234,7.648,-14.506,-0.043,0.060,-0.924,1.472
-0.905,-0.241,7.266,-12.933,-0.028,0.035,-0.709,1.090
-0.905,-0.241,8.450,-15.301,-0.023,0.026,-0.709,1.090
0.226,0.544,9.801,-13.898,-0.009,-0.000,-0.605,0.690
-0.529,0.970,8.492,-15.739,0.004,-0.020,-0.380,0.543
-0.529,0.970,10.623,-20.002,0.012,-0.037,-0.380,0.543
0.337,-0.681,11.717,-21.842,0.025,-0.061,-0.271,0.332
2.941,-2.827,12.163,-19.064,0.039,-0.083,-0.116,-0.083
2.941,-2.827,15.124,-24.986,0.051,-0.107,-0.116,-0.083
3.549,-2.308,17.001,-27.085,0.064,-0.131,-0.045,-0.277
0.902,3.323,12.450,-17.272,0.073,-0.140,0.295,-0.885
5.059,-5.689,10.491,-16.230,0.083,-0.159,0.517,-1.171
5.059,-5.689,14.297,-23.842,0.099,-0.189,0.517,-1.171
3.927,-1.656,10.852,-14.614,0.107,-0.204,0.793,-1.817
1.804,6.439,14.343,-12.238,0.111,-0.203,0.666,-1.922
3.969,-2.534,9.461,-17.999,0.118,-0.222,1.008,-1.872
3.969,-2.534,13.739,-26.556,0.136,-0.256,1.008,-1.872
0.245,4.750,1.859,-1.468,0.118,-0.217,1.381,-2.636
5.473,-5.835,2.649,5.763,0.106,-0.190,1.191,-2.669
2.232,-2.917,-10.021,16.022,0.090,-0.168,1.630,-2.896
2.232,-2.917,-10.021,16.022,0.090,-0.168,1.630,-2.896
-0.224,3.675,-16.874,34.626,0.066,-0.123,1.674,-3.263
-2.474,9.021,-17.807,35.985,0.054,-0.087,1.561,-2.885
-3.866,8.199,-15.926,32.461,0.040,-0.071,1.299,-2.515
-5.444,5.738,-14.834,20.035,0.018,-0.036,0.965,-1.450
-5.707,2.831,-13.041,11.714,0.008,-0.022,0.758,-0.865
-5.707,2.831,-13.041,11.714,0.008,-0.022,0.758,-0.865
-5.345,1.636,-10.419,7.732,0.001,-0.016,0.533,-0.586
-5.380,0.018,-9.841,3.807,-0.003,-0.012,0.455,-0.340
-5.413,-0.130,-9.187,2.009,-0.009,-0.008,0.347,-0.204
-5.546,0.220,-9.078,2.883,-0.012,-0.007,0.305,-0.225
-4.900,-0.740,-7.047,0.623,-0.014,-0.005,0.180,-0.099
-4.961,-0.316,-6.536,1.456,-0.015,-0.004,0.135,-0.125
-4.865,-0.544,-6.406,0.551,-0.016,-0.003,0.118,-0.071
-4.221,-1.347,-4.804,-0.818,-0.017,-0.003,0.029,0.002
-3.674,-0.959,-3.874,-0.643,-0.017,-0.003,-0.017,-0.007
-3.422,-0.990,-3.707,-0.835,-0.016,-0.003,-0.020,0.002
-3.422,-0.990,-3.707,-0.835,-0.016,-0.003,-0.020,0.002
-2.939,-0.690,-2.764,0.037,-0.015,-0.003,-0.054,-0.035
-2.727,-0.368,-2.899,-0.064,-0.015,-0.002,-0.045,-0.027
-1.717,-0.198,-1.212,0.647,-0.014,-0.002,-0.113,-0.051
-0.863,0.028,0.580,1.251,-0.013,-0.001,-0.187,-0.075
-1.348,0.525,-0.803,1.669,-0.012,-0.000,-0.104,-0.084
-1.624,0.039,-1.615,0.486,-0.011,0.001,-0.053,-0.017
-1.679,0.129,-1.595,0.509,-0.010,0.001,-0.048,-0.015
-0.116,0.488,1.244,1.192,-0.009,0.001,-0.172,-0.044
0.866,0.557,1.806,1.305,-0.006,0.002,-0.165,-0.045
0.866,0.557,1.806,1.305,-0.006,0.002,-0.165,-0.045
1.298,0.778,2.971,1.666,-0.004,0.002,-0.194,-0.053
1.093,0.662,1.942,1.202,-0.002,0.003,-0.120,-0.020
1.221,1.147,1.660,1.495,-0.001,0.004,-0.095,-0.031
1.173,0.438,1.449,0.869,-0.000,0.003,-0.078,-0.002
1.173,0.438,1.449,0.869,-0.000,0.003,-0.078,-0.002
0.546,0.701,0.326,0.784,-0.000,0.004,-0.017,0.005
0.194,0.439,-0.296,1.024,-0.000,0.003,0.014,-0.009
-0.480,0.500,-1.389,0.562,-0.001,0.003,0.059,0.015
-0.437,0.642,-1.166,0.878,-0.001,0.003,0.044,-0.001
-0.604,0.401,-1.257,0.528,-0.002,0.003,0.043,0.013
-0.629,0.259,-1.600,0.166,-0.002,0.003,0.055,0.030
-0.725,0.498,-2.546,0.829,-0.003,0.003,0.090,-0.006
-1.861,0.340,-6.353,6.914,-0.016,0.028,0.112,0.004
-1.712,0.772,-10.254,15.834,-0.034,0.062,0.087,-0.013
-0.921,0.549,-13.413,23.758,-0.052,0.096,0.026,0.010
-3.332,4.014,-16.216,28.758,-0.068,0.128,-0.035,0.159
-3.332,4.014,-20.178,36.681,-0.083,0.159,-0.035,0.159
-5.421,9.015,-19.842,35.851,-0.097,0.186,-0.223,0.527
-4.951,2.879,-15.968,20.696,-0.104,0.195,-0.504,1.403
-6.629,6.697,-10.380,12.980,-0.108,0.203,-0.829,1.885
-6.629,6.697,-13.583,19.387,-0.121,0.228,-0.829,1.885
-4.497,0.071,-8.149,3.123,-0.116,0.211,-1.041,2.479
-8.007,2.202,-8.301,5.580,-0.117,0.213,-1.042,2.388
-6.005,3.794,-3.537,-3.774,-0.112,0.197,-1.223,2.646
-2.806,-1.269,-1.780,-5.543,-0.108,0.187,-1.261,2.618
-6.726,4.044,-3.162,-4.568,-0.106,0.182,-1.165,2.498
-4.580,2.873,1.461,-11.706,-0.099,0.172,-1.315,2.740
-4.176,-0.223,2.059,-14.190,-0.086,0.145,-1.181,2.527
-4.176,-0.223,1.208,-12.487,-0.090,0.152,-1.181,2.527
-3.693,-0.764,3.024,-15.527,-0.082,0.132,-1.181,2.432
-2.584,-0.478,5.581,-13.806,-0.059,0.089,-1.016,1.800
-1.770,-0.448,5.941,-15.367,-0.053,0.077,-0.954,1.730
-1.134,-0.091,6.666,-14.922,-0.038,0.055,-0.812,1.434
-0.253,0.043,8.139,-13.141,-0.029,0.036,-0.767,1.108
0.021,-1.292,8.406,-16.486,-0.018,0.018,-0.641,1.054
0.792,-0.691,10.060,-13.998,-0.007,-0.001,-0.591,0.685
0.694,-0.374,8.129,-12.166,0.005,-0.022,-0.340,0.336
0.274,-0.254,6.586,-13.085,0.016,-0.040,-0.133,0.152
1.107,-0.496,8.877,-12.920,0.026,-0.059,-0.117,-0.096
2.575,-2.031,10.756,-15.225,0.037,-0.079,-0.071,-0.231
2.859,-0.427,10.073,-10.570,0.048,-0.094,0.099,-0.640
3.340,-1.878,10.042,-12.815,0.060,-0.114,0.244,-0.787
3.515,-2.241,9.143,-12.974,0.070,-0.132,0.421,-0.999
3.619,-2.741,8.264,-11.316,0.080,-0.151,0.581,-1.316
4.428,-1.754,8.732,-9.662,0.089,-0.166,0.672,-1.587
1.879,2.232,9.807,-11.068,0.100,-0.183,0.760,-1.738
2.581,-1.413,4.511,-8.071,0.101,-0.186,1.032,-1.919
3.747,-5.514,4.318,0.098,0.105,-0.188,1.098,-2.359
3.747,-5.514,8.596,-8.459,0.122,-0.223,1.098,-2.359
0.768,1.404,2.159,-4.565,0.122,-0.227,1.414,-2.614
5.594,-6.352,3.046,-1.318,0.102,-0.189,1.128,-2.292
1.012,0.921,-4.921,10.761,0.091,-0.164,1.389,-2.585
4.180,-6.090,-9.208,15.693,0.080,-0.143,1.459,-2.570
0.605,-1.709,-14.725,24.791,0.070,-0.131,1.614,-2.882
-2.653,7.771,-16.701,33.472,0.046,-0.081,1.416,-2.685
-4.660,6.437,-16.609,29.099,0.036,-0.067,1.284,-2.293
-5.700,5.440,-16.325,21.628,0.021,-0.042,1.073,-1.605
-5.504,3.661,-13.350,13.191,0.009,-0.026,0.778,-0.985
-5.644,1.932,-12.293,9.245,0.003,-0.020,0.657,-0.712
-5.188,0.678,-9.722,4.736,-0.004,-0.013,0.440,-0.398
-4.658,-0.261,-8.300,2.421,-0.006,-0.010,0.335,-0.246
-5.518,-0.277,-9.102,1.893,-0.009,-0.009,0.341,-0.205
-5.193,0.153,-8.404,2.588,-0.012,-0.006,0.267,-0.209
-4.679,-0.740,-6.386,0.190,-0.014,-0.005,0.149,-0.076
-4.639,-0.737,-6.087,0.936,-0.015,-0.005,0.122,-0.103
-4.889,-0.378,-6.143,0.782,-0.016,-0.003,0.106,-0.080
-3.932,-1.097,-4.777,-0.559,-0.017,-0.003,0.031,-0.010
-3.477,-1.456,-3.570,-1.025,-0.017,-0.003,-0.029,0.011
-3.393,-1.319,-3.474,-0.743,-0.016,-0.003,-0.028,-0.004
-3.108,-0.764,-3.307,-0.786,-0.016,-0.003,-0.033,0.001
-2.946,-0.571,-3.039,-0.469,-0.015,-0.003,-0.041,-0.015
-3.025,-0.657,-2.689,0.153,-0.015,-0.003,-0.055,-0.042
-2.648,-0.237,-2.398,0.298,-0.015,-0.003,-0.064,-0.048
-1.160,0.314,-0.122,1.344,-0.013,-0.001,-0.151,-0.081
-1.160,0.314,-0.122,1.344,-0.013,-0.001,-0.151,-0.081
-1.208,0.891,-0.439,2.272,-0.012,-0.000,-0.125,-0.118
-1.252,0.263,-1.059,0.608,-0.010,0.001,-0.068,-0.022
-1.252,0.263,-1.059,0.608,-0.010,0.001,-0.068,-0.022
-0.032,0.555,1.318,1.276,-0.009,0.001,-0.176,-0.053
1.295,1.218,3.341,2.196,-0.004,0.002,-0.220,-0.082
1.323,1.144,2.350,2.110,-0.003,0.003,-0.154,-0.072
1.230,1.170,2.222,1.955,-0.002,0.003,-0.134,-0.054
1.304,0.946,1.720,1.376,-0.000,0.004,-0.088,-0.023
0.927,0.805,1.211,1.119,0.000,0.004,-0.057,-0.012
0.882,0.865,0.948,0.781,0.001,0.004,-0.040,0.005
1.155,0.477,1.076,0.695,0.001,0.004,-0.041,0.011
0.300,0.581,-0.299,0.522,0.001,0.003,0.026,0.016
-0.145,0.296,-1.159,0.924,0.000,0.003,0.062,-0.004
-0.687,0.601,-1.837,0.694,-0.000,0.003,0.087,0.007
-0.521,0.237,-1.891,0.457,-0.001,0.003,0.082,0.020
-0.352,0.561,-0.600,0.666,-0.001,0.003,0.014,0.009
-1.017,0.260,-2.326,0.480,-0.003,0.003,0.084,0.012
-1.301,0.405,-5.469,6.761,-0.015,0.028,0.080,0.011
-1.639,0.550,-10.501,15.459,-0.034,0.062,0.103,0.004
-1.345,0.916,-14.252,24.572,-0.051,0.096,0.076,-0.030
-0.980,0.404,-17.208,32.033,-0.067,0.128,0.018,0.000
-3.620,5.429,-20.401,39.004,-0.083,0.160,-0.020,0.048
-6.335,9.994,-22.578,40.929,-0.098,0.188,-0.095,0.309
-4.997,2.597,-16.107,20.607,-0.105,0.198,-0.509,1.448
-5.950,4.306,-15.710,19.166,-0.113,0.210,-0.624,1.672
-4.548,2.431,-3.774,1.213,-0.111,0.202,-1.194,2.466
-7.140,4.606,-6.344,1.463,-0.116,0.211,-1.128,2.558
-6.697,4.368,-4.649,-3.291,-0.115,0.210,-1.202,2.794
-7.240,1.860,-4.413,-7.078,-0.115,0.201,-1.215,2.862
-3.478,-2.355,-1.277,-10.719,-0.113,0.194,-1.344,2.961
-3.478,-2.355,-0.019,-11.470,-0.109,0.185,-1.360,2.891
-4.202,-0.655,-1.138,-9.924,-0.105,0.181,-1.250,2.756
-1.769,-3.698,2.666,-13.849,-0.089,0.144,-1.251,2.493
-3.502,0.188,3.300,-11.583,-0.077,0.120,-1.129,2.083
-2.930,0.812,4.662,-12.702,-0.070,0.112,-1.110,2.040
-1.602,-1.588,4.827,-13.902,-0.061,0.095,-1.005,1.877
-0.726,-0.252,6.854,-14.061,-0.047,0.071,-0.934,1.585
-1.270,0.606,6.775,-12.689,-0.040,0.058,-0.842,1.361
-0.487,0.132,8.142,-12.845,-0.029,0.037,-0.772,1.101
0.031,-0.642,8.267,-15.578,-0.019,0.019,-0.652,1.021
-0.110,0.374,7.050,-12.282,-0.006,-0.002,-0.421,0.583
0.685,0.073,8.310,-12.623,0.005,-0.020,-0.349,0.376
0.150,-0.237,7.000,-13.017,0.015,-0.039,-0.157,0.158
1.042,0.339,8.375,-10.244,0.026,-0.058,-0.092,-0.208
0.963,1.989,10.873,-13.792,0.038,-0.077,-0.073,-0.276
4.382,-3.410,13.364,-17.594,0.050,-0.098,-0.045,-0.347
3.217,-1.456,8.966,-11.906,0.060,-0.114,0.298,-0.825
1.688,1.263,9.427,-13.810,0.070,-0.133,0.401,-0.975
5.887,-4.809,13.152,-16.094,0.082,-0.154,0.362,-1.119
5.233,-4.962,10.423,-13.897,0.092,-0.173,0.627,-1.465
2.646,1.491,6.555,-2.262,0.093,-0.171,0.835,-2.024
4.055,-1.738,7.173,-7.470,0.104,-0.192,0.937,-2.021
4.055,-1.738,11.372,-15.867,0.120,-0.225,0.937,-2.021
0.271,3.125,-1.033,3.467,0.110,-0.197,1.425,-2.640
0.271,3.125,2.103,-2.804,0.122,-0.222,1.425,-2.640
3.583,-1.201,-0.629,8.918,0.102,-0.185,1.300,-2.754
3.149,-2.533,-7.269,16.965,0.089,-0.162,1.482,-2.873
-0.172,2.547,-16.256,31.747,0.066,-0.119,1.641,-3.081
-2.150,7.814,-16.697,33.809,0.051,-0.090,1.473,-2.818
-2.733,7.616,-14.432,30.456,0.041,-0.066,1.232,-2.342
-3.624,6.041,-14.413,23.690,0.032,-0.050,1.116,-1.809
-5.151,5.622,-15.665,19.383,0.021,-0.038,1.044,-1.444
-4.808,3.859,-13.268,15.246,0.016,-0.031,0.859,-1.148
-5.195,1.847,-11.387,7.720,0.003,-0.016,0.609,-0.581
-5.179,0.464,-10.143,4.578,-0.001,-0.012,0.494,-0.384
-4.606,-0.145,-8.692,2.384,-0.006,-0.010,0.362,-0.240
-5.600,-0.104,-9.278,2.071,-0.008,-0.008,0.358,-0.203
-5.771,0.277,-8.971,1.289,-0.012,-0.005,0.298,-0.131
-5.992,-0.302,-8.971,1.289,-0.012,-0.005,0.298,-0.131
-4.772,-0.523,-6.187,0.576,-0.015,-0.004,0.124,-0.077
-4.173,-1.070,-5.004,-0.783,-0.016,-0.003,0.048,-0.000
-4.197,-0.875,-4.704,-0.547,-0.016,-0.003,0.034,-0.013
-3.135,-1.319,-3.164,-0.706,-0.016,-0.003,-0.041,-0.004
-3.199,-1.428,-3.002,-0.699,-0.016,-0.003,-0.045,-0.006
-3.378,-1.180,-3.542,-0.834,-0.015,-0.003,-0.016,0.002
-3.194,-0.489,-3.336,-0.171,-0.015,-0.003,-0.021,-0.028
-2.442,-0.454,-2.385,0.207,-0.015,-0.003,-0.064,-0.042
-2.325,-0.149,-1.748,0.658,-0.014,-0.002,-0.082,-0.058
-1.450,-0.059,-0.761,0.989,-0.013,-0.001,-0.121,-0.066
-1.650,0.556,-0.944,1.555,-0.012,-0.001,-0.105,-0.086
-1.642,0.750,-1.188,1.876,-0.012,-0.000,-0.084,-0.097
-1.295,0.357,-1.057,0.669,-0.010,0.000,-0.077,-0.028
-0.844,0.408,-0.614,0.559,-0.010,0.001,-0.091,-0.020
0.186,0.556,1.753,1.402,-0.009,0.001,-0.195,-0.058
1.367,1.219,2.533,2.035,-0.005,0.002,-0.194,-0.079
1.516,1.070,2.665,2.183,-0.004,0.002,-0.183,-0.080
1.146,1.315,1.869,2.215,-0.002,0.003,-0.119,-0.073
1.648,0.440,2.248,0.915,-0.001,0.003,-0.129,-0.002
1.051,0.762,1.281,0.990,-0.000,0.003,-0.067,-0.006
0.631,0.805,0.821,1.121,0.000,0.004,-0.036,-0.011
0.970,0.477,0.331,0.774,0.000,0.004,-0.012,0.006
0.441,0.621,-0.058,1.030,0.000,0.003,0.006,-0.009
0.441,0.621,-0.058,1.030,0.000,0.003,0.006,-0.009
-0.436,0.460,-1.289,0.735,-0.001,0.003,0.054,0.006
-0.014,0.438,-0.541,0.923,-0.001,0.003,0.012,-0.006
-0.302,0.338,-1.446,0.680,-0.001,0.003,0.054,0.007
-0.572,0.132,-1.386,0.003,-0.002,0.003,0.044,0.038
-0.953,0.434,-5.270,6.763,-0.015,0.028,0.071,0.012
-1.301,0.499,-10.259,15.497,-0.033,0.062,0.105,0.004
-1.126,0.484,-13.827,23.662,-0.051,0.096,0.054,0.015
-3.549,5.516,-16.604,31.452,-0.067,0.128,-0.013,0.029
-5.324,9.612,-17.403,32.353,-0.082,0.157,-0.157,0.350
-4.335,2.678,-17.666,27.231,-0.093,0.177,-0.281,0.850
-9.834,12.843,-19.251,28.523,-0.105,0.198,-0.351,1.045
-5.172,4.005,-7.930,7.429,-0.107,0.200,-0.941,2.131
-6.351,2.433,-7.245,2.140,-0.112,0.203,-1.034,2.426
-4.657,-0.285,-8.150,2.843,-0.115,0.211,-1.033,2.498
-8.265,8.700,-9.115,6.714,-0.118,0.209,-1.021,2.281
-5.430,2.472,-5.807,1.977,-0.121,0.218,-1.217,2.628
-3.530,-0.942,-2.640,-4.649,-0.109,0.187,-1.235,2.575
-6.569,2.963,0.146,-12.624,-0.098,0.166,-1.229,2.709
-2.805,-0.791,3.454,-12.978,-0.090,0.147,-1.303,2.488
-1.812,-3.441,2.629,-13.345,-0.088,0.142,-1.228,2.444
-5.234,1.230,1.159,-11.140,-0.082,0.132,-1.087,2.201
-2.345,-0.982,5.227,-15.525,-0.069,0.102,-1.121,2.049
-2.194,-0.370,6.323,-13.874,-0.061,0.092,-1.079,1.845
-1.666,-0.628,6.383,-15.578,-0.053,0.077,-0.976,1.740
-0.951,0.394,7.485,-14.127,-0.041,0.060,-0.890,1.461
-0.467,-0.266,7.580,-13.362,-0.027,0.036,-0.718,1.113
0.180,-0.820,8.554,-15.851,-0.017,0.018,-0.641,1.019
1.007,-0.591,9.857,-14.213,-0.006,0.000,-0.573,0.711
0.031,-0.054,6.956,-11.980,0.006,-0.021,-0.273,0.337
0.337,-0.358,6.759,-13.268,0.016,-0.040,-0.140,0.169
1.477,0.713,8.294,-10.346,0.028,-0.057,-0.070,-0.199
1.390,1.900,11.376,-13.499,0.039,-0.077,-0.084,-0.288
4.405,-3.827,12.843,-18.703,0.051,-0.098,-0.006,-0.285
2.543,-1.721,7.446,-11.522,0.060,-0.115,0.379,-0.856
1.962,2.042,9.881,-12.626,0.071,-0.134,0.399,-1.039
6.047,-5.027,12.892,-16.471,0.082,-0.154,0.384,-1.103
2.911,0.040,6.342,-4.630,0.088,-0.163,0.779,-1.801
4.154,-0.234,7.922,-6.179,0.097,-0.176,0.816,-1.885
4.154,-0.234,12.015,-14.364,0.113,-0.208,0.816,-1.885
3.932,-1.931,10.397,-15.736,0.121,-0.226,0.993,-2.034
2.179,0.468,3.540,-3.244,0.111,-0.199,1.214,-2.323
2.179,0.468,6.676,-9.515,0.124,-0.224,1.214,-2.323
3.582,-2.211,2.840,-2.840,0.114,-0.209,1.279,-2.471
0.510,4.376,-6.118,16.177,0.091,-0.161,1.443,-2.816
5.071,-4.067,-7.592,19.212,0.080,-0.139,1.377,-2.699
-1.091,4.787,-15.956,32.522,0.059,-0.104,1.530,-2.929
-2.522,7.301,-15.232,31.891,0.044,-0.078,1.317,-2.565
-4.506,6.247,-15.177,22.710,0.028,-0.046,1.107,-1.709
-4.654,3.692,-13.778,16.519,0.016,-0.033,0.892,-1.235
-4.654,3.692,-13.778,16.519,0.016,-0.033,0.892,-1.235
-5.151,1.689,-10.706,7.987,0.002,-0.017,0.565,-0.606
-5.347,1.381,-10.128,6.758,-0.001,-0.014,0.500,-0.509
-4.723,0.287,-8.693,3.354,-0.005,-0.010,0.374,-0.298
-4.964,-0.118,-8.299,2.279,-0.007,-0.009,0.330,-0.223
-5.604,-0.012,-8.682,1.984,-0.012,-0.006,0.286,-0.172
-5.149,-0.225,-7.180,1.273,-0.014,-0.005,0.189,-0.122
-4.433,-0.446,-6.229,0.547,-0.015,-0.004,0.129,-0.079
-4.271,-0.708,-5.352,-0.171,-0.016,-0.003,0.070,-0.034
-3.726,-0.958,-4.403,-0.797,-0.016,-0.003,0.019,-0.000
-3.128,-0.931,-3.204,-0.608,-0.016,-0.003,-0.037,-0.008
-3.163,-1.375,-3.337,-1.221,-0.016,-0.003,-0.028,0.021
-3.030,-1.264,-2.945,-0.665,-0.015,-0.003,-0.044,-0.006
-2.686,-0.405,-2.641,0.385,-0.015,-0.003,-0.049,-0.056
-2.296,-0.059,-1.916,0.739,-0.014,-0.002,-0.076,-0.063
-1.931,-0.444,-1.382,0.457,-0.013,-0.002,-0.097,-0.046
-1.789,0.363,-1.865,1.558,-0.011,-0.000,-0.048,-0.081
-2.084,0.218,-1.935,1.175,-0.011,0.000,-0.040,-0.057
-1.599,0.118,-1.350,0.555,-0.010,0.001,-0.060,-0.019
-0.844,-0.162,-0.851,0.850,-0.010,0.001,-0.079,-0.031
0.268,0.410,1.623,1.034,-0.008,0.001,-0.184,-0.040
0.388,0.411,1.689,0.797,-0.007,0.001,-0.171,-0.025
1.152,1.072,2.521,1.985,-0.004,0.002,-0.175,-0.072
1.180,0.787,1.897,1.788,-0.003,0.003,-0.128,-0.058
1.481,0.929,2.126,1.622,-0.002,0.003,-0.126,-0.041
1.426,0.522,1.555,0.939,-0.000,0.004,-0.082,-0.003
1.081,0.805,0.821,1.464,0.000,0.004,-0.038,-0.029
1.126,0.454,0.859,0.594,0.001,0.004,-0.034,0.015
0.794,0.440,0.371,0.778,0.001,0.004,-0.008,0.005
0.134,0.582,-0.653,0.712,0.000,0.004,0.038,0.008
-0.362,0.582,-1.408,0.829,0.000,0.003,0.070,0.002
-0.563,0.846,-1.586,0.987,-0.001,0.003,0.072,-0.007
-0.267,0.562,-1.373,0.956,-0.001,0.003,0.054,-0.007
-0.487,0.338,-1.334,0.501,-0.002,0.003,0.047,0.016
-0.902,0.434,-2.191,0.414,-0.002,0.003,0.081,0.016
-1.382,0.209,-5.508,6.939,-0.015,0.028,0.084,0.002
-1.272,0.659,-9.587,15.690,-0.034,0.062,0.053,-0.005
-1.055,0.722,-13.178,23.862,-0.051,0.096,0.020,0.004
-3.184,5.059,-16.292,31.416,-0.067,0.128,-0.028,0.032
-5.653,9.673,-16.238,32.383,-0.082,0.157,-0.210,0.348
-6.360,5.551,-14.171,19.291,-0.093,0.174,-0.448,1.215
-6.635,7.438,-13.176,17.868,-0.101,0.191,-0.606,1.500
-7.207,6.586,-11.424,13.086,-0.109,0.201,-0.787,1.854
-4.295,1.627,-4.221,-0.341,-0.107,0.194,-1.128,2.445
-7.349,4.664,-7.417,2.281,-0.113,0.204,-1.036,2.432
-5.645,1.952,-4.241,-5.213,-0.110,0.199,-1.164,2.745
-6.353,6.403,-1.301,-7.443,-0.107,0.186,-1.278,2.693
-4.436,-0.222,0.791,-13.037,-0.103,0.180,-1.325,2.901
-4.053,1.377,0.663,-15.117,-0.097,0.162,-1.247,2.777
-2.355,-1.885,4.187,-15.476,-0.088,0.147,-1.309,2.612
-4.908,-0.912,2.628,-11.863,-0.081,0.131,-1.146,2.227
-3.674,0.786,4.020,-13.021,-0.077,0.126,-1.168,2.230
-2.675,-0.610,3.902,-14.295,-0.066,0.102,-1.023,1.985
-2.565,-0.564,4.542,-12.317,-0.056,0.085,-0.921,1.683
-1.545,0.140,6.160,-14.053,-0.049,0.074,-0.924,1.629
-0.859,0.104,6.523,-13.201,-0.036,0.051,-0.772,1.293
-0.546,-0.006,6.583,-12.331,-0.027,0.035,-0.663,1.054
0.171,-0.657,7.887,-15.615,-0.017,0.017,-0.606,0.999
0.314,-0.030,9.419,-15.934,-0.010,0.002,-0.592,0.825
-0.324,-0.564,6.746,-12.473,0.006,-0.022,-0.257,0.343
0.639,-0.599,7.777,-13.514,0.016,-0.041,-0.187,0.163
1.130,-0.077,8.647,-10.390,0.027,-0.059,-0.093,-0.220
4.352,2.080,10.705,-13.073,0.038,-0.078,-0.054,-0.316
3.709,-3.818,11.327,-16.808,0.050,-0.099,0.059,-0.400
1.876,2.166,6.082,-5.251,0.057,-0.106,0.410,-1.068
3.848,-1.697,9.812,-11.832,0.070,-0.131,0.386,-1.042
4.224,-0.785,5.686,0.449,0.075,-0.134,0.653,-1.699
4.509,-3.678,4.269,-2.974,0.084,-0.154,0.832,-1.774
2.371,2.215,6.329,-0.911,0.092,-0.170,0.839,-2.078
0.290,5.269,7.020,-7.149,0.101,-0.186,0.916,-1.973
5.020,-2.303,9.654,-9.833,0.108,-0.194,0.868,-1.932
0.585,3.454,6.616,-9.596,0.115,-0.208,1.102,-2.116
4.754,-7.873,7.243,-14.668,0.116,-0.217,1.085,-1.974
1.609,-1.215,-4.482,10.292,0.100,-0.185,1.469,-2.831
2.515,-2.942,-7.300,16.537,0.087,-0.163,1.457,-2.863
0.215,4.309,-14.764,33.780,0.065,-0.113,1.551,-3.100
-2.183,6.019,-16.746,35.010,0.053,-0.095,1.500,-2.941
-2.341,8.039,-14.740,33.006,0.042,-0.074,1.264,-2.579
-3.471,6.159,-14.376,26.359,0.033,-0.053,1.127,-1.983
-5.338,5.300,-14.911,19.460,0.018,-0.035,0.969,-1.412
-4.665,3.146,-12.060,13.033,0.010,-0.023,0.732,-0.939
-5.329,2.199,-12.157,8.496,0.005,-0.018,0.669,-0.646
-5.221,0.531,-10.197,5.058,-0.000,-0.013,0.505,-0.414
-4.501,-0.009,-8.914,2.819,-0.004,-0.010,0.390,-0.265
-5.071,0.054,-8.403,2.073,-0.008,-0.008,0.323,-0.206
-5.471,0.355,-8.838,2.588,-0.010,-0.006,0.315,-0.206
-4.155,-0.355,-5.456,0.983,-0.014,-0.004,0.100,-0.098
-4.489,-0.462,-6.236,0.405,-0.015,-0.004,0.130,-0.068
-4.006,-0.793,-4.829,-0.386,-0.016,-0.003,0.046,-0.019
-3.482,-1.014,-4.291,-0.827,-0.016,-0.003,0.016,0.003
-3.482,-1.014,-4.291,-0.827,-0.016,-0.003,0.016,0.003
-3.379,-1.485,-3.636,-1.283,-0.016,-0.003,-0.012,0.025
-3.025,-1.263,-2.821,-1.168,-0.015,-0.003,-0.047,0.018
-2.601,-0.374,-2.571,-0.004,-0.015,-0.003,-0.053,-0.035
-2.578,-0.068,-2.288,0.854,-0.014,-0.003,-0.062,-0.074
-1.421,-0.021,-1.234,0.855,-0.013,-0.002,-0.099,-0.065
-1.636,0.197,-1.221,1.236,-0.012,-0.001,-0.089,-0.073
-1.863,0.973,-1.448,1.834,-0.011,-0.000,-0.068,-0.096
-1.791,0.380,-1.808,1.345,-0.011,0.000,-0.047,-0.066
-0.337,0.185,-0.040,0.969,-0.009,0.001,-0.116,-0.039
0.391,0.634,1.789,1.600,-0.008,0.001,-0.194,-0.066
0.391,0.634,1.789,1.600,-0.008,0.001,-0.194,-0.066
1.803,1.292,3.498,2.094,-0.004,0.002,-0.219,-0.074
1.507,1.235,2.483,2.128,-0.002,0.003,-0.154,-0.072
1.563,0.946,2.902,1.780,-0.001,0.004,-0.160,-0.045
0.999,0.499,0.996,1.241,0.000,0.004,-0.048,-0.017
0.999,0.499,0.996,1.241,0.000,0.004,-0.048,-0.017
1.102,0.582,0.888,0.728,0.001,0.004,-0.038,0.008
0.791,0.418,0.709,0.957,0.001,0.004,-0.020,-0.003
0.349,0.073,-0.542,0.195,0.001,0.003,0.037,0.032
0.077,0.520,-1.010,1.210,0.001,0.003,0.057,-0.019
-0.527,0.682,-1.396,1.169,-0.000,0.003,0.066,-0.017
-0.820,0.540,-2.232,0.422,-0.001,0.003,0.099,0.022
-0.473,0.419,-0.829,0.875,-0.001,0.003,0.025,-0.002
-0.823,-0.029,-2.004,0.061,-0.002,0.003,0.080,0.040
-1.507,0.368,-5.985,6.584,-0.016,0.028,0.097,0.020
-2.148,0.419,-10.493,15.698,-0.034,0.062,0.103,-0.008
-1.721,0.659,-14.091,24.302,-0.051,0.096,0.066,-0.017
-3.491,5.461,-16.884,31.585,-0.068,0.128,-0.001,0.024
-4.374,5.281,-14.445,23.493,-0.081,0.153,-0.291,0.738
-7.530,8.748,-17.386,25.969,-0.093,0.176,-0.292,0.906
-7.297,7.639,-14.979,17.647,-0.103,0.191,-0.542,1.508
-5.022,2.143,-7.683,4.357,-0.103,0.191,-0.909,2.168
-5.844,4.790,-6.482,7.076,-0.110,0.203,-1.051,2.190
-7.708,6.034,-8.190,4.285,-0.114,0.208,-1.011,2.389
-7.896,0.860,-7.917,2.902,-0.118,0.215,-1.080,2.541
-5.866,1.661,-3.037,-5.884,-0.108,0.186,-1.203,2.625
-5.907,2.469,-2.544,-6.926,-0.107,0.182,-1.215,2.625
-5.907,2.469,-4.370,-3.273,-0.115,0.197,-1.215,2.625
-2.212,-3.720,0.265,-11.427,-0.091,0.152,-1.146,2.474
-5.407,3.135,-0.984,-5.878,-0.087,0.140,-1.037,2.048
-4.378,0.683,2.622,-13.083,-0.081,0.129,-1.146,2.272
-4.044,1.563,3.618,-13.817,-0.077,0.121,-1.138,2.200
-2.677,-0.637,4.823,-13.418,-0.058,0.088,-0.970,1.765
-1.989,-1.956,5.353,-15.720,-0.052,0.079,-0.920,1.777
-0.562,-0.802,7.167,-13.437,-0.039,0.057,-0.850,1.388
-0.405,0.144,6.578,-11.786,-0.026,0.032,-0.654,0.994
0.001,-0.410,7.840,-14.804,-0.016,0.017,-0.594,0.956
0.442,-0.081,8.586,-13.300,-0.006,-0.001,-0.504,0.657
0.622,0.075,7.986,-11.708,0.005,-0.021,-0.333,0.321
0.065,-0.519,7.180,-13.529,0.016,-0.039,-0.164,0.184
1.445,-0.848,9.029,-14.768,0.026,-0.059,-0.127,0.003
2.399,-0.652,10.238,-12.273,0.038,-0.077,-0.040,-0.344
2.399,-0.652,13.199,-18.195,0.050,-0.100,-0.040,-0.344
2.187,1.019,6.670,-6.639,0.058,-0.107,0.386,-1.011
3.870,-2.108,10.205,-13.448,0.069,-0.132,0.352,-0.978
3.901,-3.360,9.466,-12.518,0.080,-0.151,0.521,-1.267
5.170,-3.138,10.644,-11.766,0.090,-0.167,0.592,-1.500
1.445,3.072,8.577,-10.532,0.095,-0.178,0.763,-1.696
4.500,-5.793,8.058,-15.957,0.104,-0.194,0.892,-1.622
4.474,-6.087,7.850,-12.577,0.112,-0.212,1.013,-2.016
6.292,-7.229,8.199,-12.938,0.125,-0.232,1.152,-2.253
0.725,3.920,3.510,-1.532,0.116,-0.220,1.280,-2.674
6.883,6.650,3.791,0.988,0.109,-0.204,1.177,-2.605
2.565,0.939,-9.257,21.636,0.080,-0.142,1.468,-2.854
1.663,-1.198,-12.366,24.942,0.071,-0.127,1.512,-2.839
-0.768,4.570,-15.681,32.427,0.059,-0.104,1.526,-2.924
-2.955,7.187,-15.577,31.095,0.043,-0.078,1.310,-2.527
-3.822,6.462,-14.924,27.076,0.033,-0.060,1.155,-2.109
-4.551,5.643,-13.754,19.651,0.018,-0.038,0.912,-1.451
-4.625,3.184,-12.412,12.902,0.012,-0.029,0.766,-1.006
-5.720,2.269,-13.024,10.527,0.006,-0.022,0.722,-0.800
-5.066,2.062,-11.371,8.325,0.003,-0.018,0.608,-0.643
-5.083,0.067,-9.944,3.875,-0.007,-0.009,0.408,-0.310
-5.110,-0.200,-8.514,1.958,-0.007,-0.009,0.337,-0.214
-5.354,-0.019,-8.464,1.863,-0.009,-0.008,0.311,-0.198
-4.707,-0.523,-6.772,0.450,-0.013,-0.005,0.173,-0.088
-4.294,-0.314,-5.973,0.788,-0.014,-0.004,0.121,-0.095
-4.139,-0.658,-5.113,0.029,-0.016,-0.003,0.060,-0.043
-3.667,-1.097,-4.339,-0.439,-0.016,-0.003,0.019,-0.017
-3.358,-0.958,-3.186,-0.995,-0.016,-0.003,-0.035,0.011
-3.453,-1.208,-3.925,-0.645,-0.015,-0.003,0.003,-0.007
-3.192,-0.626,-3.360,-0.578,-0.015,-0.003,-0.024,-0.010
-2.982,-0.657,-2.760,-0.159,-0.015,-0.003,-0.050,-0.027
-2.461,-0.875,-2.445,-0.520,-0.014,-0.002,-0.056,-0.004
-1.714,-0.230,-1.175,0.442,-0.013,-0.002,-0.106,-0.047
-1.355,0.364,-0.873,1.230,-0.012,-0.001,-0.104,-0.075
-1.853,0.143,-1.940,1.227,-0.011,-0.001,-0.044,-0.071
-1.643,0.360,-1.324,1.500,-0.011,0.000,-0.068,-0.073
-1.007,0.500,-0.869,0.766,-0.010,0.001,-0.079,-0.030
0.774,0.493,2.135,1.642,-0.008,0.001,-0.203,-0.065
0.663,1.145,1.982,1.434,-0.007,0.002,-0.181,-0.050
1.453,1.068,2.923,1.794,-0.003,0.003,-0.187,-0.058
1.401,1.091,2.041,1.970,-0.002,0.003,-0.131,-0.061
1.430,0.907,2.187,1.508,-0.001,0.003,-0.122,-0.033
1.051,0.477,1.357,1.318,-0.000,0.004,-0.069,-0.021
1.102,0.781,1.091,1.178,0.000,0.004,-0.050,-0.014
1.274,0.336,1.607,0.573,0.001,0.004,-0.070,0.016
0.801,0.521,0.502,0.830,0.001,0.003,-0.007,0.002
0.606,0.886,-0.051,1.115,0.001,0.003,0.017,-0.014
0.242,0.440,-0.751,0.471,0.001,0.004,0.046,0.020
-0.733,0.375,-1.692,0.360,-0.000,0.003,0.080,0.025
-0.819,0.561,-2.188,0.461,-0.001,0.003,0.098,0.019
-0.183,0.560,-0.465,0.695,-0.001,0.003,0.008,0.008
-0.435,0.500,-1.536,0.610,-0.002,0.003,0.056,0.010
-1.040,0.435,-5.476,6.865,-0.015,0.028,0.087,0.008
-1.040,0.435,-9.755,15.422,-0.032,0.062,0.087,0.008
-1.644,0.499,-14.489,23.978,-0.050,0.096,0.100,-0.002
-1.419,0.340,-17.383,31.916,-0.067,0.129,0.027,0.011
-1.419,0.340,-21.345,39.839,-0.083,0.160,0.027,0.011
-2.378,1.071,-22.216,38.674,-0.097,0.185,-0.097,0.378
-10.861,15.555,-17.278,33.541,-0.107,0.207,-0.479,0.905
-9.762,17.527,-15.365,28.675,-0.118,0.228,-0.709,1.416
-5.298,4.346,-10.309,11.396,-0.120,0.232,-0.989,2.328
-5.405,3.472,-8.776,7.679,-0.122,0.230,-1.085,2.495
-4.004,1.963,0.051,-7.579,-0.113,0.205,-1.417,2.938
-6.059,4.414,-2.634,-6.748,-0.115,0.210,-1.302,2.957
-6.001,3.146,1.311,-15.582,-0.107,0.183,-1.401,3.073
-3.468,-0.684,2.745,-16.374,-0.103,0.180,-1.421,3.069
-3.569,0.186,3.342,-14.724,-0.098,0.169,-1.390,2.844
-3.600,-2.075,3.091,-18.723,-0.085,0.140,-1.211,2.687
-3.579,-0.961,3.834,-17.231,-0.078,0.127,-1.171,2.455
-2.574,-0.126,5.898,-15.354,-0.071,0.110,-1.182,2.138
-1.297,-1.666,4.962,-12.738,-0.058,0.088,-0.969,1.740
-1.652,0.088,6.286,-13.290,-0.049,0.071,-0.932,1.552
-1.652,0.088,6.798,-14.316,-0.047,0.067,-0.932,1.552
-1.043,0.622,8.166,-14.426,-0.035,0.047,-0.851,1.305
0.046,-0.627,8.353,-14.868,-0.017,0.016,-0.626,0.946
0.184,0.517,9.371,-13.945,-0.006,-0.000,-0.544,0.696
0.980,-0.518,9.564,-13.262,0.005,-0.020,-0.411,0.408
0.828,0.594,7.227,-11.561,0.017,-0.040,-0.154,0.081
2.081,-0.656,9.856,-13.025,0.027,-0.059,-0.150,-0.082
3.437,-1.385,11.475,-13.851,0.039,-0.078,-0.084,-0.280
4.409,-3.151,11.862,-15.591,0.051,-0.098,0.041,-0.444
2.953,0.399,12.087,-14.848,0.062,-0.117,0.176,-0.722
1.916,1.605,9.685,-13.639,0.071,-0.131,0.401,-0.951
5.969,-3.252,12.716,-14.814,0.082,-0.149,0.392,-1.118
5.391,-5.766,9.725,-15.201,0.092,-0.171,0.667,-1.377
2.129,2.588,9.151,-10.619,0.099,-0.183,0.780,-1.751
6.890,-6.469,12.959,-14.926,0.109,-0.201,0.718,-1.769
3.971,-1.362,6.740,-5.322,0.111,-0.200,1.056,-2.235
4.483,-2.968,6.625,-6.713,0.119,-0.215,1.160,-2.350
3.468,-3.443,1.877,-3.147,0.118,-0.219,1.386,-2.581
-0.101,4.797,-8.927,18.103,0.095,-0.166,1.631,-2.986
2.328,0.519,-7.808,21.849,0.086,-0.149,1.462,-2.950
0.517,-0.090,-14.758,26.712,0.070,-0.125,1.614,-2.898
-1.467,5.732,-16.693,34.591,0.058,-0.101,1.554,-2.995
-3.623,7.472,-15.829,29.972,0.039,-0.066,1.274,-2.323
-4.051,5.962,-14.304,23.332,0.030,-0.051,1.087,-1.802
-5.233,4.800,-15.622,19.184,0.021,-0.038,1.046,-1.440
-5.233,4.800,-15.622,19.184,0.021,-0.038,1.046,-1.440
-5.200,1.643,-11.129,7.861,0.003,-0.017,0.598,-0.605
-5.148,0.240,-9.687,3.555,-0.002,-0.011,0.464,-0.321
-4.696,0.480,-9.349,3.670,-0.003,-0.011,0.427,-0.324
-5.298,0.071,-8.506,2.522,-0.010,-0.006,0.296,-0.205
-5.254,-0.156,-8.276,1.422,-0.012,-0.005,0.258,-0.135
-4.593,-0.395,-6.576,0.810,-0.013,-0.004,0.161,-0.094
-3.890,-0.521,-5.131,0.336,-0.014,-0.004,0.079,-0.062
-4.045,-0.767,-5.059,-0.091,-0.015,-0.003,0.067,-0.039
-3.954,-0.792,-4.845,-0.164,-0.015,-0.003,0.051,-0.033
-3.072,-1.319,-3.303,-0.859,-0.015,-0.003,-0.022,0.005
-2.941,-0.876,-3.067,-0.309,-0.015,-0.003,-0.030,-0.023
-2.563,-0.438,-2.385,0.066,-0.014,-0.003,-0.060,-0.037
-2.073,-1.079,-1.612,-0.139,-0.014,-0.003,-0.090,-0.025
-1.639,-0.656,-1.014,0.563,-0.012,-0.002,-0.103,-0.051
-1.716,-0.118,-1.696,0.896,-0.011,-0.001,-0.057,-0.061
-2.026,0.586,-1.927,1.870,-0.011,-0.000,-0.041,-0.099
-1.490,0.870,-1.208,1.545,-0.010,0.001,-0.068,-0.071
-1.490,0.870,-1.058,1.668,-0.010,0.001,-0.068,-0.071
-0.572,0.622,0.432,0.755,-0.009,0.001,-0.128,-0.027
0.222,0.269,1.362,0.840,-0.007,0.001,-0.159,-0.025
0.886,0.485,1.841,1.464,-0.006,0.002,-0.167,-0.052
1.387,0.865,2.918,1.627,-0.003,0.003,-0.186,-0.050
1.397,1.156,2.164,1.982,-0.002,0.003,-0.132,-0.063
1.430,0.660,2.610,1.578,-0.001,0.003,-0.143,-0.040
1.415,0.582,1.413,1.284,0.000,0.004,-0.067,-0.020
1.684,0.640,1.906,0.799,0.001,0.004,-0.081,0.005
1.631,0.805,2.194,0.709,0.002,0.004,-0.084,0.010
0.971,0.558,0.722,0.755,0.002,0.004,-0.011,0.008
0.749,0.500,0.095,0.692,0.002,0.003,0.018,0.008
0.844,0.620,0.031,0.746,0.002,0.003,0.018,0.006
0.220,0.216,-0.599,0.543,0.001,0.003,0.045,0.016
0.018,0.582,-0.738,1.054,0.001,0.004,0.049,-0.008
-0.648,0.500,-1.695,0.904,-0.000,0.004,0.083,-0.001
-1.198,0.724,-2.216,1.034,-0.001,0.003,0.100,-0.010
-0.857,0.561,-4.718,6.849,-0.014,0.028,0.060,0.012
-0.857,0.561,-8.997,15.405,-0.031,0.063,0.060,0.012
-1.444,0.275,-14.531,23.579,-0.050,0.096,0.106,0.018
-3.835,5.060,-17.840,30.286,-0.067,0.128,0.057,0.086
-6.302,10.058,-18.542,32.025,-0.082,0.157,-0.097,0.363
-6.330,8.665,-14.396,25.678,-0.093,0.179,-0.441,0.958
-7.337,8.414,-14.061,18.939,-0.103,0.194,-0.585,1.483
-5.254,3.891,-7.821,5.931,-0.105,0.197,-0.923,2.160
-6.590,0.838,-9.103,8.303,-0.114,0.211,-0.970,2.226
-3.959,-0.994,-8.224,2.876,-0.111,0.206,-0.981,2.436
-6.874,4.925,-6.862,2.584,-0.114,0.202,-1.081,2.399
-2.731,-0.292,-2.495,-2.193,-0.109,0.199,-1.243,2.591
-4.919,2.841,-1.922,-4.416,-0.099,0.174,-1.146,2.395
-5.394,3.807,-1.789,-5.016,-0.100,0.174,-1.157,2.424
-4.435,2.211,1.917,-8.564,-0.096,0.163,-1.292,2.469
-3.960,1.504,3.723,-11.598,-0.090,0.152,-1.314,2.485
-2.828,-1.023,5.614,-17.868,-0.077,0.127,-1.237,2.485
-2.031,-0.319,6.210,-15.539,-0.069,0.109,-1.172,2.143
-0.590,-2.172,6.246,-15.323,-0.059,0.097,-1.052,1.974
-1.098,0.323,6.628,-14.349,-0.052,0.080,-0.987,1.715
-0.748,0.107,7.072,-14.241,-0.036,0.052,-0.802,1.365
-0.748,0.107,7.923,-15.943,-0.032,0.045,-0.802,1.365
0.176,0.142,8.914,-15.820,-0.020,0.028,-0.699,1.138
0.474,-0.284,8.046,-14.058,-0.005,0.000,-0.464,0.707
0.671,0.461,7.305,-11.329,0.008,-0.021,-0.266,0.301
2.184,-0.111,8.716,-12.687,0.018,-0.039,-0.208,0.141
2.555,-0.119,10.372,-11.343,0.029,-0.058,-0.150,-0.161
3.541,-0.579,11.227,-11.904,0.041,-0.075,-0.043,-0.345
3.541,-0.579,14.188,-17.826,0.053,-0.099,-0.043,-0.345
4.498,-2.201,15.516,-20.495,0.066,-0.122,0.048,-0.496
6.318,0.988,12.689,-13.688,0.075,-0.135,0.306,-1.006
4.946,-1.947,9.967,-11.520,0.083,-0.148,0.538,-1.275
5.310,-0.611,9.276,-7.431,0.093,-0.163,0.699,-1.665
2.798,2.784,9.869,-10.295,0.101,-0.181,0.773,-1.745
3.199,-0.429,5.032,-3.847,0.105,-0.186,1.060,-2.134
4.153,-1.830,6.219,-6.476,0.113,-0.202,1.098,-2.205
1.676,3.769,7.619,-7.588,0.121,-0.213,1.129,-2.278
5.709,-6.019,6.721,-9.839,0.124,-0.219,1.210,-2.248
2.659,0.940,-4.114,14.514,0.104,-0.180,1.503,-2.975
2.953,-0.195,-8.744,20.376,0.088,-0.156,1.533,-2.970
2.031,1.211,-11.998,30.570,0.075,-0.125,1.540,-3.090
-0.705,7.483,-16.617,36.616,0.062,-0.101,1.610,-3.090
-4.126,7.272,-16.932,29.888,0.039,-0.065,1.339,-2.309
-4.126,7.272,-16.932,29.888,0.039,-0.065,1.339,-2.309
-4.619,5.990,-15.577,23.232,0.030,-0.050,1.154,-1.784
-4.440,3.160,-12.156,13.000,0.013,-0.027,0.769,-0.987
-5.054,1.995,-11.127,8.096,0.004,-0.017,0.601,-0.615
-5.082,0.753,-9.947,5.679,0.000,-0.013,0.503,-0.446
-5.233,0.517,-9.142,3.686,-0.004,-0.011,0.408,-0.316
-4.645,-0.030,-7.994,1.944,-0.006,-0.009,0.324,-0.207
-5.377,-0.075,-8.421,2.087,-0.010,-0.006,0.292,-0.179
-5.546,-0.155,-8.615,1.164,-0.012,-0.006,0.281,-0.127
-4.012,-0.482,-5.131,0.620,-0.014,-0.004,0.081,-0.078
-4.012,-0.482,-5.131,0.620,-0.014,-0.004,0.081,-0.078
-3.926,-0.792,-4.873,0.024,-0.015,-0.003,0.061,-0.042
-3.192,-1.292,-3.369,-0.809,-0.015,-0.003,-0.018,0.002
-2.681,-0.769,-2.397,-0.384,-0.014,-0.003,-0.057,-0.018
-2.213,-0.657,-2.033,0.061,-0.014,-0.003,-0.072,-0.036
-1.881,-0.272,-1.108,0.163,-0.013,-0.002,-0.105,-0.039
-2.081,-0.275,-1.280,0.861,-0.012,-0.002,-0.080,-0.065
-2.009,-0.049,-2.137,1.148,-0.011,-0.001,-0.034,-0.073
-2.027,0.723,-2.219,1.932,-0.011,-0.001,-0.025,-0.103
-1.505,0.342,-1.306,0.959,-0.010,0.001,-0.062,-0.041
-0.167,0.274,0.622,0.847,-0.009,0.001,-0.141,-0.031
0.097,-0.104,1.354,0.539,-0.008,0.001,-0.168,-0.013
0.441,0.491,1.981,0.742,-0.007,0.001,-0.183,-0.020
1.735,0.783,3.896,1.764,-0.004,0.002,-0.240,-0.063
1.639,1.105,2.857,2.186,-0.001,0.003,-0.153,-0.074
1.641,1.519,2.623,2.006,-0.000,0.003,-0.137,-0.060
1.794,1.215,2.429,1.844,0.001,0.004,-0.114,-0.047
2.318,0.746,2.525,1.166,0.001,0.004,-0.108,-0.013
2.197,0.551,2.817,0.886,0.003,0.004,-0.107,0.004
2.197,0.551,2.817,0.886,0.003,0.004,-0.107,0.004
1.189,0.582,0.656,0.971,0.003,0.004,0.008,-0.001
1.189,0.582,0.656,0.971,0.003,0.004,0.008,-0.001
0.737,0.499,0.011,0.696,0.003,0.004,0.034,0.012
0.233,0.276,-0.579,0.383,0.002,0.004,0.054,0.026
0.233,0.276,-0.579,0.383,0.002,0.004,0.054,0.026
0.397,0.522,-0.626,0.757,0.002,0.004,0.051,0.006
-0.951,0.520,-2.364,0.625,0.000,0.003,0.120,0.011
-0.951,0.520,-5.500,6.895,-0.012,0.028,0.120,0.011
-0.710,0.581,-9.119,15.702,-0.032,0.063,0.059,-0.003
-0.603,-0.220,-13.006,23.806,-0.049,0.096,0.042,0.009
-6.280,10.683,-15.127,25.878,-0.065,0.126,-0.055,0.286
-5.088,7.089,-15.500,28.102,-0.079,0.156,-0.217,0.542
-6.158,8.830,-15.104,26.025,-0.091,0.178,-0.387,0.919
-4.297,4.921,-9.058,13.462,-0.098,0.188,-0.777,1.681
-7.926,8.363,-8.301,4.559,-0.102,0.188,-0.865,2.126
-5.243,2.861,-5.869,0.428,-0.109,0.200,-1.070,2.476
-7.844,8.812,-4.977,1.020,-0.104,0.190,-1.050,2.328
-5.818,2.469,-4.452,-4.208,-0.108,0.196,-1.128,2.659
-5.046,3.103,-0.396,-10.413,-0.100,0.172,-1.235,2.674
-4.648,-0.475,-0.239,-12.662,-0.101,0.178,-1.256,2.859
-4.345,2.137,3.299,-13.281,-0.091,0.155,-1.304,2.601
-3.486,-0.599,1.747,-14.586,-0.092,0.156,-1.239,2.684
-4.292,-0.092,4.104,-16.640,-0.079,0.126,-1.198,2.411
-4.292,-0.092,3.253,-14.938,-0.083,0.133,-1.198,2.411
-2.157,-1.564,5.418,-14.689,-0.075,0.124,-1.211,2.281
-0.775,-1.941,5.661,-12.101,-0.057,0.086,-0.996,1.682
-0.423,-1.088,8.818,-15.256,-0.042,0.062,-0.963,1.537
-0.405,1.074,7.311,-12.259,-0.035,0.053,-0.801,1.273
0.628,0.777,7.777,-10.934,-0.024,0.035,-0.688,0.988
0.912,-0.037,9.501,-13.735,-0.014,0.016,-0.649,0.890
0.698,-0.101,7.843,-12.798,-0.003,-0.001,-0.430,0.627
1.138,0.304,7.814,-8.436,0.009,-0.021,-0.279,0.157
1.138,0.304,9.946,-12.699,0.017,-0.038,-0.279,0.157
1.554,1.099,11.725,-15.464,0.029,-0.058,-0.227,0.047
3.041,-0.359,9.963,-11.227,0.042,-0.075,0.029,-0.377
4.575,-1.796,11.981,-13.526,0.054,-0.096,0.071,-0.518
6.129,-3.632,13.160,-15.444,0.065,-0.117,0.159,-0.690
4.093,1.899,12.653,-13.324,0.075,-0.131,0.311,-0.966
6.926,-4.481,13.240,-15.484,0.087,-0.151,0.424,-1.109
4.465,-6.040,6.184,-1.148,0.088,-0.148,0.789,-1.795
5.394,0.839,10.398,-9.174,0.101,-0.176,0.740,-1.744
6.636,-3.180,11.419,-10.777,0.112,-0.194,0.832,-1.887
3.577,0.957,4.389,-0.506,0.114,-0.196,1.201,-2.423
5.620,1.089,4.852,0.744,0.116,-0.205,1.213,-2.599
2.219,1.315,0.637,5.671,0.115,-0.203,1.404,-2.821
1.803,-2.292,-4.620,15.574,0.101,-0.169,1.488,-2.887
2.547,0.412,-13.023,27.960,0.078,-0.127,1.630,-2.980
-0.319,5.896,-15.607,34.999,0.062,-0.097,1.561,-2.959
-1.198,7.012,-15.474,33.611,0.057,-0.086,1.480,-2.755
-2.427,7.502,-14.781,28.600,0.040,-0.062,1.245,-2.210
-2.904,6.294,-12.523,23.433,0.032,-0.047,1.025,-1.760
-4.727,4.324,-14.454,17.742,0.024,-0.033,1.018,-1.303
-3.860,3.042,-11.041,11.553,0.014,-0.022,0.724,-0.848
-4.859,1.895,-11.736,8.074,0.007,-0.016,0.674,-0.609
-4.493,0.480,-9.202,4.441,0.001,-0.011,0.470,-0.363
-4.392,-0.119,-8.675,2.316,-0.003,-0.009,0.400,-0.229
-4.220,0.302,-7.480,2.887,-0.006,-0.007,0.301,-0.229
-4.690,0.139,-7.746,1.622,-0.008,-0.005,0.286,-0.149
-4.871,0.304,-7.806,2.030,-0.010,-0.004,0.269,-0.154
-3.621,-0.874,-5.269,-0.265,-0.012,-0.003,0.107,-0.028
-2.700,-0.765,-3.045,-0.632,-0.013,-0.003,-0.005,-0.009
-2.699,-0.987,-2.761,-1.194,-0.012,-0.003,-0.016,0.019
-2.699,-1.208,-2.873,-0.882,-0.012,-0.003,-0.010,0.005
-1.940,-1.097,-1.904,-0.882,-0.012,-0.003,-0.051,0.005
-2.094,-0.289,-2.026,0.452,-0.011,-0.003,-0.037,-0.057
-1.790,-0.066,-1.969,0.752,-0.011,-0.002,-0.036,-0.066
-1.493,0.362,-1.596,1.554,-0.010,-0.002,-0.050,-0.098
-1.822,0.783,-1.784,2.132,-0.010,-0.001,-0.040,-0.117
-1.804,0.197,-2.137,0.959,-0.010,0.001,-0.018,-0.040
-1.394,0.185,-1.323,0.597,-0.010,0.001,-0.056,-0.021
-1.394,0.185,-1.323,0.597,-0.010,0.001,-0.056,-0.021
-0.548,-0.250,-0.290,0.027,-0.008,0.001,-0.090,0.007
-0.387,0.275,0.832,0.759,-0.007,0.001,-0.128,-0.028
1.144,0.189,2.760,0.726,-0.005,0.001,-0.205,-0.021
2.243,0.405,3.239,0.944,-0.004,0.001,-0.208,-0.029
1.347,0.996,2.389,1.759,-0.001,0.002,-0.137,-0.061
1.339,0.801,1.788,1.803,-0.001,0.003,-0.097,-0.056
1.302,1.334,1.598,2.235,0.000,0.003,-0.079,-0.070
1.463,0.945,1.739,1.617,0.001,0.004,-0.079,-0.035
1.422,0.522,1.664,0.638,0.002,0.004,-0.063,0.012
1.363,0.559,1.258,0.856,0.002,0.004,-0.039,0.002
0.736,0.440,0.190,0.941,0.002,0.003,0.012,-0.004
0.736,0.440,0.190,0.941,0.002,0.003,0.012,-0.004
0.365,0.560,-0.122,0.660,0.001,0.003,0.023,0.010
0.365,0.560,-0.122,0.660,0.001,0.003,0.023,0.010
-0.228,0.724,-1.333,1.011,0.000,0.003,0.071,-0.010
-0.564,0.521,-1.671,0.872,-0.000,0.003,0.078,-0.000
-0.521,0.622,-4.441,7.053,-0.014,0.028,0.050,0.003
-0.051,0.622,-8.132,15.555,-0.031,0.063,0.020,0.006
-0.294,0.580,-12.843,23.386,-0.049,0.096,0.035,0.030
-3.271,4.924,-16.972,30.761,-0.065,0.128,0.033,0.065
-4.622,6.045,-14.872,24.702,-0.079,0.154,-0.247,0.684
-6.380,9.148,-15.289,23.645,-0.091,0.175,-0.376,1.004
-3.279,2.517,-13.554,21.363,-0.101,0.193,-0.590,1.347
-9.807,12.723,-10.565,12.015,-0.106,0.201,-0.791,1.912
-4.099,1.705,-2.749,0.877,-0.109,0.203,-1.227,2.496
-6.910,5.379,-6.278,1.774,-0.114,0.212,-1.112,2.555
-6.910,5.379,-8.978,7.175,-0.125,0.233,-1.112,2.555
-1.509,-3.619,-1.723,-6.027,-0.103,0.186,-1.207,2.630
-5.462,4.588,-3.101,-1.310,-0.103,0.184,-1.129,2.367
-2.416,0.373,2.548,-11.664,-0.095,0.162,-1.313,2.613
-1.536,-3.173,1.799,-10.772,-0.091,0.155,-1.223,2.476
-5.657,2.786,-0.965,-7.188,-0.087,0.147,-1.037,2.196
-4.164,1.618,2.942,-12.065,-0.081,0.135,-1.163,2.294
-1.388,0.811,7.190,-12.665,-0.069,0.114,-1.217,2.054
-0.691,-1.121,6.145,-14.500,-0.059,0.099,-1.044,1.964
-0.852,0.178,6.231,-12.285,-0.052,0.087,-0.966,1.705
0.439,-0.557,7.691,-12.827,-0.036,0.056,-0.832,1.342
0.202,0.356,8.455,-13.504,-0.026,0.040,-0.749,1.173
1.167,0.020,9.584,-14.061,-0.012,0.017,-0.630,0.915
0.959,0.123,8.880,-12.626,-0.001,-0.000,-0.461,0.626
0.921,1.463,8.543,-12.810,0.009,-0.019,-0.319,0.408
2.756,-0.752,10.585,-14.660,0.020,-0.038,-0.280,0.253
2.440,0.177,10.071,-11.294,0.032,-0.057,-0.103,-0.154
3.706,-1.525,11.772,-13.963,0.043,-0.077,-0.049,-0.269
4.741,-2.448,12.099,-15.020,0.054,-0.097,0.076,-0.465
5.585,0.555,11.224,-6.797,0.065,-0.111,0.251,-1.047
6.416,-1.536,12.233,-12.036,0.076,-0.130,0.334,-1.024
5.530,-1.197,10.551,-10.118,0.086,-0.146,0.548,-1.322
4.807,-1.330,8.855,-8.991,0.094,-0.164,0.737,-1.601
5.921,-2.595,10.411,-10.050,0.104,-0.182,0.781,-1.772
3.046,3.101,10.243,-9.039,0.113,-0.195,0.906,-1.983
4.587,0.036,12.183,-13.945,0.125,-0.217,0.947,-2.009
1.513,2.649,6.606,-8.798,0.121,-0.215,1.186,-2.248
5.615,-4.174,6.972,-6.428,0.124,-0.217,1.204,-2.385
4.272,-1.531,-1.402,7.741,0.107,-0.185,1.412,-2.694
0.563,4.638,-6.901,16.373,0.093,-0.157,1.505,-2.779
3.340,-3.920,-10.070,19.717,0.078,-0.136,1.479,-2.683
-2.400,6.847,-17.351,32.967,0.053,-0.086,1.530,-2.717
-2.252,6.801,-15.158,31.660,0.045,-0.075,1.318,-2.525
-4.092,6.560,-16.678,26.558,0.035,-0.055,1.267,-2.013
-5.279,4.936,-15.736,18.628,0.019,-0.036,1.030,-1.385
-4.997,3.227,-12.709,12.938,0.013,-0.028,0.796,-0.995
-5.402,1.927,-12.853,8.527,0.007,-0.020,0.730,-0.677
-5.022,1.091,-10.010,6.013,0.000,-0.014,0.501,-0.472
-5.012,0.158,-9.359,3.329,-0.004,-0.011,0.412,-0.304
-5.128,-0.078,-8.461,1.787,-0.007,-0.009,0.334,-0.200
-5.498,0.080,-8.868,2.657,-0.010,-0.007,0.322,-0.221
-5.308,-0.016,-7.958,2.280,-0.011,-0.006,0.255,-0.194
-3.847,-0.313,-5.440,0.968,-0.014,-0.005,0.098,-0.105
-4.565,-0.704,-5.926,0.609,-0.015,-0.004,0.115,-0.079
-3.453,-1.180,-4.103,-0.593,-0.015,-0.003,0.013,-0.010
-3.024,-1.152,-3.240,-0.866,-0.015,-0.003,-0.028,0.004
-2.649,-0.573,-2.769,0.302,-0.015,-0.003,-0.043,-0.050
-2.350,-0.236,-1.955,0.649,-0.014,-0.003,-0.076,-0.064
-2.350,-0.236,-1.955,0.649,-0.014,-0.003,-0.076,-0.064
-1.630,-0.443,-1.263,0.033,-0.013,-0.002,-0.098,-0.028
-1.893,1.056,-1.799,2.148,-0.011,-0.000,-0.044,-0.113
-1.893,1.056,-1.799,2.148,-0.011,-0.000,-0.044,-0.113
-0.697,0.500,-1.470,0.841,-0.010,0.001,-0.048,-0.034
-0.163,0.624,0.832,0.720,-0.008,0.001,-0.146,-0.024
0.356,0.261,1.659,0.944,-0.007,0.001,-0.171,-0.031
1.660,0.629,3.412,1.407,-0.005,0.002,-0.229,-0.046
2.061,1.223,3.203,2.240,-0.002,0.003,-0.186,-0.078
2.399,1.438,3.410,2.064,-0.001,0.003,-0.179,-0.063
2.680,0.640,3.151,1.526,0.001,0.004,-0.143,-0.030
2.789,0.944,4.222,0.901,0.002,0.004,-0.180,0.002
2.810,0.969,3.587,1.121,0.004,0.004,-0.131,-0.007
2.357,0.637,2.964,0.833,0.005,0.004,-0.091,0.008
2.510,0.829,2.678,1.101,0.005,0.004,-0.072,-0.009
1.681,0.804,1.414,1.267,0.005,0.004,-0.003,-0.017
1.712,0.747,1.254,0.878,0.005,0.004,0.004,0.003
1.456,0.582,0.720,0.764,0.005,0.004,0.026,0.006
0.787,0.382,-0.031,0.536,0.005,0.004,0.060,0.019
0.923,0.478,-0.199,0.923,0.004,0.004,0.062,-0.002
-0.288,0.500,-1.694,0.773,0.003,0.004,0.120,0.005
-0.067,0.723,-0.851,0.843,0.002,0.003,0.067,0.001
0.302,0.545,-4.039,7.087,-0.011,0.029,0.064,0.004
-0.783,0.234,-9.599,15.238,-0.029,0.063,0.111,0.021
-1.493,0.500,-14.661,23.965,-0.047,0.096,0.144,0.004
-3.547,5.766,-18.023,32.073,-0.064,0.129,0.098,0.007
-4.701,5.750,-15.175,23.850,-0.079,0.154,-0.223,0.732
-7.040,8.299,-16.193,25.011,-0.091,0.177,-0.332,0.963
-8.475,6.240,-9.855,9.481,-0.096,0.184,-0.712,1.829
-5.988,3.658,-9.509,5.474,-0.105,0.195,-0.839,2.165
-9.560,8.401,-8.733,3.662,-0.105,0.190,-0.872,2.188
-7.120,3.601,-7.690,-0.480,-0.111,0.203,-0.998,2.562
-7.568,5.288,-2.816,-7.484,-0.107,0.187,-1.199,2.711
-4.550,-0.030,-1.196,-10.851,-0.107,0.189,-1.273,2.906
-5.434,2.002,-1.066,-7.526,-0.105,0.184,-1.260,2.681
-3.152,-1.414,1.742,-14.611,-0.095,0.161,-1.271,2.748
-5.054,3.044,2.015,-9.272,-0.084,0.140,-1.155,2.211
-5.054,3.044,0.831,-6.904,-0.089,0.149,-1.155,2.211
-4.643,0.683,-0.127,-8.502,-0.088,0.143,-1.097,2.207
-2.815,-0.098,3.134,-13.809,-0.065,0.101,-0.974,1.959
-1.816,0.835,5.621,-11.671,-0.058,0.089,-1.005,1.693
-0.435,-0.070,8.073,-14.145,-0.047,0.074,-0.995,1.634
-0.255,0.195,7.890,-13.664,-0.037,0.056,-0.851,1.379
0.039,-0.348,8.322,-14.855,-0.027,0.039,-0.750,1.229
0.691,-0.411,9.570,-15.298,-0.018,0.021,-0.702,1.029
1.178,-0.500,11.129,-17.235,-0.007,0.004,-0.641,0.907
-0.015,1.090,7.843,-13.968,0.007,-0.021,-0.305,0.441
2.030,-0.727,9.651,-14.374,0.018,-0.040,-0.255,0.224
2.445,1.877,11.918,-13.311,0.030,-0.059,-0.219,-0.071
3.844,-1.310,11.179,-13.432,0.043,-0.078,-0.025,-0.299
4.441,-2.723,11.005,-14.946,0.054,-0.098,0.123,-0.472
5.483,-1.910,11.817,-12.581,0.065,-0.115,0.218,-0.812
5.915,-2.366,13.045,-12.483,0.076,-0.134,0.300,-1.054
4.226,0.840,7.909,-4.901,0.084,-0.144,0.658,-1.551
3.457,-0.418,11.366,-7.932,0.096,-0.164,0.629,-1.653
3.540,1.365,11.217,-9.862,0.103,-0.175,0.725,-1.693
4.147,2.459,12.029,-10.990,0.114,-0.193,0.818,-1.863
3.328,-4.552,5.207,-0.616,0.111,-0.190,1.124,-2.340
5.025,-3.491,6.203,-7.786,0.122,-0.214,1.213,-2.289
5.025,-3.491,9.339,-14.056,0.134,-0.239,1.213,-2.289
0.739,2.094,-7.268,19.162,0.098,-0.165,1.591,-3.021
3.455,0.780,-7.436,22.086,0.091,-0.153,1.506,-3.016
2.213,0.686,-13.336,28.756,0.078,-0.129,1.637,-3.046
0.244,4.651,-15.972,33.162,0.071,-0.110,1.688,-3.038
-2.205,7.251,-14.626,29.009,0.045,-0.063,1.289,-2.243
-2.205,7.251,-14.626,29.009,0.045,-0.063,1.289,-2.243
-2.199,6.515,-13.633,23.738,0.035,-0.048,1.123,-1.789
-4.173,4.354,-12.433,14.980,0.018,-0.027,0.844,-1.089
-4.883,1.776,-12.071,7.966,0.008,-0.017,0.703,-0.607
-4.692,0.993,-10.539,5.093,0.003,-0.012,0.568,-0.406
-4.728,-0.118,-9.055,2.077,-0.002,-0.009,0.427,-0.213
-4.728,-0.118,-9.055,2.077,-0.002,-0.009,0.427,-0.213
-5.011,0.211,-7.646,1.991,-0.010,-0.004,0.258,-0.151
-4.963,-0.277,-7.574,0.652,-0.011,-0.004,0.242,-0.078
-4.333,-0.931,-6.520,0.055,-0.013,-0.003,0.169,-0.046
-2.927,-0.904,-3.537,-0.744,-0.013,-0.003,0.016,-0.003
-2.507,-0.879,-3.098,-0.537,-0.013,-0.003,-0.006,-0.014
-2.159,-1.127,-2.241,-1.081,-0.013,-0.003,-0.045,0.013
-1.796,-1.097,-1.704,-0.734,-0.012,-0.003,-0.065,-0.005
-2.226,-0.709,-2.234,-0.474,-0.012,-0.003,-0.035,-0.017
-1.498,0.139,-1.081,1.232,-0.011,-0.002,-0.086,-0.091
-2.176,-0.021,-2.154,1.196,-0.011,-0.002,-0.027,-0.081
-1.730,0.835,-1.622,1.917,-0.010,-0.001,-0.049,-0.107
-1.679,0.790,-1.716,1.852,-0.010,0.000,-0.037,-0.088
-1.195,0.497,-0.976,0.937,-0.009,0.001,-0.066,-0.035
-0.670,0.185,-0.187,0.134,-0.008,0.001,-0.096,0.003
-1.004,-0.328,-0.830,0.205,-0.008,0.001,-0.056,0.002
-0.114,0.126,0.778,0.589,-0.007,0.001,-0.124,-0.016
0.786,0.048,1.824,1.204,-0.006,0.001,-0.164,-0.044
1.662,0.485,3.180,1.423,-0.004,0.002,-0.211,-0.050
1.627,0.779,2.942,1.438,-0.003,0.002,-0.180,-0.046
1.341,1.171,2.108,2.181,0.000,0.003,-0.105,-0.066
1.714,0.946,1.840,1.517,0.001,0.004,-0.084,-0.030
1.886,0.886,2.433,1.079,0.001,0.004,-0.103,-0.006
1.183,0.639,0.913,0.712,0.002,0.004,-0.016,0.011
0.802,0.664,0.406,1.037,0.002,0.004,0.011,-0.004
0.746,0.771,0.084,1.203,0.002,0.004,0.024,-0.014
1.148,0.440,0.205,0.883,0.002,0.004,0.014,-0.000
0.827,0.480,-0.443,0.803,0.002,0.003,0.044,0.002
0.175,0.478,-0.733,0.500,0.001,0.003,0.054,0.018
-0.257,0.663,-1.210,1.000,0.001,0.004,0.068,-0.006
-0.479,0.519,-1.513,0.716,0.000,0.003,0.078,0.005
