-0.235,0.120,4.678,-7.556,-0.035,-0.004,-0.390,0.142,2.991,-8.382,0.095,-0.021,-0.298,-0.123
-0.235,0.120,4.678,-7.556,-0.035,-0.004,-0.390,0.142,2.991,-8.382,0.095,-0.021,-0.298,-0.123
-0.193,-0.004,5.015,-7.307,0.016,-0.011,-0.297,0.087,3.089,-8.527,0.074,-0.029,-0.394,-0.307
0.037,0.154,4.350,-7.748,-0.010,-0.004,-0.246,0.071,3.173,-8.158,0.101,-0.032,-0.393,-0.105
-0.111,-0.028,4.657,-4.840,0.004,-0.000,-0.329,-0.180,1.951,-8.536,0.096,-0.030,-0.446,-0.088
0.259,-0.678,5.470,-6.430,-0.375,-0.064,-2.322,-1.520,1.586,-11.222,0.165,-0.035,-0.297,-0.122
-0.078,-0.574,6.064,-6.561,-0.317,-0.063,-2.667,-1.715,2.007,-11.951,0.174,-0.033,-0.201,-0.088
0.153,-0.939,7.571,-6.283,-0.363,-0.068,-2.538,-1.795,4.059,-12.091,0.224,-0.027,-0.462,0.029
0.153,-0.939,7.571,-6.283,-0.363,-0.068,-2.538,-1.795,4.059,-12.091,0.224,-0.027,-0.462,0.029
-0.110,-0.834,6.978,-6.290,-0.327,-0.086,-2.351,-1.862,3.645,-11.724,0.268,-0.021,-0.361,-0.541
-0.078,-0.756,6.326,-5.685,-0.371,-0.070,-2.493,-1.816,2.006,-11.694,0.223,-0.027,-0.341,0.097
-0.086,-0.848,6.324,-6.218,-0.232,-0.117,-2.508,-1.848,2.165,-11.797,0.350,0.000,-0.288,-0.156
-0.335,-0.899,5.741,-6.351,-0.239,-0.106,-2.535,-1.803,1.751,-11.994,0.339,0.010,-0.273,0.351
-0.335,-0.899,5.741,-6.351,-0.239,-0.106,-2.535,-1.803,1.751,-11.994,0.339,0.010,-0.273,0.351
-0.335,-0.899,5.741,-6.351,-0.239,-0.106,-2.535,-1.803,1.751,-11.994,0.339,0.010,-0.273,0.351
0.078,-0.744,5.708,-6.084,-0.352,-0.085,-2.398,-1.878,1.838,-12.352,0.187,-0.036,0.044,-0.213
0.037,-0.704,6.210,-6.519,-0.351,-0.093,-2.365,-1.710,2.163,-11.863,0.227,-0.033,-0.148,-0.106
0.153,-0.795,6.420,-6.232,-0.358,-0.074,-2.328,-1.908,2.393,-12.051,0.177,-0.025,-0.250,-0.213
0.004,-0.756,6.148,-6.098,-0.371,-0.070,-2.684,-1.901,2.470,-11.942,0.196,-0.048,-0.168,-0.399
0.004,-0.860,6.345,-6.063,-0.341,-0.083,-2.484,-1.953,2.141,-12.008,0.188,-0.036,-0.169,-0.062
0.301,-0.730,6.527,-6.317,-0.354,-0.079,-2.657,-1.840,1.862,-12.118,0.188,-0.023,-0.251,-0.446
0.301,-0.730,6.527,-6.317,-0.354,-0.079,-2.657,-1.840,1.862,-12.118,0.188,-0.023,-0.251,-0.446
-0.111,-0.678,6.360,-5.995,-0.387,-0.066,-2.682,-1.862,2.588,-11.942,0.226,-0.033,-0.361,-0.110
-0.004,-0.847,6.561,-5.693,-0.334,-0.066,-2.408,-1.690,2.180,-11.284,0.184,-0.044,-0.298,-0.109
-0.078,-0.745,5.970,-5.884,-0.347,-0.077,-2.511,-1.773,1.915,-11.113,0.171,-0.041,-0.317,-0.109
-0.037,-1.018,6.255,-6.356,-0.315,-0.071,-2.624,-1.802,2.263,-11.851,0.212,-0.015,-0.117,-0.064
-0.037,-1.018,6.255,-6.356,-0.315,-0.071,-2.624,-1.802,2.263,-11.851,0.212,-0.015,-0.117,-0.064
0.037,-0.666,5.900,-6.272,-0.275,-0.116,-2.527,-2.058,2.081,-11.348,0.209,-0.023,-0.360,-0.122
-0.111,-0.834,6.059,-6.189,-0.329,-0.081,-2.667,-1.840,2.261,-12.062,0.205,-0.036,-0.333,-0.057
-0.111,-0.834,6.059,-6.189,-0.329,-0.081,-2.667,-1.840,2.261,-12.062,0.205,-0.036,-0.333,-0.057
0.037,-0.795,6.360,-6.060,-0.371,-0.070,-2.538,-1.795,2.142,-11.851,0.183,-0.038,-0.102,-0.013
0.037,-0.795,6.360,-6.060,-0.371,-0.070,-2.538,-1.795,2.142,-11.851,0.183,-0.038,-0.102,-0.013
-0.004,-0.782,6.138,-5.999,-0.312,-0.105,-2.656,-1.870,2.069,-12.589,0.238,-0.023,-0.251,-0.351
-0.004,-0.782,6.138,-5.999,-0.312,-0.105,-2.656,-1.870,2.069,-12.589,0.238,-0.023,-0.251,-0.351
-0.111,-0.717,6.080,-6.052,-0.365,-0.076,-2.756,-1.705,2.424,-11.938,0.270,-0.022,-0.205,0.084
-0.012,-0.782,6.122,-6.242,-0.406,-0.066,-2.565,-1.726,1.741,-12.087,0.187,-0.036,-0.250,-0.255
0.037,-0.782,6.143,-6.188,-0.368,-0.071,-2.449,-1.855,2.036,-11.851,0.169,-0.033,-0.250,-0.206
-0.004,-0.821,6.370,-6.272,-0.379,-0.087,-2.565,-1.840,2.404,-11.839,0.179,-0.038,-0.352,-0.109
0.046,-0.651,6.036,-6.105,-0.367,-0.075,-2.409,-1.900,2.239,-11.772,0.184,-0.037,-0.199,-0.109
0.145,-0.639,6.207,-6.105,-0.358,-0.083,-2.365,-1.735,2.165,-12.431,0.190,-0.030,-0.199,0.084
0.275,-0.822,6.052,-6.021,-0.343,-0.087,-2.624,-1.719,2.080,-11.694,0.254,-0.032,-0.194,-0.111
0.153,-0.717,6.079,-6.076,-0.364,-0.072,-2.394,-1.930,2.142,-11.627,0.185,-0.028,-0.199,-0.112
-0.119,-0.861,6.129,-5.885,-0.398,-0.081,-2.570,-1.773,1.837,-12.196,0.174,-0.026,-0.252,-0.303
-0.112,-0.743,6.233,-6.243,-0.357,-0.093,-2.495,-1.818,2.082,-11.877,0.229,-0.033,-0.248,-0.255
0.078,-0.847,5.964,-5.772,-0.376,-0.086,-2.230,-1.908,1.837,-11.772,0.214,-0.029,-0.300,-0.206
0.078,-0.847,5.964,-5.772,-0.376,-0.086,-2.230,-1.908,1.837,-11.772,0.214,-0.029,-0.300,-0.206
0.031,-0.848,5.997,-6.209,-0.368,-0.084,-2.462,-1.652,2.224,-12.051,0.174,-0.039,-0.250,-0.206
0.235,-0.809,6.121,-6.105,-0.350,-0.080,-2.437,-1.697,2.093,-12.040,0.191,-0.029,-0.299,0.035
0.235,-0.809,6.121,-6.105,-0.350,-0.080,-2.437,-1.697,2.093,-12.040,0.191,-0.029,-0.299,0.035
0.078,-0.731,6.274,-5.908,-0.173,-0.142,-2.394,-1.811,1.896,-11.313,0.372,0.013,-0.302,-0.157
0.200,-0.808,5.924,-6.159,-0.157,-0.138,-2.220,-1.916,2.246,-12.049,0.436,0.030,-0.201,-0.352
-0.153,-0.717,6.320,-6.326,-0.237,-0.111,-2.193,-1.962,2.077,-11.905,0.304,-0.017,-0.201,-0.110
-0.078,-0.717,6.079,-5.964,-0.385,-0.089,-2.738,-1.719,2.081,-12.008,0.173,-0.032,-0.303,-0.062
-0.078,-0.717,6.079,-5.964,-0.385,-0.089,-2.738,-1.719,2.081,-12.008,0.173,-0.032,-0.303,-0.062
-0.072,-0.731,6.311,-5.826,-0.341,-0.090,-2.516,-1.735,1.917,-11.771,0.218,-0.037,-0.248,-0.060
-0.072,-0.731,6.311,-5.826,-0.341,-0.090,-2.516,-1.735,1.917,-11.771,0.218,-0.037,-0.248,-0.060
0.152,-0.704,6.370,-5.826,-0.049,-0.158,-2.493,-2.021,1.673,-11.785,0.508,0.055,-0.299,-0.110
0.227,-0.717,5.968,-6.272,-0.180,-0.123,-2.308,-1.824,1.754,-11.904,0.422,0.029,-0.201,-0.158
-0.044,-0.755,6.393,-5.717,-0.196,-0.136,-2.566,-1.957,2.060,-12.021,0.442,-0.000,-0.202,-0.012
-0.037,-1.004,6.284,-6.189,-0.218,-0.093,-2.523,-1.697,2.201,-11.851,0.322,-0.000,-0.201,0.181
-0.037,-0.834,6.094,-5.968,-0.400,-0.081,-2.467,-1.803,1.978,-11.615,0.236,-0.029,-0.153,0.132
0.153,-0.848,6.352,-6.076,-0.311,-0.081,-2.451,-1.652,2.201,-11.862,0.235,-0.028,-0.201,-0.013
0.031,-0.899,6.254,-5.772,-0.304,-0.083,-2.366,-1.886,1.815,-11.482,0.223,-0.026,-0.252,-0.158
-0.078,-0.926,6.215,-6.159,-0.291,-0.101,-2.424,-1.757,2.364,-11.785,0.251,-0.025,-0.254,-0.158
-0.078,-0.926,6.215,-6.159,-0.291,-0.101,-2.424,-1.757,2.364,-11.785,0.251,-0.025,-0.254,-0.158
-0.010,-0.822,6.284,-6.129,-0.241,-0.110,-2.538,-1.765,2.220,-11.996,0.306,-0.010,-0.256,-0.013
0.193,-0.809,6.353,-6.105,-0.345,-0.091,-2.418,-1.698,2.240,-12.202,0.232,-0.020,-0.403,-0.059
-0.011,-0.691,6.467,-6.105,-0.396,-0.068,-2.510,-1.612,2.304,-11.482,0.197,-0.033,-0.203,-0.109
0.037,-0.770,6.130,-7.176,-0.374,-0.064,-2.666,-1.840,1.853,-11.192,0.218,-0.032,-0.201,0.035
0.037,-0.795,5.899,-6.105,-0.364,-0.072,-2.338,-1.735,1.998,-11.627,0.215,-0.028,-0.204,-0.110
0.112,-0.939,6.385,-5.968,-0.284,-0.073,-2.506,-1.787,2.038,-11.732,0.189,-0.031,-0.201,-0.351
-0.085,-0.979,6.130,-6.021,-0.321,-0.084,-2.366,-1.651,2.283,-10.968,0.176,-0.025,-0.252,-0.061
0.153,-0.704,6.268,-6.349,-0.354,-0.092,-2.538,-1.719,2.080,-12.087,0.186,-0.028,-0.307,-0.303
0.146,-0.795,6.225,-5.993,-0.379,-0.078,-2.533,-1.886,1.859,-11.505,0.262,-0.035,-0.253,-0.206
0.112,-0.794,6.269,-6.159,-0.477,-0.054,-2.366,-1.878,1.999,-11.851,0.219,-0.028,0.047,-0.110
-0.071,-0.678,6.446,-6.022,-0.379,-0.086,-2.421,-1.585,2.283,-11.402,0.141,-0.033,-0.404,-0.403
0.112,-0.652,6.293,-6.187,-0.378,-0.086,-2.381,-1.690,2.446,-11.548,0.197,-0.033,-0.201,-0.352
0.234,-0.808,6.609,-5.967,-0.323,-0.083,-2.381,-1.781,2.201,-11.041,0.248,-0.024,-0.303,-0.108
0.071,-0.873,5.984,-6.680,-0.344,-0.076,-2.593,-1.719,2.404,-12.245,0.211,-0.041,-0.301,-0.110
0.071,-0.873,5.984,-6.680,-0.344,-0.076,-2.593,-1.719,2.404,-12.245,0.211,-0.041,-0.301,-0.110
0.261,-0.731,5.824,-6.045,-0.394,-0.091,-2.566,-1.894,1.978,-11.972,0.163,-0.023,-0.201,0.036
-0.003,-0.899,6.284,-5.832,-0.345,-0.065,-2.409,-1.811,2.283,-11.615,0.230,-0.039,-0.203,0.180
-0.003,-0.899,6.284,-5.832,-0.345,-0.065,-2.409,-1.811,2.283,-11.615,0.230,-0.039,-0.203,0.180
0.037,-0.704,6.076,-5.938,-0.338,-0.087,-2.656,-1.787,1.961,-11.888,0.175,-0.040,-0.201,-0.206
0.004,-0.822,6.146,-5.771,-0.392,-0.078,-2.319,-1.892,2.158,-12.328,0.158,-0.034,-0.205,-0.108
0.037,-0.665,6.353,-6.050,-0.207,-0.124,-2.480,-1.751,2.000,-11.771,0.270,-0.010,-0.299,-0.205
0.261,-0.834,6.136,-6.130,-0.345,-0.091,-2.323,-1.727,1.997,-11.798,0.201,-0.014,0.194,-0.159
0.112,-0.809,6.613,-6.130,-0.351,-0.090,-2.579,-1.749,2.323,-12.075,0.195,-0.038,-0.303,0.037
-0.004,-0.703,6.122,-6.105,-0.383,-0.075,-2.565,-1.787,2.038,-11.849,0.166,-0.038,-0.301,-0.158
-0.044,-0.756,6.379,-5.687,-0.370,-0.074,-2.495,-1.711,1.815,-12.194,0.197,-0.038,-0.303,-0.062
-0.112,-0.587,6.421,-6.047,-0.388,-0.074,-2.379,-1.772,2.322,-11.996,0.176,-0.040,-0.303,-0.156
0.031,-0.731,6.284,-5.963,-0.372,-0.074,-2.479,-1.848,1.876,-12.074,0.161,-0.043,-0.200,-0.014
0.119,-0.717,6.439,-5.855,-0.280,-0.099,-2.207,-1.794,2.283,-11.311,0.245,-0.009,-0.252,-0.400
-0.187,-0.939,6.284,-5.855,-0.118,-0.135,-2.293,-1.743,1.815,-12.050,0.422,0.026,-0.252,-0.013
0.037,-0.795,6.361,-6.546,-0.255,-0.115,-2.565,-1.816,2.211,-12.050,0.276,-0.005,-0.301,-0.013
0.043,-0.729,6.215,-5.854,-0.361,-0.072,-2.308,-1.811,2.201,-12.118,0.202,-0.053,-0.201,-0.303
0.193,-0.782,6.591,-6.297,-0.357,-0.070,-2.479,-1.713,2.342,-11.548,0.212,-0.035,-0.200,0.036
0.193,-0.782,6.591,-6.297,-0.357,-0.070,-2.479,-1.713,2.342,-11.548,0.212,-0.035,-0.200,0.036
-0.037,-0.717,6.206,-6.241,-0.405,-0.070,-2.465,-1.795,1.961,-12.105,0.235,-0.042,-0.204,-0.303
-0.037,-0.717,6.206,-6.241,-0.405,-0.070,-2.465,-1.795,1.961,-12.105,0.235,-0.042,-0.204,-0.303
0.152,-0.743,5.489,-5.799,-0.372,-0.074,-2.608,-1.832,2.000,-11.851,0.223,-0.039,-0.303,-0.109
-0.080,-0.717,5.897,-5.881,-0.390,-0.078,-2.579,-1.712,2.306,-11.760,0.172,-0.046,-0.302,-0.254
-0.041,-0.743,6.047,-5.909,-0.373,-0.073,-2.594,-1.773,2.241,-12.174,0.223,-0.032,-0.254,-0.207
-0.153,-0.705,5.975,-5.798,-0.465,-0.062,-2.533,-1.643,2.239,-11.667,0.232,-0.020,-0.301,-0.303
-0.266,-0.665,6.045,-6.104,-0.364,-0.072,-2.608,-1.676,2.038,-11.694,0.156,-0.030,-0.198,-0.158
-0.421,-0.756,6.608,-5.964,-0.382,-0.076,-2.451,-1.945,1.978,-11.970,0.196,-0.040,-0.150,-0.205
-0.074,-0.860,6.439,-6.104,-0.363,-0.071,-2.537,-1.719,2.506,-12.063,0.182,-0.030,-0.303,-0.352
-0.197,-0.756,6.061,-6.158,-0.355,-0.069,-2.494,-1.870,2.180,-12.353,0.223,-0.019,-0.201,-0.158
-0.197,-0.795,6.258,-5.355,-0.387,-0.065,-2.680,-1.953,1.836,-11.894,0.213,-0.038,-0.203,-0.158
-0.106,-0.756,6.623,-5.908,-0.297,-0.090,-2.611,-1.773,2.165,-12.476,0.312,-0.026,-0.252,-0.061
-0.115,-0.717,6.523,-6.021,-0.336,-0.088,-2.537,-1.971,2.037,-12.051,0.315,-0.001,-0.254,-0.108
-0.189,-0.820,6.167,-5.798,-0.319,-0.084,-3.042,-1.735,1.836,-12.320,0.262,-0.015,-0.149,-0.062
-0.346,-0.678,6.463,-5.993,-0.207,-0.115,-2.510,-1.886,1.978,-11.760,0.353,0.019,-0.201,-0.013
-0.197,-0.886,6.216,-6.048,-0.199,-0.125,-2.564,-1.878,2.180,-11.903,0.293,-0.001,-0.252,-0.158
0.149,-0.795,6.319,-6.128,-0.291,-0.101,-2.408,-1.636,2.141,-11.894,0.243,-0.027,-0.247,-0.110
0.149,-0.795,6.319,-6.128,-0.291,-0.101,-2.408,-1.636,2.141,-11.894,0.243,-0.027,-0.247,-0.110
-0.115,-0.795,6.293,-6.242,-0.344,-0.091,-2.397,-1.803,2.051,-11.915,0.159,-0.042,-0.201,-0.207
-0.230,-0.730,6.268,-5.855,-0.450,-0.057,-2.579,-1.811,1.918,-12.040,0.202,-0.038,-0.309,-0.158
-0.089,-0.860,6.360,-5.467,-0.206,-0.115,-2.510,-1.824,1.938,-11.894,0.161,-0.045,-0.252,-0.305
-0.148,-0.860,6.199,-5.854,-0.337,-0.064,-2.443,-1.870,1.941,-12.185,0.212,-0.042,-0.205,-0.206
-0.189,-0.834,6.130,-5.937,-0.365,-0.071,-2.723,-1.886,2.406,-11.258,0.190,-0.021,-0.048,-0.061
-0.082,-0.755,5.984,-5.912,-0.383,-0.076,-2.451,-1.848,2.365,-11.851,0.201,-0.045,-0.447,-0.207
-0.033,-0.758,6.138,-5.606,-0.438,-0.066,-2.595,-1.817,1.999,-11.402,0.151,-0.045,-0.201,-0.206
-0.107,-0.822,6.052,-5.771,-0.337,-0.089,-2.451,-1.698,2.043,-12.106,0.207,-0.047,-0.254,-0.110
-0.189,-0.835,6.406,-6.186,-0.382,-0.076,-2.480,-1.781,1.938,-12.060,0.203,-0.031,-0.299,-0.544
-0.189,-0.835,6.406,-6.186,-0.382,-0.076,-2.480,-1.781,1.938,-12.060,0.203,-0.031,-0.299,-0.544
-0.074,-0.795,6.266,-6.243,-0.401,-0.081,-2.621,-1.824,2.045,-12.040,0.218,-0.044,-0.044,0.037
-0.257,-0.678,6.350,-6.214,-0.396,-0.067,-2.408,-1.698,2.038,-12.036,0.159,-0.042,-0.248,-0.352
-0.180,-0.756,6.119,-6.328,-0.390,-0.078,-2.480,-1.727,1.786,-12.409,0.176,-0.032,-0.303,0.036
-0.041,-0.821,6.437,-6.052,-0.355,-0.093,-2.297,-1.878,2.343,-11.749,0.239,-0.042,-0.198,-0.110
-0.231,-0.769,6.697,-5.881,-0.310,-0.081,-2.395,-1.765,2.124,-12.040,0.190,-0.044,-0.301,-0.109
-0.264,-0.743,5.939,-6.077,-0.359,-0.082,-2.622,-1.757,2.164,-11.906,0.178,-0.027,-0.097,0.372
-0.264,-0.926,6.258,-6.160,-0.355,-0.093,-2.566,-1.811,2.304,-11.604,0.117,-0.057,-0.250,-0.012
-0.115,-0.821,6.430,-5.799,-0.398,-0.080,-2.523,-1.887,1.859,-11.749,0.173,-0.026,-0.201,-0.061
-0.156,-0.717,6.165,-5.937,-0.328,-0.086,-2.451,-1.714,2.223,-12.050,0.188,-0.035,-0.201,-0.207
-0.115,-0.795,6.043,-5.829,-0.382,-0.076,-2.595,-1.954,2.224,-11.905,0.159,-0.036,-0.202,-0.158
-0.272,-0.848,6.199,-5.938,-0.386,-0.066,-2.528,-1.891,1.957,-11.906,0.201,-0.038,-0.256,-0.205
-0.041,-0.834,6.352,-6.217,-0.414,-0.062,-2.480,-1.887,2.163,-11.983,0.176,-0.032,-0.252,-0.302
-0.148,-0.834,6.123,-6.243,-0.363,-0.072,-2.595,-1.865,2.242,-11.959,0.175,-0.033,-0.304,-0.061
-0.049,-0.834,6.386,-5.824,-0.398,-0.081,-2.510,-1.787,2.682,-11.827,0.211,-0.029,-0.406,-0.110
-0.156,-0.873,6.252,-5.994,-0.351,-0.080,-2.680,-1.870,2.344,-12.051,0.148,-0.038,-0.248,-0.109
-0.156,-0.873,6.252,-5.994,-0.351,-0.080,-2.680,-1.870,2.344,-12.051,0.148,-0.038,-0.248,-0.109
-0.189,-0.834,6.337,-5.963,-0.371,-0.074,-2.540,-1.674,2.179,-11.737,0.176,-0.025,-0.250,-0.013
-0.189,-0.834,6.337,-5.963,-0.371,-0.074,-2.540,-1.674,2.179,-11.737,0.176,-0.025,-0.250,-0.013
-0.197,-0.783,5.968,-6.217,-0.397,-0.071,-2.566,-1.803,1.699,-11.895,0.210,-0.042,-0.250,-0.014
-0.230,-0.756,6.373,-5.772,-0.346,-0.077,-2.595,-1.789,2.386,-11.759,0.187,-0.028,-0.301,-0.303
-0.090,-0.782,6.275,-5.829,-0.378,-0.071,-2.552,-1.795,1.879,-12.118,0.192,-0.037,-0.200,-0.111
-0.156,-0.834,6.207,-5.798,-0.379,-0.077,-2.595,-1.773,2.050,-11.894,0.201,-0.032,-0.201,-0.401
-0.041,-0.731,6.216,-5.994,-0.456,-0.060,-2.467,-1.878,2.060,-11.604,0.149,-0.032,-0.299,-0.207
-0.189,-0.886,5.992,-5.715,-0.393,-0.078,-2.608,-1.614,2.262,-11.546,0.219,-0.030,-0.252,-0.109
-0.189,-0.873,6.091,-5.549,-0.351,-0.080,-2.281,-1.735,1.957,-11.749,0.165,-0.038,-0.301,-0.206
-0.041,-0.795,6.575,-5.855,-0.384,-0.066,-2.498,-1.727,2.283,-11.973,0.229,-0.040,-0.355,-0.206
-0.256,-0.795,6.335,-5.772,-0.278,-0.104,-2.353,-1.757,2.262,-11.930,0.265,-0.021,-0.254,-0.159
-0.272,-0.744,6.757,-6.021,-0.245,-0.099,-2.543,-1.832,2.016,-11.771,0.280,-0.012,-0.196,-0.110
-0.198,-0.847,6.406,-6.077,-0.269,-0.102,-2.443,-1.856,2.000,-12.342,0.267,-0.001,-0.303,-0.012
-0.263,-0.717,6.283,-6.020,-0.341,-0.087,-2.608,-1.849,1.938,-11.973,0.188,-0.036,-0.200,-0.110
-0.156,-0.651,5.961,-5.994,-0.410,-0.073,-2.497,-1.681,2.141,-11.851,0.190,-0.030,-0.198,-0.447
-0.197,-0.705,6.224,-6.273,-0.387,-0.089,-2.651,-1.953,2.020,-11.973,0.200,-0.032,-0.201,-0.159
-0.032,-0.848,6.129,-5.715,-0.385,-0.075,-2.480,-1.817,2.141,-11.515,0.199,-0.046,-0.307,-0.061
-0.074,-0.756,6.127,-6.273,-0.435,-0.062,-2.536,-1.811,2.017,-11.906,0.192,-0.036,-0.203,-0.013
-0.041,-0.834,6.336,-5.969,-0.381,-0.072,-2.579,-1.652,2.246,-11.827,0.206,-0.040,-0.255,-0.061
-0.074,-0.940,6.284,-5.882,-0.401,-0.090,-2.710,-1.720,2.224,-11.837,0.177,-0.040,-0.203,-0.111
-0.189,-0.795,6.076,-6.103,-0.347,-0.081,-2.526,-1.901,2.344,-11.816,0.187,-0.036,-0.201,-0.013
-0.123,-0.872,6.060,-6.353,-0.384,-0.056,-2.493,-1.848,2.201,-11.615,0.221,-0.038,-0.496,0.035
-0.230,-0.796,5.992,-5.994,-0.364,-0.072,-2.703,-1.696,2.043,-11.458,0.181,-0.020,-0.254,-0.159
-0.107,-0.782,5.888,-6.103,-0.350,-0.071,-2.536,-1.924,2.364,-12.263,0.185,-0.029,-0.301,-0.303
-0.107,-0.782,5.888,-6.103,-0.350,-0.071,-2.536,-1.924,2.364,-12.263,0.185,-0.029,-0.301,-0.303
-0.180,-0.756,6.046,-5.937,-0.344,-0.086,-2.622,-1.895,2.241,-11.916,0.188,-0.036,-0.353,-0.061
-0.156,-0.756,6.079,-5.964,-0.310,-0.087,-2.578,-1.857,2.343,-11.771,0.208,-0.034,-0.048,-0.060
-0.198,-0.796,6.216,-6.110,-0.426,-0.064,-2.454,-1.689,2.038,-12.195,0.200,-0.032,-0.099,-0.255
-0.048,-0.795,6.254,-5.520,-0.402,-0.071,-2.510,-1.779,2.103,-11.837,0.161,-0.043,-0.149,-0.207
-0.032,-0.717,6.284,-6.299,-0.368,-0.071,-2.730,-2.000,1.978,-11.962,0.198,-0.039,-0.201,-0.158
-0.156,-0.834,6.439,-5.963,-0.368,-0.071,-2.605,-1.743,2.164,-11.749,0.192,-0.044,-0.299,-0.110
-0.156,-0.834,6.439,-5.963,-0.368,-0.071,-2.605,-1.743,2.164,-11.749,0.192,-0.044,-0.299,-0.110
-0.156,-0.886,5.904,-6.077,-0.376,-0.069,-2.457,-1.735,2.060,-12.118,0.181,-0.020,-0.301,0.035
-0.156,-0.886,5.904,-6.077,-0.376,-0.069,-2.457,-1.735,2.060,-12.118,0.181,-0.020,-0.301,0.035
-0.041,-0.769,6.136,-5.937,-0.378,-0.078,-2.676,-1.832,1.923,-12.264,0.187,-0.036,-0.248,-0.255
-0.230,-0.717,6.385,-5.799,-0.316,-0.089,-2.523,-1.771,2.319,-12.021,0.270,0.005,-0.402,-0.061
-0.073,-0.704,6.284,-5.910,-0.247,-0.108,-2.552,-1.635,2.141,-11.681,0.304,0.003,-0.198,-0.205
-0.073,-0.704,6.284,-5.910,-0.247,-0.108,-2.552,-1.635,2.141,-11.681,0.304,0.003,-0.198,-0.205
-0.115,-0.835,6.283,-6.103,-0.381,-0.076,-2.552,-1.735,2.283,-11.973,0.198,-0.039,-0.149,0.084
-0.041,-0.756,6.224,-5.798,-0.370,-0.093,-2.494,-1.920,2.080,-11.627,0.227,-0.025,-0.198,-0.205
-0.182,-0.782,6.439,-5.829,-0.277,-0.086,-2.497,-1.832,1.918,-11.954,0.200,-0.032,-0.252,-0.158
-0.147,-0.730,6.130,-5.993,-0.338,-0.074,-2.536,-1.779,1.795,-11.895,0.178,-0.040,-0.201,-0.013
-0.230,-0.848,6.036,-6.047,-0.382,-0.076,-2.608,-1.840,1.875,-11.749,0.198,-0.039,-0.449,-0.013
-0.197,-0.782,6.311,-5.829,-0.344,-0.087,-2.638,-1.607,2.080,-11.973,0.181,-0.028,-0.202,-0.062
-0.223,-0.836,6.335,-5.829,-0.329,-0.086,-2.733,-1.795,2.120,-11.746,0.254,-0.018,-0.252,0.422
-0.156,-0.822,6.284,-6.021,-0.361,-0.073,-2.510,-1.953,2.141,-11.827,0.209,-0.042,-0.152,-0.109
-0.156,-0.822,6.284,-6.021,-0.361,-0.073,-2.510,-1.953,2.141,-11.827,0.209,-0.042,-0.152,-0.109
-0.230,-0.743,5.984,-5.910,-0.410,-0.074,-2.594,-1.924,2.283,-12.029,0.204,-0.033,-0.408,-0.206
-0.156,-0.717,6.510,-6.325,-0.334,-0.084,-2.595,-1.712,2.322,-11.816,0.223,-0.032,-0.252,-0.158
-0.197,-0.626,6.138,-5.825,-0.369,-0.075,-2.604,-1.699,2.245,-11.771,0.214,-0.029,-0.299,-0.062
-0.048,-0.781,5.924,-5.747,-0.360,-0.076,-2.044,-1.969,2.119,-11.760,0.238,-0.015,-0.498,-0.303
-0.148,-0.677,6.122,-6.186,-0.386,-0.079,-2.622,-1.848,1.896,-12.328,0.207,-0.027,-0.201,-0.206
-0.073,-0.954,6.283,-6.186,-0.364,-0.072,-2.474,-1.795,1.956,-11.458,0.165,-0.038,-0.299,-0.206
-0.263,-0.860,5.970,-6.469,-0.376,-0.073,-2.456,-1.825,2.164,-11.470,0.213,-0.042,-0.303,-0.110
-0.148,-0.728,6.611,-6.325,-0.330,-0.081,-2.608,-1.902,1.955,-11.771,0.151,-0.026,-0.203,-0.496
0.033,-0.665,6.128,-5.550,-0.350,-0.076,-2.509,-1.810,1.896,-11.850,0.200,-0.038,-0.207,-0.158
-0.272,-0.535,6.233,-5.944,-0.342,-0.101,-2.480,-1.741,2.141,-12.117,0.254,-0.018,-0.252,-0.110
-0.148,-0.860,6.225,-6.103,-0.289,-0.072,-2.611,-1.929,1.999,-12.039,0.216,-0.030,-0.149,-0.110
-0.148,-0.860,6.225,-6.103,-0.289,-0.072,-2.611,-1.929,1.999,-12.039,0.216,-0.030,-0.149,-0.110
-0.148,-0.808,6.061,-5.772,-0.366,-0.063,-2.480,-1.796,2.283,-12.320,0.197,-0.045,-0.198,-0.111
-0.189,-0.808,6.121,-6.076,-0.380,-0.076,-2.369,-1.946,2.364,-12.051,0.212,-0.029,-0.149,-0.109
-0.156,-0.795,6.207,-6.077,-0.388,-0.080,-2.379,-1.803,2.141,-11.604,0.138,-0.030,-0.250,-0.158
-0.132,-0.913,6.300,-6.021,-0.402,-0.066,-2.463,-1.878,2.180,-11.894,0.176,-0.033,-0.404,-0.062
-0.073,-0.678,6.129,-5.881,-0.347,-0.076,-2.582,-1.824,1.939,-11.391,0.186,-0.036,-0.248,-0.206
-0.073,-0.678,6.129,-5.881,-0.347,-0.076,-2.582,-1.824,1.939,-11.391,0.186,-0.036,-0.248,-0.206
-0.305,-0.952,6.224,-5.937,-0.295,-0.072,-2.485,-1.688,2.059,-12.118,0.186,-0.036,-0.252,-0.159
-0.197,-0.862,6.526,-6.076,-0.385,-0.075,-2.539,-1.902,2.506,-12.328,0.204,-0.033,-0.250,-0.205
0.075,-0.821,6.293,-5.798,-0.331,-0.085,-2.680,-1.902,2.178,-12.040,0.325,0.004,-0.200,0.132
0.075,-0.821,6.293,-5.798,-0.331,-0.085,-2.680,-1.902,2.178,-12.040,0.325,0.004,-0.200,0.132
-0.041,-0.756,6.222,-6.104,-0.352,-0.089,-2.694,-1.743,2.120,-12.274,0.276,-0.024,-0.205,-0.109
-0.041,-0.783,6.588,-5.938,-0.368,-0.075,-2.621,-1.765,1.918,-11.804,0.184,-0.035,-0.250,-0.207
-0.041,-0.756,6.045,-5.912,-0.345,-0.095,-2.598,-1.636,2.239,-11.827,0.227,-0.025,-0.252,-0.352
-0.156,-0.743,6.292,-6.185,-0.411,-0.086,-2.480,-1.825,2.328,-11.749,0.152,-0.041,-0.198,-0.110
-0.050,-0.795,5.677,-6.274,-0.400,-0.085,-2.566,-1.802,2.201,-11.694,0.137,-0.030,-0.303,-0.159
-0.050,-0.795,5.677,-6.274,-0.400,-0.085,-2.566,-1.802,2.201,-11.694,0.137,-0.030,-0.303,-0.159
0.025,-0.705,6.079,-6.217,-0.386,-0.079,-2.539,-1.712,1.896,-11.929,0.199,-0.025,-0.197,-0.110
0.001,-0.847,6.454,-5.798,-0.317,-0.084,-2.480,-1.786,2.120,-12.328,0.227,-0.025,-0.201,-0.303
0.075,-0.717,6.302,-6.133,-0.198,-0.116,-2.494,-1.688,2.355,-12.252,0.324,0.004,-0.205,-0.014
0.075,-0.717,6.302,-6.133,-0.198,-0.116,-2.494,-1.688,2.355,-12.252,0.324,0.004,-0.205,-0.014
-0.305,-0.560,6.446,-5.995,-0.389,-0.078,-2.651,-1.862,2.039,-11.827,0.219,-0.024,-0.250,-0.012
-0.222,-0.925,6.046,-5.912,-0.331,-0.096,-2.625,-1.878,2.099,-11.894,0.232,-0.020,-0.254,-0.109
0.033,-0.782,6.122,-6.076,-0.313,-0.109,-2.494,-1.999,2.445,-11.391,0.194,-0.030,-0.248,-0.110
0.001,-0.939,6.119,-5.994,-0.358,-0.087,-2.638,-1.818,1.999,-12.196,0.213,-0.029,-0.203,-0.303
-0.230,-0.795,6.046,-5.798,-0.356,-0.078,-2.566,-1.607,1.999,-12.096,0.217,-0.030,-0.098,-0.062
-0.230,-0.795,6.046,-5.798,-0.356,-0.078,-2.566,-1.607,1.999,-12.096,0.217,-0.030,-0.098,-0.062
-0.313,-0.730,6.038,-5.854,-0.336,-0.084,-2.733,-1.886,2.162,-11.749,0.193,-0.031,-0.250,-0.303
-0.272,-0.599,6.137,-5.937,-0.317,-0.070,-2.566,-1.703,1.917,-11.738,0.187,-0.036,-0.201,-0.256
-0.272,-0.887,5.991,-5.938,-0.347,-0.081,-2.736,-1.900,2.082,-12.051,0.180,-0.034,-0.101,0.133
0.033,-0.652,6.242,-5.772,-0.314,-0.080,-2.338,-1.878,1.881,-11.915,0.167,-0.024,-0.301,-0.206
-0.007,-0.743,6.216,-4.822,-0.402,-0.084,-2.441,-1.840,2.321,-12.196,0.187,-0.036,-0.250,-0.207
0.033,-0.703,6.178,-5.994,-0.366,-0.070,-2.625,-2.119,2.425,-11.906,0.200,-0.032,-0.143,-0.158
-0.305,-0.873,6.259,-6.051,-0.361,-0.082,-2.680,-1.636,2.098,-11.748,0.204,-0.033,-0.299,-0.110
-0.189,-0.743,6.079,-5.855,-0.308,-0.092,-2.480,-1.727,2.099,-12.185,0.249,-0.025,-0.150,0.084
-0.156,-0.888,6.199,-5.969,-0.318,-0.099,-2.608,-1.824,1.978,-11.959,0.231,-0.047,-0.151,-0.158
-0.156,-0.704,6.145,-6.217,-0.372,-0.074,-2.651,-1.787,2.119,-12.060,0.189,-0.043,-0.351,-0.013
0.042,-0.939,6.022,-5.715,-0.354,-0.075,-2.399,-1.795,2.331,-12.128,0.200,-0.032,-0.355,-0.400
-0.050,-0.873,6.292,-5.938,-0.416,-0.062,-2.536,-1.727,2.082,-12.051,0.174,-0.026,-0.308,-0.207
-0.082,-0.743,5.984,-5.937,-0.323,-0.082,-2.539,-1.832,2.261,-11.906,0.195,-0.038,-0.201,-0.059
-0.049,-0.781,6.130,-6.077,-0.446,-0.059,-2.540,-1.878,2.183,-11.851,0.201,-0.032,-0.201,-0.062
-0.165,-0.743,6.052,-5.881,-0.369,-0.071,-2.410,-1.902,1.659,-11.837,0.186,-0.028,-0.201,-0.110
-0.189,-0.965,6.421,-6.243,-0.349,-0.076,-2.651,-1.848,1.935,-12.040,0.179,-0.034,-0.153,-0.062
-0.156,-0.769,6.284,-5.603,-0.399,-0.081,-2.693,-1.727,2.164,-11.806,0.157,-0.021,-0.203,-0.110
-0.008,-0.808,6.043,-6.020,-0.356,-0.078,-2.425,-1.606,1.978,-12.183,0.275,-0.010,-0.404,-0.158
-0.148,-0.730,6.293,-5.937,-0.365,-0.085,-2.549,-1.819,1.956,-11.973,0.265,-0.021,-0.303,0.037
0.075,-0.703,6.215,-5.855,-0.389,-0.065,-2.368,-1.735,2.239,-11.864,0.174,-0.039,-0.252,-0.254
0.075,-0.703,6.215,-5.855,-0.389,-0.065,-2.368,-1.735,2.239,-11.864,0.174,-0.039,-0.252,-0.254
-0.115,-0.782,6.207,-6.103,-0.319,-0.084,-2.625,-1.711,2.082,-11.827,0.214,-0.029,-0.200,-0.061
-0.198,-0.769,5.739,-5.994,-0.342,-0.082,-2.579,-1.757,1.776,-12.129,0.174,-0.039,-0.097,-0.256
-0.346,-0.717,6.446,-6.134,-0.377,-0.073,-2.315,-1.825,2.201,-11.749,0.180,-0.034,-0.354,-0.207
-0.123,-0.770,6.033,-5.550,-0.359,-0.092,-2.651,-1.930,2.080,-11.827,0.161,-0.043,-0.201,-0.206
-0.181,-0.730,6.251,-6.160,-0.369,-0.071,-2.539,-1.900,1.957,-12.018,0.187,-0.036,-0.309,-0.207
-0.181,-0.730,6.251,-6.160,-0.369,-0.071,-2.539,-1.900,1.957,-12.018,0.187,-0.036,-0.309,-0.207
-0.230,-0.663,6.377,-5.855,-0.266,-0.107,-2.625,-1.841,1.978,-11.403,0.502,0.043,-0.149,-0.062
0.000,-0.769,6.138,-6.104,-0.171,-0.129,-2.480,-1.819,1.814,-12.328,0.412,0.010,-0.203,0.084
0.033,-0.756,5.956,-5.659,-0.299,-0.098,-2.467,-1.698,2.262,-11.681,0.230,-0.019,-0.101,-0.254
-0.197,-0.756,5.975,-5.912,-0.360,-0.068,-2.509,-1.894,1.874,-11.760,0.192,-0.036,-0.100,-0.110
-0.073,-0.846,5.924,-5.937,-0.364,-0.076,-2.692,-1.719,1.997,-11.906,0.214,-0.029,-0.201,-0.110
0.001,-0.834,6.137,-5.798,-0.376,-0.082,-2.566,-1.840,2.098,-12.050,0.200,-0.033,-0.203,-0.303
-0.272,-0.626,6.043,-6.077,-0.404,-0.069,-2.493,-1.727,2.162,-12.286,0.201,-0.032,-0.305,-0.399
-0.231,-0.965,6.390,-6.159,-0.329,-0.076,-2.523,-1.870,2.142,-11.972,0.218,-0.037,-0.250,-0.109
-0.231,-0.965,6.390,-6.159,-0.329,-0.076,-2.523,-1.870,2.142,-11.972,0.218,-0.037,-0.250,-0.109
-0.197,-0.782,6.061,-5.823,-0.135,-0.130,-2.565,-1.795,2.142,-11.636,0.414,0.043,-0.301,-0.205
-0.197,-0.652,6.129,-5.938,-0.296,-0.099,-2.339,-1.826,1.936,-12.029,0.323,0.013,-0.098,-0.110
-0.189,-0.692,6.216,-5.938,-0.363,-0.072,-2.494,-1.862,2.201,-11.827,0.123,-0.058,-0.250,-0.062
-0.115,-0.795,6.061,-5.912,-0.377,-0.073,-2.637,-1.811,2.201,-11.536,0.222,-0.038,-0.252,-0.108
-0.082,-0.899,6.192,-6.217,-0.356,-0.074,-2.638,-1.727,2.328,-11.973,0.208,-0.035,-0.200,-0.161
-0.264,-0.808,6.138,-6.160,-0.373,-0.075,-2.238,-1.870,1.999,-12.087,0.186,-0.028,-0.299,-0.110
-0.073,-0.900,6.052,-5.772,-0.384,-0.081,-2.569,-1.870,1.932,-11.850,0.182,-0.035,-0.250,-0.110
0.024,-0.782,6.061,-6.159,-0.367,-0.066,-2.379,-1.727,1.896,-11.874,0.138,-0.030,-0.201,-0.109
-0.189,-0.783,5.959,-6.077,-0.374,-0.078,-2.595,-1.886,2.120,-11.624,0.193,-0.044,-0.203,-0.108
-0.272,-0.755,6.293,-5.911,-0.349,-0.085,-2.441,-1.825,2.283,-11.682,0.180,-0.034,-0.252,-0.012
-0.115,-0.848,6.137,-5.908,-0.400,-0.071,-2.523,-1.682,2.038,-11.784,0.196,-0.039,-0.451,0.276
-0.115,-0.848,6.137,-5.908,-0.400,-0.071,-2.523,-1.682,2.038,-11.784,0.196,-0.039,-0.451,0.276
-0.123,-0.834,6.284,-5.994,-0.399,-0.071,-2.466,-1.681,2.120,-11.739,0.191,-0.035,-0.203,-0.159
-0.007,-0.729,6.122,-5.689,-0.319,-0.084,-2.454,-1.727,1.919,-12.275,0.214,-0.022,-0.201,-0.158
-0.230,-0.873,6.199,-5.938,-0.400,-0.071,-2.579,-1.954,1.956,-11.772,0.189,-0.035,-0.252,-0.109
-0.041,-0.691,6.442,-5.938,-0.362,-0.081,-2.638,-1.816,2.283,-11.827,0.253,-0.032,-0.201,-0.110
0.033,-0.795,6.148,-5.660,-0.321,-0.088,-2.323,-1.696,2.165,-11.743,0.202,-0.033,-0.250,-0.208
-0.156,-0.743,6.276,-5.912,-0.481,-0.058,-2.454,-1.817,2.201,-11.738,0.237,-0.028,-0.201,-0.159
-0.156,-0.743,6.276,-5.912,-0.481,-0.058,-2.454,-1.817,2.201,-11.738,0.237,-0.028,-0.201,-0.159
-0.222,-0.834,6.935,-6.269,-0.429,-0.082,-2.552,-1.795,2.342,-12.431,0.157,-0.028,-0.201,-0.110
-0.272,-0.731,6.046,-5.803,-0.338,-0.070,-2.451,-1.590,1.775,-12.140,0.176,-0.026,-0.205,-0.013
-0.115,-0.703,6.150,-5.715,-0.384,-0.074,-2.650,-1.719,2.180,-11.929,0.194,-0.038,-0.357,-0.062
-0.115,-0.873,6.180,-5.937,-0.314,-0.086,-2.187,-1.878,2.222,-12.408,0.229,-0.026,-0.250,-0.352
-0.123,-0.770,6.080,-5.747,-0.251,-0.116,-2.395,-1.832,2.262,-12.196,0.333,0.002,-0.402,-0.110
-0.041,-0.808,6.771,-6.103,-0.327,-0.086,-2.297,-1.832,2.097,-11.456,0.195,-0.026,-0.151,-0.109
-0.049,-0.704,6.293,-6.186,-0.398,-0.077,-2.408,-1.606,2.283,-11.757,0.158,-0.036,-0.149,-0.013
-0.049,-0.704,6.293,-6.186,-0.398,-0.077,-2.408,-1.606,2.283,-11.757,0.158,-0.036,-0.149,-0.013
-0.124,-0.782,6.146,-5.969,-0.319,-0.084,-2.594,-1.865,1.963,-11.694,0.241,-0.022,-0.198,0.470
-0.008,-0.691,6.199,-5.964,-0.089,-0.151,-2.566,-1.908,1.917,-11.738,0.416,0.015,-0.151,-0.159
-0.090,-0.717,6.207,-5.855,-0.031,-0.163,-2.638,-1.698,2.344,-11.984,0.481,0.060,-0.203,-0.109
-0.090,-0.717,6.207,-5.855,-0.031,-0.163,-2.638,-1.698,2.344,-11.984,0.481,0.060,-0.203,-0.109
-0.156,-0.769,6.017,-5.772,-0.096,-0.150,-2.510,-1.841,2.038,-11.952,0.476,0.051,-0.254,-0.109
-0.156,-0.769,6.017,-5.772,-0.096,-0.150,-2.510,-1.841,2.038,-11.952,0.476,0.051,-0.254,-0.109
-0.090,-0.625,6.130,-6.048,-0.376,-0.082,-2.565,-1.832,2.099,-11.906,0.205,-0.027,-0.203,-0.110
-0.074,-0.795,6.602,-5.827,-0.322,-0.064,-2.553,-1.908,2.343,-12.118,0.174,-0.039,-0.252,-0.110
-0.123,-0.756,6.053,-6.077,-0.355,-0.093,-2.510,-1.916,2.201,-11.915,0.240,-0.022,-0.254,-0.159
-0.082,-0.822,6.069,-5.772,-0.411,-0.087,-2.480,-1.727,1.956,-11.470,0.211,-0.035,-0.252,-0.206
-0.156,-0.952,6.223,-5.969,-0.277,-0.134,-2.552,-1.938,1.957,-11.827,0.249,0.003,-0.299,-0.062
-0.041,-0.730,6.199,-5.938,-0.263,-0.099,-2.522,-1.781,2.545,-11.825,0.246,-0.016,-0.398,-0.061
-0.198,-0.730,6.514,-6.243,-0.440,-0.074,-2.510,-1.977,2.038,-12.040,0.204,-0.033,-0.204,0.083
-0.156,-0.809,6.375,-6.077,-0.352,-0.079,-2.616,-1.757,2.120,-11.884,0.204,-0.033,-0.203,-0.062
-0.156,-0.809,6.375,-6.077,-0.352,-0.079,-2.616,-1.757,2.120,-11.884,0.204,-0.033,-0.203,-0.062
-0.156,-0.809,6.375,-6.077,-0.352,-0.079,-2.616,-1.757,2.120,-11.884,0.204,-0.033,-0.203,-0.062
-0.156,-0.834,6.146,-5.855,-0.309,-0.092,-2.693,-1.832,2.141,-12.141,0.201,-0.032,-0.150,-0.303
-0.156,-0.834,6.146,-5.855,-0.309,-0.092,-2.693,-1.832,2.141,-12.141,0.201,-0.032,-0.150,-0.303
-0.156,-0.861,6.216,-6.331,-0.042,-0.160,-2.552,-1.908,2.782,-11.972,0.522,0.052,-0.252,-0.303
-0.189,-0.834,5.984,-5.886,-0.042,-0.164,-2.507,-1.841,2.442,-12.185,0.526,0.061,-0.301,-0.109
-0.041,-0.861,6.168,-6.020,-0.130,-0.150,-2.493,-1.832,1.955,-11.681,0.428,0.031,-0.299,-0.254
-0.041,-0.861,6.168,-6.020,-0.130,-0.150,-2.493,-1.832,1.955,-11.681,0.428,0.031,-0.299,-0.254
-0.041,-0.861,6.168,-6.020,-0.130,-0.150,-2.493,-1.832,1.955,-11.681,0.428,0.031,-0.299,-0.254
0.033,-0.795,6.029,-6.357,-0.275,-0.096,-2.415,-1.522,2.262,-12.311,0.300,-0.000,-0.252,-0.110
-0.123,-0.912,6.322,-5.937,-0.357,-0.065,-2.476,-1.803,1.918,-12.129,0.190,-0.051,-0.299,-0.303
-0.132,-0.769,6.681,-5.747,-0.299,-0.090,-2.523,-1.711,2.000,-11.615,0.267,-0.015,-0.301,-0.062
-0.131,-0.677,5.940,-6.077,-0.335,-0.088,-2.595,-1.811,1.970,-12.331,0.185,-0.029,-0.200,-0.110
-0.304,-0.782,5.882,-6.160,-0.377,-0.078,-2.540,-1.735,2.466,-11.627,0.188,-0.035,-0.201,-0.255
-0.230,-0.782,6.128,-5.938,-0.381,-0.076,-2.510,-1.690,2.072,-11.962,0.124,-0.033,-0.250,0.084
-0.230,-0.782,6.128,-5.938,-0.381,-0.076,-2.510,-1.690,2.072,-11.962,0.124,-0.033,-0.250,0.084
-0.230,-0.782,6.128,-5.938,-0.381,-0.076,-2.510,-1.690,2.072,-11.962,0.124,-0.033,-0.250,0.084
-0.411,-0.992,6.257,-5.606,-0.407,-0.083,-2.613,-1.690,1.836,-11.894,0.201,-0.032,-0.346,-0.207
-0.411,-0.992,6.257,-5.606,-0.407,-0.083,-2.613,-1.690,1.836,-11.894,0.201,-0.032,-0.346,-0.207
-0.411,-0.992,6.257,-5.606,-0.407,-0.083,-2.613,-1.690,1.836,-11.894,0.201,-0.032,-0.346,-0.207
-0.411,-0.992,6.257,-5.606,-0.407,-0.083,-2.613,-1.690,1.836,-11.894,0.201,-0.032,-0.346,-0.207
-0.411,-0.992,6.257,-5.606,-0.407,-0.083,-2.613,-1.690,1.836,-11.894,0.201,-0.032,-0.346,-0.207
-0.189,-0.756,6.251,-5.772,-0.218,-0.121,-2.395,-1.832,2.511,-11.525,0.340,-0.007,-0.198,0.180
-0.189,-0.756,6.251,-5.772,-0.218,-0.121,-2.395,-1.832,2.511,-11.525,0.340,-0.007,-0.198,0.180
-0.189,-0.756,6.251,-5.772,-0.218,-0.121,-2.395,-1.832,2.511,-11.525,0.340,-0.007,-0.198,0.180
0.204,-0.743,6.576,-5.994,-0.044,-0.159,-2.579,-1.765,2.446,-11.671,0.573,0.064,-0.149,-0.013
0.204,-0.743,6.576,-5.994,-0.044,-0.159,-2.579,-1.765,2.446,-11.671,0.573,0.064,-0.149,-0.013
-0.115,-0.899,6.207,-5.829,-0.098,-0.149,-2.758,-1.862,2.140,-11.952,0.517,0.032,-0.201,-0.109
-0.115,-0.899,6.207,-5.829,-0.098,-0.149,-2.758,-1.862,2.140,-11.952,0.517,0.032,-0.201,-0.109
-0.115,-0.899,6.207,-5.829,-0.098,-0.149,-2.758,-1.862,2.140,-11.952,0.517,0.032,-0.201,-0.109
-0.189,-0.717,6.353,-6.077,-0.343,-0.082,-2.638,-1.636,2.343,-11.915,0.181,-0.042,-0.200,-0.158
-0.115,-1.030,6.353,-6.528,-0.398,-0.082,-2.546,-1.719,2.177,-11.759,0.204,-0.041,-0.201,-0.157
-0.115,-1.030,6.353,-6.528,-0.398,-0.082,-2.546,-1.719,2.177,-11.759,0.204,-0.041,-0.201,-0.157
-0.180,-0.782,6.291,-6.166,-0.388,-0.075,-2.565,-1.878,2.033,-11.759,0.208,-0.041,-0.303,-0.157
-0.180,-0.782,6.291,-6.166,-0.388,-0.075,-2.565,-1.878,2.033,-11.759,0.208,-0.041,-0.303,-0.157
-0.230,-0.860,6.265,-5.384,-0.457,-0.061,-2.595,-1.773,1.959,-11.089,0.163,-0.028,-0.201,-0.013
0.024,-0.862,6.293,-6.299,-0.215,-0.121,-2.425,-1.695,1.837,-11.884,0.355,0.008,-0.299,-0.109
-0.074,-1.109,6.216,-5.607,-0.360,-0.068,-2.472,-1.643,2.059,-11.524,0.264,-0.021,-0.401,-0.160
-0.074,-1.109,6.216,-5.607,-0.360,-0.068,-2.472,-1.643,2.059,-11.524,0.264,-0.021,-0.401,-0.160
-0.156,-0.887,6.276,-5.937,-0.344,-0.082,-2.485,-1.832,2.141,-12.165,0.186,-0.028,-0.200,-0.109
-0.147,-0.730,6.593,-6.026,-0.369,-0.079,-2.311,-1.628,2.060,-11.894,0.229,-0.025,-0.205,0.180
-0.189,-0.756,6.215,-5.995,-0.371,-0.079,-2.480,-1.722,2.206,-11.806,0.182,-0.029,-0.150,-0.110
-0.189,-0.756,6.215,-5.995,-0.371,-0.079,-2.480,-1.722,2.206,-11.806,0.182,-0.029,-0.150,-0.110
-0.189,-0.756,6.215,-5.995,-0.371,-0.079,-2.480,-1.722,2.206,-11.806,0.182,-0.029,-0.150,-0.110
-0.189,-0.756,6.215,-5.995,-0.371,-0.079,-2.480,-1.722,2.206,-11.806,0.182,-0.029,-0.150,-0.110
-0.189,-0.756,6.215,-5.995,-0.371,-0.079,-2.480,-1.722,2.206,-11.806,0.182,-0.029,-0.150,-0.110
-0.073,-0.795,6.361,-5.467,-0.362,-0.077,-2.472,-1.635,1.998,-11.838,0.179,-0.038,-0.254,-0.013
-0.073,-0.795,6.361,-5.467,-0.362,-0.077,-2.472,-1.635,1.998,-11.838,0.179,-0.038,-0.254,-0.013
-0.124,-0.686,6.353,-5.912,-0.344,-0.082,-2.553,-1.698,1.917,-11.816,0.162,-0.029,-0.252,-0.303
-0.124,-0.686,6.353,-5.912,-0.344,-0.082,-2.553,-1.698,1.917,-11.816,0.162,-0.029,-0.252,-0.303
-0.124,-0.686,6.353,-5.912,-0.344,-0.082,-2.553,-1.698,1.917,-11.816,0.162,-0.029,-0.252,-0.303
-0.124,-0.686,6.353,-5.912,-0.344,-0.082,-2.553,-1.698,1.917,-11.816,0.162,-0.029,-0.252,-0.303
-0.124,-0.686,6.353,-5.912,-0.344,-0.082,-2.553,-1.698,1.917,-11.816,0.162,-0.029,-0.252,-0.303
-0.124,-0.686,6.353,-5.912,-0.344,-0.082,-2.553,-1.698,1.917,-11.816,0.162,-0.029,-0.252,-0.303
-0.124,-0.686,6.353,-5.912,-0.344,-0.082,-2.553,-1.698,1.917,-11.816,0.162,-0.029,-0.252,-0.303
-0.156,-0.717,6.298,-5.912,-0.012,-0.167,-2.689,-1.870,2.446,-12.102,0.490,0.061,-0.151,-0.061
-0.124,-0.690,6.130,-6.109,-0.009,-0.169,-2.583,-1.599,1.917,-12.058,0.500,0.055,-0.201,-0.061
-0.124,-0.690,6.130,-6.109,-0.009,-0.169,-2.583,-1.599,1.917,-12.058,0.500,0.055,-0.201,-0.061
-0.230,-0.770,6.192,-6.357,-0.028,-0.169,-2.552,-1.743,2.262,-12.040,0.491,0.044,-0.254,-0.013
-0.262,-0.887,5.484,-6.051,-0.025,-0.174,-2.323,-1.811,2.122,-11.582,0.524,0.061,-0.252,-0.063
-0.124,-0.690,5.915,-5.937,-0.060,-0.164,-2.528,-1.849,2.142,-11.894,0.540,0.052,-0.252,-0.206
-0.124,-0.690,5.915,-5.937,-0.060,-0.164,-2.528,-1.849,2.142,-11.894,0.540,0.052,-0.252,-0.206
-0.156,-0.705,6.456,-6.192,-0.054,-0.170,-2.468,-1.870,2.385,-11.573,0.436,0.029,-0.151,-0.062
-0.156,-0.705,6.456,-6.192,-0.054,-0.170,-2.468,-1.870,2.385,-11.573,0.436,0.029,-0.151,-0.062
-0.156,-0.705,6.456,-6.192,-0.054,-0.170,-2.468,-1.870,2.385,-11.573,0.436,0.029,-0.151,-0.062
-0.156,-0.705,6.456,-6.192,-0.054,-0.170,-2.468,-1.870,2.385,-11.573,0.436,0.029,-0.151,-0.062
-0.082,-0.807,6.152,-5.854,-0.362,-0.072,-2.400,-1.840,2.120,-12.020,0.201,-0.033,-0.252,-0.013
-0.198,-0.691,5.877,-5.805,-0.414,-0.086,-2.608,-1.954,2.039,-11.367,0.192,-0.044,-0.303,-0.014
-0.198,-0.691,5.877,-5.805,-0.414,-0.086,-2.608,-1.954,2.039,-11.367,0.192,-0.044,-0.303,-0.014
-0.041,-0.795,6.061,-5.771,-0.079,-0.168,-2.583,-1.857,2.243,-12.020,0.521,0.052,-0.355,0.084
-0.041,-0.795,6.061,-5.771,-0.079,-0.168,-2.583,-1.857,2.243,-12.020,0.521,0.052,-0.355,0.084
-0.156,-0.873,6.052,-5.747,-0.001,-0.162,-2.680,-1.787,2.199,-12.096,0.502,0.060,-0.200,-0.207
-0.189,-0.782,6.361,-6.026,-0.074,-0.170,-2.770,-1.755,2.038,-12.260,0.527,0.053,-0.203,0.036
-0.189,-0.782,6.361,-6.026,-0.074,-0.170,-2.770,-1.755,2.038,-12.260,0.527,0.053,-0.203,0.036
-0.156,-0.756,6.284,-6.250,-0.037,-0.166,-2.565,-1.757,2.120,-12.028,0.561,0.053,-0.149,-0.061
-0.156,-0.756,6.284,-6.250,-0.037,-0.166,-2.565,-1.757,2.120,-12.028,0.561,0.053,-0.149,-0.061
-0.156,-0.756,6.284,-6.250,-0.037,-0.166,-2.565,-1.757,2.120,-12.028,0.561,0.053,-0.149,-0.061
-0.180,-0.678,6.405,-5.780,-0.055,-0.160,-2.595,-1.665,2.188,-11.681,0.476,0.053,-0.153,-0.157
-0.180,-0.678,6.405,-5.780,-0.055,-0.160,-2.595,-1.665,2.188,-11.681,0.476,0.053,-0.153,-0.157
-0.180,-0.678,6.405,-5.780,-0.055,-0.160,-2.595,-1.665,2.188,-11.681,0.476,0.053,-0.153,-0.157
-0.180,-0.678,6.405,-5.780,-0.055,-0.160,-2.595,-1.665,2.188,-11.681,0.476,0.053,-0.153,-0.157
-0.180,-0.678,6.405,-5.780,-0.055,-0.160,-2.595,-1.665,2.188,-11.681,0.476,0.053,-0.153,-0.157
-0.180,-0.678,6.405,-5.780,-0.055,-0.160,-2.595,-1.665,2.188,-11.681,0.476,0.053,-0.153,-0.157
-0.180,-0.678,6.405,-5.780,-0.055,-0.160,-2.595,-1.665,2.188,-11.681,0.476,0.053,-0.153,-0.157
-0.180,-0.678,6.405,-5.780,-0.055,-0.160,-2.595,-1.665,2.188,-11.681,0.476,0.053,-0.153,-0.157
-0.124,-0.782,6.311,-5.664,0.012,-0.170,-2.571,-1.757,2.243,-11.797,0.550,0.045,-0.100,0.036
-0.198,-0.782,6.146,-5.828,-0.067,-0.163,-2.552,-2.020,1.978,-11.814,0.550,0.059,-0.247,0.132
-0.198,-0.782,6.146,-5.828,-0.067,-0.163,-2.552,-2.020,1.978,-11.814,0.550,0.059,-0.247,0.132
-0.198,-0.782,6.146,-5.828,-0.067,-0.163,-2.552,-2.020,1.978,-11.814,0.550,0.059,-0.247,0.132
-0.198,-0.795,6.052,-6.145,-0.081,-0.169,-2.655,-1.878,2.239,-11.868,0.526,0.057,-0.248,-0.014
-0.240,-0.783,6.551,-6.354,-0.064,-0.173,-2.565,-1.687,2.241,-12.038,0.503,0.052,-0.252,-0.353
-0.240,-0.783,6.551,-6.354,-0.064,-0.173,-2.565,-1.687,2.241,-12.038,0.503,0.052,-0.252,-0.353
-0.240,-0.783,6.551,-6.354,-0.064,-0.173,-2.565,-1.687,2.241,-12.038,0.503,0.052,-0.252,-0.353
-0.240,-0.783,6.551,-6.354,-0.064,-0.173,-2.565,-1.687,2.241,-12.038,0.503,0.052,-0.252,-0.353
-0.156,-0.808,6.682,-5.500,-0.063,-0.178,-2.667,-1.721,1.916,-12.039,0.584,0.050,-0.203,-0.109
-0.156,-0.808,6.682,-5.500,-0.063,-0.178,-2.667,-1.721,1.916,-12.039,0.584,0.050,-0.203,-0.109
-0.031,-0.795,5.866,-5.912,0.002,-0.172,-2.425,-1.772,2.224,-11.693,0.520,0.051,-0.148,-0.158
-0.031,-0.795,5.866,-5.912,0.002,-0.172,-2.425,-1.772,2.224,-11.693,0.520,0.051,-0.148,-0.158
-0.262,-0.912,6.225,-5.558,-0.036,-0.160,-2.444,-1.727,1.978,-11.816,0.553,0.055,-0.150,-0.303
-0.166,-0.704,6.284,-6.063,-0.024,-0.160,-2.571,-1.697,2.060,-12.039,0.570,0.064,-0.201,-0.061
-0.166,-0.704,6.284,-6.063,-0.024,-0.160,-2.571,-1.697,2.060,-12.039,0.570,0.064,-0.201,-0.061
-0.166,-0.704,6.284,-6.063,-0.024,-0.160,-2.571,-1.697,2.060,-12.039,0.570,0.064,-0.201,-0.061
-0.230,-0.862,6.388,-5.945,-0.040,-0.170,-2.739,-1.832,1.983,-11.816,0.451,0.051,-0.149,-0.061
-0.230,-0.862,6.388,-5.945,-0.040,-0.170,-2.739,-1.832,1.983,-11.816,0.451,0.051,-0.149,-0.061
-0.178,-0.782,6.053,-5.781,-0.079,-0.168,-2.445,-1.962,1.673,-11.884,0.485,0.051,-0.201,-0.158
-0.147,-0.756,5.874,-5.828,-0.267,-0.126,-2.498,-1.832,2.442,-11.972,0.297,-0.017,-0.250,-0.110
-0.147,-0.756,5.874,-5.828,-0.267,-0.126,-2.498,-1.832,2.442,-11.972,0.297,-0.017,-0.250,-0.110
-0.156,-0.665,6.312,-5.887,-0.167,-0.126,-2.571,-1.606,1.881,-11.797,0.312,0.001,-0.252,-0.206
-0.156,-0.665,6.312,-5.887,-0.167,-0.126,-2.571,-1.606,1.881,-11.797,0.312,0.001,-0.252,-0.206
-0.051,-0.834,6.439,-5.052,-0.011,-0.167,-2.768,-1.606,2.039,-12.175,0.516,0.046,-0.301,0.228
-0.051,-0.834,6.439,-5.052,-0.011,-0.167,-2.768,-1.606,2.039,-12.175,0.516,0.046,-0.301,0.228
-0.198,-0.952,6.083,-5.781,-0.030,-0.172,-2.728,-1.719,2.039,-11.661,0.518,0.051,-0.252,-0.206
-0.156,-0.938,6.216,-6.027,-0.074,-0.165,-2.318,-1.599,1.957,-11.814,0.509,0.048,-0.299,-0.156
-0.156,-0.938,6.216,-6.027,-0.074,-0.165,-2.318,-1.599,1.957,-11.814,0.509,0.048,-0.299,-0.156
-0.156,-0.938,6.216,-6.027,-0.074,-0.165,-2.318,-1.599,1.957,-11.814,0.509,0.048,-0.299,-0.156
-0.041,-0.717,6.070,-5.476,-0.053,-0.165,-2.403,-1.757,2.467,-11.952,0.526,0.057,-0.205,-0.160
0.065,-0.744,6.207,-5.697,-0.024,-0.174,-2.190,-1.849,1.917,-12.118,0.518,0.051,-0.200,-0.303
0.065,-0.744,6.207,-5.697,-0.024,-0.174,-2.190,-1.849,1.917,-12.118,0.518,0.051,-0.200,-0.303
0.065,-0.744,6.207,-5.697,-0.024,-0.174,-2.190,-1.849,1.917,-12.118,0.518,0.051,-0.200,-0.303
-0.146,-0.704,5.992,-6.214,-0.009,-0.169,-2.740,-1.577,2.100,-11.951,0.543,0.052,-0.201,-0.206
-0.146,-0.704,5.992,-6.214,-0.009,-0.169,-2.740,-1.577,2.100,-11.951,0.543,0.052,-0.201,-0.206
-0.156,-0.823,6.298,-5.018,-0.010,-0.182,-2.284,-1.870,2.082,-11.874,0.526,0.057,-0.201,-0.110
-0.009,-0.982,6.275,-6.063,-0.060,-0.163,-2.613,-1.803,2.465,-12.097,0.536,0.060,-0.346,-0.012
0.001,-0.821,6.001,-6.146,-0.052,-0.162,-2.686,-1.697,2.181,-11.748,0.527,0.062,-0.498,-0.206
-0.073,-0.887,6.198,-6.004,-0.077,-0.164,-2.565,-1.894,2.485,-12.029,0.468,0.056,-0.201,-0.206
-0.073,-0.887,6.198,-6.004,-0.077,-0.164,-2.565,-1.894,2.485,-12.029,0.468,0.056,-0.201,-0.206
-0.114,-0.678,6.129,-5.722,-0.036,-0.171,-2.536,-1.803,2.101,-11.961,0.562,0.053,-0.304,-0.157
-0.198,-0.756,5.992,-5.781,-0.008,-0.164,-2.552,-1.937,2.282,-11.883,0.563,0.058,-0.301,-0.352
-0.198,-0.756,5.992,-5.781,-0.008,-0.164,-2.552,-1.937,2.282,-11.883,0.563,0.058,-0.301,-0.352
-0.106,-0.795,6.410,-5.840,-0.049,-0.166,-2.414,-1.811,2.000,-11.505,0.529,0.054,-0.201,-0.157
-0.106,-0.795,6.410,-5.840,-0.049,-0.166,-2.414,-1.811,2.000,-11.505,0.529,0.054,-0.201,-0.157
-0.156,-0.731,6.516,-5.945,-0.071,-0.180,-2.571,-1.848,2.183,-12.194,0.527,0.048,-0.252,-0.254
-0.156,-0.731,6.516,-5.945,-0.071,-0.180,-2.571,-1.848,2.183,-12.194,0.527,0.048,-0.252,-0.254
-0.156,-0.731,6.516,-5.945,-0.071,-0.180,-2.571,-1.848,2.183,-12.194,0.527,0.048,-0.252,-0.254
0.180,-0.795,6.052,-5.946,-0.022,-0.165,-2.571,-1.824,1.983,-11.728,0.480,0.050,-0.201,0.035
-0.198,-0.874,6.439,-5.580,-0.066,-0.163,-2.529,-1.825,2.323,-12.155,0.532,0.050,-0.250,-0.013
-0.198,-0.769,6.491,-5.945,-0.046,-0.168,-2.581,-1.690,2.099,-12.029,0.506,0.071,-0.303,-0.208
-0.198,-0.769,6.491,-5.945,-0.046,-0.168,-2.581,-1.690,2.099,-12.029,0.506,0.071,-0.303,-0.208
-0.198,-0.769,6.491,-5.945,-0.046,-0.168,-2.581,-1.690,2.099,-12.029,0.506,0.071,-0.303,-0.208
-0.198,-0.928,5.984,-5.877,-0.034,-0.166,-2.424,-1.825,2.181,-12.007,0.510,0.053,-0.205,-0.158
-0.166,-0.860,6.128,-5.923,-0.026,-0.169,-2.510,-1.911,2.181,-11.961,0.503,0.052,-0.201,-0.255
-0.082,-0.574,6.551,-5.781,-0.057,-0.160,-2.667,-1.878,1.836,-12.175,0.508,0.048,-0.404,-0.206
-0.082,-0.574,6.551,-5.781,-0.057,-0.160,-2.667,-1.878,1.836,-12.175,0.508,0.048,-0.404,-0.206
-0.082,-0.574,6.551,-5.781,-0.057,-0.160,-2.667,-1.878,1.836,-12.175,0.508,0.048,-0.404,-0.206
-0.124,-0.677,6.300,-5.886,-0.026,-0.169,-2.437,-1.787,1.939,-11.893,0.524,0.052,-0.151,-0.834
-0.124,-0.677,6.129,-6.205,-0.040,-0.161,-2.571,-2.091,2.446,-11.942,0.594,0.071,-0.200,0.035
-0.124,-0.677,6.129,-6.205,-0.040,-0.161,-2.571,-2.091,2.446,-11.942,0.594,0.071,-0.200,0.035
-0.198,-0.743,5.799,-6.085,-0.040,-0.170,-2.573,-1.857,2.181,-11.761,0.497,0.054,-0.200,0.182
-0.345,-0.756,6.192,-5.945,-0.055,-0.170,-2.510,-1.900,2.162,-11.873,0.487,0.056,-0.201,-0.157
-0.230,-0.743,6.215,-6.028,-0.047,-0.168,-2.552,-1.743,2.038,-11.883,0.514,0.050,-0.301,-0.352
-0.230,-0.743,6.215,-6.028,-0.047,-0.168,-2.552,-1.743,2.038,-11.883,0.514,0.050,-0.301,-0.352
-0.230,-0.743,6.215,-6.028,-0.047,-0.168,-2.552,-1.743,2.038,-11.883,0.514,0.050,-0.301,-0.352
-0.230,-0.743,6.215,-6.028,-0.047,-0.168,-2.552,-1.743,2.038,-11.883,0.514,0.050,-0.301,-0.352
-0.230,-0.743,6.215,-6.028,-0.047,-0.168,-2.552,-1.743,2.038,-11.883,0.514,0.050,-0.301,-0.352
-0.230,-0.743,6.215,-6.028,-0.047,-0.168,-2.552,-1.743,2.038,-11.883,0.514,0.050,-0.301,-0.352
-0.146,-0.743,6.258,-6.652,-0.078,-0.172,-2.591,-1.840,2.141,-11.797,0.550,0.059,-0.299,-0.160
-0.146,-0.743,6.258,-6.652,-0.078,-0.172,-2.591,-1.840,2.141,-11.797,0.550,0.059,-0.299,-0.160
-0.146,-0.743,6.258,-6.652,-0.078,-0.172,-2.591,-1.840,2.141,-11.797,0.550,0.059,-0.299,-0.160
-0.156,-0.769,6.620,-5.839,-0.036,-0.171,-2.487,-1.832,2.160,-12.252,0.534,0.055,-0.151,-0.158
-0.156,-0.769,6.620,-5.839,-0.036,-0.171,-2.487,-1.832,2.160,-12.252,0.534,0.055,-0.151,-0.158
-0.050,-1.031,6.430,-6.005,-0.006,-0.170,-2.674,-1.840,2.386,-12.544,0.491,0.052,-0.204,-0.157
-0.050,-1.031,6.430,-6.005,-0.006,-0.170,-2.674,-1.840,2.386,-12.544,0.491,0.052,-0.204,-0.157
-0.050,-1.031,6.430,-6.005,-0.006,-0.170,-2.674,-1.840,2.386,-12.544,0.491,0.052,-0.204,-0.157
-0.050,-1.031,6.430,-6.005,-0.006,-0.170,-2.674,-1.840,2.386,-12.544,0.491,0.052,-0.204,-0.157
-0.125,-0.848,5.942,-5.828,-0.048,-0.168,-2.686,-1.652,2.099,-12.016,0.524,0.061,-0.301,0.083
-0.125,-0.848,5.942,-5.828,-0.048,-0.168,-2.686,-1.652,2.099,-12.016,0.524,0.061,-0.301,0.083
-0.125,-0.848,5.942,-5.828,-0.048,-0.168,-2.686,-1.652,2.099,-12.016,0.524,0.061,-0.301,0.083
-0.041,-0.847,6.344,-5.886,-0.006,-0.170,-2.529,-1.790,1.957,-11.827,0.568,0.054,-0.255,-0.063
-0.041,-0.847,6.344,-5.886,-0.006,-0.170,-2.529,-1.790,1.957,-11.827,0.568,0.054,-0.255,-0.063
-0.198,-0.743,6.041,-6.005,-0.069,-0.171,-2.616,-1.697,2.181,-11.671,0.533,0.064,-0.151,-0.110
-0.198,-0.743,6.041,-6.005,-0.069,-0.171,-2.616,-1.697,2.181,-11.671,0.533,0.064,-0.151,-0.110
-0.198,-0.743,6.041,-6.005,-0.069,-0.171,-2.616,-1.697,2.181,-11.671,0.533,0.064,-0.151,-0.110
-0.198,-0.743,6.041,-6.005,-0.069,-0.171,-2.616,-1.697,2.181,-11.671,0.533,0.064,-0.151,-0.110
-0.124,-0.822,5.976,-5.945,-0.052,-0.161,-2.529,-1.832,2.323,-11.884,0.524,0.061,-0.207,-0.061
-0.124,-0.822,5.976,-5.945,-0.052,-0.161,-2.529,-1.832,2.323,-11.884,0.524,0.061,-0.207,-0.061
-0.271,-0.834,6.127,-5.722,-0.033,-0.162,-2.571,-1.854,1.917,-11.895,0.568,0.050,-0.198,0.180
-0.271,-0.834,6.127,-5.722,-0.033,-0.162,-2.571,-1.854,1.917,-11.895,0.568,0.050,-0.198,0.180
-0.009,-0.808,5.922,-5.723,-0.044,-0.159,-2.510,-1.704,2.243,-12.018,0.473,0.057,-0.150,-0.110
-0.009,-0.808,5.922,-5.723,-0.044,-0.159,-2.510,-1.704,2.243,-12.018,0.473,0.057,-0.150,-0.110
-0.009,-0.808,5.922,-5.723,-0.044,-0.159,-2.510,-1.704,2.243,-12.018,0.473,0.057,-0.150,-0.110
-0.009,-0.808,5.922,-5.723,-0.044,-0.159,-2.510,-1.704,2.243,-12.018,0.473,0.057,-0.150,-0.110
-0.188,-0.743,6.107,-5.840,-0.039,-0.165,-2.667,-1.706,2.158,-12.253,0.545,0.053,-0.200,-0.013
-0.188,-0.743,6.107,-5.840,-0.039,-0.165,-2.667,-1.706,2.158,-12.253,0.545,0.053,-0.200,-0.013
0.097,-0.821,6.284,-6.109,-0.022,-0.174,-2.632,-1.811,2.693,-12.051,0.582,0.041,-0.201,-0.157
0.097,-0.821,6.284,-6.109,-0.022,-0.174,-2.632,-1.811,2.693,-12.051,0.582,0.041,-0.201,-0.157
0.097,-0.821,6.284,-6.109,-0.022,-0.174,-2.632,-1.811,2.693,-12.051,0.582,0.041,-0.201,-0.157
-0.156,-0.782,6.592,-5.837,-0.030,-0.159,-2.486,-1.803,2.201,-11.729,0.542,0.061,-0.301,0.036
-0.156,-0.782,6.592,-5.837,-0.030,-0.159,-2.486,-1.803,2.201,-11.729,0.542,0.061,-0.301,0.036
-0.272,-0.950,6.302,-5.394,-0.014,-0.186,-2.444,-1.923,2.323,-11.759,0.481,0.041,-0.496,-0.012
-0.272,-0.950,6.302,-5.394,-0.014,-0.186,-2.444,-1.923,2.323,-11.759,0.481,0.041,-0.496,-0.012
0.033,-1.016,6.138,-5.723,-0.072,-0.160,-2.479,-1.787,2.222,-11.816,0.542,0.053,-0.201,-0.207
0.033,-1.016,6.138,-5.723,-0.072,-0.160,-2.479,-1.787,2.222,-11.816,0.542,0.053,-0.201,-0.207
0.033,-1.016,6.138,-5.723,-0.072,-0.160,-2.479,-1.787,2.222,-11.816,0.542,0.053,-0.201,-0.207
0.033,-1.016,6.138,-5.723,-0.072,-0.160,-2.479,-1.787,2.222,-11.816,0.542,0.053,-0.201,-0.207
0.033,-1.016,6.138,-5.723,-0.072,-0.160,-2.479,-1.787,2.222,-11.816,0.542,0.053,-0.201,-0.207
0.033,-1.016,6.138,-5.723,-0.072,-0.160,-2.479,-1.787,2.222,-11.816,0.542,0.053,-0.201,-0.207
-0.156,-0.821,6.331,-5.969,-0.020,-0.161,-2.625,-1.840,1.957,-11.536,0.502,0.046,-0.200,-0.399
-0.156,-0.821,6.331,-5.969,-0.020,-0.161,-2.625,-1.840,1.957,-11.536,0.502,0.046,-0.200,-0.399
-0.156,-0.821,6.331,-5.969,-0.020,-0.161,-2.625,-1.840,1.957,-11.536,0.502,0.046,-0.200,-0.399
-0.041,-0.848,6.249,-6.239,0.012,-0.154,-2.697,-1.903,2.262,-12.175,0.507,0.043,-0.353,-0.303
-0.041,-0.848,6.249,-6.239,0.012,-0.154,-2.697,-1.903,2.262,-12.175,0.507,0.043,-0.353,-0.303
-0.114,-0.651,6.585,-6.109,-0.020,-0.175,-2.571,-1.712,1.790,-11.881,0.544,0.057,-0.203,0.036
-0.114,-0.651,6.585,-6.109,-0.020,-0.175,-2.571,-1.712,1.790,-11.881,0.544,0.057,-0.203,0.036
-0.114,-0.651,6.585,-6.109,-0.020,-0.175,-2.571,-1.712,1.790,-11.881,0.544,0.057,-0.203,0.036
-0.147,-0.625,6.293,-5.781,-0.066,-0.176,-2.655,-1.795,2.222,-12.030,0.515,0.041,-0.252,-0.014
-0.083,-0.730,6.046,-6.063,-0.055,-0.170,-2.655,-1.666,1.978,-12.622,0.525,0.066,-0.048,-0.061
-0.104,-0.847,6.001,-6.005,-0.034,-0.171,-2.655,-1.795,1.836,-12.096,0.534,0.055,-0.299,-0.061
-0.146,-0.795,6.079,-5.803,-0.065,-0.163,-2.230,-1.719,2.283,-11.603,0.509,0.053,-0.247,-0.062
-0.156,-0.848,5.892,-5.500,-0.074,-0.166,-2.515,-1.840,2.343,-11.806,0.515,0.050,-0.149,-0.205
-0.073,-1.044,6.312,-5.863,-0.047,-0.168,-2.529,-1.993,2.141,-12.020,0.490,0.053,-0.301,-0.254
-0.282,-0.729,6.129,-5.699,-0.065,-0.172,-2.466,-1.698,2.506,-11.893,0.441,0.048,-0.198,0.084
-0.282,-0.729,6.129,-5.699,-0.065,-0.172,-2.466,-1.698,2.506,-11.893,0.441,0.048,-0.198,0.084
-0.282,-0.729,6.129,-5.699,-0.065,-0.172,-2.466,-1.698,2.506,-11.893,0.441,0.048,-0.198,0.084
-0.198,-0.899,6.375,-5.664,-0.078,-0.168,-2.234,-1.773,2.120,-11.961,0.551,0.050,-0.201,0.035
-0.198,-0.899,6.375,-5.664,-0.078,-0.168,-2.234,-1.773,2.120,-11.961,0.551,0.050,-0.201,0.035
-0.198,-0.899,6.375,-5.664,-0.078,-0.168,-2.234,-1.773,2.120,-11.961,0.551,0.050,-0.201,0.035
-0.198,-0.899,6.375,-5.664,-0.078,-0.168,-2.234,-1.773,2.120,-11.961,0.551,0.050,-0.201,0.035
-0.198,-0.899,6.375,-5.664,-0.078,-0.168,-2.234,-1.773,2.120,-11.961,0.551,0.050,-0.201,0.035
-0.198,-0.899,6.375,-5.664,-0.078,-0.168,-2.234,-1.773,2.120,-11.961,0.551,0.050,-0.201,0.035
-0.198,-0.899,6.375,-5.664,-0.078,-0.168,-2.234,-1.773,2.120,-11.961,0.551,0.050,-0.201,0.035
-0.198,-0.899,6.375,-5.664,-0.078,-0.168,-2.234,-1.773,2.120,-11.961,0.551,0.050,-0.201,0.035
-0.198,-0.899,6.375,-5.664,-0.078,-0.168,-2.234,-1.773,2.120,-11.961,0.551,0.050,-0.201,0.035
-0.198,-0.899,6.375,-5.664,-0.078,-0.168,-2.234,-1.773,2.120,-11.961,0.551,0.050,-0.201,0.035
-0.198,-0.899,6.375,-5.664,-0.078,-0.168,-2.234,-1.773,2.120,-11.961,0.551,0.050,-0.201,0.035
-0.198,-0.899,6.375,-5.664,-0.078,-0.168,-2.234,-1.773,2.120,-11.961,0.551,0.050,-0.201,0.035
-0.114,-0.834,6.292,-5.722,-0.063,-0.163,-2.306,-1.636,2.201,-12.020,0.521,0.051,-0.149,-0.110
-0.114,-0.834,6.292,-5.722,-0.063,-0.163,-2.306,-1.636,2.201,-12.020,0.521,0.051,-0.149,-0.110
-0.083,-0.678,6.156,-5.829,-0.055,-0.170,-2.540,-1.727,2.240,-11.989,0.491,0.061,-0.252,-0.158
-0.083,-0.678,6.156,-5.829,-0.055,-0.170,-2.540,-1.727,2.240,-11.989,0.491,0.061,-0.252,-0.158
-0.115,-0.768,6.207,-6.110,-0.039,-0.166,-2.456,-1.698,2.222,-11.894,0.558,0.061,-0.149,-0.303
-0.115,-0.768,6.207,-6.110,-0.039,-0.166,-2.456,-1.698,2.222,-11.894,0.558,0.061,-0.149,-0.303
-0.115,-0.768,6.207,-6.110,-0.039,-0.166,-2.456,-1.698,2.222,-11.894,0.558,0.061,-0.149,-0.303
-0.198,-0.743,5.899,-5.945,-0.043,-0.159,-2.613,-1.757,2.223,-11.884,0.525,0.052,-0.045,-0.303
-0.073,-0.834,6.604,-5.804,0.002,-0.176,-2.678,-1.735,1.754,-11.797,0.549,0.054,-0.301,-0.109
-0.254,-0.756,6.422,-5.827,-0.088,-0.166,-2.607,-1.832,1.957,-12.030,0.565,0.063,-0.252,-0.013
-0.254,-0.756,6.422,-5.827,-0.088,-0.166,-2.607,-1.832,1.957,-12.030,0.565,0.063,-0.252,-0.013
-0.156,-0.743,6.076,-5.887,-0.046,-0.167,-2.448,-1.749,2.161,-12.098,0.493,0.040,-0.252,-0.157
-0.156,-0.743,6.076,-5.887,-0.046,-0.167,-2.448,-1.749,2.161,-12.098,0.493,0.040,-0.252,-0.157
-0.156,-0.743,6.076,-5.887,-0.046,-0.167,-2.448,-1.749,2.161,-12.098,0.493,0.040,-0.252,-0.157
-0.124,-0.743,6.422,-5.862,-0.053,-0.175,-2.421,-1.795,2.059,-11.951,0.549,0.050,-0.454,-0.206
-0.124,-0.743,6.422,-5.862,-0.053,-0.175,-2.421,-1.795,2.059,-11.951,0.549,0.050,-0.454,-0.206
-0.188,-0.782,5.984,-5.582,-0.046,-0.172,-2.751,-1.773,1.852,-11.827,0.514,0.041,-0.248,-0.303
-0.188,-0.782,5.984,-5.582,-0.046,-0.172,-2.751,-1.773,1.852,-11.827,0.514,0.041,-0.248,-0.303
-0.188,-0.782,5.984,-5.582,-0.046,-0.172,-2.751,-1.773,1.852,-11.827,0.514,0.041,-0.248,-0.303
-0.188,-0.782,5.984,-5.582,-0.046,-0.172,-2.751,-1.773,1.852,-11.827,0.514,0.041,-0.248,-0.303
-0.188,-0.782,5.984,-5.582,-0.046,-0.172,-2.751,-1.773,1.852,-11.827,0.514,0.041,-0.248,-0.303
-0.082,-0.756,6.198,-6.192,-0.058,-0.155,-2.468,-1.824,2.283,-11.884,0.568,0.055,0.003,-0.062
-0.198,-0.691,6.360,-6.051,-0.078,-0.168,-2.414,-1.690,2.283,-11.748,0.510,0.048,-0.003,-0.014
-0.198,-0.691,6.360,-6.051,-0.078,-0.168,-2.414,-1.690,2.283,-11.748,0.510,0.048,-0.003,-0.014
-0.198,-0.691,6.360,-6.051,-0.078,-0.168,-2.414,-1.690,2.283,-11.748,0.510,0.048,-0.003,-0.014
-0.198,-0.691,6.360,-6.051,-0.078,-0.168,-2.414,-1.690,2.283,-11.748,0.510,0.048,-0.003,-0.014
-0.198,-0.691,6.360,-6.051,-0.078,-0.168,-2.414,-1.690,2.283,-11.748,0.510,0.048,-0.003,-0.014
-0.198,-0.691,6.360,-6.051,-0.078,-0.168,-2.414,-1.690,2.283,-11.748,0.510,0.048,-0.003,-0.014
-0.083,-0.666,6.361,-5.911,-0.038,-0.165,-2.715,-1.641,2.104,-11.797,0.533,0.050,-0.303,-0.207
-0.083,-0.666,6.361,-5.911,-0.038,-0.165,-2.715,-1.641,2.104,-11.797,0.533,0.050,-0.303,-0.207
-0.083,-0.666,6.361,-5.911,-0.038,-0.165,-2.715,-1.641,2.104,-11.797,0.533,0.050,-0.303,-0.207
-0.083,-0.666,6.361,-5.911,-0.038,-0.165,-2.715,-1.641,2.104,-11.797,0.533,0.050,-0.303,-0.207
-0.115,-0.705,6.215,-5.781,-0.040,-0.166,-2.596,-1.795,1.917,-12.095,0.526,0.048,-0.205,0.325
-0.115,-0.705,6.215,-5.781,-0.040,-0.166,-2.596,-1.795,1.917,-12.095,0.526,0.048,-0.205,0.325
-0.115,-0.705,6.215,-5.781,-0.040,-0.166,-2.596,-1.795,1.917,-12.095,0.526,0.048,-0.205,0.325
-0.115,-0.705,6.215,-5.781,-0.040,-0.166,-2.596,-1.795,1.917,-12.095,0.526,0.048,-0.205,0.325
-0.115,-0.705,6.215,-5.781,-0.040,-0.166,-2.596,-1.795,1.917,-12.095,0.526,0.048,-0.205,0.325
-0.115,-0.705,6.215,-5.781,-0.040,-0.166,-2.596,-1.795,1.917,-12.095,0.526,0.048,-0.205,0.325
-0.115,-0.705,6.215,-5.781,-0.040,-0.166,-2.596,-1.795,1.917,-12.095,0.526,0.048,-0.205,0.325
-0.115,-0.705,6.215,-5.781,-0.040,-0.166,-2.596,-1.795,1.917,-12.095,0.526,0.048,-0.205,0.325
-0.115,-0.705,6.215,-5.781,-0.040,-0.166,-2.596,-1.795,1.917,-12.095,0.526,0.048,-0.205,0.325
-0.124,-0.782,6.353,-5.968,-0.030,-0.163,-2.348,-1.841,2.201,-12.029,0.516,0.041,-0.359,0.084
-0.124,-0.782,6.353,-5.968,-0.030,-0.163,-2.348,-1.841,2.201,-12.029,0.516,0.041,-0.359,0.084
-0.124,-0.782,6.353,-5.968,-0.030,-0.163,-2.348,-1.841,2.201,-12.029,0.516,0.041,-0.359,0.084
-0.124,-0.782,6.353,-5.968,-0.030,-0.163,-2.348,-1.841,2.201,-12.029,0.516,0.041,-0.359,0.084
-0.156,-0.796,6.266,-5.780,-0.060,-0.160,-2.324,-1.903,2.201,-12.464,0.490,0.053,-0.203,-0.497
-0.156,-0.796,6.266,-5.780,-0.060,-0.160,-2.324,-1.903,2.201,-12.464,0.490,0.053,-0.203,-0.497
-0.156,-0.796,6.266,-5.780,-0.060,-0.160,-2.324,-1.903,2.201,-12.464,0.490,0.053,-0.203,-0.497
-0.566,-0.691,6.291,-5.969,-0.050,-0.166,-2.594,-1.668,2.463,-12.040,0.517,0.059,-0.508,-0.110
-0.188,-0.822,6.215,-5.827,-0.049,-0.167,-2.590,-1.825,2.079,-11.302,0.516,0.050,-0.203,-0.110
0.255,-0.809,6.207,-5.923,-0.154,-0.138,-2.349,-1.780,1.751,-11.884,0.441,0.034,-0.248,-0.206
-0.188,-0.770,6.129,-6.028,-0.301,-0.101,-2.466,-1.735,2.120,-11.873,0.215,-0.029,-0.250,-0.159
-0.082,-0.743,6.180,-6.050,-0.338,-0.083,-2.549,-1.690,2.304,-12.050,0.162,-0.043,-0.151,-0.255
-0.041,-0.900,6.276,-6.061,-0.299,-0.099,-2.559,-1.734,2.120,-11.760,0.274,-0.015,-0.148,-0.207
-0.114,-0.691,6.266,-5.558,-0.380,-0.076,-2.559,-1.862,2.038,-11.749,0.158,-0.030,-0.153,-0.206
-0.156,-0.743,6.184,-5.558,-0.297,-0.079,-2.464,-1.666,1.620,-12.097,0.202,-0.020,-0.151,-0.254
-0.124,-0.809,6.158,-5.617,-0.198,-0.136,-2.826,-1.712,2.120,-11.942,0.396,0.006,-0.201,-0.255
-0.083,-0.678,5.890,-5.664,-0.216,-0.113,-2.360,-1.697,2.262,-11.524,0.288,-0.002,-0.252,-0.207
-0.220,-0.756,5.877,-5.829,-0.319,-0.084,-2.613,-1.727,1.879,-11.437,0.229,-0.030,-0.200,-0.111
-0.189,-0.783,6.594,-5.640,-0.410,-0.078,-2.407,-1.803,1.978,-12.030,0.177,-0.039,-0.151,-0.206
-0.230,-0.899,6.223,-5.558,-0.362,-0.068,-2.383,-1.832,2.181,-12.225,0.196,-0.046,-0.201,0.325
-0.115,-0.664,6.498,-5.946,-0.335,-0.075,-2.593,-1.938,1.874,-12.165,0.202,-0.038,-0.250,-0.110
-0.115,-0.664,6.498,-5.946,-0.335,-0.075,-2.593,-1.938,1.874,-12.165,0.202,-0.038,-0.250,-0.110
0.148,-0.731,6.061,-6.169,-0.356,-0.083,-2.571,-1.878,2.382,-11.458,0.181,-0.048,-0.299,-0.159
-0.041,-0.782,6.291,-5.640,-0.341,-0.073,-2.637,-1.803,2.099,-12.030,0.228,-0.035,-0.401,-0.303
-0.124,-0.847,6.353,-5.886,-0.390,-0.083,-2.414,-1.908,2.099,-11.895,0.205,-0.041,-0.403,-0.060
-0.188,-0.756,6.121,-6.145,-0.366,-0.080,-2.571,-1.787,2.423,-11.583,0.153,-0.041,-0.254,-0.110
-0.188,-0.756,6.121,-6.145,-0.366,-0.080,-2.571,-1.787,2.423,-11.583,0.153,-0.041,-0.254,-0.110
-0.188,-0.756,6.059,-5.829,-0.295,-0.109,-2.698,-1.714,2.181,-11.952,0.305,-0.027,-0.201,-0.305
-0.272,-0.821,6.225,-6.005,-0.375,-0.088,-2.516,-1.705,2.119,-11.971,0.176,-0.031,-0.250,-0.014
-0.272,-0.821,6.225,-6.005,-0.375,-0.088,-2.516,-1.705,2.119,-11.971,0.176,-0.031,-0.250,-0.014
-0.156,-0.821,6.361,-5.804,-0.375,-0.088,-2.655,-1.862,2.223,-11.952,0.179,-0.039,-0.252,-0.351
-0.041,-0.912,6.454,-5.829,-0.395,-0.076,-2.498,-1.765,2.104,-11.728,0.173,-0.032,-0.201,-0.303
-0.146,-0.783,6.206,-5.863,-0.364,-0.082,-2.613,-1.824,2.038,-11.893,0.196,-0.034,-0.301,-0.303
-0.262,-0.782,6.152,-6.027,-0.428,-0.068,-2.433,-1.773,2.038,-11.816,0.190,-0.033,-0.396,-0.061
-0.124,-0.731,6.043,-6.071,-0.365,-0.085,-2.467,-1.689,2.024,-12.040,0.181,-0.038,-0.202,-0.158
-0.051,-0.873,6.216,-5.887,-0.350,-0.076,-2.636,-1.711,2.081,-12.040,0.192,-0.043,-0.250,-0.256
-0.156,-0.795,6.403,-5.946,-0.332,-0.071,-2.468,-1.886,2.098,-11.816,0.111,-0.057,-0.002,-0.158
-0.156,-0.795,6.403,-5.946,-0.332,-0.071,-2.468,-1.886,2.098,-11.816,0.111,-0.057,-0.002,-0.158
-0.230,-0.756,6.311,-5.699,-0.417,-0.076,-2.655,-1.681,2.041,-12.156,0.215,-0.043,-0.203,-0.205
-0.189,-0.678,6.379,-5.912,-0.381,-0.081,-2.359,-1.682,2.120,-11.728,0.198,-0.035,-0.302,-0.110
-0.146,-0.743,6.258,-5.558,-0.338,-0.092,-2.540,-2.053,2.098,-11.962,0.232,-0.020,-0.250,-0.110
-0.230,-0.731,6.061,-5.617,-0.253,-0.097,-2.571,-1.697,2.262,-12.208,0.235,-0.024,-0.201,0.133
-0.156,-0.416,6.138,-5.640,-0.355,-0.074,-2.186,-1.727,2.201,-11.952,0.220,-0.037,-0.199,-0.157
-0.198,-0.769,6.302,-5.723,-0.379,-0.072,-2.571,-1.810,2.120,-12.030,0.225,-0.040,-0.149,-0.207
-0.041,-0.926,6.276,-5.663,-0.307,-0.106,-2.548,-2.016,2.160,-11.961,0.323,-0.008,-0.198,-0.110
-0.303,-0.756,6.240,-6.051,-0.376,-0.082,-2.765,-1.840,1.917,-11.874,0.226,-0.026,-0.203,-0.157
-0.115,-0.665,6.379,-6.027,-0.423,-0.056,-2.391,-1.748,2.120,-11.884,0.169,-0.037,-0.152,-0.207
-0.198,-0.743,6.130,-6.005,-0.341,-0.078,-2.450,-1.743,2.141,-11.874,0.175,-0.031,-0.200,-0.110
-0.156,-0.809,6.231,-6.169,-0.367,-0.071,-2.552,-1.795,1.941,-11.602,0.166,-0.038,-0.201,-0.253
-0.115,-0.821,6.345,-5.828,-0.363,-0.077,-2.644,-1.832,2.283,-12.039,0.227,-0.026,-0.201,-0.110
-0.188,-0.743,6.077,-6.251,-0.371,-0.070,-2.389,-1.795,2.241,-12.058,0.205,-0.040,-0.201,-0.158
-0.115,-0.743,6.061,-5.747,-0.339,-0.087,-2.329,-1.827,1.957,-11.827,0.195,-0.030,-0.204,-0.303
-0.272,-0.822,6.526,-6.192,-0.387,-0.066,-2.624,-1.832,2.419,-12.040,0.161,-0.029,-0.256,-0.062
-0.041,-0.834,5.915,-6.451,-0.296,-0.100,-2.552,-1.901,2.283,-11.738,0.305,0.004,-0.402,-0.205
-0.198,-0.821,6.137,-5.745,-0.267,-0.112,-2.625,-1.636,2.078,-11.738,0.293,0.009,-0.201,-0.110
-0.198,-0.822,6.360,-5.840,-0.369,-0.080,-3.064,-2.092,2.201,-11.962,0.188,-0.036,-0.248,-0.159
-0.198,-0.822,6.360,-5.840,-0.369,-0.080,-3.064,-2.092,2.201,-11.962,0.188,-0.036,-0.248,-0.159
0.075,-0.822,6.276,-5.945,-0.388,-0.075,-2.403,-1.818,2.100,-11.873,0.146,-0.020,-0.200,-0.061
-0.124,-0.836,6.344,-6.204,-0.385,-0.070,-2.402,-1.795,2.120,-11.962,0.237,-0.041,-0.301,-0.061
-0.009,-0.834,6.507,-5.840,-0.394,-0.078,-2.618,-1.870,2.183,-11.952,0.145,-0.039,-0.499,-0.012
-0.166,-0.951,6.216,-5.829,-0.355,-0.083,-2.667,-1.849,2.001,-11.894,0.210,-0.031,-0.250,-0.303
-0.156,-0.690,6.266,-5.946,-0.328,-0.067,-2.692,-2.096,2.179,-11.827,0.163,-0.042,-0.250,0.035
-0.083,-0.717,6.215,-5.746,-0.427,-0.078,-2.402,-1.795,2.060,-11.951,0.165,-0.038,-0.304,-0.158
-0.188,-0.717,6.214,-5.805,-0.371,-0.070,-2.644,-1.735,2.260,-11.962,0.178,-0.026,-0.153,-0.255
-0.156,-0.835,6.220,-6.169,-0.382,-0.085,-2.506,-1.908,2.283,-11.526,0.177,-0.035,-0.203,-0.208
-0.156,-0.835,6.220,-6.169,-0.382,-0.085,-2.506,-1.908,2.283,-11.526,0.177,-0.035,-0.203,-0.208
-0.166,-0.834,5.973,-5.946,-0.355,-0.074,-2.539,-1.953,1.775,-12.370,0.203,-0.032,-0.250,-0.062
-0.041,-0.989,6.300,-6.109,-0.373,-0.074,-2.518,-1.719,1.896,-11.817,0.156,-0.035,-0.201,-0.207
-0.262,-0.925,5.966,-6.050,-0.388,-0.070,-2.463,-1.636,2.344,-12.251,0.167,-0.037,-0.201,-0.253
-0.198,-0.679,6.113,-5.746,-0.401,-0.071,-2.519,-1.819,2.160,-12.321,0.199,-0.033,-0.203,-0.352
-0.198,-0.679,6.113,-5.746,-0.401,-0.071,-2.519,-1.819,2.160,-12.321,0.199,-0.033,-0.203,-0.352
-0.230,-0.875,6.292,-5.697,-0.371,-0.075,-2.498,-1.787,2.283,-11.536,0.201,-0.037,-0.098,0.132
-0.156,-0.913,6.216,-6.028,-0.372,-0.088,-2.434,-1.893,2.060,-11.796,0.222,-0.045,-0.203,-0.303
0.033,-0.756,5.976,-5.946,-0.339,-0.079,-2.456,-1.795,2.302,-12.016,0.215,-0.043,-0.254,-0.158
-0.146,-0.782,6.361,-5.781,-0.396,-0.077,-2.529,-1.765,2.283,-12.243,0.187,-0.033,-0.151,0.133
-0.124,-0.783,5.635,-5.863,-0.385,-0.070,-2.425,-1.877,2.408,-12.029,0.287,-0.014,-0.149,-0.205
-0.124,-0.783,5.635,-5.863,-0.385,-0.070,-2.425,-1.877,2.408,-12.029,0.287,-0.014,-0.149,-0.205
-0.124,-0.534,6.187,-6.262,-0.426,-0.084,-2.637,-1.878,2.403,-12.128,0.185,-0.027,-0.254,-0.109
-0.124,-0.534,6.187,-6.262,-0.426,-0.084,-2.637,-1.878,2.403,-12.128,0.185,-0.027,-0.254,-0.109
-0.124,-0.834,5.897,-5.957,-0.345,-0.077,-2.506,-1.870,2.080,-11.738,0.197,-0.034,-0.402,-0.157
-0.189,-0.848,6.130,-5.417,-0.379,-0.072,-2.517,-1.735,2.078,-12.107,0.145,-0.042,-0.203,-0.158
-0.156,-0.730,6.302,-5.723,-0.348,-0.081,-2.552,-1.924,2.201,-12.029,0.184,-0.037,-0.254,-0.110
-0.188,-0.808,6.276,-5.841,-0.406,-0.079,-2.338,-1.870,1.957,-12.243,0.215,-0.039,-0.051,-0.208
0.024,-0.718,6.448,-5.417,-0.361,-0.073,-2.437,-1.674,2.015,-12.016,0.194,-0.040,-0.200,0.036
-0.219,-0.691,6.112,-5.887,-0.371,-0.070,-2.563,-1.892,2.362,-11.796,0.198,-0.039,-0.096,-0.207
-0.304,-0.704,6.079,-5.745,-0.370,-0.070,-2.492,-1.832,2.222,-12.175,0.161,-0.051,-0.200,-0.304
-0.031,-0.743,6.353,-6.005,-0.380,-0.081,-2.717,-1.727,2.241,-12.039,0.222,-0.045,-0.201,-0.061
-0.031,-0.743,6.353,-6.005,-0.380,-0.081,-2.717,-1.727,2.241,-12.039,0.222,-0.045,-0.201,-0.061
-0.115,-0.782,6.147,-5.781,-0.339,-0.079,-2.498,-1.832,2.425,-11.313,0.188,-0.036,-0.201,-0.207
-0.115,-0.821,6.216,-6.028,-0.301,-0.093,-2.444,-1.832,2.235,-12.419,0.258,-0.027,-0.201,-0.401
-0.115,-0.821,6.216,-6.028,-0.301,-0.093,-2.444,-1.832,2.235,-12.419,0.258,-0.027,-0.201,-0.401
-0.156,-0.925,6.189,-5.945,-0.297,-0.104,-2.550,-1.870,2.186,-12.156,0.252,-0.023,-0.149,-0.159
-0.166,-0.704,6.498,-5.500,-0.377,-0.077,-2.468,-1.697,2.157,-12.029,0.207,-0.036,-0.351,-0.206
-0.115,-0.886,6.284,-5.969,-0.335,-0.088,-2.498,-1.719,2.405,-12.039,0.253,-0.023,-0.252,0.133
-0.115,-0.886,6.284,-5.969,-0.335,-0.088,-2.498,-1.719,2.405,-12.039,0.253,-0.023,-0.252,0.133
-0.188,-0.782,6.275,-5.945,-0.366,-0.085,-2.486,-1.915,2.141,-11.973,0.143,-0.032,-0.151,-0.254
-0.188,-0.782,6.275,-5.945,-0.366,-0.085,-2.486,-1.915,2.141,-11.973,0.143,-0.032,-0.151,-0.254
0.033,-0.704,6.136,-5.969,-0.389,-0.069,-2.571,-1.824,2.254,-12.185,0.189,-0.036,-0.402,-0.110
-0.062,-0.940,6.079,-6.027,-0.442,-0.074,-2.456,-1.719,2.161,-11.816,0.198,-0.029,-0.252,-0.158
-0.082,-0.756,6.213,-5.863,-0.336,-0.083,-2.445,-1.561,2.322,-11.728,0.148,-0.025,-0.250,-0.255
-0.239,-0.939,6.427,-6.004,-0.305,-0.092,-2.528,-1.954,2.181,-12.108,0.237,-0.041,-0.203,-0.206
-0.083,-0.472,6.319,-5.827,-0.361,-0.081,-2.625,-1.660,1.999,-12.019,0.210,-0.022,-0.203,-0.109
-0.198,-0.782,6.207,-5.359,-0.402,-0.070,-2.548,-1.713,2.222,-12.009,0.194,-0.044,-0.203,-0.400
-0.051,-0.899,6.361,-5.802,-0.395,-0.082,-2.625,-1.810,2.181,-12.164,0.170,-0.041,-0.201,-0.207
-0.261,-0.834,6.430,-6.005,-0.337,-0.083,-2.487,-1.811,2.162,-11.884,0.285,-0.036,-0.201,-0.158
-0.156,-0.808,6.121,-5.887,-0.371,-0.070,-2.571,-1.749,2.120,-12.040,0.200,-0.033,-0.301,-0.062
0.033,-0.808,6.492,-6.145,-0.422,-0.075,-3.034,-1.954,2.201,-11.871,0.211,-0.040,-0.252,-0.256
-0.124,-0.640,5.954,-5.863,-0.400,-0.086,-2.558,-1.864,2.201,-11.894,0.221,-0.037,-0.096,-0.206
-0.166,-0.899,6.474,-5.804,-0.406,-0.079,-2.625,-1.757,1.957,-12.399,0.228,-0.039,-0.201,-0.061
-0.198,-0.769,5.924,-5.975,-0.313,-0.094,-2.655,-1.885,2.107,-11.737,0.237,-0.041,-0.201,-0.110
0.032,-0.847,6.171,-6.062,-0.395,-0.082,-2.383,-1.803,2.161,-12.035,0.142,-0.030,-0.149,-0.014
-0.147,-0.924,6.122,-5.863,-0.398,-0.077,-2.536,-1.698,1.998,-11.737,0.211,-0.048,-0.254,-0.206
-0.051,-0.821,6.128,-5.699,-0.387,-0.074,-2.464,-1.660,2.162,-11.537,0.158,-0.036,-0.151,-0.303
-0.345,-0.834,6.284,-5.981,-0.356,-0.074,-2.570,-1.924,2.099,-11.951,0.234,-0.024,-0.200,-0.208
-0.051,-0.704,6.198,-6.027,-0.313,-0.105,-2.540,-1.787,1.998,-11.312,0.185,-0.034,-0.199,0.084
-0.156,-0.954,5.964,-5.759,-0.371,-0.070,-2.540,-1.607,2.038,-12.040,0.192,-0.035,-0.151,-0.401
-0.188,-0.795,6.127,-5.664,-0.322,-0.088,-2.383,-1.832,2.162,-11.739,0.229,-0.035,-0.303,-0.159
0.033,-0.744,6.034,-6.028,-0.303,-0.102,-2.709,-1.886,2.201,-11.746,0.263,-0.017,-0.248,-0.110
-0.073,-0.627,6.437,-5.558,-0.356,-0.083,-2.571,-1.811,2.240,-11.827,0.222,-0.045,-0.201,-0.303
-0.188,-0.678,5.896,-5.840,-0.385,-0.085,-2.577,-1.862,2.041,-11.525,0.203,-0.046,-0.200,-0.109
-0.009,-0.939,6.061,-5.840,-0.372,-0.070,-2.510,-1.711,1.978,-11.660,0.181,-0.034,-0.203,-0.255
-0.009,-0.939,6.061,-5.840,-0.372,-0.070,-2.510,-1.711,1.978,-11.660,0.181,-0.034,-0.203,-0.255
-0.083,-0.743,6.156,-5.617,-0.331,-0.073,-2.613,-1.856,2.306,-11.738,0.180,-0.038,-0.196,-0.110
-0.114,-0.809,6.523,-5.922,-0.355,-0.074,-2.383,-1.848,2.101,-12.029,0.183,-0.043,-0.201,-0.207
-0.262,-0.769,6.312,-5.841,-0.375,-0.074,-2.383,-1.607,2.097,-12.096,0.215,-0.055,-0.203,-0.061
-0.272,-0.666,6.353,-6.192,-0.393,-0.091,-2.286,-1.848,2.120,-12.039,0.131,-0.029,-0.201,-0.061
-0.272,-0.666,6.353,-6.192,-0.393,-0.091,-2.286,-1.848,2.120,-12.039,0.131,-0.029,-0.201,-0.061
-0.083,-0.744,6.437,-5.955,-0.371,-0.084,-2.306,-1.779,2.506,-11.961,0.179,-0.034,-0.398,0.084
-0.198,-0.744,5.886,-5.617,-0.414,-0.081,-2.402,-1.704,1.957,-11.873,0.202,-0.032,-0.250,-0.254
-0.230,-0.950,6.138,-5.885,-0.373,-0.079,-2.655,-1.712,2.120,-11.661,0.197,-0.043,-0.201,-0.060
0.190,-0.809,5.991,-5.863,-0.425,-0.073,-2.558,-1.992,1.817,-11.804,0.213,-0.034,-0.356,-0.110
-0.189,-0.756,6.304,-6.028,-0.294,-0.072,-2.740,-1.660,1.939,-12.175,0.221,-0.036,-0.153,-0.255
0.148,-0.847,6.138,-5.886,-0.437,-0.096,-2.486,-1.727,2.321,-11.593,0.152,-0.031,-0.299,-0.061
0.148,-0.847,6.138,-5.886,-0.437,-0.096,-2.486,-1.727,2.321,-11.593,0.152,-0.031,-0.299,-0.061
0.001,-0.756,5.975,-5.945,-0.329,-0.081,-2.739,-1.681,2.262,-11.929,0.196,-0.038,-0.201,-0.352
-0.188,-0.782,6.284,-5.699,-0.408,-0.073,-2.770,-1.887,2.305,-11.737,0.187,-0.041,-0.254,-0.205
-0.156,-0.678,6.199,-5.675,-0.347,-0.072,-2.698,-1.727,2.021,-11.894,0.191,-0.026,-0.203,-0.109
-0.189,-0.821,6.439,-5.923,-0.347,-0.081,-2.644,-1.870,2.119,-12.039,0.158,-0.044,-0.150,-0.351
0.084,-0.821,6.123,-6.110,-0.242,-0.114,-2.456,-1.958,2.387,-12.108,0.309,-0.005,-0.201,-0.110
-0.083,-0.835,6.191,-5.945,-0.290,-0.096,-2.574,-1.870,2.201,-11.682,0.209,-0.014,-0.299,-0.399
-0.114,-1.162,6.268,-5.662,-0.368,-0.080,-2.679,-1.878,2.201,-11.380,0.237,-0.037,-0.201,-0.062
-0.114,-1.162,6.268,-5.662,-0.368,-0.080,-2.679,-1.878,2.201,-11.380,0.237,-0.037,-0.201,-0.062
-0.198,-0.743,6.138,-5.662,-0.362,-0.095,-2.564,-1.719,2.080,-12.046,0.206,-0.045,-0.403,-0.303
-0.156,-0.886,6.207,-5.781,-0.414,-0.073,-2.552,-1.953,2.119,-11.739,0.237,-0.041,-0.207,-0.109
-0.262,-0.990,6.224,-6.124,-0.342,-0.082,-2.571,-1.848,2.222,-12.020,0.208,-0.021,-0.147,-0.303
-0.198,-0.731,6.353,-6.087,-0.164,-0.131,-2.590,-1.937,1.917,-11.884,0.378,0.005,-0.304,-0.205
-0.124,-0.756,6.284,-5.959,-0.286,-0.084,-2.445,-1.878,2.079,-11.884,0.222,-0.031,-0.250,-0.159
-0.114,-0.782,6.593,-6.004,-0.330,-0.090,-2.560,-1.727,2.201,-11.951,0.226,-0.040,-0.250,-0.014
-0.114,-0.782,6.593,-6.004,-0.330,-0.090,-2.560,-1.727,2.201,-11.951,0.226,-0.040,-0.250,-0.014
-0.105,-0.834,6.138,-5.580,-0.320,-0.079,-2.383,-1.698,2.223,-11.738,0.212,-0.042,-0.201,-0.205
-0.114,-0.899,6.379,-5.945,-0.364,-0.063,-2.444,-1.787,1.999,-11.961,0.252,-0.037,-0.147,-0.158
-0.261,-0.821,6.448,-5.840,-0.320,-0.065,-2.548,-1.832,2.323,-11.749,0.224,-0.028,-0.100,-0.160
-0.146,-0.705,6.129,-6.520,-0.324,-0.097,-2.538,-1.727,2.404,-11.961,0.212,-0.030,-0.306,0.035
-0.198,-0.795,6.438,-5.863,-0.366,-0.080,-2.571,-1.757,2.201,-11.816,0.215,-0.029,-0.200,-0.109
-0.009,-0.886,6.112,-5.604,-0.390,-0.083,-2.540,-1.720,2.158,-12.020,0.211,-0.026,-0.151,-0.205
0.403,-0.821,6.361,-6.028,-0.383,-0.090,-2.498,-1.908,1.917,-11.952,0.174,-0.040,-0.199,0.085
-0.272,-0.665,5.648,-5.593,-0.415,-0.076,-2.456,-1.742,2.179,-12.107,0.211,-0.030,-0.250,-0.303
-0.156,-0.744,6.430,-6.064,-0.288,-0.093,-2.516,-1.727,2.101,-12.387,0.241,-0.018,-0.198,-0.013
-0.124,-0.496,6.145,-5.604,-0.382,-0.084,-2.498,-1.860,2.120,-12.622,0.218,-0.036,-0.149,-0.207
-0.124,-0.496,6.145,-5.604,-0.382,-0.084,-2.498,-1.860,2.120,-12.622,0.218,-0.036,-0.149,-0.207
-0.198,-0.822,6.070,-5.946,-0.380,-0.073,-2.582,-1.848,1.915,-12.088,0.197,-0.043,-0.301,-0.110
-0.303,-0.834,6.216,-5.640,-0.139,-0.133,-2.540,-1.795,1.998,-12.108,0.383,0.015,-0.201,0.084
-0.156,-0.847,5.967,-6.028,-0.132,-0.134,-2.594,-1.937,2.181,-12.096,0.425,0.027,-0.250,-0.206
-0.115,-0.769,6.452,-6.042,-0.287,-0.111,-2.515,-1.666,1.938,-12.020,0.345,0.014,-0.149,-0.157
-0.272,-0.821,6.198,-5.945,-0.353,-0.085,-2.643,-1.787,2.222,-11.726,0.198,-0.039,-0.201,-0.013
-0.188,-0.665,5.897,-5.805,-0.325,-0.083,-2.571,-1.849,2.080,-12.050,0.193,-0.025,-0.299,-0.157
-0.146,-0.782,5.856,-5.699,-0.284,-0.075,-2.462,-1.908,2.038,-11.873,0.302,-0.014,-0.201,-0.109
-0.198,-0.782,6.216,-5.920,-0.329,-0.070,-2.467,-1.900,2.362,-11.660,0.183,-0.043,-0.299,-0.061
-0.198,-0.782,6.216,-5.920,-0.329,-0.070,-2.467,-1.900,2.362,-11.660,0.183,-0.043,-0.299,-0.061
0.148,-0.742,6.165,-5.884,-0.350,-0.076,-2.468,-1.848,2.112,-11.873,0.152,-0.042,-0.203,-0.013
-0.041,-0.652,6.204,-5.967,-0.366,-0.071,-2.562,-1.803,2.364,-11.428,0.153,-0.041,-0.398,-0.109
0.001,-0.769,6.880,-6.003,-0.358,-0.078,-2.402,-1.870,2.323,-11.893,0.167,-0.032,-0.201,-0.013
0.001,-0.769,6.880,-6.003,-0.358,-0.078,-2.402,-1.870,2.323,-11.893,0.167,-0.032,-0.201,-0.013
-0.115,-0.677,5.959,-5.837,-0.386,-0.080,-2.482,-1.923,2.223,-12.029,0.174,-0.040,-0.250,-0.206
-0.115,-0.677,5.959,-5.837,-0.386,-0.080,-2.482,-1.923,2.223,-12.029,0.174,-0.040,-0.250,-0.206
-0.156,-0.691,6.390,-5.803,-0.340,-0.106,-2.571,-1.924,1.978,-12.028,0.295,-0.017,-0.250,-0.012
-0.429,-0.678,5.966,-5.841,-0.388,-0.075,-2.571,-1.629,1.755,-11.816,0.198,-0.025,-0.197,-0.013
-0.429,-0.678,5.966,-5.841,-0.388,-0.075,-2.571,-1.629,1.755,-11.816,0.198,-0.025,-0.197,-0.013
-0.156,-0.926,6.207,-5.862,-0.338,-0.078,-2.437,-1.644,1.916,-11.895,0.224,-0.032,-0.205,-0.207
-0.105,-0.795,5.982,-6.062,-0.361,-0.081,-2.411,-1.771,2.278,-12.622,0.148,-0.038,-0.250,0.229
-0.082,-0.652,6.370,-5.723,-0.335,-0.075,-2.371,-1.891,1.875,-12.018,0.203,-0.040,-0.252,-0.352
-0.115,-0.861,6.207,-5.699,-0.369,-0.075,-2.529,-1.765,1.903,-11.884,0.196,-0.038,-0.250,-0.450
-0.147,-0.731,6.420,-5.781,-0.376,-0.082,-2.383,-1.817,1.918,-11.884,0.230,-0.039,-0.042,-0.062
-0.156,-0.795,6.284,-6.005,-0.354,-0.074,-2.507,-1.848,2.260,-12.250,0.157,-0.027,-0.248,-0.158
0.097,-0.834,6.189,-5.663,-0.408,-0.074,-2.493,-1.789,2.038,-11.816,0.261,-0.040,-0.254,-0.063
-0.124,-0.770,6.178,-6.392,-0.350,-0.078,-2.391,-1.636,1.978,-12.118,0.179,-0.029,-0.252,-0.400
-0.051,-0.834,6.300,-5.662,-0.377,-0.077,-2.740,-1.926,2.243,-11.515,0.190,-0.045,-0.201,-0.061
-0.051,-0.834,6.300,-5.662,-0.377,-0.077,-2.740,-1.926,2.243,-11.515,0.190,-0.045,-0.201,-0.061
-0.198,-0.874,6.198,-5.887,-0.380,-0.086,-2.425,-1.819,2.120,-11.884,0.091,-0.053,-0.252,-0.303
-0.303,-1.030,6.352,-5.908,-0.340,-0.079,-2.636,-1.850,2.322,-12.185,0.174,-0.040,-0.350,-0.062
-0.303,-1.030,6.352,-5.908,-0.340,-0.079,-2.636,-1.850,2.322,-12.185,0.174,-0.040,-0.350,-0.062
0.065,-0.678,6.122,-6.144,-0.267,-0.098,-2.433,-1.690,2.222,-12.010,0.324,-0.014,-0.203,-0.303
-0.166,-0.678,6.724,-6.026,-0.330,-0.076,-2.506,-1.810,2.098,-11.961,0.137,-0.041,-0.253,-0.158
-0.230,-0.769,6.284,-5.945,-0.373,-0.074,-2.425,-1.743,2.281,-11.961,0.203,-0.032,-0.201,-0.110
-0.156,-0.756,6.147,-5.602,-0.393,-0.073,-2.438,-1.765,2.283,-11.728,0.188,-0.040,-0.100,-0.062
-0.345,-0.887,6.592,-5.946,-0.354,-0.093,-2.495,-1.537,1.978,-11.816,0.298,-0.016,-0.247,-0.306
-0.073,-0.730,6.308,-5.827,-0.215,-0.113,-2.608,-1.719,1.970,-12.097,0.293,-0.009,-0.301,-0.157
-0.198,-0.822,6.145,-5.758,-0.273,-0.105,-2.740,-1.634,2.158,-12.020,0.367,0.002,-0.250,-0.157
0.327,-0.807,6.369,-5.500,-0.334,-0.099,-2.498,-1.765,1.956,-11.895,0.252,-0.037,-0.250,-0.304
-0.115,-0.678,6.154,-5.863,-0.393,-0.078,-2.801,-1.832,2.257,-12.321,0.208,-0.026,-0.200,-0.109
-0.114,-0.756,6.585,-6.051,-0.367,-0.086,-2.610,-1.856,2.093,-11.749,0.158,-0.048,-0.250,-0.013
-0.114,-0.756,6.585,-6.051,-0.367,-0.086,-2.610,-1.856,2.093,-11.749,0.158,-0.048,-0.250,-0.013
-0.230,-0.575,6.338,-6.142,-0.293,-0.091,-2.644,-1.757,2.199,-11.660,0.181,-0.020,-0.250,-0.062
-0.073,-0.899,6.070,-5.640,-0.339,-0.079,-2.678,-1.924,2.241,-11.874,0.290,-0.018,-0.201,-0.013
-0.083,-0.834,6.198,-6.310,-0.300,-0.101,-2.582,-1.713,2.119,-11.749,0.327,-0.014,-0.203,-0.012
-0.188,-0.627,6.129,-5.887,-0.346,-0.091,-2.625,-1.819,2.080,-11.727,0.157,-0.036,-0.254,-0.012
-0.124,-1.093,5.971,-5.781,-0.355,-0.061,-2.434,-1.698,2.223,-11.883,0.189,-0.027,-0.248,-0.061
-0.156,-0.848,6.192,-6.005,-0.384,-0.071,-2.558,-1.803,2.161,-12.307,0.203,-0.032,-0.201,-0.303
-0.115,-0.796,5.992,-5.827,-0.305,-0.097,-2.444,-1.781,2.360,-11.805,0.289,-0.013,-0.250,-0.303
-0.303,-0.795,6.576,-5.581,-0.280,-0.104,-2.535,-1.832,1.933,-11.714,0.284,-0.034,-0.301,-0.303
-0.345,-0.860,6.079,-6.003,-0.368,-0.080,-2.506,-1.862,2.283,-11.515,0.148,-0.033,-0.201,-0.206
-0.156,-0.991,6.293,-5.921,-0.385,-0.085,-2.552,-1.923,2.000,-11.839,0.229,-0.033,-0.355,-0.062
-0.156,-0.861,6.191,-5.781,-0.379,-0.072,-2.625,-1.811,1.978,-12.185,0.205,-0.028,-0.299,-0.110
-0.063,-0.730,6.130,-5.887,-0.290,-0.088,-2.601,-1.636,2.222,-12.237,0.218,-0.045,-0.199,-0.109
-0.198,-0.704,6.061,-5.640,-0.386,-0.079,-2.740,-1.848,1.938,-11.961,0.188,-0.044,-0.151,-0.160
-0.198,-0.860,6.322,-5.781,-0.358,-0.078,-2.625,-1.809,2.120,-11.962,0.210,-0.034,-0.151,-0.206
-0.188,-0.795,6.303,-5.676,-0.375,-0.082,-2.201,-1.832,2.218,-11.795,0.218,-0.047,-0.152,-0.013
-0.060,-0.623,6.403,-5.759,-0.387,-0.074,-2.540,-1.757,2.041,-11.894,0.189,-0.036,-0.205,-0.014
-0.198,-0.704,6.094,-5.946,-0.367,-0.085,-2.529,-1.870,2.405,-11.816,0.191,-0.031,-0.203,-0.206
-0.156,-0.717,6.359,-5.663,-0.369,-0.069,-2.540,-1.615,2.344,-11.972,0.187,-0.036,-0.357,-0.159
0.001,-0.899,6.053,-5.887,-0.396,-0.077,-2.571,-1.803,2.322,-12.107,0.201,-0.028,-0.250,-0.207
-0.115,-0.834,6.352,-6.027,-0.395,-0.082,-2.559,-2.068,2.160,-11.884,0.193,-0.031,-0.254,-0.158
0.033,-0.704,6.293,-6.648,-0.348,-0.081,-2.583,-1.773,2.283,-11.613,0.250,-0.029,-0.307,-0.158
-0.188,-0.769,6.129,-5.664,-0.350,-0.076,-2.467,-1.849,2.199,-11.952,0.237,-0.041,-0.354,-0.013
0.001,-0.405,6.121,-5.699,-0.388,-0.075,-2.372,-1.862,1.956,-11.728,0.211,-0.034,-0.301,-0.159
-0.156,-0.873,6.002,-6.310,-0.411,-0.080,-2.391,-1.803,1.733,-11.814,0.204,-0.040,-0.198,-0.158
-0.188,-0.808,6.233,-5.885,-0.356,-0.083,-2.539,-1.668,2.141,-12.001,0.174,-0.030,-0.304,-0.306
-0.115,-0.834,6.319,-5.945,-0.403,-0.084,-2.508,-1.862,2.425,-11.874,0.212,-0.030,-0.252,-0.207
-0.115,-0.756,6.069,-5.770,-0.260,-0.080,-2.245,-1.803,2.201,-12.487,0.260,-0.035,-0.201,-0.110
-0.115,-0.756,6.069,-5.770,-0.260,-0.080,-2.245,-1.803,2.201,-12.487,0.260,-0.035,-0.201,-0.110
-0.165,-0.717,6.128,-5.841,-0.361,-0.081,-2.594,-1.757,2.343,-12.063,0.203,-0.032,-0.149,-0.110
-0.198,-0.743,6.207,-5.605,-0.366,-0.071,-2.518,-1.900,2.160,-12.320,0.192,-0.026,-0.147,-0.206
-0.198,-0.743,6.207,-5.605,-0.366,-0.071,-2.518,-1.900,2.160,-12.320,0.192,-0.026,-0.147,-0.206
-0.198,-0.743,6.187,-6.425,-0.387,-0.074,-2.551,-1.832,1.793,-11.749,0.177,-0.039,-0.203,-0.303
-0.083,-0.704,6.474,-5.945,-0.337,-0.084,-2.556,-1.862,2.100,-12.009,0.239,-0.028,-0.153,-0.254
-0.220,-0.782,6.069,-6.169,-0.355,-0.088,-2.319,-1.969,2.142,-11.738,0.201,-0.032,-0.196,-0.254
-0.146,-0.704,6.370,-6.168,-0.358,-0.083,-2.812,-1.795,2.283,-11.816,0.153,-0.041,-0.201,-0.207
-0.146,-0.704,6.370,-6.168,-0.358,-0.083,-2.812,-1.795,2.283,-11.816,0.153,-0.041,-0.201,-0.207
-0.115,-0.848,6.499,-5.747,-0.349,-0.080,-2.655,-1.848,2.201,-11.973,0.161,-0.031,-0.203,-0.060
-0.114,-0.939,6.061,-6.003,-0.374,-0.088,-2.716,-1.773,2.022,-11.961,0.193,-0.031,-0.355,-0.303
-0.272,-0.782,6.268,-6.028,-0.369,-0.075,-2.644,-1.878,2.041,-12.018,0.191,-0.035,-0.252,-0.205
-0.156,-0.756,5.915,-5.548,-0.371,-0.070,-2.667,-1.862,2.178,-11.671,0.207,-0.021,-0.201,-0.012
-0.177,-0.766,6.061,-5.804,-0.370,-0.075,-2.425,-1.727,2.343,-11.797,0.169,-0.033,-0.353,-0.061
0.213,-0.770,6.292,-6.271,-0.358,-0.078,-2.452,-1.870,2.201,-12.036,0.163,-0.029,-0.201,-0.399
-0.124,-0.886,6.145,-5.627,-0.322,-0.079,-2.561,-1.673,2.360,-11.942,0.202,-0.023,-0.146,-0.014
-0.114,-0.743,6.215,-6.122,-0.386,-0.085,-2.413,-1.652,1.878,-11.582,0.210,-0.036,-0.201,-0.156
-0.051,-0.782,6.623,-5.887,-0.361,-0.081,-2.688,-1.824,1.999,-12.389,0.219,-0.032,-0.203,-0.254
-0.156,-0.783,6.437,-5.723,-0.345,-0.077,-2.571,-1.682,2.101,-12.241,0.181,-0.028,-0.250,-0.111
-0.156,-0.783,6.437,-5.723,-0.345,-0.077,-2.571,-1.682,2.101,-12.241,0.181,-0.028,-0.250,-0.111
-0.115,-0.782,6.138,-5.723,-0.346,-0.072,-2.467,-1.908,2.245,-11.883,0.203,-0.032,-0.201,-0.158
-0.073,-0.901,5.924,-5.818,-0.329,-0.095,-2.571,-1.878,2.179,-12.018,0.210,-0.034,-0.404,-0.254
-0.156,-0.887,5.971,-5.677,-0.340,-0.073,-2.611,-1.636,1.941,-11.650,0.213,-0.050,-0.200,-0.158
-0.156,-0.678,6.129,-6.063,-0.393,-0.078,-2.750,-1.939,1.998,-11.973,0.152,-0.028,-0.201,-0.157
-0.032,-0.847,6.284,-5.887,-0.351,-0.070,-2.456,-1.795,2.180,-12.240,0.203,-0.032,-0.203,-0.303
-0.115,-0.783,6.414,-6.192,-0.374,-0.074,-2.655,-1.908,2.164,-11.668,0.143,-0.044,-0.150,-0.109
-0.156,-0.665,6.030,-6.086,-0.390,-0.069,-2.487,-1.703,2.386,-12.311,0.185,-0.037,-0.200,0.182
-0.082,-0.756,6.360,-5.923,-0.339,-0.079,-2.510,-1.870,1.941,-12.166,0.200,-0.033,-0.200,-0.157
-0.272,-0.756,6.516,-5.967,-0.358,-0.078,-2.395,-1.802,2.142,-11.960,0.184,-0.037,-0.201,-0.303
-0.115,-0.769,6.686,-6.028,-0.419,-0.080,-2.759,-1.962,2.081,-12.185,0.144,-0.038,-0.195,0.037
-0.041,-0.861,6.199,-5.722,-0.396,-0.077,-2.456,-1.622,1.938,-11.814,0.186,-0.036,-0.248,-0.159
-0.041,-0.861,6.199,-5.722,-0.396,-0.077,-2.456,-1.622,1.938,-11.814,0.186,-0.036,-0.248,-0.159
-0.230,-0.691,6.028,-6.086,-0.348,-0.081,-2.467,-1.870,1.995,-11.797,0.212,-0.030,-0.303,-0.110
-0.083,-0.795,6.051,-5.945,-0.358,-0.078,-2.510,-2.009,2.120,-12.039,0.184,-0.050,-0.151,-0.158
-0.240,-0.783,6.129,-5.945,-0.406,-0.079,-2.716,-1.848,2.404,-12.185,0.202,-0.041,-0.304,-0.110
-0.083,-0.860,6.421,-5.945,-0.379,-0.072,-2.391,-1.848,2.098,-11.825,0.227,-0.039,-0.250,-0.352
-0.198,-0.860,6.377,-6.414,-0.314,-0.086,-2.625,-1.795,1.815,-11.524,0.257,-0.031,-0.196,-0.205
-0.188,-0.743,6.130,-5.617,-0.374,-0.088,-2.667,-1.848,2.038,-11.660,0.224,-0.023,-0.396,-0.014
-0.125,-0.652,6.061,-5.722,-0.348,-0.081,-2.456,-1.924,2.015,-11.515,0.230,-0.043,-0.352,-0.351
-0.125,-0.652,6.061,-5.722,-0.348,-0.081,-2.456,-1.924,2.015,-11.515,0.230,-0.043,-0.352,-0.351
-0.272,-0.834,6.216,-5.840,-0.386,-0.079,-2.644,-1.862,2.001,-12.087,0.194,-0.025,-0.256,-0.303
-0.041,-0.768,5.826,-5.900,-0.410,-0.082,-2.529,-1.771,2.399,-12.020,0.176,-0.048,-0.203,-0.013
-0.230,-0.860,6.359,-5.582,-0.408,-0.069,-2.441,-1.727,2.043,-11.748,0.204,-0.040,-0.201,-0.158
-0.041,-0.756,6.147,-5.781,-0.345,-0.091,-2.644,-1.719,2.242,-12.164,0.220,-0.037,-0.199,-0.303
-0.041,-0.914,6.195,-5.909,-0.308,-0.101,-2.571,-1.870,2.120,-11.661,0.228,-0.024,-0.404,-0.110
-0.188,-0.743,6.602,-5.663,-0.396,-0.077,-2.697,-1.811,1.987,-11.891,0.186,-0.037,-0.257,-0.303
-0.115,-0.782,6.122,-6.005,-0.354,-0.068,-2.634,-1.878,2.290,-11.827,0.192,-0.031,-0.250,-0.303
-0.124,-0.743,6.077,-5.499,-0.414,-0.068,-2.498,-1.864,2.446,-11.874,0.184,-0.041,-0.250,-0.157
-0.073,-0.783,6.215,-6.251,-0.369,-0.070,-2.383,-1.813,2.000,-12.020,0.180,-0.039,-0.149,-0.207
-0.124,-0.861,6.112,-5.699,-0.343,-0.082,-2.452,-1.803,2.401,-11.593,0.186,-0.037,-0.098,-0.110
-0.124,-0.861,6.112,-5.699,-0.343,-0.082,-2.452,-1.803,2.401,-11.593,0.186,-0.037,-0.098,-0.110
-0.104,-0.808,6.293,-6.192,-0.345,-0.091,-2.443,-1.810,2.099,-11.738,0.155,-0.035,-0.246,-0.110
0.001,-0.925,6.060,-5.558,-0.381,-0.067,-2.456,-1.719,2.016,-11.806,0.186,-0.037,-0.151,-0.110
-0.230,-0.756,6.353,-5.781,-0.379,-0.072,-2.613,-1.719,2.141,-11.709,0.192,-0.045,-0.200,-0.352
-0.198,-0.834,5.975,-5.721,-0.374,-0.060,-2.571,-1.941,2.262,-11.660,0.176,-0.030,-0.301,-0.205
-0.124,-0.899,6.079,-5.945,-0.388,-0.074,-2.722,-1.681,2.222,-11.816,0.208,-0.036,-0.200,-0.641
-0.188,-0.652,6.293,-6.265,-0.373,-0.073,-2.420,-1.765,2.120,-11.874,0.193,-0.035,-0.250,-0.110
-0.188,-0.652,6.353,-5.781,-0.350,-0.089,-2.655,-1.824,2.241,-11.671,0.241,-0.030,-0.153,-0.062
-0.188,-0.860,6.284,-6.086,-0.357,-0.078,-2.391,-1.795,2.181,-11.671,0.178,-0.035,-0.150,-0.013
-0.156,-0.678,5.890,-6.005,-0.340,-0.079,-2.506,-1.681,2.201,-11.651,0.205,-0.041,-0.304,-0.013
-0.156,-0.913,6.130,-5.923,-0.379,-0.072,-2.414,-1.757,2.726,-12.224,0.195,-0.025,-0.205,-0.063
-0.124,-0.612,6.053,-6.086,-0.400,-0.081,-2.391,-1.712,2.282,-12.164,0.200,-0.033,-0.252,-0.400
-0.189,-0.887,6.122,-5.863,-0.304,-0.097,-2.583,-1.955,2.283,-11.591,0.261,-0.017,-0.153,-0.108
-0.189,-0.887,6.122,-5.863,-0.304,-0.097,-2.583,-1.955,2.283,-11.591,0.261,-0.017,-0.153,-0.108
-0.441,-0.665,6.138,-5.746,-0.324,-0.083,-2.582,-1.886,1.999,-11.806,0.219,-0.042,-0.149,-0.254
-0.198,-0.587,6.415,-5.886,-0.307,-0.100,-2.479,-1.743,2.101,-11.874,0.248,-0.024,-0.201,-0.061
-0.303,-0.756,6.300,-5.605,-0.319,-0.084,-2.487,-1.870,2.276,-11.562,0.208,-0.035,-0.201,-0.496
-0.303,-0.756,6.300,-5.605,-0.319,-0.084,-2.487,-1.870,2.276,-11.562,0.208,-0.035,-0.201,-0.496
-0.019,-0.847,5.992,-6.310,-0.356,-0.083,-2.552,-1.773,2.018,-11.903,0.148,-0.047,-0.254,-0.304
-0.272,-0.756,5.805,-5.804,-0.362,-0.082,-2.631,-1.832,2.485,-11.524,0.171,-0.041,-0.250,-0.255
-0.271,-0.822,6.156,-5.887,-0.370,-0.070,-2.348,-1.727,2.041,-12.175,0.189,-0.036,-0.252,-0.303
-0.156,-0.782,6.284,-5.991,-0.355,-0.074,-2.510,-1.795,2.180,-11.816,0.231,-0.043,-0.151,-0.205
-0.009,-0.769,6.430,-5.805,-0.371,-0.070,-2.563,-1.719,2.158,-12.019,0.185,-0.028,-0.203,-0.255
-0.125,-0.704,6.152,-6.005,-0.320,-0.079,-2.655,-1.720,2.201,-12.079,0.187,-0.036,-0.101,-0.062
-0.198,-0.834,6.129,-6.027,-0.320,-0.079,-2.571,-1.779,2.320,-11.874,0.207,-0.036,-0.203,-0.207
-0.083,-0.769,6.303,-6.124,-0.341,-0.087,-2.529,-1.870,1.978,-11.796,0.229,-0.025,-0.201,-0.013
-0.240,-0.705,6.206,-5.805,-0.397,-0.072,-2.456,-1.846,2.262,-11.583,0.203,-0.032,-0.201,-0.303
-0.229,-0.743,6.448,-6.146,-0.371,-0.070,-2.383,-1.660,2.283,-11.805,0.191,-0.023,-0.201,-0.158
-0.303,-0.899,6.801,-5.804,-0.349,-0.075,-2.486,-1.902,2.163,-11.718,0.222,-0.032,-0.250,0.037
-0.156,-0.861,6.165,-5.699,-0.351,-0.070,-2.667,-1.727,1.754,-11.651,0.164,-0.029,-0.198,-0.159
-0.062,-0.756,6.034,-5.900,-0.396,-0.077,-2.740,-1.727,2.364,-11.812,0.174,-0.040,-0.200,-0.012
-0.198,-0.639,6.370,-6.710,-0.368,-0.080,-2.483,-1.810,2.141,-12.175,0.203,-0.032,-0.200,-0.109
-0.064,-0.717,5.948,-5.818,-0.412,-0.072,-2.675,-1.757,2.000,-12.262,0.168,-0.032,-0.205,-0.061
-0.188,-0.770,6.302,-5.895,-0.256,-0.102,-2.517,-1.862,2.262,-11.739,0.174,-0.040,-0.198,-0.207
-0.188,-0.704,6.448,-6.110,-0.381,-0.067,-2.578,-1.932,2.201,-11.806,0.183,-0.028,-0.148,0.035
-0.156,-0.639,6.207,-6.168,-0.371,-0.070,-2.721,-1.668,2.120,-12.165,0.143,-0.039,-0.201,-0.110
-0.114,-0.729,5.867,-6.146,-0.341,-0.082,-2.613,-1.690,2.100,-12.387,0.224,-0.032,-0.149,-0.160
-0.114,-0.729,5.867,-6.146,-0.341,-0.082,-2.613,-1.690,2.100,-12.387,0.224,-0.032,-0.149,-0.160
-0.303,-0.691,6.138,-6.005,-0.345,-0.077,-2.644,-1.666,1.918,-11.802,0.169,-0.032,-0.201,-0.108
-0.146,-0.744,6.216,-5.863,-0.356,-0.083,-2.539,-1.690,2.077,-12.165,0.159,-0.031,-0.203,-0.303
-0.188,-0.704,6.213,-5.994,-0.381,-0.072,-2.487,-1.682,2.240,-11.418,0.212,-0.030,-0.355,-0.354
-0.156,-0.769,6.370,-5.781,-0.377,-0.068,-2.476,-1.817,2.344,-11.874,0.191,-0.044,-0.203,-0.109
-0.041,-0.703,6.146,-6.451,-0.379,-0.072,-2.529,-1.810,2.242,-12.107,0.222,-0.036,-0.151,-0.303
-0.041,-0.703,6.146,-6.451,-0.379,-0.072,-2.529,-1.810,2.242,-12.107,0.222,-0.036,-0.151,-0.303
-0.293,-0.782,5.992,-5.664,-0.278,-0.110,-2.697,-1.903,1.691,-12.020,0.253,-0.024,-0.301,-0.109
-0.166,-0.639,6.105,-5.781,-0.356,-0.083,-2.403,-1.757,2.201,-12.448,0.262,-0.013,-0.256,0.084
-0.272,-0.705,6.122,-5.359,-0.414,-0.073,-2.498,-1.954,2.302,-11.642,0.232,-0.025,-0.301,-0.352
0.033,-0.783,6.284,-5.863,-0.338,-0.098,-2.644,-1.825,2.141,-11.816,0.254,-0.019,-0.255,0.133
-0.387,-0.665,6.274,-5.723,-0.168,-0.144,-2.826,-1.841,2.321,-12.302,0.359,0.022,-0.201,-0.157
-0.083,-0.756,5.975,-5.886,-0.136,-0.148,-2.444,-1.901,2.163,-12.098,0.454,0.034,-0.304,-0.156
-0.146,-0.848,6.293,-5.982,-0.296,-0.081,-2.748,-1.690,2.038,-11.659,0.176,-0.039,-0.203,-0.160
-0.198,-0.834,6.138,-5.417,-0.402,-0.075,-2.613,-1.786,1.776,-11.816,0.189,-0.035,-0.299,-0.061
-0.041,-0.717,6.276,-6.028,-0.297,-0.089,-2.816,-1.727,2.201,-11.884,0.239,-0.014,-0.201,-0.303
-0.188,-0.679,5.924,-5.945,-0.342,-0.087,-2.763,-1.840,2.081,-12.175,0.186,-0.028,-0.248,-0.062
-0.115,-0.873,6.379,-5.699,-0.367,-0.071,-2.570,-1.727,2.162,-12.018,0.188,-0.036,-0.250,-0.062
-0.073,-0.912,6.117,-5.922,-0.292,-0.092,-2.282,-1.856,2.364,-12.311,0.158,-0.035,-0.203,-0.207
-0.146,-0.677,6.276,-5.394,-0.338,-0.079,-2.476,-1.614,2.201,-11.806,0.140,-0.031,-0.097,-0.255
-0.187,-0.809,6.138,-5.558,-0.292,-0.102,-2.594,-1.939,1.852,-12.096,0.343,0.000,-0.250,-0.254
-0.187,-0.809,6.138,-5.558,-0.292,-0.102,-2.594,-1.939,1.852,-12.096,0.343,0.000,-0.250,-0.254
-0.156,-0.717,5.981,-5.781,-0.286,-0.092,-2.697,-1.727,2.038,-11.884,0.222,-0.032,-0.099,-0.160
-0.198,-0.822,6.333,-5.617,-0.375,-0.092,-2.635,-1.908,2.323,-11.669,0.211,-0.021,-0.303,-0.158
-0.271,-0.731,6.422,-5.841,-0.335,-0.088,-2.360,-1.840,2.262,-11.891,0.192,-0.044,-0.151,-0.159
-0.009,-0.821,6.268,-5.595,-0.341,-0.092,-2.613,-1.698,2.038,-12.088,0.267,-0.015,-0.254,-0.206
-0.009,-0.821,6.268,-5.595,-0.341,-0.092,-2.613,-1.698,2.038,-12.088,0.267,-0.015,-0.254,-0.206
-0.156,-0.809,6.189,-6.005,-0.420,-0.080,-2.518,-1.756,2.163,-11.749,0.171,-0.031,-0.203,-0.063
0.064,-0.900,5.759,-5.828,-0.376,-0.073,-2.516,-1.870,2.120,-12.070,0.228,-0.026,-0.050,-0.158
-0.261,-0.743,6.369,-5.618,-0.359,-0.073,-2.529,-1.895,2.180,-12.330,0.167,-0.037,-0.250,-0.400
-0.261,-0.743,6.369,-5.618,-0.359,-0.073,-2.529,-1.895,2.180,-12.330,0.167,-0.037,-0.250,-0.400
-0.272,-0.704,6.122,-6.005,-0.226,-0.119,-2.612,-1.803,1.978,-11.865,0.316,-0.007,-0.356,-0.207
-0.272,-0.704,6.122,-6.005,-0.226,-0.119,-2.612,-1.803,1.978,-11.865,0.316,-0.007,-0.356,-0.207
-0.156,-1.028,6.646,-5.819,-0.354,-0.088,-2.602,-1.773,1.941,-12.018,0.210,-0.035,-0.205,-0.110
-0.051,-0.691,6.109,-6.027,-0.336,-0.084,-2.402,-1.749,2.325,-11.884,0.192,-0.044,-0.200,-0.109
-0.156,-0.716,6.420,-5.923,-0.369,-0.070,-2.455,-1.900,2.218,-11.961,0.211,-0.035,-0.195,-0.206
-0.198,-0.782,6.068,-6.166,-0.413,-0.077,-2.632,-1.961,2.303,-11.641,0.175,-0.039,-0.250,-0.110
-0.114,-0.822,5.725,-5.841,-0.307,-0.098,-2.571,-1.832,2.356,-11.805,0.193,-0.044,-0.303,-0.061
-0.125,-0.782,6.430,-5.923,-0.380,-0.086,-2.571,-1.857,2.240,-11.950,0.166,-0.037,-0.409,-0.207
-0.114,-0.783,6.620,-5.677,-0.370,-0.079,-2.655,-1.757,1.978,-12.029,0.171,-0.032,-0.252,-0.061
-0.156,-0.821,6.025,-5.923,-0.390,-0.083,-2.410,-1.962,2.204,-10.864,0.174,-0.040,-0.203,-0.303
-0.156,-0.821,6.025,-5.923,-0.390,-0.083,-2.410,-1.962,2.204,-10.864,0.174,-0.040,-0.203,-0.303
-0.198,-0.782,6.269,-5.617,-0.353,-0.066,-2.425,-1.681,2.360,-11.738,0.157,-0.036,-0.299,-0.158
-0.272,-0.795,6.370,-6.405,-0.234,-0.107,-2.423,-1.794,2.038,-12.029,0.207,-0.013,-0.149,-0.206
-0.083,-0.717,6.129,-6.146,-0.329,-0.082,-2.518,-1.865,2.262,-11.728,0.152,-0.046,-0.252,-0.303
-0.083,-0.743,6.052,-5.863,-0.404,-0.079,-2.403,-1.690,2.083,-11.448,0.176,-0.039,-0.405,-0.351
-0.145,-0.887,6.207,-5.781,-0.233,-0.117,-2.594,-1.529,2.099,-11.738,0.201,-0.033,-0.200,-0.061
-0.188,-0.783,6.199,-5.677,-0.379,-0.077,-2.700,-1.682,1.917,-11.806,0.195,-0.030,-0.355,-0.110
-0.187,-0.862,6.235,-5.535,-0.389,-0.084,-2.686,-1.660,2.060,-11.884,0.185,-0.042,-0.205,-0.255
-0.135,-0.835,6.284,-5.981,-0.335,-0.084,-2.643,-1.771,1.957,-11.671,0.153,-0.026,-0.201,-0.110
-0.072,-0.613,6.129,-6.004,-0.368,-0.070,-2.518,-1.706,2.201,-12.098,0.231,-0.039,-0.252,-0.110
-0.156,-0.678,6.353,-6.005,-0.362,-0.077,-2.644,-1.862,2.218,-11.796,0.215,-0.043,-0.148,-0.254
-0.230,-0.756,6.216,-5.884,-0.337,-0.089,-2.571,-1.864,1.978,-12.097,0.279,-0.032,-0.251,-0.304
-0.198,-0.848,6.335,-6.227,-0.388,-0.074,-2.633,-1.698,2.060,-11.739,0.224,-0.017,-0.250,-0.062
-0.051,-0.757,6.129,-5.945,-0.234,-0.126,-2.633,-1.813,2.444,-11.804,0.364,0.001,-0.149,-0.207
-0.377,-0.796,6.148,-5.819,-0.378,-0.072,-2.621,-1.856,2.201,-11.806,0.204,-0.032,-0.153,-0.255
-0.146,-0.848,6.129,-6.191,-0.345,-0.077,-2.591,-1.832,2.261,-11.749,0.160,-0.043,-0.201,-0.013
-0.146,-0.848,6.129,-6.191,-0.345,-0.077,-2.591,-1.832,2.261,-11.749,0.160,-0.043,-0.201,-0.013
-0.188,-0.822,6.199,-5.841,-0.378,-0.077,-2.580,-1.749,2.140,-11.738,0.184,-0.029,-0.153,-0.109
-0.188,-0.822,6.199,-5.841,-0.378,-0.077,-2.580,-1.749,2.140,-11.738,0.184,-0.029,-0.153,-0.109
0.033,-0.862,6.079,-5.943,-0.354,-0.078,-2.594,-1.698,1.774,-11.874,0.201,-0.033,-0.504,-0.109
-0.125,-0.624,6.379,-6.168,-0.371,-0.079,-2.518,-1.940,2.080,-12.233,0.211,-0.035,-0.299,-0.158
-0.271,-0.795,6.138,-6.146,-0.360,-0.077,-2.665,-1.696,2.283,-11.873,0.199,-0.020,-0.250,-0.206
-0.041,-0.757,6.122,-5.923,-0.398,-0.068,-2.517,-1.778,2.201,-12.117,0.271,-0.037,-0.250,-0.206
-0.156,-0.717,6.138,-5.923,-0.354,-0.065,-2.443,-1.953,2.202,-12.020,0.193,-0.031,-0.252,-0.110
-0.115,-0.521,6.129,-6.087,-0.278,-0.096,-2.496,-1.743,1.957,-12.307,0.296,-0.008,-0.252,-0.254
-0.198,-0.938,6.293,-6.027,-0.189,-0.128,-2.591,-1.865,2.017,-12.020,0.453,0.019,-0.198,-0.062
-0.198,-0.873,6.353,-5.945,-0.165,-0.136,-2.376,-1.838,2.201,-11.893,0.404,0.012,-0.149,-0.062
-0.240,-0.809,6.635,-5.133,-0.268,-0.098,-2.487,-1.826,2.304,-12.174,0.250,-0.025,-0.250,-0.013
-0.240,-0.809,6.635,-5.133,-0.268,-0.098,-2.487,-1.826,2.304,-12.174,0.250,-0.025,-0.250,-0.013
-0.230,-0.808,6.223,-6.004,-0.371,-0.079,-2.465,-1.803,2.100,-11.651,0.217,-0.029,-0.201,0.035
-0.125,-0.834,6.147,-5.863,-0.395,-0.058,-2.655,-1.787,2.344,-12.010,0.224,-0.045,-0.201,-0.303
-0.124,-0.756,6.154,-6.146,-0.345,-0.087,-2.582,-1.878,2.080,-12.118,0.165,-0.038,-0.201,-0.254
-0.114,-0.756,6.138,-6.043,-0.327,-0.077,-2.434,-1.838,2.082,-11.806,0.246,-0.030,-0.203,-0.352
-0.083,-0.860,6.352,-5.863,-0.398,-0.076,-2.613,-1.794,2.082,-11.806,0.178,-0.034,-0.301,0.084
-0.198,-0.822,5.906,-5.803,-0.329,-0.091,-2.686,-1.893,1.999,-11.724,0.165,-0.038,-0.200,-0.303
-0.198,-0.782,5.892,-6.086,-0.371,-0.079,-2.434,-1.967,2.323,-12.087,0.190,-0.030,-0.201,-0.158
-0.198,-0.691,6.216,-5.900,-0.310,-0.095,-2.602,-1.727,2.283,-11.884,0.263,-0.021,-0.252,-0.156
-0.198,-0.691,6.216,-5.900,-0.310,-0.095,-2.602,-1.727,2.283,-11.884,0.263,-0.021,-0.252,-0.156
-0.114,-0.730,6.291,-6.103,-0.299,-0.079,-2.591,-1.849,2.015,-11.865,0.276,-0.031,-0.201,-0.062
-0.124,-0.899,6.216,-6.086,-0.326,-0.077,-2.385,-1.778,2.201,-11.874,0.193,-0.044,-0.451,-0.111
-0.124,-0.899,6.216,-6.086,-0.326,-0.077,-2.385,-1.778,2.201,-11.874,0.193,-0.044,-0.451,-0.111
-0.124,-0.717,6.274,-5.841,-0.326,-0.086,-2.360,-2.036,2.222,-11.718,0.215,-0.025,-0.250,-0.110
-0.083,-0.860,6.043,-6.288,-0.396,-0.072,-2.455,-1.832,1.997,-12.243,0.183,-0.042,-0.203,0.084
-0.114,-0.809,6.119,-5.452,-0.302,-0.088,-2.792,-1.848,2.283,-11.893,0.343,-0.042,-0.198,-0.207
-0.156,-0.727,6.311,-5.900,-0.311,-0.100,-2.633,-1.644,2.262,-11.865,0.311,-0.004,-0.248,-0.156
-0.156,-0.727,6.311,-5.900,-0.311,-0.100,-2.633,-1.644,2.262,-11.865,0.311,-0.004,-0.248,-0.156
-0.240,-0.756,6.593,-5.617,-0.216,-0.112,-2.633,-1.705,1.978,-12.620,0.337,0.022,-0.201,-0.158
-0.051,-0.835,6.198,-5.840,-0.390,-0.098,-2.518,-1.665,2.180,-11.796,0.206,-0.027,-0.198,-0.062
-0.009,-0.886,6.224,-5.818,-0.423,-0.084,-2.675,-1.866,2.545,-12.010,0.161,-0.043,-0.250,-0.110
-0.198,-0.743,6.370,-5.781,-0.374,-0.070,-2.317,-1.743,2.201,-11.951,0.211,-0.049,-0.149,-0.255
-0.230,-0.562,6.119,-5.840,-0.310,-0.082,-2.686,-1.591,2.180,-11.884,0.248,-0.024,-0.301,-0.110
-0.230,-0.562,6.119,-5.840,-0.310,-0.082,-2.686,-1.591,2.180,-11.884,0.248,-0.024,-0.301,-0.110
-0.187,-1.031,6.303,-5.863,-0.351,-0.075,-2.456,-1.720,2.283,-11.748,0.169,-0.041,-0.254,-0.109
-0.156,-0.808,6.284,-6.086,-0.370,-0.080,-2.444,-1.727,2.038,-11.905,0.278,-0.017,-0.198,-0.351
-0.166,-0.704,6.284,-5.759,-0.295,-0.087,-2.549,-1.816,1.957,-12.087,0.235,-0.042,-0.203,-0.207
-0.156,-0.745,6.598,-6.005,-0.343,-0.086,-2.748,-1.839,1.856,-11.884,0.217,-0.051,-0.255,0.036
-0.198,-0.809,6.061,-5.841,-0.319,-0.080,-2.570,-1.816,2.096,-12.689,0.108,-0.030,-0.203,-0.013
-0.051,-0.757,6.138,-6.243,-0.286,-0.098,-2.717,-1.940,1.978,-12.078,0.267,-0.001,-0.102,-0.207
-0.125,-0.939,6.446,-5.699,-0.333,-0.085,-2.538,-1.603,2.059,-12.307,0.202,-0.033,-0.198,-0.158
-0.230,-0.743,6.180,-4.854,-0.353,-0.065,-2.371,-1.894,1.957,-12.098,0.159,-0.035,-0.201,-0.206
-0.156,-0.795,6.454,-4.850,-0.303,-0.089,-2.571,-1.757,2.121,-11.651,0.263,-0.021,-0.198,-0.157
0.001,-0.874,6.303,-6.124,-0.151,-0.159,-2.643,-1.600,2.139,-11.884,0.545,0.030,-0.501,-0.157
-0.198,-0.678,6.284,-5.699,-0.098,-0.149,-2.456,-1.607,2.160,-11.437,0.466,0.037,-0.250,-0.157
-0.114,-0.769,6.070,-5.983,-0.286,-0.089,-2.514,-1.689,2.079,-11.806,0.237,-0.028,-0.201,-0.110
-0.041,-0.912,6.154,-6.003,-0.416,-0.086,-2.444,-1.719,2.283,-11.893,0.195,-0.031,-0.303,-0.110
-0.041,-0.912,6.154,-6.003,-0.416,-0.086,-2.444,-1.719,2.283,-11.893,0.195,-0.031,-0.303,-0.110
-0.198,-0.717,6.229,-6.005,-0.335,-0.088,-2.728,-1.902,2.283,-12.040,0.208,-0.041,-0.250,-0.157
-0.114,-0.782,5.823,-5.416,-0.216,-0.112,-2.287,-1.967,2.201,-12.233,0.334,0.016,-0.096,-0.062
0.116,-0.639,5.809,-5.819,-0.336,-0.098,-2.571,-1.886,2.241,-11.728,0.218,-0.023,-0.201,-0.398
-0.230,-0.782,6.045,-6.267,-0.430,-0.062,-2.444,-1.878,2.242,-11.802,0.175,-0.040,-0.299,-0.109
-0.176,-0.691,6.146,-6.086,-0.370,-0.079,-2.699,-1.832,2.386,-11.739,0.236,-0.042,-0.151,-0.109
0.032,-0.847,5.829,-6.086,-0.300,-0.079,-2.686,-1.817,2.099,-11.802,0.177,-0.040,-0.254,0.132
0.032,-0.847,5.829,-6.086,-0.300,-0.079,-2.686,-1.817,2.099,-11.802,0.177,-0.040,-0.254,0.132
-0.124,-0.665,6.370,-5.781,-0.225,-0.110,-2.371,-1.840,2.181,-12.098,0.298,0.012,-0.198,-0.158
-0.051,-0.860,5.923,-5.878,-0.191,-0.124,-2.518,-1.864,1.978,-11.874,0.411,0.023,-0.198,-0.110
-0.051,-0.860,5.923,-5.878,-0.191,-0.124,-2.518,-1.864,1.978,-11.874,0.411,0.023,-0.198,-0.110
-0.083,-0.690,6.284,-5.738,-0.364,-0.077,-2.463,-1.811,1.977,-12.175,0.143,-0.024,-0.147,-0.158
-0.019,-0.834,6.435,-5.941,-0.389,-0.070,-2.581,-1.696,1.857,-11.728,0.210,-0.035,-0.252,-0.109
-0.083,-0.808,5.931,-5.596,-0.327,-0.086,-2.546,-1.803,2.120,-11.952,0.221,-0.037,-0.205,0.180
-0.124,-0.821,6.344,-5.840,-0.380,-0.081,-2.613,-1.857,2.201,-11.884,0.221,-0.037,-0.201,0.181
-0.124,-0.822,6.488,-6.084,-0.443,-0.083,-2.329,-1.736,2.358,-11.884,0.142,-0.030,-0.151,-0.109
-0.072,-0.678,6.199,-6.101,-0.335,-0.088,-2.529,-1.743,2.283,-12.029,0.229,-0.011,-0.201,-0.014
-0.114,-0.783,6.302,-5.759,-0.353,-0.066,-2.580,-1.727,2.181,-11.874,0.213,-0.035,-0.246,0.135
-0.156,-0.743,6.225,-5.840,-0.353,-0.070,-2.655,-1.894,2.017,-11.816,0.171,-0.046,-0.252,-0.110
-0.156,-0.913,6.171,-5.699,-0.378,-0.072,-2.557,-1.886,1.793,-12.018,0.206,-0.041,-0.205,-0.111
-0.240,-0.678,5.899,-5.983,-0.390,-0.078,-2.602,-1.862,2.078,-12.126,0.193,-0.025,-0.402,-0.062
-0.124,-0.782,6.438,-5.819,-0.304,-0.073,-2.371,-1.711,2.120,-11.592,0.138,-0.030,-0.299,-0.158
-0.062,-0.769,6.014,-6.039,-0.361,-0.086,-2.613,-1.795,1.957,-11.806,0.174,-0.040,-0.200,-0.014
-0.250,-0.808,6.045,-5.558,-0.362,-0.077,-2.633,-1.870,2.060,-11.893,0.185,-0.042,-0.303,-0.207
-0.198,-0.770,6.388,-6.250,-0.370,-0.080,-2.449,-1.953,2.323,-11.787,0.193,-0.044,-0.348,0.181
-0.156,-0.756,6.438,-6.087,-0.370,-0.070,-2.602,-1.904,2.201,-11.894,0.211,-0.034,-0.303,-0.303
-0.156,-0.822,6.069,-5.901,-0.371,-0.079,-2.508,-1.749,1.998,-11.932,0.210,-0.035,-0.291,-0.110
-0.009,-0.717,5.837,-5.618,-0.327,-0.096,-2.518,-1.795,2.099,-11.865,0.200,-0.024,-0.199,-0.109
-0.198,-0.783,6.385,-6.005,-0.233,-0.098,-2.433,-1.630,2.262,-11.952,0.389,-0.006,-0.246,-0.496
-0.083,-0.665,6.222,-6.005,-0.335,-0.080,-2.382,-1.960,2.343,-11.884,0.270,-0.022,-0.252,-0.109
-0.125,-0.939,6.275,-5.722,-0.353,-0.079,-2.664,-1.924,2.283,-11.718,0.176,-0.025,-0.405,-0.110
0.032,-0.665,6.191,-5.536,-0.362,-0.077,-2.540,-1.916,2.079,-11.729,0.245,-0.040,-0.146,-0.109
0.116,-0.834,5.862,-5.738,-0.381,-0.076,-2.687,-1.849,2.221,-11.894,0.242,-0.045,-0.201,-0.110
0.116,-0.834,5.862,-5.738,-0.381,-0.076,-2.687,-1.849,2.221,-11.894,0.242,-0.045,-0.201,-0.110
-0.156,-0.664,6.523,-5.759,-0.388,-0.084,-2.571,-1.849,2.141,-11.806,0.200,-0.033,-0.305,-0.207
-0.083,-0.848,6.284,-6.348,-0.370,-0.074,-2.549,-1.832,1.857,-11.969,0.172,-0.032,-0.201,-0.303
-0.114,-0.795,6.353,-5.781,-0.294,-0.091,-2.445,-1.892,2.179,-12.019,0.182,-0.028,-0.149,-0.110
-0.083,-0.493,6.122,-5.738,-0.376,-0.072,-2.455,-1.870,2.323,-11.369,0.173,-0.040,-0.250,-0.254
-0.166,-0.848,6.600,-6.063,-0.396,-0.072,-2.518,-1.703,2.069,-11.726,0.234,-0.033,-0.203,0.084
-0.167,-0.809,6.079,-6.064,-0.379,-0.085,-2.571,-1.862,2.283,-11.582,0.211,-0.048,-0.196,-0.157
-0.156,-0.795,6.207,-6.003,-0.370,-0.070,-2.613,-1.886,2.098,-12.040,0.202,-0.032,-0.201,-0.110
-0.271,-0.807,6.079,-5.779,-0.396,-0.077,-2.560,-1.870,2.262,-12.085,0.188,-0.028,-0.203,-0.206
-0.145,-0.848,6.215,-6.042,-0.370,-0.097,-2.685,-1.819,1.999,-12.018,0.175,-0.039,-0.198,-0.255
-0.167,-0.782,6.052,-5.722,-0.302,-0.107,-2.422,-1.757,2.118,-11.894,0.303,-0.011,-0.201,-0.158
-0.261,-0.756,6.293,-6.063,-0.329,-0.087,-2.559,-1.727,2.201,-11.924,0.210,-0.026,-0.305,-0.110
-0.209,-0.729,6.110,-5.779,-0.391,-0.074,-2.560,-1.803,1.998,-12.020,0.190,-0.035,-0.250,-0.303
-0.031,-0.808,5.914,-5.476,-0.264,-0.089,-2.580,-1.749,2.161,-11.804,0.279,-0.012,-0.307,-0.303
0.106,-0.599,5.923,-5.962,-0.370,-0.084,-2.623,-1.803,2.141,-11.582,0.232,-0.032,-0.348,-0.207
-0.156,-0.888,6.051,-5.617,-0.492,-0.055,-2.560,-1.719,2.262,-12.166,0.186,-0.028,-0.301,-0.061
-0.073,-0.834,5.915,-5.962,-0.336,-0.075,-2.518,-1.820,2.120,-12.028,0.156,-0.041,-0.305,0.035
-0.271,-0.743,6.148,-5.961,-0.318,-0.080,-2.527,-1.727,1.918,-11.804,0.209,-0.026,-0.404,-0.303
-0.041,-0.769,6.284,-6.206,-0.381,-0.081,-2.478,-1.757,2.179,-11.874,0.210,-0.041,-0.252,-0.160
-0.083,-0.769,6.429,-5.922,-0.320,-0.088,-2.539,-1.636,2.079,-11.893,0.154,-0.049,-0.256,-0.205
-0.188,-0.743,6.308,-5.580,-0.349,-0.071,-2.562,-1.832,2.058,-11.581,0.172,-0.032,-0.148,-0.110
-0.220,-0.756,6.130,-6.041,-0.362,-0.095,-2.078,-1.688,2.360,-12.040,0.231,-0.029,-0.203,-0.062
-0.167,-0.743,6.519,-4.846,-0.364,-0.076,-2.727,-1.878,2.059,-12.231,0.187,-0.036,-0.096,-0.110
-0.167,-0.743,6.519,-4.846,-0.364,-0.076,-2.727,-1.878,2.059,-12.231,0.187,-0.036,-0.096,-0.110
-0.292,-0.834,6.276,-5.938,-0.228,-0.118,-2.580,-1.787,2.181,-11.952,0.424,0.021,-0.147,-0.062
-0.198,-0.809,6.734,-5.961,-0.219,-0.127,-2.613,-1.932,2.241,-11.942,0.369,0.006,-0.153,-0.110
-0.198,-0.809,6.734,-5.961,-0.219,-0.127,-2.613,-1.932,2.241,-11.942,0.369,0.006,-0.153,-0.110
-0.271,-0.744,5.871,-5.923,-0.282,-0.094,-2.759,-1.781,2.120,-11.651,0.217,-0.030,-0.299,-0.207
-0.009,-0.795,6.130,-5.535,-0.385,-0.074,-2.507,-1.787,2.344,-11.874,0.163,-0.036,-0.250,-0.061
-0.167,-0.809,6.002,-5.781,-0.373,-0.068,-2.665,-1.870,1.896,-11.905,0.191,-0.029,-0.252,0.084
-0.167,-0.809,6.002,-5.781,-0.373,-0.068,-2.665,-1.870,1.896,-11.905,0.191,-0.029,-0.252,0.084
-0.114,-0.587,6.276,-5.882,-0.391,-0.078,-2.717,-1.811,2.081,-11.960,0.191,-0.029,-0.155,-0.352
-0.114,-0.690,6.370,-5.759,-0.382,-0.071,-2.445,-1.799,2.181,-11.582,0.193,-0.035,-0.201,-0.400
-0.177,-0.639,6.385,-5.840,-0.378,-0.072,-2.507,-1.834,2.263,-12.108,0.169,-0.031,-0.201,-0.400
-0.229,-0.887,6.284,-5.678,-0.360,-0.068,-2.633,-1.765,2.201,-12.311,0.168,-0.037,-0.248,-0.110
-0.187,-0.848,6.576,-5.781,-0.378,-0.086,-2.644,-1.817,2.201,-11.661,0.223,-0.038,-0.248,-0.011
-0.187,-0.848,6.576,-5.781,-0.378,-0.086,-2.644,-1.817,2.201,-11.661,0.223,-0.038,-0.248,-0.011
-0.198,-0.795,5.934,-5.334,-0.392,-0.064,-2.529,-1.827,2.405,-12.175,0.181,-0.028,-0.250,-0.061
-0.198,-0.795,6.137,-6.185,-0.370,-0.070,-2.423,-1.870,2.324,-11.874,0.203,-0.026,-0.203,-0.303
-0.271,-0.743,6.266,-6.125,-0.391,-0.083,-2.623,-1.719,2.017,-12.079,0.205,-0.050,-0.048,-0.157
-0.261,-0.795,6.017,-5.921,-0.390,-0.073,-2.475,-1.741,2.120,-11.796,0.143,-0.046,-0.250,-0.158
-0.114,-0.822,6.319,-5.841,-0.420,-0.080,-2.571,-1.870,2.018,-12.010,0.199,-0.023,-0.303,0.036
-0.083,-0.626,6.244,-5.698,-0.382,-0.081,-2.455,-1.682,2.323,-11.727,0.169,-0.031,0.001,-0.158
-0.198,-0.860,6.436,-5.596,-0.310,-0.082,-2.360,-1.770,2.120,-11.680,0.194,-0.044,-0.201,-0.110
-0.198,-0.860,6.436,-5.596,-0.310,-0.082,-2.360,-1.770,2.120,-11.680,0.194,-0.044,-0.201,-0.110
-0.041,-0.769,6.370,-5.719,-0.405,-0.070,-2.454,-1.840,2.364,-11.670,0.227,-0.045,-0.198,-0.158
-0.198,-0.704,6.438,-6.100,-0.358,-0.078,-2.759,-1.781,1.878,-11.447,0.205,-0.031,-0.404,-0.157
-0.271,-0.797,5.941,-5.841,-0.363,-0.072,-2.464,-1.689,2.242,-12.165,0.161,-0.035,-0.201,-0.303
-0.083,-0.807,6.388,-6.185,-0.407,-0.074,-2.434,-1.803,1.956,-12.108,0.194,-0.044,-0.200,-0.014
-0.083,-0.782,6.199,-5.841,-0.344,-0.077,-2.487,-1.854,1.958,-11.513,0.187,-0.026,-0.102,-0.061
-0.083,-0.782,6.199,-5.841,-0.344,-0.077,-2.487,-1.854,1.958,-11.513,0.187,-0.026,-0.102,-0.061
-0.271,-0.467,6.146,-5.677,-0.371,-0.074,-2.296,-2.016,1.917,-11.874,0.224,-0.038,-0.254,-0.109
0.001,-0.860,6.661,-5.840,-0.361,-0.092,-2.549,-1.714,2.099,-12.087,0.209,-0.042,-0.401,-0.110
-0.114,-0.717,6.077,-5.657,-0.339,-0.089,-2.613,-1.589,2.323,-12.097,0.205,-0.031,-0.254,-0.012
-0.125,-0.951,6.490,-5.677,-0.426,-0.082,-2.633,-1.865,2.000,-11.748,0.191,-0.037,-0.200,-0.207
-0.229,-0.665,5.699,-5.841,-0.388,-0.088,-2.445,-1.607,2.041,-11.806,0.172,-0.040,-0.252,-0.110
-0.114,-0.925,6.311,-6.145,-0.340,-0.083,-2.602,-1.825,1.997,-11.573,0.247,-0.030,-0.250,-0.013
-0.156,-0.834,6.439,-6.328,-0.362,-0.072,-2.518,-1.840,2.120,-11.882,0.193,-0.034,-0.299,-0.061
-0.313,-0.678,6.229,-5.472,-0.373,-0.088,-2.484,-1.857,2.218,-11.651,0.217,-0.030,-0.153,-0.109
-0.041,-0.743,6.061,-5.656,-0.149,-0.140,-2.495,-1.682,2.039,-11.615,0.418,0.015,-0.201,-0.110
-0.145,-0.483,5.976,-6.228,-0.247,-0.123,-2.591,-1.895,2.180,-11.816,0.281,0.003,-0.404,-0.110
-0.229,-0.731,6.361,-5.900,-0.335,-0.088,-2.759,-1.832,2.099,-11.874,0.214,-0.015,-0.252,-0.303
-0.041,-0.743,6.361,-6.005,-0.378,-0.086,-2.633,-1.924,2.081,-11.863,0.236,-0.026,-0.355,-0.012
0.032,-0.952,6.112,-5.962,-0.354,-0.080,-2.548,-1.825,2.038,-11.737,0.181,-0.030,-0.150,-0.109
-0.156,-0.926,6.788,-5.759,-0.375,-0.082,-2.633,-1.773,2.038,-11.718,0.187,-0.042,-0.151,-0.157
-0.188,-0.834,6.314,-5.863,-0.385,-0.075,-2.560,-1.727,2.283,-11.806,0.135,-0.055,-0.250,-0.062
-0.041,-0.691,6.266,-6.063,-0.391,-0.069,-2.644,-1.768,2.060,-11.515,0.202,-0.040,-0.201,-0.061
-0.041,-0.691,6.266,-6.063,-0.391,-0.069,-2.644,-1.768,2.060,-11.515,0.202,-0.040,-0.201,-0.061
-0.188,-0.808,6.317,-6.020,-0.408,-0.069,-2.549,-1.979,2.139,-12.338,0.195,-0.028,-0.201,-0.158
-0.145,-0.795,6.130,-5.678,-0.352,-0.075,-2.455,-1.749,2.079,-12.097,0.221,-0.023,-0.303,-0.012
-0.156,-0.834,6.333,-5.738,-0.399,-0.071,-2.431,-1.811,2.283,-11.962,0.187,-0.036,-0.201,-0.013
-0.083,-0.795,6.165,-5.799,-0.365,-0.076,-2.487,-1.803,2.018,-12.106,0.161,-0.035,-0.147,-0.109
-0.114,-0.821,6.421,-5.453,-0.376,-0.069,-2.675,-1.832,2.323,-11.864,0.176,-0.029,-0.250,0.084
-0.135,-0.861,6.369,-5.698,-0.303,-0.083,-2.571,-1.904,2.465,-11.729,0.273,-0.001,-0.354,0.035
-0.198,-0.860,6.207,-5.878,-0.358,-0.087,-2.602,-1.994,2.120,-12.457,0.180,-0.028,-0.195,0.035
-0.115,-0.664,6.302,-5.885,-0.410,-0.068,-2.580,-1.674,2.322,-11.949,0.242,-0.041,-0.299,-0.110
-0.303,-0.795,6.138,-6.020,-0.410,-0.078,-2.790,-1.832,2.546,-12.079,0.231,-0.044,-0.151,-0.785
-0.198,-0.978,6.224,-5.923,-0.362,-0.072,-2.445,-1.946,2.363,-12.030,0.191,-0.045,-0.148,-0.110
-0.146,-0.965,5.991,-5.251,-0.406,-0.083,-2.381,-1.727,2.567,-11.894,0.214,-0.038,-0.151,-0.109
-0.009,-0.795,5.924,-5.901,-0.330,-0.080,-2.591,-1.841,2.220,-12.321,0.220,-0.050,-0.250,-0.205
-0.271,-0.821,6.422,-5.799,-0.373,-0.078,-2.560,-1.824,2.201,-12.603,0.206,-0.023,-0.201,-0.206
-0.156,-0.782,6.206,-5.944,-0.284,-0.098,-2.256,-1.840,2.343,-12.156,0.268,-0.007,-0.402,-0.110
-0.271,-0.886,6.207,-5.697,-0.343,-0.087,-2.570,-1.690,2.242,-11.884,0.254,-0.018,-0.250,-0.303
-0.271,-0.886,6.207,-5.697,-0.343,-0.087,-2.570,-1.690,2.242,-11.884,0.254,-0.018,-0.250,-0.303
-0.073,-0.783,6.345,-5.860,-0.263,-0.104,-2.717,-1.840,2.161,-12.173,0.414,0.024,-0.205,-0.108
-0.072,-1.004,6.353,-6.023,-0.141,-0.133,-2.486,-1.887,2.025,-11.874,0.515,0.045,-0.201,-0.062
-0.010,-0.795,6.276,-5.391,-0.053,-0.143,-2.664,-1.735,2.358,-12.240,0.516,0.029,-0.203,-0.206
-0.156,-0.862,6.306,-6.226,-0.193,-0.133,-2.518,-1.773,2.120,-12.020,0.413,0.024,-0.201,-0.013
-0.240,-0.782,6.540,-5.657,-0.293,-0.082,-2.644,-2.078,1.896,-12.162,0.346,0.006,-0.201,-0.255
-0.198,-0.704,6.216,-5.656,-0.190,-0.124,-2.309,-1.811,2.180,-11.680,0.354,0.025,-0.147,-0.206
-0.198,-0.704,6.216,-5.656,-0.190,-0.124,-2.309,-1.811,2.180,-11.680,0.354,0.025,-0.147,-0.206
-0.125,-0.861,6.421,-5.759,-0.382,-0.066,-2.465,-1.832,2.079,-11.647,0.230,-0.032,-0.150,-0.206
-0.261,-0.861,6.207,-6.265,-0.377,-0.068,-2.633,-1.789,2.220,-11.962,0.198,-0.031,-0.149,-0.157
-0.230,-0.744,6.224,-5.656,-0.394,-0.072,-2.549,-1.673,2.120,-11.864,0.229,-0.040,-0.305,-0.061
-0.156,-0.744,6.010,-5.699,-0.339,-0.074,-2.706,-1.900,2.201,-12.300,0.175,-0.039,-0.254,-0.206
-0.041,-0.886,6.302,-5.819,-0.353,-0.079,-2.413,-1.878,1.917,-12.098,0.175,-0.031,-0.198,-0.109
-0.072,-0.861,6.274,-6.000,-0.348,-0.086,-2.571,-1.786,2.120,-12.020,0.264,-0.035,-0.305,-0.109
0.001,-0.861,6.456,-5.657,-0.350,-0.084,-2.487,-1.636,2.159,-12.433,0.288,-0.025,-0.146,-0.158
-0.198,-0.926,5.959,-6.002,-0.422,-0.064,-2.507,-1.695,2.080,-12.107,0.175,-0.039,-0.307,-0.061
-0.219,-0.704,6.070,-5.781,-0.361,-0.078,-2.591,-1.832,1.957,-11.797,0.199,-0.033,-0.149,-0.013
-0.156,-0.481,6.002,-6.408,-0.381,-0.071,-2.487,-1.862,2.080,-12.096,0.182,-0.037,-0.252,-0.108
-0.230,-0.717,6.266,-6.300,-0.383,-0.062,-2.570,-1.819,2.365,-11.816,0.177,-0.031,-0.100,-0.207
-0.187,-0.926,6.293,-5.715,-0.335,-0.075,-2.549,-1.673,2.262,-11.136,0.172,-0.046,-0.201,0.084
-0.125,-0.717,6.137,-5.877,-0.367,-0.079,-2.549,-1.757,2.365,-12.165,0.181,-0.043,-0.201,-0.158
-0.125,-0.743,5.957,-6.185,-0.359,-0.077,-2.510,-1.886,1.957,-12.331,0.203,-0.028,-0.200,-0.157
-0.104,-0.704,6.437,-5.699,-0.345,-0.101,-2.402,-1.893,1.998,-11.582,0.213,-0.021,-0.250,-0.255
-0.230,-0.731,6.060,-5.433,-0.261,-0.104,-2.392,-1.811,2.201,-11.952,0.259,-0.013,-0.405,-0.158
-0.125,-0.848,6.724,-5.389,-0.286,-0.093,-2.644,-1.698,2.283,-11.933,0.263,-0.037,-0.201,-0.158
0.001,-0.795,6.573,-6.003,-0.373,-0.065,-2.538,-1.886,1.937,-11.691,0.168,-0.037,-0.351,0.036
0.001,-0.795,6.573,-6.003,-0.373,-0.065,-2.538,-1.886,1.937,-11.691,0.168,-0.037,-0.351,0.036
-0.083,-0.795,5.983,-5.270,-0.349,-0.088,-2.644,-1.741,2.406,-12.107,0.202,-0.032,-0.150,-0.108
-0.271,-0.744,5.948,-6.327,-0.360,-0.081,-2.623,-1.688,1.861,-12.043,0.217,-0.038,-0.254,-0.205
-0.041,-0.704,6.061,-5.900,-0.362,-0.095,-2.571,-1.644,1.957,-12.181,0.214,-0.021,-0.200,-0.158
-0.198,-0.795,6.344,-5.634,-0.378,-0.072,-2.454,-1.711,1.838,-11.487,0.184,-0.029,-0.406,-0.207
-0.198,-0.809,5.890,-5.879,-0.395,-0.077,-2.571,-1.854,1.956,-12.040,0.223,-0.036,-0.151,0.084
-0.114,-0.730,6.284,-5.922,-0.267,-0.111,-2.517,-1.811,2.099,-11.812,0.315,-0.008,-0.248,-0.158
-0.156,-0.809,6.129,-6.086,-0.182,-0.122,-2.476,-1.765,2.080,-12.028,0.359,0.010,-0.254,-0.110
-0.198,-0.587,6.198,-5.982,-0.385,-0.070,-2.456,-1.819,2.097,-11.806,0.257,-0.039,-0.297,-0.109
-0.198,-0.587,6.198,-5.982,-0.385,-0.070,-2.456,-1.819,2.097,-11.806,0.257,-0.039,-0.297,-0.109
-0.156,-0.731,6.138,-5.961,-0.203,-0.135,-2.518,-2.047,2.120,-12.098,0.335,0.003,-0.355,-0.206
-0.156,-0.784,6.677,-5.536,-0.242,-0.124,-2.497,-1.856,2.120,-12.018,0.257,-0.033,-0.252,-0.159
-0.198,-0.821,6.129,-5.840,-0.382,-0.071,-2.590,-1.811,1.956,-12.029,0.175,-0.039,-0.149,-0.062
-0.041,-0.848,6.439,-5.819,-0.333,-0.080,-2.560,-1.910,1.815,-11.515,0.231,-0.024,-0.252,-0.110
-0.083,-0.743,6.070,-5.798,-0.319,-0.107,-2.655,-1.743,2.385,-12.029,0.232,-0.028,-0.199,-0.014
-0.156,-0.743,6.251,-6.085,-0.401,-0.089,-2.622,-1.666,2.283,-11.592,0.152,-0.039,-0.252,-0.110
-0.041,-0.729,6.388,-6.123,-0.260,-0.119,-2.685,-1.743,1.899,-11.814,0.308,-0.014,-0.404,-0.206
-0.125,-0.809,6.448,-5.982,-0.180,-0.121,-2.549,-1.727,2.283,-11.796,0.372,0.013,-0.250,0.036
-0.093,-0.822,6.199,-5.840,-0.327,-0.086,-2.623,-1.916,2.222,-11.972,0.274,-0.024,-0.203,-0.159
-0.219,-0.756,6.361,-5.678,-0.345,-0.076,-2.623,-1.849,2.180,-11.825,0.235,-0.033,-0.152,-0.206
-0.083,-0.769,6.216,-5.575,-0.348,-0.081,-2.644,-1.832,1.956,-12.010,0.132,-0.050,-0.250,-0.110
