3.275,-10.461,-18.312,-23.664,-16.000,-0.311,-42.566,-19.270,0.248,-15.551,-16.000,0.001,17.389,-11.768
3.233,-10.463,-18.439,-23.712,-16.000,-0.311,-42.528,-19.265,0.197,-15.553,-16.000,0.001,17.392,-11.777
3.378,-10.462,-18.424,-23.927,-16.000,-0.312,-42.482,-19.198,-0.005,-15.719,-16.000,-0.002,17.401,-11.795
3.310,-10.480,-18.520,-24.203,-16.000,-0.317,-42.615,-19.215,0.203,-15.630,-16.000,0.005,17.411,-11.790
3.251,-10.470,-18.342,-23.785,-16.000,-0.312,-42.579,-19.248,0.025,-15.610,-16.000,0.003,17.395,-11.776
3.572,-10.343,-18.487,-23.576,-16.000,-0.267,-42.046,-18.851,0.714,-14.083,-16.000,0.002,17.426,-11.809
4.018,-10.566,-17.462,-23.702,-16.000,-0.285,-42.906,-18.711,2.936,-14.469,-16.000,0.006,17.346,-11.668
4.442,-10.787,-15.253,-24.071,-16.000,-0.307,-42.611,-18.673,5.310,-13.239,-16.000,-0.004,17.143,-11.669
4.143,-10.863,-15.867,-24.575,-16.000,-0.307,-42.791,-18.534,5.934,-13.160,-16.000,-0.004,17.104,-11.719
4.390,-10.808,-16.899,-24.885,-16.000,-0.297,-42.771,-18.424,6.068,-12.783,-16.000,-0.004,17.120,-11.840
3.513,-10.654,-19.989,-24.101,-16.000,-0.301,-43.026,-18.503,3.525,-13.984,-16.000,0.013,17.161,-11.965
3.768,-10.610,-19.474,-24.771,-16.000,-0.297,-42.944,-18.580,3.119,-14.837,-16.000,-0.017,17.294,-11.900
3.484,-10.598,-19.900,-25.155,-16.000,-0.292,-42.875,-18.691,2.389,-15.256,-16.000,-0.022,17.409,-11.956
3.486,-10.608,-19.576,-25.159,-16.000,-0.292,-42.940,-18.761,2.431,-15.296,-16.000,-0.022,17.427,-11.945
3.418,-10.594,-19.542,-25.087,-16.000,-0.292,-42.942,-18.796,2.329,-15.354,-16.000,-0.022,17.441,-11.951
3.733,-10.656,-19.444,-25.210,-16.000,-0.311,-42.825,-18.849,2.473,-14.855,-16.000,-0.002,17.705,-11.929
3.633,-10.682,-18.852,-25.268,-16.000,-0.312,-43.129,-18.751,3.324,-14.824,-16.000,0.008,17.605,-11.918
3.741,-10.712,-18.711,-25.522,-16.000,-0.311,-43.281,-18.640,3.183,-15.430,-16.000,-0.002,17.570,-11.966
3.652,-10.727,-18.257,-25.418,-16.000,-0.310,-43.619,-18.638,3.625,-15.091,-16.000,0.006,17.577,-11.900
3.619,-10.744,-18.817,-25.556,-16.000,-0.309,-43.623,-18.619,3.169,-15.724,-16.000,-0.001,17.605,-11.928
3.758,-10.767,-18.678,-25.590,-16.000,-0.304,-43.789,-18.600,3.981,-15.273,-16.000,-0.005,17.501,-11.905
3.821,-10.759,-18.962,-25.690,-16.000,-0.304,-43.689,-18.534,3.932,-15.243,-16.000,-0.005,17.498,-11.932
3.775,-10.771,-19.074,-25.474,-16.000,-0.312,-43.619,-18.529,4.111,-14.935,-16.000,0.007,17.437,-11.958
3.800,-10.735,-18.712,-25.148,-16.000,-0.306,-43.402,-18.520,4.005,-14.999,-16.000,-0.004,17.400,-11.965
3.958,-10.757,-19.119,-25.324,-16.000,-0.308,-43.602,-18.471,4.444,-15.008,-16.000,-0.004,17.496,-12.001
3.762,-10.682,-19.831,-25.426,-16.000,-0.315,-43.447,-18.494,3.442,-15.221,-16.000,0.003,17.500,-11.995
3.816,-10.695,-19.480,-25.417,-16.000,-0.315,-43.404,-18.543,3.597,-15.106,-16.000,0.003,17.485,-11.964
3.726,-10.725,-19.750,-25.600,-16.000,-0.309,-43.583,-18.546,3.870,-15.031,-16.000,0.002,17.494,-11.963
3.802,-10.760,-19.686,-25.686,-16.000,-0.330,-43.791,-18.573,4.191,-15.391,-16.000,0.003,17.578,-12.006
3.805,-10.779,-19.638,-25.754,-16.000,-0.330,-43.911,-18.551,4.317,-15.481,-16.000,0.003,17.597,-12.013
3.809,-10.769,-19.504,-25.714,-16.000,-0.322,-43.849,-18.531,4.476,-15.417,-16.000,-0.000,17.591,-11.971
3.781,-10.775,-19.487,-25.862,-16.000,-0.322,-43.686,-18.510,4.005,-15.299,-16.000,-0.000,17.574,-11.963
3.631,-10.797,-19.862,-25.913,-16.000,-0.325,-43.875,-18.504,4.196,-15.281,-16.000,0.006,17.541,-11.986
3.759,-10.785,-19.859,-25.903,-16.000,-0.325,-43.868,-18.481,4.130,-15.340,-16.000,0.006,17.558,-11.995
3.986,-10.834,-19.343,-26.136,-16.000,-0.338,-44.029,-18.455,4.668,-15.152,-16.000,0.001,17.576,-11.998
3.856,-10.857,-19.649,-26.157,-16.000,-0.346,-44.075,-18.429,4.122,-15.435,-16.000,0.015,17.541,-12.005
3.789,-10.857,-19.863,-26.168,-16.000,-0.333,-44.062,-18.439,4.626,-15.298,-16.000,0.016,17.524,-11.978
3.889,-10.836,-19.744,-26.332,-16.000,-0.327,-44.021,-18.435,4.792,-15.246,-16.000,0.006,17.524,-11.994
3.968,-10.879,-19.679,-26.285,-16.000,-0.331,-43.922,-18.359,4.244,-15.408,-16.000,0.001,17.520,-11.998
3.882,-10.886,-19.734,-26.243,-16.000,-0.331,-43.997,-18.365,4.426,-15.359,-16.000,0.001,17.500,-11.982
3.956,-10.841,-19.909,-26.177,-16.000,-0.331,-44.091,-18.347,4.500,-15.278,-16.000,0.001,17.559,-12.028
3.879,-10.800,-20.038,-26.223,-16.000,-0.337,-44.124,-18.375,4.106,-15.585,-16.000,0.009,17.574,-12.037
3.822,-10.804,-20.070,-26.107,-16.000,-0.338,-44.256,-18.426,4.712,-15.681,-16.000,0.001,17.589,-12.023
3.890,-10.834,-20.110,-26.164,-16.000,-0.337,-44.127,-18.419,4.403,-15.427,-16.000,-0.003,17.532,-11.965
3.793,-10.809,-20.143,-25.989,-16.000,-0.342,-44.091,-18.383,4.331,-15.547,-16.000,0.005,17.567,-12.032
3.854,-10.806,-19.996,-25.944,-16.000,-0.342,-44.140,-18.392,4.344,-15.585,-16.000,0.005,17.573,-12.020
3.873,-10.815,-19.981,-26.335,-16.000,-0.345,-44.133,-18.434,4.417,-15.407,-16.000,-0.002,17.551,-12.003
3.808,-10.841,-20.067,-26.472,-16.000,-0.341,-44.098,-18.416,4.294,-15.499,-16.000,0.008,17.546,-12.005
3.794,-10.846,-20.080,-26.513,-16.000,-0.341,-44.121,-18.415,4.311,-15.509,-16.000,0.008,17.551,-12.011
3.779,-10.832,-19.718,-26.095,-16.000,-0.327,-44.046,-18.395,4.341,-15.326,-16.000,-0.010,17.549,-12.011
3.734,-10.840,-19.868,-26.442,-16.000,-0.313,-44.091,-18.385,4.277,-15.460,-16.000,-0.017,17.559,-12.018
3.727,-10.847,-20.213,-26.398,-16.000,-0.336,-44.155,-18.416,4.343,-15.596,-16.000,0.007,17.540,-12.006
3.818,-10.845,-20.021,-26.200,-16.000,-0.337,-44.152,-18.400,4.259,-15.615,-16.000,-0.000,17.587,-12.050
3.771,-10.858,-19.980,-26.195,-16.000,-0.337,-44.253,-18.413,4.333,-15.672,-16.000,-0.000,17.593,-12.046
3.811,-10.828,-19.821,-26.264,-16.000,-0.339,-44.189,-18.418,4.221,-15.610,-16.000,0.006,17.578,-12.024
3.762,-10.824,-19.892,-26.253,-16.000,-0.339,-44.179,-18.413,4.206,-15.591,-16.000,0.006,17.572,-12.026
3.597,-10.817,-20.056,-25.888,-16.000,-0.310,-44.058,-18.464,4.425,-15.261,-16.000,-0.020,17.527,-11.982
3.732,-10.785,-20.204,-26.078,-16.000,-0.309,-43.995,-18.412,4.255,-15.575,-16.000,-0.031,17.552,-12.024
3.881,-10.761,-19.753,-25.975,-16.000,-0.340,-43.954,-18.421,3.954,-15.771,-16.000,-0.012,17.572,-12.026
3.589,-10.818,-20.100,-26.177,-16.000,-0.331,-43.981,-18.466,3.936,-15.262,-16.000,0.011,17.490,-11.955
3.919,-10.841,-19.816,-26.398,-16.000,-0.346,-43.925,-18.427,4.250,-15.240,-16.000,0.006,17.548,-11.999
3.698,-10.845,-19.730,-26.337,-16.000,-0.331,-43.992,-18.453,4.236,-15.171,-16.000,-0.000,17.523,-11.980
3.772,-10.814,-19.844,-26.003,-16.000,-0.322,-44.070,-18.460,4.462,-15.470,-16.000,-0.007,17.546,-12.010
3.886,-10.811,-19.934,-26.171,-16.000,-0.334,-44.095,-18.385,4.618,-15.418,-16.000,0.013,17.547,-12.009
3.887,-10.823,-19.940,-26.230,-16.000,-0.334,-44.095,-18.370,4.710,-15.411,-16.000,0.013,17.545,-12.009
3.648,-10.833,-20.057,-26.292,-16.000,-0.322,-44.034,-18.397,4.119,-15.495,-16.000,0.000,17.508,-11.982
3.771,-10.837,-19.955,-26.468,-16.000,-0.340,-43.845,-18.444,3.780,-15.463,-16.000,-0.000,17.511,-11.993
3.779,-10.865,-19.723,-26.226,-16.000,-0.340,-43.838,-18.497,4.109,-15.172,-16.000,0.003,17.517,-11.981
3.602,-10.802,-20.179,-26.496,-16.000,-0.333,-43.928,-18.503,3.859,-15.418,-16.000,-0.000,17.519,-12.004
3.830,-10.760,-19.934,-26.135,-16.000,-0.331,-43.732,-18.505,3.844,-15.321,-16.000,0.004,17.541,-12.003
3.783,-10.778,-19.947,-26.024,-16.000,-0.336,-43.990,-18.506,4.168,-15.319,-16.000,0.007,17.553,-12.014
3.789,-10.781,-19.864,-26.046,-16.000,-0.334,-43.827,-18.474,3.993,-15.361,-16.000,0.006,17.546,-11.996
3.678,-10.789,-19.892,-26.070,-16.000,-0.334,-43.876,-18.481,4.064,-15.352,-16.000,0.006,17.542,-12.000
3.843,-10.793,-19.825,-26.122,-16.000,-0.335,-43.891,-18.486,4.079,-15.357,-16.000,-0.007,17.554,-12.010
3.693,-10.817,-19.874,-26.043,-16.000,-0.335,-43.939,-18.523,4.046,-15.453,-16.000,-0.005,17.525,-11.984
3.863,-10.846,-19.585,-26.111,-16.000,-0.334,-43.845,-18.465,4.066,-15.521,-16.000,-0.005,17.555,-12.001
3.610,-10.832,-19.907,-26.127,-16.000,-0.337,-43.941,-18.510,4.216,-15.519,-16.000,0.000,17.544,-12.015
3.874,-10.833,-19.375,-25.991,-16.000,-0.329,-43.736,-18.516,3.935,-15.334,-16.000,0.001,17.527,-11.971
3.634,-10.849,-19.824,-25.974,-16.000,-0.319,-43.902,-18.502,4.283,-15.469,-16.000,-0.003,17.534,-12.000
3.887,-10.751,-19.758,-26.123,-16.000,-0.340,-43.915,-18.496,4.158,-15.751,-16.000,0.006,17.551,-12.009
3.784,-10.840,-20.077,-26.239,-16.000,-0.335,-43.907,-18.486,4.011,-15.362,-16.000,-0.004,17.542,-11.999
3.897,-10.808,-19.708,-26.054,-16.000,-0.331,-43.916,-18.470,4.039,-15.562,-16.000,-0.006,17.582,-12.032
3.835,-10.775,-19.785,-26.116,-16.000,-0.332,-43.990,-18.442,4.299,-15.624,-16.000,0.001,17.580,-12.039
3.888,-10.843,-19.762,-26.079,-16.000,-0.332,-44.031,-18.460,4.140,-15.527,-16.000,0.002,17.570,-12.007
3.782,-10.841,-19.765,-26.102,-16.000,-0.331,-44.096,-18.449,4.531,-15.672,-16.000,0.001,17.571,-12.026
3.739,-10.789,-19.981,-25.811,-16.000,-0.321,-44.150,-18.475,4.585,-15.675,-16.000,-0.004,17.576,-12.033
3.927,-10.787,-19.751,-25.808,-16.000,-0.327,-44.021,-18.443,4.341,-15.539,-16.000,-0.010,17.602,-12.050
3.845,-10.826,-19.485,-26.122,-16.000,-0.332,-44.094,-18.438,4.423,-15.593,-16.000,-0.003,17.564,-12.001
3.817,-10.824,-19.774,-26.194,-16.000,-0.330,-44.037,-18.418,4.217,-15.362,-16.000,0.002,17.556,-12.021
3.791,-10.819,-19.609,-25.957,-16.000,-0.332,-44.060,-18.435,4.372,-15.505,-16.000,0.003,17.544,-11.999
3.847,-10.775,-19.793,-26.085,-16.000,-0.333,-44.071,-18.433,4.522,-15.547,-16.000,-0.002,17.545,-11.999
3.900,-10.826,-19.725,-26.132,-16.000,-0.327,-44.005,-18.381,4.099,-15.594,-16.000,0.007,17.581,-12.047
3.730,-10.807,-19.780,-26.004,-16.000,-0.325,-44.120,-18.442,4.518,-15.533,-16.000,0.005,17.566,-12.020
3.993,-10.830,-19.475,-25.972,-16.000,-0.327,-44.046,-18.387,4.528,-15.446,-16.000,-0.008,17.564,-12.002
3.712,-10.828,-20.085,-26.295,-16.000,-0.343,-44.214,-18.402,4.694,-15.617,-16.000,0.011,17.552,-12.014
3.951,-10.854,-19.920,-26.156,-16.000,-0.343,-44.004,-18.398,4.186,-15.505,-16.000,0.010,17.538,-11.991
3.632,-10.807,-19.842,-26.130,-16.000,-0.331,-44.225,-18.439,4.586,-15.528,-16.000,0.003,17.593,-12.061
3.847,-10.794,-19.730,-26.064,-16.000,-0.331,-44.261,-18.423,4.544,-15.627,-16.000,0.003,17.613,-12.056
3.894,-10.858,-19.732,-26.078,-16.000,-0.335,-44.189,-18.383,4.565,-15.531,-16.000,0.004,17.549,-11.988
3.840,-10.851,-19.910,-26.150,-16.000,-0.335,-44.139,-18.359,4.554,-15.488,-16.000,0.004,17.543,-12.009
3.869,-10.804,-19.861,-26.126,-16.000,-0.335,-44.422,-18.350,4.599,-15.862,-16.000,-0.001,17.610,-12.080
3.912,-10.799,-20.039,-26.153,-16.000,-0.337,-44.351,-18.381,4.619,-15.581,-16.000,0.006,17.594,-12.054
3.763,-10.879,-20.024,-26.335,-16.000,-0.335,-44.189,-18.385,4.343,-15.645,-16.000,-0.003,17.522,-11.966
3.505,-10.844,-20.244,-26.457,-16.000,-0.331,-44.160,-18.388,4.359,-15.374,-16.000,0.003,17.534,-12.013
3.608,-10.858,-20.032,-26.422,-16.000,-0.335,-44.225,-18.380,4.532,-15.413,-16.000,0.000,17.561,-12.021
3.482,-10.868,-19.845,-26.280,-16.000,-0.341,-44.226,-18.383,4.357,-15.659,-16.000,-0.003,17.546,-12.007
3.574,-10.852,-19.927,-26.312,-16.000,-0.334,-44.233,-18.422,4.710,-15.696,-16.000,0.007,17.564,-12.035
3.807,-10.848,-20.018,-26.406,-16.000,-0.343,-44.225,-18.363,4.362,-15.593,-16.000,0.008,17.590,-12.053
3.677,-10.864,-19.997,-26.213,-16.000,-0.336,-44.365,-18.400,4.695,-15.590,-16.000,0.008,17.552,-12.003
3.668,-10.774,-20.126,-26.155,-16.000,-0.333,-44.140,-18.411,4.256,-15.493,-16.000,0.005,17.555,-12.025
3.669,-10.839,-19.988,-25.953,-16.000,-0.334,-44.138,-18.420,4.500,-15.437,-16.000,0.004,17.515,-11.987
3.681,-10.819,-20.303,-26.080,-16.000,-0.339,-44.148,-18.395,4.078,-15.761,-16.000,-0.001,17.534,-12.007
3.519,-10.816,-19.907,-25.997,-16.000,-0.324,-44.116,-18.451,4.202,-15.354,-16.000,-0.003,17.520,-11.987
3.598,-10.797,-20.245,-26.299,-16.000,-0.330,-43.876,-18.447,4.034,-15.418,-16.000,-0.003,17.477,-11.959
3.602,-10.858,-20.208,-26.374,-16.000,-0.343,-44.033,-18.449,4.487,-15.334,-16.000,0.018,17.493,-11.970
3.632,-10.871,-20.200,-26.469,-16.000,-0.343,-44.042,-18.444,4.475,-15.393,-16.000,0.018,17.511,-11.980
3.718,-10.851,-19.921,-26.435,-16.000,-0.337,-43.981,-18.450,4.042,-15.474,-16.000,0.003,17.563,-12.031
3.562,-10.807,-20.070,-26.027,-16.000,-0.339,-44.150,-18.466,4.158,-15.521,-16.000,0.005,17.552,-12.012
3.690,-10.787,-19.921,-25.709,-16.000,-0.335,-44.072,-18.474,4.134,-15.699,-16.000,0.001,17.566,-12.019
3.521,-10.791,-20.100,-25.947,-16.000,-0.333,-44.118,-18.501,4.087,-15.680,-16.000,-0.003,17.538,-12.003
3.612,-10.777,-19.971,-26.174,-16.000,-0.335,-44.080,-18.474,4.082,-15.535,-16.000,0.003,17.566,-12.022
3.641,-10.846,-19.720,-26.421,-16.000,-0.339,-44.116,-18.425,4.005,-15.608,-16.000,0.005,17.582,-12.033
3.489,-10.841,-19.858,-25.901,-16.000,-0.336,-44.270,-18.462,4.408,-15.449,-16.000,0.004,17.579,-12.022
3.691,-10.801,-19.934,-26.018,-16.000,-0.334,-44.232,-18.435,4.325,-15.791,-16.000,0.004,17.585,-12.035
3.653,-10.825,-19.808,-26.097,-16.000,-0.336,-44.153,-18.409,4.162,-15.741,-16.000,0.002,17.583,-12.038
3.633,-10.824,-19.853,-26.093,-16.000,-0.336,-44.187,-18.401,4.195,-15.750,-16.000,0.002,17.582,-12.040
3.533,-10.776,-20.100,-25.941,-16.000,-0.332,-44.403,-18.411,4.450,-15.839,-16.000,0.001,17.596,-12.059
3.667,-10.811,-19.795,-26.090,-16.000,-0.334,-44.262,-18.413,4.457,-15.419,-16.000,0.004,17.528,-11.973
3.595,-10.859,-20.010,-26.203,-16.000,-0.334,-44.215,-18.422,4.537,-15.723,-16.000,0.008,17.527,-11.985
3.663,-10.817,-19.661,-26.204,-16.000,-0.333,-44.035,-18.395,4.162,-15.395,-16.000,0.004,17.569,-12.039
3.475,-10.811,-20.060,-26.082,-16.000,-0.332,-44.129,-18.455,4.235,-15.634,-16.000,-0.002,17.531,-12.007
3.626,-10.805,-19.858,-26.072,-16.000,-0.338,-44.013,-18.440,3.912,-15.352,-16.000,0.009,17.549,-12.005
3.519,-10.846,-19.635,-25.961,-16.000,-0.335,-44.110,-18.495,4.568,-15.341,-16.000,0.010,17.487,-11.936
3.580,-10.758,-19.956,-26.081,-16.000,-0.337,-43.969,-18.456,3.873,-15.613,-16.000,0.001,17.579,-12.061
3.593,-10.837,-19.720,-26.155,-16.000,-0.337,-44.140,-18.491,4.192,-15.431,-16.000,0.003,17.545,-11.988
3.510,-10.778,-19.997,-26.050,-16.000,-0.334,-44.065,-18.479,4.197,-15.651,-16.000,0.000,17.564,-12.017
3.664,-10.789,-19.725,-26.001,-16.000,-0.333,-44.140,-18.454,4.231,-15.541,-16.000,0.004,17.568,-12.016
3.549,-10.781,-20.030,-25.947,-16.000,-0.332,-44.156,-18.499,4.020,-15.710,-16.000,0.007,17.569,-12.024
3.492,-10.774,-19.807,-25.902,-16.000,-0.326,-44.066,-18.517,4.098,-15.761,-16.000,0.004,17.531,-11.992
3.576,-10.788,-19.790,-25.880,-16.000,-0.330,-44.025,-18.467,4.272,-15.227,-16.000,0.003,17.522,-11.967
3.464,-10.775,-19.959,-26.000,-16.000,-0.330,-44.196,-18.474,4.338,-15.623,-16.000,0.009,17.571,-12.035
3.573,-10.776,-19.825,-25.963,-16.000,-0.330,-44.266,-18.469,4.376,-15.695,-16.000,0.009,17.586,-12.030
3.496,-10.781,-19.796,-26.135,-16.000,-0.330,-44.095,-18.466,3.918,-15.678,-16.000,0.005,17.577,-12.027
3.439,-10.781,-19.738,-26.118,-16.000,-0.330,-44.093,-18.492,3.949,-15.633,-16.000,0.005,17.568,-12.019
3.500,-10.808,-19.888,-26.221,-16.000,-0.329,-44.100,-18.497,4.095,-15.553,-16.000,0.006,17.567,-12.008
3.523,-10.817,-19.629,-25.767,-16.000,-0.329,-44.188,-18.523,4.485,-15.496,-16.000,-0.001,17.559,-12.007
3.535,-10.827,-20.051,-25.886,-16.000,-0.333,-43.990,-18.498,3.938,-15.599,-16.000,0.001,17.494,-11.939
3.524,-10.786,-19.838,-26.058,-16.000,-0.333,-43.944,-18.456,3.957,-15.480,-16.000,0.000,17.549,-12.021
3.578,-10.777,-19.757,-25.972,-16.000,-0.331,-44.075,-18.470,4.105,-15.618,-16.000,0.008,17.574,-12.028
3.614,-10.783,-19.969,-25.850,-16.000,-0.328,-44.192,-18.457,4.401,-15.592,-16.000,0.002,17.561,-12.007
3.557,-10.783,-19.865,-25.978,-16.000,-0.331,-43.906,-18.498,3.733,-15.629,-16.000,-0.001,17.523,-11.985
3.527,-10.752,-19.669,-25.777,-16.000,-0.328,-44.071,-18.537,4.495,-15.643,-16.000,0.001,17.561,-12.025
3.474,-10.788,-19.802,-25.729,-16.000,-0.313,-43.804,-18.524,3.986,-15.232,-16.000,-0.017,17.515,-11.953
3.459,-10.774,-19.888,-26.127,-16.000,-0.329,-43.957,-18.487,3.931,-15.459,-16.000,0.015,17.525,-11.990
3.489,-10.783,-19.669,-26.137,-16.000,-0.318,-43.933,-18.469,4.072,-15.443,-16.000,-0.016,17.565,-12.004
3.667,-10.829,-19.797,-26.168,-16.000,-0.335,-43.885,-18.514,3.880,-15.254,-16.000,0.008,17.510,-11.955
3.429,-10.803,-20.059,-25.899,-16.000,-0.327,-43.968,-18.535,4.207,-15.349,-16.000,0.010,17.514,-11.984
3.655,-10.808,-19.502,-26.183,-16.000,-0.331,-43.807,-18.479,3.705,-15.355,-16.000,0.009,17.539,-11.992
3.329,-10.780,-20.070,-25.933,-16.000,-0.324,-43.983,-18.607,4.225,-15.518,-16.000,0.002,17.507,-11.985
3.606,-10.734,-20.087,-25.777,-16.000,-0.325,-43.880,-18.524,3.989,-15.430,-16.000,0.009,17.531,-12.001
3.702,-10.801,-19.455,-25.933,-16.000,-0.336,-43.873,-18.503,4.209,-15.266,-16.000,-0.001,17.529,-11.963
3.483,-10.819,-19.884,-25.952,-16.000,-0.326,-44.152,-18.504,4.482,-15.549,-16.000,0.006,17.530,-11.994
3.700,-10.770,-19.939,-25.875,-16.000,-0.327,-44.012,-18.443,4.368,-15.395,-16.000,0.003,17.524,-11.983
3.643,-10.800,-19.958,-25.962,-16.000,-0.322,-44.073,-18.477,4.418,-15.347,-16.000,0.008,17.537,-11.999
3.515,-10.797,-20.286,-25.928,-16.000,-0.326,-44.071,-18.471,4.361,-15.460,-16.000,0.006,17.517,-11.984
3.669,-10.802,-19.918,-26.176,-16.000,-0.328,-44.075,-18.448,4.431,-15.631,-16.000,0.004,17.563,-12.025
3.563,-10.824,-19.938,-26.219,-16.000,-0.328,-44.205,-18.452,4.558,-15.702,-16.000,0.004,17.569,-12.026
3.724,-10.849,-19.665,-26.084,-16.000,-0.325,-43.906,-18.442,4.015,-15.241,-16.000,0.003,17.519,-11.972
3.466,-10.810,-19.973,-25.975,-16.000,-0.320,-44.111,-18.432,4.467,-15.540,-16.000,0.001,17.569,-12.044
3.668,-10.828,-19.816,-25.907,-16.000,-0.337,-44.024,-18.460,4.558,-15.279,-16.000,0.002,17.499,-11.947
3.588,-10.786,-19.902,-26.029,-16.000,-0.334,-43.908,-18.435,4.130,-15.506,-16.000,0.001,17.563,-12.041
3.671,-10.836,-19.573,-26.151,-16.000,-0.330,-44.100,-18.442,4.473,-15.444,-16.000,0.000,17.558,-12.007
3.608,-10.831,-19.761,-26.204,-16.000,-0.329,-44.075,-18.420,4.034,-15.434,-16.000,0.006,17.556,-12.006
3.576,-10.837,-19.652,-26.218,-16.000,-0.329,-44.087,-18.441,4.107,-15.399,-16.000,0.006,17.551,-12.000
3.630,-10.828,-20.016,-26.204,-16.000,-0.332,-44.120,-18.458,4.591,-15.326,-16.000,0.001,17.550,-11.988
3.693,-10.827,-20.092,-26.232,-16.000,-0.332,-44.113,-18.424,4.575,-15.358,-16.000,0.001,17.557,-12.000
3.638,-10.783,-19.819,-26.172,-16.000,-0.328,-44.187,-18.418,4.370,-15.817,-16.000,0.003,17.603,-12.074
3.636,-10.814,-19.857,-25.793,-16.000,-0.327,-44.263,-18.447,4.877,-15.603,-16.000,-0.004,17.551,-11.999
3.734,-10.815,-19.790,-25.905,-16.000,-0.325,-43.983,-18.397,4.077,-15.291,-16.000,-0.007,17.552,-12.006
3.502,-10.836,-19.782,-25.935,-16.000,-0.325,-44.083,-18.432,4.228,-15.238,-16.000,-0.007,17.531,-11.995
3.543,-10.834,-19.674,-26.200,-16.000,-0.333,-44.007,-18.442,3.910,-15.674,-16.000,0.008,17.557,-12.011
3.513,-10.814,-19.644,-26.132,-16.000,-0.326,-43.977,-18.493,4.081,-15.359,-16.000,-0.001,17.557,-12.008
3.622,-10.814,-19.621,-25.993,-16.000,-0.329,-44.083,-18.448,4.084,-15.293,-16.000,0.005,17.568,-12.011
3.566,-10.781,-19.973,-25.946,-16.000,-0.325,-43.977,-18.442,4.056,-15.472,-16.000,0.003,17.537,-11.996
3.599,-10.773,-19.846,-25.992,-16.000,-0.331,-43.933,-18.482,3.970,-15.607,-16.000,0.002,17.533,-11.996
3.502,-10.811,-19.831,-26.021,-16.000,-0.331,-44.007,-18.501,3.920,-15.674,-16.000,0.006,17.534,-11.990
3.518,-10.825,-19.791,-26.019,-16.000,-0.333,-43.972,-18.505,4.059,-15.297,-16.000,0.004,17.525,-11.981
3.560,-10.830,-19.798,-26.245,-16.000,-0.324,-43.940,-18.513,4.043,-15.406,-16.000,-0.006,17.522,-11.975
3.507,-10.806,-19.938,-25.945,-16.000,-0.334,-43.885,-18.523,4.368,-15.255,-16.000,0.016,17.465,-11.941
3.682,-10.806,-19.778,-26.210,-16.000,-0.332,-43.783,-18.472,3.953,-15.355,-16.000,0.006,17.538,-12.004
3.290,-10.839,-20.211,-26.155,-16.000,-0.327,-44.123,-18.507,4.290,-15.494,-16.000,0.006,17.516,-11.979
3.718,-10.751,-20.015,-26.135,-16.000,-0.330,-43.946,-18.465,3.844,-15.708,-16.000,0.007,17.605,-12.070
3.557,-10.824,-19.730,-26.055,-16.000,-0.326,-44.070,-18.502,4.151,-15.369,-16.000,-0.001,17.536,-11.966
3.547,-10.777,-20.090,-26.111,-16.000,-0.332,-43.976,-18.494,4.052,-15.532,-16.000,0.014,17.570,-12.033
3.643,-10.832,-19.754,-26.189,-16.000,-0.332,-44.120,-18.477,4.342,-15.257,-16.000,0.003,17.539,-11.976
3.628,-10.813,-19.827,-26.174,-16.000,-0.328,-43.975,-18.443,4.295,-15.514,-16.000,-0.000,17.540,-11.994
3.514,-10.816,-19.980,-26.163,-16.000,-0.326,-44.147,-18.458,4.152,-15.557,-16.000,-0.002,17.559,-12.025
3.524,-10.806,-20.091,-25.888,-16.000,-0.332,-44.104,-18.471,4.225,-15.515,-16.000,0.006,17.529,-11.992
3.521,-10.781,-20.031,-25.894,-16.000,-0.329,-43.918,-18.498,4.125,-15.552,-16.000,-0.001,17.519,-11.988
3.649,-10.805,-19.658,-26.110,-16.000,-0.332,-43.987,-18.412,4.049,-15.528,-16.000,0.008,17.538,-11.995
3.586,-10.815,-19.733,-26.139,-16.000,-0.332,-44.035,-18.410,4.085,-15.568,-16.000,0.008,17.542,-11.999
3.454,-10.787,-20.130,-26.065,-16.000,-0.327,-44.004,-18.529,3.942,-15.478,-16.000,0.008,17.508,-11.984
3.609,-10.752,-19.941,-26.037,-16.000,-0.333,-43.836,-18.501,4.041,-15.087,-16.000,0.010,17.524,-11.996
3.603,-10.801,-19.700,-26.075,-16.000,-0.334,-43.924,-18.469,4.095,-15.374,-16.000,0.006,17.527,-11.992
3.622,-10.828,-19.759,-25.968,-16.000,-0.325,-43.998,-18.479,4.302,-15.301,-16.000,0.004,17.530,-11.980
3.491,-10.775,-19.994,-25.957,-16.000,-0.330,-44.032,-18.482,3.893,-15.539,-16.000,0.003,17.546,-12.013
3.541,-10.768,-19.747,-25.963,-16.000,-0.330,-43.976,-18.493,3.657,-15.535,-16.000,0.003,17.559,-12.012
3.495,-10.782,-19.950,-26.169,-16.000,-0.330,-44.049,-18.499,4.107,-15.690,-16.000,0.002,17.541,-12.000
3.686,-10.843,-19.460,-26.150,-16.000,-0.330,-43.955,-18.455,4.181,-15.524,-16.000,0.005,17.537,-11.982
3.382,-10.762,-20.157,-25.985,-16.000,-0.324,-44.117,-18.450,3.920,-15.974,-16.000,-0.008,17.604,-12.069
3.616,-10.749,-19.843,-25.848,-16.000,-0.324,-44.178,-18.454,3.982,-16.045,-16.000,-0.008,17.620,-12.049
3.558,-10.789,-19.794,-25.951,-16.000,-0.329,-44.074,-18.494,3.881,-15.431,-16.000,0.014,17.519,-11.961
3.481,-10.807,-19.672,-25.999,-16.000,-0.325,-43.995,-18.465,4.241,-15.407,-16.000,-0.003,17.549,-12.005
3.574,-10.782,-19.886,-25.929,-16.000,-0.333,-44.162,-18.442,4.181,-15.561,-16.000,0.009,17.572,-12.039
3.380,-10.746,-20.120,-25.968,-16.000,-0.323,-44.007,-18.517,3.968,-15.780,-16.000,-0.007,17.567,-12.029
3.569,-10.768,-19.955,-25.840,-16.000,-0.330,-43.980,-18.492,4.014,-15.441,-16.000,-0.000,17.549,-11.994
3.416,-10.775,-20.091,-25.889,-16.000,-0.330,-44.087,-18.493,4.201,-15.508,-16.000,-0.000,17.565,-12.022
3.564,-10.816,-20.133,-26.224,-16.000,-0.323,-44.194,-18.473,3.984,-15.808,-16.000,0.004,17.571,-12.023
3.587,-10.828,-19.820,-26.086,-16.000,-0.325,-44.055,-18.505,4.227,-15.547,-16.000,-0.004,17.542,-11.987
3.502,-10.775,-19.867,-25.988,-16.000,-0.323,-44.046,-18.465,4.177,-15.672,-16.000,0.000,17.557,-12.020
3.523,-10.774,-19.812,-25.968,-16.000,-0.323,-44.085,-18.466,4.221,-15.691,-16.000,0.000,17.559,-12.017
3.660,-10.825,-19.681,-25.859,-16.000,-0.333,-44.129,-18.465,4.396,-15.500,-16.000,-0.002,17.570,-12.009
3.442,-10.814,-19.957,-26.105,-16.000,-0.326,-43.958,-18.464,4.007,-15.483,-16.000,0.008,17.505,-11.958
3.467,-10.770,-19.946,-26.089,-16.000,-0.319,-44.010,-18.467,4.310,-15.523,-16.000,0.012,17.553,-12.028
3.686,-10.783,-19.850,-25.982,-16.000,-0.338,-44.083,-18.436,4.269,-15.486,-16.000,0.003,17.542,-11.989
3.560,-10.769,-19.711,-25.940,-16.000,-0.324,-44.012,-18.444,3.961,-15.756,-16.000,0.005,17.593,-12.040
3.595,-10.773,-19.557,-25.882,-16.000,-0.324,-44.088,-18.457,4.071,-15.770,-16.000,0.005,17.589,-12.021
3.488,-10.781,-19.977,-25.863,-16.000,-0.334,-44.049,-18.497,3.969,-15.624,-16.000,0.010,17.549,-11.994
3.635,-10.822,-19.666,-26.046,-16.000,-0.329,-44.114,-18.478,4.329,-15.451,-16.000,0.004,17.558,-12.004
3.491,-10.788,-20.030,-26.117,-16.000,-0.323,-43.976,-18.456,3.815,-15.578,-16.000,-0.003,17.538,-11.992
3.540,-10.787,-19.632,-25.817,-16.000,-0.326,-43.899,-18.457,4.004,-15.384,-16.000,0.008,17.549,-12.000
3.527,-10.818,-19.761,-26.100,-16.000,-0.330,-44.111,-18.456,4.277,-15.672,-16.000,0.001,17.557,-12.007
3.640,-10.770,-19.641,-25.994,-16.000,-0.321,-44.031,-18.449,4.270,-15.468,-16.000,0.009,17.587,-12.038
3.351,-10.805,-20.022,-25.995,-16.000,-0.326,-44.058,-18.494,4.056,-15.562,-16.000,0.004,17.540,-12.003
3.632,-10.803,-19.806,-26.131,-16.000,-0.327,-44.007,-18.471,4.270,-15.629,-16.000,0.001,17.565,-12.022
3.344,-10.806,-20.063,-25.804,-16.000,-0.324,-44.000,-18.541,4.064,-15.569,-16.000,0.009,17.530,-12.000
3.552,-10.759,-19.806,-25.773,-16.000,-0.330,-43.962,-18.501,3.704,-15.869,-16.000,0.003,17.575,-12.029
3.554,-10.813,-19.540,-25.974,-16.000,-0.325,-44.086,-18.507,4.274,-15.497,-16.000,0.003,17.567,-11.996
3.532,-10.793,-19.759,-25.976,-16.000,-0.326,-44.015,-18.489,4.190,-15.467,-16.000,0.001,17.566,-12.012
3.517,-10.789,-19.891,-25.882,-16.000,-0.322,-44.104,-18.488,4.260,-15.693,-16.000,0.005,17.549,-11.999
3.543,-10.737,-19.900,-25.813,-16.000,-0.326,-44.074,-18.496,4.208,-15.562,-16.000,0.008,17.579,-12.037
3.595,-10.772,-19.989,-25.757,-16.000,-0.326,-44.040,-18.444,3.864,-15.599,-16.000,0.006,17.581,-12.028
3.341,-10.766,-19.829,-25.789,-16.000,-0.322,-44.052,-18.492,4.237,-15.594,-16.000,-0.001,17.506,-11.958
3.456,-10.724,-19.982,-25.854,-16.000,-0.323,-43.786,-18.470,3.449,-15.647,-16.000,0.002,17.527,-12.014
3.312,-10.738,-19.859,-25.813,-16.000,-0.323,-43.863,-18.519,3.522,-15.621,-16.000,0.002,17.515,-11.992
3.491,-10.766,-19.935,-25.954,-16.000,-0.332,-43.778,-18.543,3.563,-15.529,-16.000,0.007,17.506,-11.969
3.469,-10.729,-19.805,-25.864,-16.000,-0.330,-43.959,-18.555,4.047,-15.588,-16.000,0.009,17.546,-11.991
3.539,-10.734,-19.822,-25.875,-16.000,-0.330,-44.013,-18.530,4.072,-15.670,-16.000,0.009,17.559,-11.997
3.501,-10.772,-19.679,-25.853,-16.000,-0.327,-43.937,-18.525,3.864,-15.490,-16.000,0.006,17.542,-11.986
3.428,-10.763,-19.953,-25.824,-16.000,-0.326,-43.940,-18.515,3.599,-15.718,-16.000,0.001,17.545,-11.997
3.457,-10.762,-19.443,-25.794,-16.000,-0.327,-43.905,-18.517,4.053,-15.375,-16.000,0.004,17.534,-11.978
3.483,-10.790,-19.941,-25.827,-16.000,-0.327,-43.981,-18.521,4.033,-15.562,-16.000,0.005,17.523,-11.984
3.508,-10.744,-19.668,-25.900,-16.000,-0.325,-43.831,-18.511,3.717,-15.523,-16.000,0.004,17.521,-11.973
3.418,-10.750,-19.692,-25.896,-16.000,-0.325,-43.858,-18.528,3.734,-15.500,-16.000,0.004,17.512,-11.968
3.417,-10.783,-19.810,-25.738,-16.000,-0.320,-43.811,-18.564,4.121,-15.226,-16.000,-0.013,17.471,-11.924
3.478,-10.738,-19.937,-25.837,-16.000,-0.302,-43.765,-18.500,3.579,-15.696,-16.000,-0.017,17.552,-12.024
3.597,-10.775,-19.604,-25.745,-16.000,-0.321,-43.893,-18.492,3.896,-15.270,-16.000,0.011,17.516,-11.969
3.396,-10.736,-20.112,-25.967,-16.000,-0.329,-43.939,-18.511,3.676,-15.671,-16.000,0.004,17.573,-12.044
3.535,-10.774,-19.883,-26.019,-16.000,-0.324,-43.943,-18.524,3.889,-15.251,-16.000,0.004,17.517,-11.951
3.513,-10.816,-19.765,-25.960,-16.000,-0.323,-43.994,-18.494,4.289,-15.529,-16.000,0.002,17.549,-12.004
3.446,-10.816,-19.813,-26.088,-16.000,-0.322,-43.977,-18.489,4.021,-15.508,-16.000,0.004,17.538,-11.992
3.420,-10.800,-20.037,-26.226,-16.000,-0.330,-44.028,-18.502,4.022,-15.658,-16.000,0.002,17.538,-12.008
3.475,-10.794,-19.984,-26.206,-16.000,-0.330,-43.995,-18.502,3.984,-15.654,-16.000,0.002,17.540,-12.004
3.511,-10.784,-19.906,-25.942,-16.000,-0.310,-44.060,-18.475,4.205,-15.543,-16.000,-0.018,17.582,-12.033
3.614,-10.766,-19.973,-25.849,-16.000,-0.332,-44.106,-18.470,4.186,-15.666,-16.000,0.015,17.586,-12.027
3.408,-10.777,-19.834,-25.868,-16.000,-0.329,-43.990,-18.486,4.076,-15.449,-16.000,0.016,17.535,-11.990
3.516,-10.792,-19.644,-25.902,-16.000,-0.320,-44.089,-18.490,4.319,-15.348,-16.000,-0.004,17.561,-12.013
3.525,-10.793,-19.849,-25.993,-16.000,-0.324,-44.050,-18.481,4.228,-15.330,-16.000,0.006,17.524,-11.988
3.625,-10.777,-19.824,-25.940,-16.000,-0.322,-44.087,-18.459,4.299,-15.470,-16.000,0.001,17.548,-11.994
3.619,-10.775,-19.778,-25.761,-16.000,-0.325,-44.040,-18.423,4.296,-15.327,-16.000,-0.004,17.546,-12.002
3.590,-10.776,-19.996,-26.002,-16.000,-0.327,-43.972,-18.397,3.924,-15.700,-16.000,0.000,17.542,-12.008
3.482,-10.813,-19.759,-25.914,-16.000,-0.323,-44.035,-18.465,4.306,-15.350,-16.000,0.002,17.509,-11.961
3.559,-10.772,-19.923,-26.050,-16.000,-0.330,-43.921,-18.408,4.206,-15.246,-16.000,0.004,17.524,-11.999
3.491,-10.777,-19.978,-25.890,-16.000,-0.324,-44.090,-18.447,4.293,-15.528,-16.000,-0.001,17.555,-12.027
3.598,-10.771,-19.909,-25.831,-16.000,-0.324,-44.103,-18.443,4.265,-15.580,-16.000,-0.001,17.565,-12.023
3.515,-10.793,-19.883,-25.810,-16.000,-0.326,-44.033,-18.467,4.263,-15.462,-16.000,0.006,17.542,-11.989
3.587,-10.830,-19.535,-26.030,-16.000,-0.321,-43.986,-18.471,4.297,-15.500,-16.000,0.002,17.546,-11.992
3.398,-10.734,-19.955,-25.836,-16.000,-0.327,-44.078,-18.460,4.164,-15.712,-16.000,-0.001,17.583,-12.060
3.604,-10.781,-19.723,-25.793,-16.000,-0.323,-44.012,-18.518,4.023,-15.476,-16.000,0.001,17.523,-11.962
3.511,-10.763,-19.959,-25.853,-16.000,-0.321,-43.960,-18.496,4.164,-15.416,-16.000,-0.001,17.546,-12.001
3.592,-10.798,-19.633,-26.017,-16.000,-0.326,-44.036,-18.463,4.012,-15.352,-16.000,0.005,17.552,-12.009
3.535,-10.805,-19.648,-26.018,-16.000,-0.326,-44.063,-18.473,4.063,-15.369,-16.000,0.005,17.553,-12.010
3.383,-10.781,-19.651,-26.113,-16.000,-0.322,-43.919,-18.498,3.845,-15.611,-16.000,-0.002,17.536,-11.998
3.646,-10.803,-19.687,-25.725,-16.000,-0.325,-43.996,-18.490,4.210,-15.497,-16.000,-0.002,17.534,-11.977
3.418,-10.767,-20.113,-25.798,-16.000,-0.326,-43.997,-18.478,3.873,-15.672,-16.000,0.002,17.576,-12.044
3.545,-10.751,-19.679,-25.960,-16.000,-0.320,-43.971,-18.484,4.045,-15.771,-16.000,-0.002,17.545,-11.993
3.445,-10.783,-19.892,-25.870,-16.000,-0.319,-43.955,-18.496,4.027,-15.436,-16.000,0.002,17.551,-12.001
3.467,-10.763,-19.975,-25.904,-16.000,-0.330,-43.914,-18.506,3.916,-15.323,-16.000,0.013,17.514,-11.976
3.476,-10.749,-19.855,-26.102,-16.000,-0.331,-43.870,-18.522,3.612,-15.308,-16.000,0.015,17.532,-11.994
3.406,-10.762,-19.789,-26.100,-16.000,-0.331,-43.896,-18.550,3.661,-15.292,-16.000,0.015,17.525,-11.980
3.477,-10.755,-19.581,-25.748,-16.000,-0.321,-43.857,-18.542,3.721,-15.396,-16.000,0.002,17.531,-11.980
3.449,-10.739,-19.704,-25.879,-16.000,-0.314,-43.897,-18.541,3.955,-15.610,-16.000,-0.020,17.537,-11.994
3.511,-10.756,-19.538,-25.636,-16.000,-0.308,-43.783,-18.512,4.045,-15.348,-16.000,-0.022,17.542,-11.987
3.383,-10.789,-19.693,-25.657,-16.000,-0.309,-43.889,-18.534,4.337,-15.300,-16.000,-0.020,17.503,-11.953
3.531,-10.759,-20.053,-26.033,-16.000,-0.326,-43.942,-18.484,4.191,-15.450,-16.000,0.003,17.513,-11.977
3.503,-10.775,-20.016,-26.093,-16.000,-0.326,-44.005,-18.474,4.303,-15.472,-16.000,0.003,17.518,-11.979
3.544,-10.751,-19.962,-25.947,-16.000,-0.337,-44.050,-18.449,4.198,-15.418,-16.000,0.030,17.527,-11.996
3.514,-10.755,-19.986,-25.885,-16.000,-0.328,-44.070,-18.459,4.262,-15.818,-16.000,0.003,17.573,-12.026
3.509,-10.727,-19.852,-25.912,-16.000,-0.323,-43.995,-18.449,3.836,-15.632,-16.000,-0.002,17.597,-12.055
3.513,-10.785,-19.728,-25.978,-16.000,-0.327,-44.049,-18.465,4.004,-15.569,-16.000,-0.000,17.548,-11.996
3.533,-10.765,-19.977,-25.841,-16.000,-0.327,-44.197,-18.472,4.549,-15.468,-16.000,-0.003,17.560,-12.014
3.677,-10.824,-19.861,-25.911,-16.000,-0.325,-44.091,-18.459,4.480,-15.398,-16.000,-0.007,17.555,-11.990
3.507,-10.804,-19.877,-26.039,-16.000,-0.328,-44.132,-18.403,4.161,-15.578,-16.000,0.019,17.544,-12.014
3.536,-10.763,-19.808,-25.980,-16.000,-0.330,-44.005,-18.421,3.846,-15.393,-16.000,0.002,17.566,-12.038
3.444,-10.774,-19.774,-25.946,-16.000,-0.330,-44.050,-18.450,3.879,-15.389,-16.000,0.002,17.559,-12.025
3.487,-10.767,-19.766,-25.943,-16.000,-0.330,-43.998,-18.458,3.818,-15.385,-16.000,0.002,17.563,-12.026
3.508,-10.798,-19.776,-26.031,-16.000,-0.324,-44.080,-18.452,4.104,-15.408,-16.000,0.005,17.534,-11.973
3.533,-10.798,-19.867,-26.104,-16.000,-0.324,-44.021,-18.436,4.093,-15.399,-16.000,0.005,17.538,-11.988
3.570,-10.758,-19.747,-25.925,-16.000,-0.328,-44.129,-18.431,4.495,-15.603,-16.000,-0.003,17.586,-12.041
3.602,-10.773,-19.938,-25.999,-16.000,-0.318,-44.094,-18.412,4.076,-15.765,-16.000,-0.006,17.600,-12.047
3.390,-10.790,-19.918,-25.906,-16.000,-0.325,-44.139,-18.497,4.292,-15.712,-16.000,0.000,17.526,-11.974
3.513,-10.759,-19.971,-25.897,-16.000,-0.325,-43.971,-18.479,4.088,-15.649,-16.000,0.000,17.526,-11.985
3.437,-10.767,-19.952,-25.891,-16.000,-0.325,-43.987,-18.491,4.106,-15.610,-16.000,0.000,17.514,-11.973
3.498,-10.778,-20.093,-26.025,-16.000,-0.336,-44.025,-18.449,4.339,-15.657,-16.000,0.011,17.522,-11.992
3.430,-10.734,-20.087,-25.984,-16.000,-0.323,-44.000,-18.459,4.015,-15.607,-16.000,0.002,17.534,-12.001
3.531,-10.738,-19.730,-25.714,-16.000,-0.322,-43.969,-18.459,3.906,-15.461,-16.000,0.002,17.565,-12.021
3.598,-10.838,-19.927,-26.133,-16.000,-0.330,-44.110,-18.436,4.195,-15.469,-16.000,0.012,17.534,-11.977
3.571,-10.805,-19.889,-26.171,-16.000,-0.337,-44.207,-18.414,4.405,-15.584,-16.000,0.008,17.610,-12.076
3.511,-10.819,-19.846,-25.999,-16.000,-0.326,-44.244,-18.456,4.111,-15.631,-16.000,-0.002,17.556,-11.992
3.478,-10.804,-19.957,-25.993,-16.000,-0.326,-44.156,-18.462,4.035,-15.575,-16.000,-0.002,17.551,-12.004
3.463,-10.802,-19.920,-25.985,-16.000,-0.326,-44.166,-18.466,4.039,-15.560,-16.000,-0.002,17.547,-12.000
3.439,-10.755,-19.870,-25.836,-16.000,-0.326,-44.184,-18.474,4.234,-15.634,-16.000,0.003,17.555,-12.024
3.519,-10.745,-19.823,-25.767,-16.000,-0.326,-44.151,-18.469,4.160,-15.632,-16.000,0.003,17.553,-12.014
3.466,-10.749,-19.846,-25.776,-16.000,-0.326,-44.150,-18.473,4.148,-15.612,-16.000,0.003,17.548,-12.010
3.477,-10.748,-19.830,-25.788,-16.000,-0.326,-44.135,-18.477,4.131,-15.604,-16.000,0.003,17.548,-12.010
3.452,-10.749,-19.827,-25.792,-16.000,-0.326,-44.144,-18.482,4.124,-15.606,-16.000,0.003,17.548,-12.011
3.410,-10.730,-19.769,-25.794,-16.000,-0.314,-43.973,-18.501,4.128,-15.435,-16.000,-0.001,17.564,-12.020
3.370,-10.733,-19.755,-25.784,-16.000,-0.314,-43.998,-18.514,4.141,-15.428,-16.000,-0.001,17.559,-12.013
3.384,-10.730,-19.750,-25.785,-16.000,-0.314,-43.972,-18.519,4.102,-15.424,-16.000,-0.001,17.561,-12.014
3.453,-10.743,-19.441,-25.879,-16.000,-0.318,-43.912,-18.475,4.023,-15.409,-16.000,-0.005,17.547,-12.001
3.383,-10.742,-19.510,-25.884,-16.000,-0.318,-43.931,-18.478,4.008,-15.407,-16.000,-0.005,17.545,-12.006
3.477,-10.779,-19.706,-26.079,-16.000,-0.316,-44.024,-18.452,3.807,-15.548,-16.000,-0.001,17.594,-12.048
3.413,-10.799,-19.654,-26.106,-16.000,-0.316,-44.146,-18.466,3.965,-15.626,-16.000,-0.001,17.606,-12.050
3.476,-10.793,-19.661,-26.093,-16.000,-0.316,-44.154,-18.457,3.971,-15.670,-16.000,-0.001,17.617,-12.057
3.287,-10.787,-19.874,-25.869,-16.000,-0.328,-44.255,-18.492,4.174,-15.539,-16.000,0.017,17.525,-11.980
3.522,-10.745,-19.618,-25.800,-16.000,-0.312,-43.984,-18.460,3.830,-15.619,-16.000,-0.009,17.588,-12.048
3.408,-10.758,-19.606,-25.722,-16.000,-0.312,-44.134,-18.470,3.881,-15.652,-16.000,-0.009,17.577,-12.027
3.431,-10.689,-19.688,-25.542,-16.000,-0.315,-44.071,-18.492,3.863,-15.692,-16.000,-0.000,17.552,-12.000
3.404,-10.683,-19.717,-25.544,-16.000,-0.315,-44.040,-18.486,3.803,-15.650,-16.000,-0.000,17.546,-12.000
3.446,-10.701,-19.712,-25.551,-16.000,-0.313,-44.065,-18.456,3.910,-15.474,-16.000,0.002,17.573,-12.028
3.404,-10.732,-19.773,-25.619,-16.000,-0.307,-44.065,-18.504,3.821,-15.596,-16.000,-0.011,17.546,-11.986
3.454,-10.702,-19.827,-25.658,-16.000,-0.321,-44.074,-18.443,3.845,-15.571,-16.000,0.010,17.587,-12.040
3.385,-10.720,-19.763,-25.682,-16.000,-0.321,-44.166,-18.455,3.930,-15.618,-16.000,0.010,17.592,-12.032
3.467,-10.687,-19.401,-25.667,-16.000,-0.316,-44.104,-18.468,3.995,-15.680,-16.000,0.001,17.609,-12.035
3.376,-10.761,-19.586,-25.727,-16.000,-0.313,-44.117,-18.461,3.945,-15.649,-16.000,0.000,17.566,-11.999
3.400,-10.722,-19.683,-25.795,-16.000,-0.317,-44.178,-18.451,3.916,-15.690,-16.000,0.001,17.601,-12.047
3.422,-10.723,-19.642,-25.758,-16.000,-0.317,-44.236,-18.445,3.938,-15.729,-16.000,0.001,17.605,-12.042
3.428,-10.723,-19.667,-25.757,-16.000,-0.317,-44.237,-18.438,3.954,-15.738,-16.000,0.001,17.606,-12.043
3.420,-10.725,-19.669,-25.769,-16.000,-0.317,-44.256,-18.432,3.986,-15.742,-16.000,0.001,17.606,-12.045
3.416,-10.725,-19.675,-25.778,-16.000,-0.317,-44.273,-18.427,4.004,-15.752,-16.000,0.001,17.608,-12.047
3.434,-10.707,-19.580,-25.771,-16.000,-0.322,-44.231,-18.431,4.133,-15.557,-16.000,0.001,17.603,-12.040
3.413,-10.707,-19.601,-25.778,-16.000,-0.322,-44.229,-18.430,4.122,-15.551,-16.000,0.001,17.601,-12.040
3.362,-10.747,-19.675,-25.721,-16.000,-0.313,-44.125,-18.453,3.844,-15.642,-16.000,0.002,17.557,-12.005
3.341,-10.738,-19.714,-25.715,-16.000,-0.313,-44.058,-18.458,3.796,-15.578,-16.000,0.002,17.548,-12.007
3.354,-10.736,-19.701,-25.703,-16.000,-0.313,-44.026,-18.465,3.763,-15.554,-16.000,0.002,17.542,-12.002
3.360,-10.735,-19.700,-25.692,-16.000,-0.313,-43.995,-18.471,3.732,-15.536,-16.000,0.002,17.539,-11.999
3.372,-10.735,-19.694,-25.681,-16.000,-0.313,-43.966,-18.476,3.708,-15.519,-16.000,0.002,17.535,-11.996
3.377,-10.736,-19.694,-25.676,-16.000,-0.313,-43.942,-18.481,3.683,-15.503,-16.000,0.002,17.532,-11.993
3.386,-10.736,-19.689,-25.672,-16.000,-0.313,-43.919,-18.485,3.666,-15.489,-16.000,0.002,17.529,-11.990
3.376,-10.710,-19.865,-25.711,-16.000,-0.313,-43.982,-18.514,4.073,-15.756,-16.000,-0.001,17.558,-12.014
3.468,-10.735,-19.731,-25.701,-16.000,-0.311,-43.906,-18.465,3.688,-15.755,-16.000,-0.002,17.555,-12.003
3.376,-10.734,-19.771,-25.664,-16.000,-0.311,-43.931,-18.475,3.699,-15.737,-16.000,-0.002,17.547,-12.000
3.427,-10.698,-19.671,-25.761,-16.000,-0.317,-43.999,-18.496,4.095,-15.412,-16.000,-0.004,17.567,-12.005
3.406,-10.769,-19.945,-25.677,-16.000,-0.312,-43.821,-18.445,3.725,-15.511,-16.000,0.001,17.549,-12.004
3.323,-10.751,-19.787,-25.828,-16.000,-0.306,-43.965,-18.492,3.884,-15.608,-16.000,-0.003,17.557,-12.007
3.352,-10.749,-19.794,-25.842,-16.000,-0.306,-43.975,-18.489,3.865,-15.636,-16.000,-0.003,17.564,-12.012
3.323,-10.716,-19.746,-25.804,-16.000,-0.314,-44.095,-18.490,4.189,-15.583,-16.000,-0.002,17.564,-12.027
3.390,-10.710,-19.720,-25.792,-16.000,-0.314,-44.072,-18.482,4.153,-15.602,-16.000,-0.002,17.571,-12.028
3.343,-10.715,-19.729,-25.799,-16.000,-0.314,-44.102,-18.483,4.165,-15.603,-16.000,-0.002,17.569,-12.027
3.350,-10.712,-19.722,-25.804,-16.000,-0.314,-44.105,-18.482,4.169,-15.610,-16.000,-0.002,17.572,-12.029
3.555,-10.759,-19.627,-25.906,-16.000,-0.334,-44.016,-18.444,3.955,-15.646,-16.000,0.019,17.548,-11.984
3.301,-10.737,-19.795,-25.723,-16.000,-0.319,-44.200,-18.455,4.261,-15.608,-16.000,0.007,17.587,-12.038
3.499,-10.726,-19.718,-25.661,-16.000,-0.319,-44.245,-18.424,4.249,-15.685,-16.000,0.007,17.602,-12.037
3.374,-10.715,-19.717,-25.655,-16.000,-0.298,-44.259,-18.440,4.456,-15.776,-16.000,-0.021,17.593,-12.028
3.404,-10.717,-19.736,-25.694,-16.000,-0.298,-44.292,-18.429,4.517,-15.784,-16.000,-0.021,17.594,-12.035
3.458,-10.739,-19.962,-25.848,-16.000,-0.311,-44.417,-18.420,4.840,-15.741,-16.000,-0.001,17.591,-12.037
3.488,-10.779,-19.883,-25.991,-16.000,-0.314,-44.230,-18.371,4.141,-15.711,-16.000,0.001,17.567,-12.014
3.357,-10.786,-19.880,-26.006,-16.000,-0.314,-44.237,-18.395,4.198,-15.637,-16.000,0.001,17.552,-12.008
3.363,-10.744,-19.847,-25.875,-16.000,-0.313,-44.140,-18.417,4.193,-15.546,-16.000,-0.000,17.551,-12.000
3.365,-10.743,-19.810,-25.848,-16.000,-0.313,-44.098,-18.433,4.152,-15.516,-16.000,-0.000,17.545,-11.993
3.376,-10.741,-19.803,-25.827,-16.000,-0.313,-44.051,-18.444,4.096,-15.493,-16.000,-0.000,17.541,-11.989
3.362,-10.707,-19.734,-25.595,-16.000,-0.317,-43.989,-18.474,4.120,-15.400,-16.000,-0.003,17.561,-12.022
3.384,-10.704,-19.713,-25.533,-16.000,-0.317,-44.000,-18.475,4.072,-15.419,-16.000,-0.003,17.560,-12.013
3.370,-10.703,-19.717,-25.525,-16.000,-0.317,-43.985,-18.479,4.051,-15.406,-16.000,-0.003,17.557,-12.010
3.353,-10.704,-19.713,-25.538,-16.000,-0.317,-43.988,-18.483,4.035,-15.401,-16.000,-0.003,17.557,-12.010
3.342,-10.704,-19.708,-25.546,-16.000,-0.317,-43.993,-18.487,4.030,-15.404,-16.000,-0.003,17.559,-12.011
3.338,-10.704,-19.705,-25.550,-16.000,-0.317,-43.998,-18.489,4.023,-15.408,-16.000,-0.003,17.561,-12.011
3.323,-10.705,-19.704,-25.556,-16.000,-0.317,-44.011,-18.490,4.023,-15.413,-16.000,-0.003,17.563,-12.012
3.323,-10.704,-19.699,-25.557,-16.000,-0.317,-44.016,-18.492,4.019,-15.418,-16.000,-0.003,17.564,-12.013
3.419,-10.725,-19.733,-25.587,-16.000,-0.312,-44.110,-18.455,4.041,-15.547,-16.000,-0.002,17.584,-12.026
3.295,-10.728,-19.876,-25.776,-16.000,-0.312,-44.154,-18.432,3.707,-15.672,-16.000,-0.004,17.573,-12.021
3.283,-10.726,-19.868,-25.777,-16.000,-0.312,-44.162,-18.434,3.748,-15.665,-16.000,-0.004,17.574,-12.024
3.303,-10.725,-19.874,-25.771,-16.000,-0.312,-44.158,-18.430,3.756,-15.672,-16.000,-0.004,17.575,-12.025
3.284,-10.740,-19.920,-25.830,-16.000,-0.313,-44.200,-18.456,4.256,-15.620,-16.000,-0.002,17.582,-12.029
3.468,-10.748,-19.636,-26.266,-16.000,-0.316,-44.068,-18.423,3.799,-15.530,-16.000,-0.006,17.593,-12.036
3.298,-10.773,-19.623,-26.317,-16.000,-0.316,-44.163,-18.450,3.970,-15.520,-16.000,-0.006,17.586,-12.031
3.386,-10.763,-19.614,-26.320,-16.000,-0.316,-44.128,-18.447,3.942,-15.547,-16.000,-0.006,17.596,-12.041
3.360,-10.765,-19.610,-26.298,-16.000,-0.316,-44.150,-18.448,3.960,-15.552,-16.000,-0.006,17.594,-12.038
3.307,-10.734,-19.805,-25.648,-16.000,-0.314,-44.193,-18.484,4.282,-15.544,-16.000,0.001,17.558,-12.011
3.424,-10.707,-19.827,-25.585,-16.000,-0.314,-44.079,-18.458,4.119,-15.497,-16.000,0.001,17.553,-12.010
3.373,-10.715,-19.932,-25.876,-16.000,-0.314,-44.068,-18.394,3.798,-15.605,-16.000,-0.004,17.558,-12.017
3.320,-10.727,-19.880,-25.920,-16.000,-0.314,-44.110,-18.418,3.878,-15.615,-16.000,-0.004,17.561,-12.016
3.423,-10.726,-19.808,-25.795,-16.000,-0.318,-44.199,-18.438,4.217,-15.776,-16.000,-0.001,17.628,-12.076
3.306,-10.703,-19.906,-25.724,-16.000,-0.317,-44.250,-18.467,4.059,-15.596,-16.000,-0.003,17.567,-12.005
3.385,-10.677,-19.933,-25.668,-16.000,-0.317,-44.102,-18.458,3.942,-15.498,-16.000,-0.003,17.554,-12.005
3.301,-10.682,-19.947,-25.689,-16.000,-0.317,-44.112,-18.464,3.941,-15.459,-16.000,-0.003,17.544,-11.999
3.334,-10.698,-19.939,-25.648,-16.000,-0.310,-44.128,-18.466,4.140,-15.711,-16.000,-0.004,17.564,-12.014
3.362,-10.702,-19.912,-25.662,-16.000,-0.310,-44.154,-18.464,4.146,-15.741,-16.000,-0.004,17.571,-12.014
3.320,-10.711,-20.217,-25.735,-16.000,-0.313,-44.061,-18.455,3.972,-15.475,-16.000,-0.005,17.542,-11.998
3.358,-10.735,-19.950,-25.925,-16.000,-0.321,-44.068,-18.442,3.943,-15.616,-16.000,0.017,17.540,-11.998
3.289,-10.747,-19.974,-25.989,-16.000,-0.321,-44.093,-18.449,3.979,-15.629,-16.000,0.017,17.543,-12.003
3.267,-10.682,-20.008,-25.742,-16.000,-0.309,-44.245,-18.457,3.817,-15.808,-16.000,0.007,17.610,-12.069
3.329,-10.678,-19.905,-25.635,-16.000,-0.309,-44.341,-18.457,3.833,-15.890,-16.000,0.007,17.620,-12.056
3.365,-10.715,-19.757,-25.611,-16.000,-0.310,-44.206,-18.437,4.100,-15.871,-16.000,-0.003,17.582,-12.011
3.340,-10.709,-19.855,-25.648,-16.000,-0.310,-44.166,-18.421,4.070,-15.830,-16.000,-0.003,17.575,-12.021
3.337,-10.708,-19.840,-25.650,-16.000,-0.310,-44.181,-18.418,4.104,-15.825,-16.000,-0.003,17.573,-12.021
3.332,-10.723,-19.773,-25.961,-16.000,-0.310,-43.993,-18.434,3.653,-15.797,-16.000,-0.001,17.561,-12.008
3.210,-10.735,-19.767,-25.997,-16.000,-0.310,-44.006,-18.464,3.730,-15.750,-16.000,-0.001,17.550,-12.004
3.281,-10.727,-19.746,-25.984,-16.000,-0.310,-43.949,-18.472,3.666,-15.750,-16.000,-0.001,17.554,-12.006
3.366,-10.783,-19.880,-25.691,-16.000,-0.311,-44.333,-18.453,4.902,-15.429,-16.000,-0.000,17.567,-11.997
3.455,-10.753,-20.033,-25.840,-16.000,-0.315,-44.037,-18.422,4.046,-15.642,-16.000,0.000,17.559,-12.012
3.390,-10.751,-19.912,-25.735,-16.000,-0.315,-44.071,-18.439,4.148,-15.553,-16.000,0.000,17.534,-11.988
3.425,-10.741,-19.966,-25.735,-16.000,-0.315,-43.989,-18.440,4.064,-15.534,-16.000,0.000,17.532,-11.991
3.412,-10.738,-20.021,-25.982,-16.000,-0.313,-44.181,-18.422,4.236,-15.613,-16.000,-0.002,17.563,-12.026
3.489,-10.743,-19.977,-25.992,-16.000,-0.313,-44.217,-18.410,4.265,-15.674,-16.000,-0.002,17.576,-12.027
3.381,-10.761,-19.804,-25.732,-16.000,-0.313,-44.130,-18.459,4.267,-15.615,-16.000,0.001,17.524,-11.970
3.400,-10.781,-19.883,-26.007,-16.000,-0.319,-44.078,-18.446,4.141,-15.686,-16.000,-0.000,17.538,-12.006
3.549,-10.774,-19.829,-25.926,-16.000,-0.316,-44.184,-18.373,4.417,-15.356,-16.000,-0.002,17.600,-12.044
3.314,-10.779,-20.111,-26.081,-16.000,-0.311,-44.106,-18.442,3.894,-15.610,-16.000,-0.000,17.553,-11.996
3.330,-10.770,-19.994,-26.068,-16.000,-0.311,-44.002,-18.471,3.939,-15.493,-16.000,-0.000,17.537,-11.989
3.279,-10.741,-19.988,-25.897,-16.000,-0.308,-44.010,-18.474,4.024,-15.483,-16.000,-0.001,17.521,-11.979
3.322,-10.741,-20.272,-25.834,-16.000,-0.309,-44.058,-18.468,4.156,-15.500,-16.000,0.001,17.538,-12.003
3.314,-10.754,-20.241,-25.881,-16.000,-0.309,-44.090,-18.465,4.217,-15.519,-16.000,0.001,17.542,-12.004
3.475,-10.745,-19.741,-25.815,-16.000,-0.314,-44.007,-18.418,3.899,-15.657,-16.000,-0.003,17.582,-12.045
3.432,-10.747,-19.734,-25.726,-16.000,-0.314,-44.092,-18.421,3.911,-15.696,-16.000,-0.003,17.579,-12.032
3.407,-10.766,-19.715,-25.722,-16.000,-0.307,-44.235,-18.421,4.563,-15.632,-16.000,-0.001,17.556,-11.986
3.435,-10.768,-19.818,-25.829,-16.000,-0.307,-44.209,-18.389,4.550,-15.641,-16.000,-0.001,17.564,-12.004
3.407,-10.777,-19.812,-25.864,-16.000,-0.307,-44.284,-18.377,4.648,-15.658,-16.000,-0.001,17.566,-12.007
3.605,-10.750,-19.863,-26.006,-16.000,-0.310,-44.216,-18.359,4.209,-15.830,-16.000,0.001,17.606,-12.060
3.232,-10.766,-19.861,-25.747,-16.000,-0.310,-44.208,-18.434,4.305,-15.714,-16.000,-0.001,17.541,-11.994
3.461,-10.734,-19.679,-25.763,-16.000,-0.315,-44.188,-18.398,4.617,-15.687,-16.000,0.002,17.580,-12.039
3.400,-10.741,-19.768,-25.756,-16.000,-0.315,-44.283,-18.376,4.566,-15.756,-16.000,0.002,17.586,-12.038
3.460,-10.740,-19.746,-25.745,-16.000,-0.315,-44.273,-18.366,4.606,-15.755,-16.000,0.002,17.585,-12.037
3.328,-10.747,-20.232,-25.910,-16.000,-0.305,-44.238,-18.389,4.194,-15.785,-16.000,-0.003,17.583,-12.047
3.265,-10.762,-20.110,-25.865,-16.000,-0.312,-44.141,-18.477,4.322,-15.630,-16.000,-0.001,17.519,-11.967
3.407,-10.765,-19.998,-25.926,-16.000,-0.316,-44.020,-18.421,3.944,-15.658,-16.000,-0.002,17.549,-12.016
3.310,-10.775,-19.976,-25.884,-16.000,-0.316,-44.102,-18.441,3.976,-15.681,-16.000,-0.002,17.544,-12.005
3.397,-10.764,-19.960,-25.839,-16.000,-0.316,-44.030,-18.444,3.921,-15.676,-16.000,-0.002,17.545,-12.004
3.371,-10.741,-19.881,-25.783,-16.000,-0.310,-44.056,-18.470,4.021,-15.519,-16.000,-0.005,17.564,-12.017
3.443,-10.718,-19.697,-25.732,-16.000,-0.307,-44.131,-18.425,4.257,-15.601,-16.000,-0.004,17.589,-12.038
3.434,-10.723,-19.715,-25.735,-16.000,-0.307,-44.186,-18.415,4.279,-15.649,-16.000,-0.004,17.596,-12.038
3.371,-10.773,-19.961,-26.103,-16.000,-0.307,-44.201,-18.417,4.138,-15.640,-16.000,-0.000,17.559,-12.001
3.289,-10.727,-19.807,-25.896,-16.000,-0.311,-44.126,-18.444,4.160,-15.612,-16.000,-0.001,17.566,-12.035
3.390,-10.704,-19.941,-25.996,-16.000,-0.309,-44.138,-18.460,4.097,-15.560,-16.000,-0.007,17.554,-12.003
3.387,-10.699,-19.960,-25.977,-16.000,-0.309,-44.089,-18.463,4.047,-15.536,-16.000,-0.007,17.551,-12.002
3.368,-10.700,-19.953,-25.981,-16.000,-0.309,-44.087,-18.467,4.035,-15.521,-16.000,-0.007,17.548,-11.999
3.370,-10.699,-19.946,-25.981,-16.000,-0.309,-44.075,-18.472,4.011,-15.516,-16.000,-0.007,17.547,-11.999
3.371,-10.698,-19.933,-25.968,-16.000,-0.309,-44.062,-18.478,3.994,-15.510,-16.000,-0.007,17.546,-11.997
3.366,-10.695,-19.926,-25.955,-16.000,-0.309,-44.053,-18.482,3.977,-15.506,-16.000,-0.007,17.545,-11.996
3.341,-10.702,-19.911,-25.722,-16.000,-0.308,-44.155,-18.523,4.138,-15.736,-16.000,0.003,17.558,-12.019
3.376,-10.702,-19.901,-25.730,-16.000,-0.308,-44.179,-18.514,4.137,-15.778,-16.000,0.003,17.568,-12.023
3.363,-10.705,-19.907,-25.734,-16.000,-0.308,-44.208,-18.510,4.165,-15.791,-16.000,0.003,17.570,-12.024
3.315,-10.705,-19.917,-25.833,-16.000,-0.311,-43.959,-18.477,3.652,-15.608,-16.000,-0.008,17.534,-11.992
3.219,-10.699,-19.930,-25.788,-16.000,-0.311,-43.923,-18.504,3.643,-15.531,-16.000,-0.008,17.516,-11.985
3.347,-10.751,-19.680,-26.061,-16.000,-0.313,-43.922,-18.490,3.879,-15.352,-16.000,0.002,17.511,-11.951
3.284,-10.766,-19.770,-26.143,-16.000,-0.313,-43.898,-18.493,3.890,-15.344,-16.000,0.002,17.509,-11.958
3.341,-10.765,-19.735,-26.136,-16.000,-0.313,-43.882,-18.492,3.904,-15.340,-16.000,0.002,17.509,-11.958
3.345,-10.767,-19.751,-26.122,-16.000,-0.313,-43.868,-18.491,3.896,-15.335,-16.000,0.002,17.506,-11.956
3.268,-10.721,-20.407,-25.997,-16.000,-0.303,-44.170,-18.462,4.174,-15.728,-16.000,-0.004,17.604,-12.085
3.446,-10.725,-20.187,-25.937,-16.000,-0.303,-44.308,-18.444,4.266,-15.866,-16.000,-0.004,17.630,-12.073
3.360,-10.735,-20.270,-25.972,-16.000,-0.303,-44.386,-18.430,4.319,-15.915,-16.000,-0.004,17.638,-12.080
3.439,-10.752,-19.842,-25.917,-16.000,-0.308,-44.336,-18.444,4.499,-15.671,-16.000,-0.002,17.577,-12.002
3.355,-10.736,-20.075,-25.946,-16.000,-0.308,-44.297,-18.414,4.413,-15.640,-16.000,-0.002,17.572,-12.024
3.353,-10.713,-20.097,-25.706,-16.000,-0.311,-44.246,-18.349,4.227,-15.594,-16.000,-0.005,17.610,-12.072
3.323,-10.717,-20.053,-25.654,-16.000,-0.311,-44.334,-18.357,4.258,-15.641,-16.000,-0.005,17.614,-12.062
3.350,-10.716,-20.062,-25.658,-16.000,-0.311,-44.314,-18.356,4.227,-15.646,-16.000,-0.005,17.617,-12.063
3.323,-10.721,-20.061,-25.679,-16.000,-0.311,-44.331,-18.358,4.229,-15.642,-16.000,-0.005,17.617,-12.062
3.280,-10.735,-19.941,-25.904,-16.000,-0.310,-44.258,-18.416,4.172,-15.924,-16.000,0.000,17.604,-12.050
3.247,-10.741,-19.874,-25.945,-16.000,-0.310,-44.220,-18.443,4.196,-15.876,-16.000,0.000,17.599,-12.046
3.290,-10.720,-19.785,-25.880,-16.000,-0.311,-44.121,-18.456,4.082,-15.676,-16.000,-0.003,17.587,-12.026
3.255,-10.718,-19.830,-25.861,-16.000,-0.311,-44.102,-18.464,4.040,-15.663,-16.000,-0.003,17.583,-12.028
3.320,-10.709,-19.957,-25.768,-16.000,-0.308,-44.128,-18.483,4.060,-15.682,-16.000,0.001,17.582,-12.021
3.324,-10.709,-19.948,-25.770,-16.000,-0.308,-44.104,-18.487,4.056,-15.670,-16.000,0.001,17.580,-12.020
3.329,-10.709,-19.945,-25.762,-16.000,-0.308,-44.090,-18.489,4.042,-15.662,-16.000,0.001,17.578,-12.019
3.336,-10.708,-19.940,-25.750,-16.000,-0.308,-44.074,-18.492,4.029,-15.654,-16.000,0.001,17.576,-12.017
3.387,-10.744,-19.739,-25.825,-16.000,-0.311,-44.148,-18.480,4.410,-15.759,-16.000,-0.003,17.584,-12.023
3.413,-10.746,-19.827,-25.845,-16.000,-0.311,-44.168,-18.451,4.399,-15.799,-16.000,-0.003,17.590,-12.031
3.417,-10.751,-19.829,-25.857,-16.000,-0.311,-44.205,-18.436,4.477,-15.805,-16.000,-0.003,17.590,-12.031
3.409,-10.731,-19.898,-25.900,-16.000,-0.307,-44.111,-18.403,4.000,-15.588,-16.000,-0.007,17.582,-12.034
3.354,-10.732,-19.898,-25.883,-16.000,-0.307,-44.146,-18.412,4.040,-15.574,-16.000,-0.007,17.576,-12.030
3.348,-10.740,-19.714,-25.702,-16.000,-0.309,-44.081,-18.424,4.094,-15.737,-16.000,-0.001,17.578,-12.032
3.347,-10.739,-19.679,-25.678,-16.000,-0.309,-44.048,-18.436,4.059,-15.702,-16.000,-0.001,17.570,-12.021
3.386,-10.770,-19.659,-25.698,-16.000,-0.311,-43.974,-18.446,4.105,-15.594,-16.000,-0.005,17.578,-12.031
3.347,-10.781,-19.656,-25.738,-16.000,-0.311,-44.009,-18.455,4.135,-15.614,-16.000,-0.005,17.582,-12.034
3.243,-10.750,-20.135,-25.734,-16.000,-0.312,-44.233,-18.489,4.420,-15.578,-16.000,-0.009,17.559,-12.011
3.357,-10.738,-20.125,-25.735,-16.000,-0.312,-44.156,-18.470,4.352,-15.566,-16.000,-0.009,17.565,-12.017
3.296,-10.746,-20.140,-25.742,-16.000,-0.312,-44.193,-18.470,4.381,-15.557,-16.000,-0.009,17.559,-12.014
3.315,-10.743,-20.139,-25.750,-16.000,-0.312,-44.186,-18.467,4.380,-15.561,-16.000,-0.009,17.561,-12.017
3.294,-10.743,-20.137,-25.750,-16.000,-0.312,-44.204,-18.468,4.385,-15.566,-16.000,-0.009,17.561,-12.017
3.301,-10.742,-20.133,-25.746,-16.000,-0.312,-44.204,-18.468,4.380,-15.570,-16.000,-0.009,17.563,-12.018
3.422,-10.744,-20.159,-26.002,-16.000,-0.311,-44.130,-18.416,4.030,-15.629,-16.000,-0.002,17.561,-12.022
3.373,-10.747,-20.181,-25.994,-16.000,-0.311,-44.155,-18.416,4.068,-15.623,-16.000,-0.002,17.556,-12.019
3.411,-10.744,-20.184,-25.993,-16.000,-0.311,-44.136,-18.411,4.074,-15.623,-16.000,-0.002,17.557,-12.021
3.400,-10.746,-20.196,-26.000,-16.000,-0.311,-44.145,-18.407,4.092,-15.622,-16.000,-0.002,17.556,-12.021
3.358,-10.755,-19.956,-26.106,-16.000,-0.312,-44.062,-18.445,4.235,-15.668,-16.000,-0.003,17.536,-11.998
3.423,-10.733,-19.618,-25.882,-16.000,-0.311,-44.047,-18.382,3.889,-15.568,-16.000,-0.005,17.618,-12.072
3.340,-10.749,-19.531,-25.844,-16.000,-0.311,-44.223,-18.404,3.985,-15.662,-16.000,-0.005,17.627,-12.059
3.407,-10.742,-19.531,-25.830,-16.000,-0.311,-44.192,-18.402,3.952,-15.692,-16.000,-0.005,17.637,-12.064
3.321,-10.758,-19.913,-25.748,-16.000,-0.312,-44.293,-18.490,4.565,-15.778,-16.000,-0.002,17.560,-12.000
3.559,-10.747,-19.938,-25.887,-16.000,-0.312,-44.025,-18.406,4.012,-15.671,-16.000,0.001,17.567,-12.020
3.247,-10.757,-20.156,-26.016,-16.000,-0.309,-44.243,-18.422,4.132,-15.806,-16.000,-0.008,17.579,-12.043
3.477,-10.760,-20.063,-26.139,-16.000,-0.314,-44.200,-18.398,4.111,-15.731,-16.000,-0.002,17.626,-12.077
3.403,-10.766,-19.729,-25.806,-16.000,-0.307,-44.180,-18.455,4.471,-15.496,-16.000,-0.001,17.545,-11.980
3.363,-10.788,-20.243,-26.092,-16.000,-0.312,-43.899,-18.425,3.841,-15.388,-16.000,0.000,17.511,-11.976
3.308,-10.789,-20.124,-26.063,-16.000,-0.312,-43.839,-18.461,3.861,-15.278,-16.000,0.000,17.489,-11.959
3.468,-10.763,-19.744,-25.812,-16.000,-0.308,-44.073,-18.438,4.640,-15.282,-16.000,-0.007,17.611,-12.073
3.519,-10.783,-19.769,-25.790,-16.000,-0.308,-44.281,-18.400,4.693,-15.476,-16.000,-0.007,17.636,-12.071
3.397,-10.795,-19.947,-26.001,-16.000,-0.308,-44.120,-18.420,4.157,-15.532,-16.000,-0.002,17.518,-11.957
3.352,-10.776,-19.936,-26.029,-16.000,-0.308,-43.926,-18.447,4.108,-15.343,-16.000,-0.002,17.493,-11.959
3.309,-10.772,-19.925,-26.038,-16.000,-0.308,-43.891,-18.471,4.020,-15.307,-16.000,-0.002,17.488,-11.956
3.336,-10.765,-19.886,-25.990,-16.000,-0.308,-43.832,-18.490,3.958,-15.288,-16.000,-0.002,17.485,-11.950
3.326,-10.762,-19.879,-25.958,-16.000,-0.308,-43.796,-18.503,3.895,-15.266,-16.000,-0.002,17.480,-11.944
3.350,-10.760,-19.860,-25.933,-16.000,-0.308,-43.743,-18.515,3.835,-15.237,-16.000,-0.002,17.474,-11.938
3.351,-10.759,-19.850,-25.915,-16.000,-0.308,-43.701,-18.525,3.789,-15.211,-16.000,-0.002,17.468,-11.932
3.344,-10.757,-19.839,-25.901,-16.000,-0.308,-43.675,-18.534,3.755,-15.193,-16.000,-0.002,17.465,-11.929
3.338,-10.753,-19.827,-25.883,-16.000,-0.308,-43.658,-18.541,3.735,-15.184,-16.000,-0.002,17.463,-11.928
3.346,-10.751,-19.823,-25.868,-16.000,-0.308,-43.638,-18.546,3.715,-15.177,-16.000,-0.002,17.461,-11.926
3.351,-10.751,-19.823,-25.862,-16.000,-0.308,-43.622,-18.549,3.697,-15.167,-16.000,-0.002,17.459,-11.923
3.340,-10.752,-19.824,-25.867,-16.000,-0.308,-43.620,-18.551,3.692,-15.161,-16.000,-0.002,17.458,-11.923
3.433,-10.743,-19.578,-25.628,-16.000,-0.310,-43.709,-18.494,3.873,-15.313,-16.000,-0.007,17.535,-11.986
3.430,-10.752,-19.588,-25.594,-16.000,-0.310,-43.861,-18.473,3.924,-15.433,-16.000,-0.007,17.550,-11.984
3.322,-10.712,-19.965,-25.704,-16.000,-0.306,-43.890,-18.489,3.988,-15.603,-16.000,-0.001,17.542,-12.002
3.348,-10.712,-19.915,-25.744,-16.000,-0.306,-43.913,-18.481,4.040,-15.607,-16.000,-0.001,17.549,-12.006
3.399,-10.720,-19.728,-25.997,-16.000,-0.313,-43.888,-18.457,3.611,-15.495,-16.000,-0.005,17.594,-12.055
3.324,-10.727,-19.643,-25.952,-16.000,-0.313,-43.990,-18.480,3.705,-15.531,-16.000,-0.005,17.595,-12.044
3.342,-10.719,-19.654,-25.948,-16.000,-0.313,-43.979,-18.481,3.666,-15.556,-16.000,-0.005,17.604,-12.050
3.311,-10.713,-19.658,-25.918,-16.000,-0.316,-44.043,-18.465,3.766,-15.766,-16.000,-0.006,17.611,-12.049
3.303,-10.741,-19.784,-25.733,-16.000,-0.309,-44.156,-18.521,4.024,-15.673,-16.000,-0.001,17.537,-11.973
3.425,-10.735,-19.635,-25.925,-16.000,-0.308,-44.008,-18.414,3.620,-15.762,-16.000,-0.000,17.589,-12.039
3.304,-10.757,-19.584,-25.908,-16.000,-0.308,-44.166,-18.422,3.805,-15.790,-16.000,-0.000,17.580,-12.024
3.185,-10.686,-20.241,-25.867,-16.000,-0.309,-44.103,-18.495,4.033,-15.887,-16.000,-0.004,17.579,-12.040
3.319,-10.679,-20.062,-25.829,-16.000,-0.309,-44.026,-18.502,3.999,-15.836,-16.000,-0.004,17.575,-12.026
3.232,-10.686,-20.114,-25.847,-16.000,-0.309,-44.022,-18.514,3.954,-15.820,-16.000,-0.004,17.571,-12.024
3.363,-10.687,-19.632,-25.592,-16.000,-0.308,-43.907,-18.514,3.699,-15.601,-16.000,-0.009,17.579,-12.035
3.233,-10.686,-19.707,-25.538,-16.000,-0.308,-43.970,-18.526,3.657,-15.617,-16.000,-0.009,17.573,-12.032
3.183,-10.692,-20.141,-25.362,-16.000,-0.312,-44.006,-18.570,3.973,-15.561,-16.000,-0.004,17.514,-11.961
3.245,-10.679,-20.206,-25.404,-16.000,-0.312,-43.865,-18.555,3.837,-15.497,-16.000,-0.004,17.513,-11.972
3.214,-10.686,-20.185,-25.399,-16.000,-0.312,-43.873,-18.562,3.850,-15.467,-16.000,-0.004,17.503,-11.964
3.231,-10.683,-20.192,-25.395,-16.000,-0.312,-43.839,-18.566,3.810,-15.456,-16.000,-0.004,17.502,-11.965
3.220,-10.684,-20.181,-25.389,-16.000,-0.312,-43.831,-18.573,3.781,-15.443,-16.000,-0.004,17.499,-11.961
3.420,-10.710,-19.464,-25.972,-16.000,-0.310,-43.750,-18.489,3.499,-15.498,-16.000,-0.003,17.579,-12.023
3.127,-10.751,-19.758,-25.602,-16.000,-0.312,-44.136,-18.560,4.081,-15.514,-16.000,-0.006,17.534,-11.983
3.399,-10.712,-19.759,-25.553,-16.000,-0.312,-43.976,-18.523,3.902,-15.527,-16.000,-0.006,17.552,-12.000
3.257,-10.726,-19.782,-25.550,-16.000,-0.312,-44.064,-18.521,3.987,-15.512,-16.000,-0.006,17.540,-11.990
3.312,-10.721,-19.796,-25.577,-16.000,-0.312,-44.045,-18.511,3.993,-15.521,-16.000,-0.006,17.545,-11.998
3.263,-10.726,-19.804,-25.600,-16.000,-0.312,-44.095,-18.507,4.031,-15.533,-16.000,-0.006,17.547,-12.000
3.282,-10.724,-19.802,-25.605,-16.000,-0.312,-44.105,-18.502,4.048,-15.550,-16.000,-0.006,17.551,-12.003
3.400,-10.748,-19.666,-25.763,-16.000,-0.309,-43.832,-18.503,3.583,-15.305,-16.000,-0.003,17.517,-11.963
3.249,-10.755,-19.735,-25.803,-16.000,-0.309,-43.808,-18.529,3.627,-15.232,-16.000,-0.003,17.500,-11.965
3.332,-10.743,-19.694,-25.769,-16.000,-0.309,-43.742,-18.537,3.567,-15.221,-16.000,-0.003,17.500,-11.965
3.329,-10.743,-19.694,-25.727,-16.000,-0.309,-43.706,-18.547,3.519,-15.197,-16.000,-0.003,17.492,-11.957
3.254,-10.710,-19.953,-25.771,-16.000,-0.308,-43.785,-18.532,3.773,-15.457,-16.000,-0.005,17.511,-11.973
3.361,-10.709,-19.939,-25.754,-16.000,-0.308,-43.782,-18.506,3.738,-15.484,-16.000,-0.005,17.518,-11.971
3.333,-10.717,-19.965,-25.771,-16.000,-0.308,-43.803,-18.497,3.797,-15.479,-16.000,-0.005,17.513,-11.969
3.333,-10.718,-19.981,-25.802,-16.000,-0.308,-43.823,-18.486,3.839,-15.489,-16.000,-0.005,17.516,-11.975
3.326,-10.719,-19.987,-25.817,-16.000,-0.308,-43.853,-18.479,3.875,-15.505,-16.000,-0.005,17.519,-11.978
3.333,-10.719,-19.994,-25.822,-16.000,-0.308,-43.870,-18.472,3.907,-15.520,-16.000,-0.005,17.522,-11.981
3.330,-10.721,-20.008,-25.835,-16.000,-0.308,-43.891,-18.466,3.927,-15.529,-16.000,-0.005,17.524,-11.983
3.327,-10.723,-20.012,-25.847,-16.000,-0.308,-43.909,-18.461,3.949,-15.538,-16.000,-0.005,17.526,-11.985
3.325,-10.723,-20.016,-25.855,-16.000,-0.308,-43.924,-18.457,3.965,-15.547,-16.000,-0.005,17.528,-11.987
3.194,-10.734,-20.170,-25.874,-16.000,-0.307,-43.909,-18.534,3.717,-15.638,-16.000,-0.004,17.530,-11.999
3.194,-10.738,-20.011,-25.872,-16.000,-0.307,-43.890,-18.573,3.761,-15.609,-16.000,-0.004,17.530,-11.990
3.172,-10.733,-20.016,-25.857,-16.000,-0.307,-43.863,-18.592,3.671,-15.616,-16.000,-0.004,17.533,-11.991
3.180,-10.728,-19.971,-25.813,-16.000,-0.307,-43.837,-18.607,3.624,-15.605,-16.000,-0.004,17.531,-11.985
3.366,-10.714,-19.576,-25.619,-16.000,-0.305,-44.057,-18.538,4.022,-15.839,-16.000,-0.001,17.607,-12.060
3.405,-10.715,-19.614,-25.570,-16.000,-0.305,-44.194,-18.505,4.015,-15.981,-16.000,-0.001,17.627,-12.061
3.403,-10.717,-19.621,-25.571,-16.000,-0.305,-44.247,-18.485,4.111,-16.009,-16.000,-0.001,17.631,-12.063
3.244,-10.728,-19.659,-25.671,-16.000,-0.307,-44.083,-18.510,4.059,-15.628,-16.000,-0.001,17.529,-11.950
3.164,-10.685,-20.031,-25.718,-16.000,-0.307,-43.873,-18.516,3.685,-15.627,-16.000,-0.002,17.565,-12.045
3.289,-10.690,-19.674,-25.601,-16.000,-0.316,-44.045,-18.528,3.958,-15.640,-16.000,-0.002,17.554,-12.003
3.313,-10.688,-19.798,-25.805,-16.000,-0.323,-43.967,-18.517,3.683,-15.889,-16.000,0.009,17.572,-12.021
3.293,-10.684,-19.692,-25.698,-16.000,-0.321,-44.010,-18.545,3.918,-15.657,-16.000,0.022,17.549,-12.005
3.429,-10.726,-19.466,-25.829,-16.000,-0.301,-43.969,-18.489,3.763,-15.518,-16.000,-0.011,17.601,-12.034
3.134,-10.737,-19.717,-25.367,-16.000,-0.314,-43.970,-18.575,3.506,-15.565,-16.000,0.012,17.506,-11.950
3.439,-10.748,-19.406,-25.491,-16.000,-0.315,-43.823,-18.543,3.503,-15.339,-16.000,-0.008,17.510,-11.943
3.088,-10.678,-19.680,-25.295,-16.000,-0.304,-43.979,-18.585,3.881,-15.660,-16.000,-0.009,17.527,-11.998
3.581,-10.713,-19.833,-25.536,-16.000,-0.312,-43.826,-18.524,3.978,-15.217,-16.000,0.007,17.530,-11.960
3.317,-10.701,-19.740,-25.406,-16.000,-0.319,-43.810,-18.467,3.492,-15.446,-16.000,0.024,17.531,-11.999
3.422,-10.720,-19.395,-25.473,-16.000,-0.313,-43.948,-18.526,3.829,-15.439,-16.000,-0.004,17.557,-12.002
3.304,-10.753,-19.769,-25.572,-16.000,-0.313,-43.896,-18.547,3.901,-15.428,-16.000,0.003,17.530,-11.969
3.312,-10.737,-19.760,-25.796,-16.000,-0.311,-43.808,-18.514,3.372,-15.693,-16.000,0.006,17.522,-11.985
3.381,-10.745,-19.521,-25.757,-16.000,-0.311,-43.972,-18.502,3.764,-15.698,-16.000,0.006,17.555,-12.005
3.414,-10.774,-19.752,-25.783,-16.000,-0.319,-43.899,-18.546,3.939,-15.213,-16.000,0.012,17.507,-11.948
3.391,-10.776,-19.681,-25.688,-16.000,-0.310,-43.991,-18.501,4.083,-15.474,-16.000,-0.003,17.551,-12.008
3.395,-10.746,-19.640,-25.929,-16.000,-0.315,-44.081,-18.484,4.003,-15.607,-16.000,0.006,17.581,-12.022
3.423,-10.778,-19.705,-25.617,-16.000,-0.316,-44.092,-18.550,4.438,-15.509,-16.000,0.005,17.516,-11.949
3.434,-10.769,-19.850,-25.683,-16.000,-0.316,-43.995,-18.524,4.375,-15.466,-16.000,0.005,17.514,-11.968
3.426,-10.694,-19.795,-25.856,-16.000,-0.313,-44.090,-18.457,4.260,-15.630,-16.000,-0.003,17.605,-12.061
3.521,-10.785,-19.704,-25.913,-16.000,-0.322,-44.291,-18.426,4.318,-15.661,-16.000,0.017,17.561,-11.991
3.491,-10.784,-19.815,-26.006,-16.000,-0.322,-44.225,-18.412,4.311,-15.644,-16.000,0.017,17.567,-12.010
3.438,-10.756,-19.737,-25.686,-16.000,-0.309,-44.240,-18.434,4.392,-15.696,-16.000,0.002,17.592,-12.034
3.433,-10.747,-19.955,-25.654,-16.000,-0.311,-44.163,-18.447,4.284,-15.514,-16.000,-0.003,17.557,-12.006
3.396,-10.733,-19.676,-25.470,-16.000,-0.308,-44.031,-18.449,3.978,-15.594,-16.000,-0.002,17.561,-12.018
3.348,-10.740,-19.774,-25.737,-16.000,-0.312,-43.989,-18.488,3.770,-15.383,-16.000,-0.001,17.536,-11.985
3.294,-10.708,-19.960,-25.790,-16.000,-0.311,-43.973,-18.518,3.764,-15.633,-16.000,-0.004,17.566,-12.027
3.435,-10.752,-19.622,-25.608,-16.000,-0.313,-44.022,-18.503,4.024,-15.557,-16.000,0.008,17.545,-11.976
3.323,-10.731,-19.725,-25.638,-16.000,-0.310,-44.086,-18.510,4.060,-15.678,-16.000,-0.002,17.543,-12.002
3.424,-10.695,-19.561,-25.677,-16.000,-0.310,-43.985,-18.448,3.822,-15.801,-16.000,0.002,17.610,-12.060
3.456,-10.758,-19.517,-25.713,-16.000,-0.315,-44.244,-18.467,4.264,-15.627,-16.000,0.003,17.589,-12.007
3.423,-10.709,-19.894,-25.799,-16.000,-0.318,-44.099,-18.453,4.110,-15.732,-16.000,0.002,17.616,-12.064
3.468,-10.740,-19.616,-25.509,-16.000,-0.313,-44.052,-18.461,3.879,-15.580,-16.000,0.001,17.573,-12.001
3.353,-10.743,-19.923,-25.650,-16.000,-0.314,-44.157,-18.449,4.233,-15.616,-16.000,-0.001,17.576,-12.034
3.373,-10.734,-20.029,-25.693,-16.000,-0.317,-44.160,-18.425,4.045,-15.772,-16.000,0.004,17.585,-12.042
3.299,-10.735,-20.012,-25.708,-16.000,-0.316,-44.247,-18.486,4.276,-15.811,-16.000,-0.000,17.577,-12.017
3.427,-10.768,-19.618,-25.779,-16.000,-0.313,-44.079,-18.457,3.946,-15.756,-16.000,-0.003,17.556,-11.991
3.435,-10.752,-19.635,-25.808,-16.000,-0.318,-44.187,-18.425,4.460,-15.531,-16.000,0.014,17.575,-12.027
3.522,-10.712,-19.901,-25.655,-16.000,-0.321,-44.185,-18.430,4.296,-15.818,-16.000,0.007,17.587,-12.045
3.512,-10.725,-19.762,-25.798,-16.000,-0.314,-44.131,-18.397,4.123,-15.614,-16.000,0.001,17.614,-12.062
3.422,-10.760,-19.840,-25.808,-16.000,-0.315,-44.260,-18.414,4.050,-15.816,-16.000,0.005,17.614,-12.063
3.401,-10.765,-19.635,-25.836,-16.000,-0.311,-44.229,-18.438,4.407,-15.691,-16.000,0.006,17.561,-11.998
3.299,-10.723,-20.130,-25.898,-16.000,-0.319,-44.112,-18.442,3.991,-15.891,-16.000,0.008,17.578,-12.044
3.452,-10.758,-19.775,-25.771,-16.000,-0.315,-44.253,-18.425,4.509,-15.656,-16.000,0.003,17.603,-12.049
3.433,-10.778,-19.739,-25.927,-16.000,-0.313,-44.194,-18.402,3.980,-15.778,-16.000,0.014,17.598,-12.031
3.401,-10.778,-19.836,-26.118,-16.000,-0.312,-44.247,-18.421,4.270,-15.524,-16.000,-0.007,17.580,-12.017
3.354,-10.767,-20.000,-25.773,-16.000,-0.311,-44.178,-18.443,4.095,-15.561,-16.000,-0.008,17.584,-12.037
3.582,-10.771,-19.596,-25.616,-16.000,-0.327,-44.161,-18.409,4.193,-15.468,-16.000,0.011,17.596,-12.033
3.199,-10.752,-20.056,-25.780,-16.000,-0.324,-44.238,-18.486,4.202,-15.729,-16.000,0.005,17.544,-12.001
3.631,-10.750,-19.654,-25.659,-16.000,-0.314,-44.089,-18.473,4.295,-15.500,-16.000,0.003,17.536,-11.984
3.343,-10.792,-19.840,-25.824,-16.000,-0.315,-43.981,-18.458,4.038,-15.556,-16.000,-0.001,17.517,-11.974
3.258,-10.709,-19.933,-25.835,-16.000,-0.315,-44.037,-18.480,3.842,-15.760,-16.000,0.010,17.535,-12.012
3.392,-10.722,-19.829,-25.850,-16.000,-0.316,-43.996,-18.525,4.062,-15.463,-16.000,0.007,17.535,-11.995
3.378,-10.746,-19.859,-25.767,-16.000,-0.313,-44.108,-18.491,4.059,-15.559,-16.000,0.009,17.568,-12.022
3.449,-10.728,-19.823,-25.832,-16.000,-0.312,-44.217,-18.440,4.121,-15.786,-16.000,-0.002,17.610,-12.053
3.432,-10.766,-19.726,-25.663,-16.000,-0.312,-44.225,-18.495,4.257,-15.546,-16.000,0.002,17.559,-11.992
3.402,-10.736,-19.926,-25.792,-16.000,-0.319,-44.113,-18.484,3.883,-15.447,-16.000,0.005,17.555,-12.015
3.380,-10.738,-19.803,-25.773,-16.000,-0.319,-44.124,-18.506,3.930,-15.414,-16.000,0.005,17.549,-12.003
3.439,-10.740,-19.699,-25.767,-16.000,-0.317,-44.073,-18.451,3.870,-15.768,-16.000,-0.004,17.577,-12.024
3.339,-10.705,-19.891,-25.768,-16.000,-0.315,-44.055,-18.495,3.811,-15.478,-16.000,0.007,17.546,-12.005
3.314,-10.744,-19.901,-26.013,-16.000,-0.311,-44.068,-18.488,3.895,-15.810,-16.000,0.007,17.547,-11.999
3.521,-10.714,-19.546,-25.876,-16.000,-0.317,-44.191,-18.449,4.071,-15.663,-16.000,0.007,17.633,-12.072
3.476,-10.727,-19.578,-25.860,-16.000,-0.317,-44.380,-18.433,4.155,-15.807,-16.000,0.007,17.651,-12.075
3.188,-10.698,-19.958,-25.679,-16.000,-0.315,-44.148,-18.538,4.061,-15.741,-16.000,0.001,17.558,-12.008
3.422,-10.698,-19.648,-25.686,-16.000,-0.316,-43.887,-18.494,3.719,-15.719,-16.000,0.004,17.558,-12.004
3.234,-10.704,-19.846,-25.863,-16.000,-0.310,-44.054,-18.482,3.892,-15.672,-16.000,0.001,17.558,-12.006
3.334,-10.713,-19.690,-25.668,-16.000,-0.312,-44.144,-18.522,4.160,-15.852,-16.000,0.006,17.559,-12.004
3.320,-10.728,-20.037,-25.634,-16.000,-0.314,-44.222,-18.485,4.310,-15.556,-16.000,0.004,17.540,-11.988
3.454,-10.695,-19.906,-25.526,-16.000,-0.314,-44.092,-18.475,4.435,-15.560,-16.000,0.001,17.546,-12.000
3.402,-10.711,-19.969,-25.755,-16.000,-0.311,-44.093,-18.459,4.128,-15.673,-16.000,-0.003,17.547,-12.008
3.309,-10.709,-19.840,-25.851,-16.000,-0.312,-44.083,-18.474,4.041,-15.568,-16.000,0.002,17.552,-12.014
3.297,-10.709,-20.026,-25.710,-16.000,-0.311,-44.092,-18.481,3.754,-15.739,-16.000,0.005,17.554,-12.011
3.407,-10.724,-19.626,-25.520,-16.000,-0.312,-44.046,-18.490,3.944,-15.678,-16.000,0.007,17.566,-12.022
3.206,-10.671,-19.796,-25.656,-16.000,-0.312,-43.972,-18.524,3.516,-15.761,-16.000,-0.001,17.565,-12.016
3.246,-10.693,-19.727,-25.370,-16.000,-0.316,-44.008,-18.563,3.586,-15.718,-16.000,0.007,17.554,-12.001
3.307,-10.666,-19.597,-25.644,-16.000,-0.313,-43.895,-18.567,3.694,-15.555,-16.000,0.001,17.574,-12.017
3.349,-10.729,-19.632,-25.658,-16.000,-0.309,-44.170,-18.529,4.160,-15.469,-16.000,0.003,17.554,-11.987
3.393,-10.683,-19.916,-25.982,-16.000,-0.315,-44.064,-18.496,3.824,-15.858,-16.000,0.008,17.603,-12.057
3.341,-10.707,-19.675,-25.568,-16.000,-0.312,-44.239,-18.490,3.906,-15.671,-16.000,-0.000,17.614,-12.047
3.312,-10.742,-19.812,-25.726,-16.000,-0.315,-44.196,-18.510,4.229,-15.600,-16.000,-0.000,17.545,-11.975
3.323,-10.733,-19.856,-25.747,-16.000,-0.311,-43.935,-18.476,3.804,-15.598,-16.000,0.004,17.564,-12.021
3.213,-10.733,-19.855,-25.729,-16.000,-0.312,-44.044,-18.534,3.797,-15.557,-16.000,0.002,17.521,-11.976
3.274,-10.718,-19.852,-25.711,-16.000,-0.312,-43.924,-18.548,3.691,-15.516,-16.000,0.002,17.520,-11.979
3.338,-10.684,-19.574,-25.756,-16.000,-0.306,-43.973,-18.526,3.695,-15.791,-16.000,-0.008,17.607,-12.059
3.277,-10.730,-19.572,-25.353,-16.000,-0.311,-43.992,-18.568,3.821,-15.617,-16.000,-0.003,17.524,-11.957
3.174,-10.683,-19.900,-25.589,-16.000,-0.313,-43.817,-18.586,3.780,-15.520,-16.000,0.001,17.525,-11.995
3.182,-10.686,-19.745,-25.565,-16.000,-0.313,-43.808,-18.608,3.792,-15.473,-16.000,0.001,17.514,-11.975
3.136,-10.622,-19.968,-25.570,-16.000,-0.307,-43.795,-18.591,3.473,-15.710,-16.000,-0.005,17.524,-11.989
3.383,-10.637,-19.576,-25.462,-16.000,-0.326,-43.938,-18.555,3.673,-15.594,-16.000,0.018,17.567,-12.014
3.327,-10.688,-19.662,-25.749,-16.000,-0.313,-43.961,-18.547,3.470,-15.791,-16.000,0.003,17.576,-12.008
3.333,-10.754,-19.711,-25.648,-16.000,-0.312,-43.873,-18.556,3.761,-15.337,-16.000,-0.004,17.514,-11.961
3.357,-10.677,-19.620,-25.453,-16.000,-0.319,-43.900,-18.521,3.747,-15.493,-16.000,0.007,17.565,-12.025
3.238,-10.694,-19.613,-25.409,-16.000,-0.308,-43.830,-18.537,3.446,-15.740,-16.000,-0.005,17.552,-11.993
3.315,-10.669,-19.769,-25.625,-16.000,-0.318,-43.986,-18.525,3.571,-15.647,-16.000,0.009,17.582,-12.023
3.232,-10.712,-19.722,-25.561,-16.000,-0.310,-44.059,-18.544,3.791,-15.581,-16.000,-0.000,17.552,-11.989
3.234,-10.672,-19.823,-25.549,-16.000,-0.308,-44.086,-18.555,4.086,-15.682,-16.000,-0.002,17.563,-12.015
3.315,-10.703,-19.525,-25.544,-16.000,-0.307,-43.978,-18.539,3.711,-15.682,-16.000,-0.009,17.536,-11.969
3.259,-10.688,-19.750,-25.532,-16.000,-0.317,-44.092,-18.521,3.860,-15.584,-16.000,0.007,17.536,-11.994
3.369,-10.731,-19.856,-25.589,-16.000,-0.309,-44.009,-18.512,3.921,-15.418,-16.000,0.000,17.520,-11.961
3.217,-10.648,-19.892,-25.343,-16.000,-0.313,-44.040,-18.519,3.979,-15.500,-16.000,0.000,17.555,-12.020
3.305,-10.667,-19.910,-25.400,-16.000,-0.312,-44.008,-18.513,3.724,-15.679,-16.000,-0.001,17.536,-11.983
3.342,-10.674,-19.961,-25.400,-16.000,-0.306,-43.956,-18.484,3.765,-15.592,-16.000,-0.001,17.558,-12.015
3.335,-10.710,-19.833,-25.546,-16.000,-0.318,-44.019,-18.503,3.732,-15.738,-16.000,0.003,17.559,-12.005
3.202,-10.636,-19.798,-25.509,-16.000,-0.312,-43.918,-18.516,3.497,-15.613,-16.000,0.000,17.536,-11.993
3.321,-10.726,-19.885,-25.679,-16.000,-0.314,-43.907,-18.562,3.546,-15.489,-16.000,0.001,17.506,-11.950
3.177,-10.703,-19.885,-25.578,-16.000,-0.313,-43.885,-18.526,3.636,-15.586,-16.000,0.001,17.556,-12.022
3.258,-10.703,-19.904,-25.657,-16.000,-0.310,-43.925,-18.566,3.506,-15.565,-16.000,0.009,17.512,-11.966
3.347,-10.680,-19.634,-25.591,-16.000,-0.310,-43.842,-18.527,3.560,-15.618,-16.000,0.001,17.580,-12.029
3.279,-10.732,-19.791,-25.524,-16.000,-0.319,-43.990,-18.567,3.885,-15.514,-16.000,0.004,17.527,-11.959
3.388,-10.709,-19.731,-25.684,-16.000,-0.305,-43.929,-18.524,3.841,-15.594,-16.000,-0.007,17.554,-12.001
3.329,-10.723,-19.724,-25.680,-16.000,-0.305,-44.036,-18.522,3.939,-15.625,-16.000,-0.007,17.551,-11.994
3.394,-10.696,-19.820,-25.695,-16.000,-0.315,-43.959,-18.482,3.762,-15.621,-16.000,0.004,17.570,-12.016
3.159,-10.684,-19.991,-25.655,-16.000,-0.310,-44.115,-18.527,3.935,-15.617,-16.000,0.003,17.550,-12.005
3.303,-10.667,-19.914,-25.630,-16.000,-0.310,-44.026,-18.523,3.883,-15.590,-16.000,0.003,17.553,-12.005
3.330,-10.693,-19.948,-25.555,-16.000,-0.313,-44.174,-18.540,4.179,-15.591,-16.000,0.000,17.554,-11.995
3.502,-10.708,-19.427,-25.669,-16.000,-0.314,-44.168,-18.461,4.382,-15.601,-16.000,0.001,17.577,-12.018
3.440,-10.732,-19.706,-25.627,-16.000,-0.313,-44.079,-18.445,3.855,-15.762,-16.000,-0.007,17.579,-12.024
3.274,-10.718,-19.925,-25.873,-16.000,-0.314,-43.982,-18.471,3.911,-15.573,-16.000,0.002,17.503,-11.962
3.335,-10.700,-19.944,-25.875,-16.000,-0.314,-43.801,-18.479,3.803,-15.464,-16.000,0.002,17.490,-11.963
3.229,-10.684,-19.854,-25.575,-16.000,-0.311,-43.983,-18.499,3.979,-15.824,-16.000,0.001,17.552,-12.023
3.263,-10.737,-20.048,-25.489,-16.000,-0.311,-43.907,-18.537,3.787,-15.421,-16.000,0.004,17.509,-11.968
3.440,-10.702,-19.948,-25.661,-16.000,-0.315,-44.130,-18.501,4.086,-15.688,-16.000,0.003,17.575,-12.032
3.525,-10.733,-19.611,-25.898,-16.000,-0.316,-43.994,-18.432,3.526,-15.395,-16.000,-0.002,17.585,-12.011
3.155,-10.734,-19.978,-25.715,-16.000,-0.314,-44.178,-18.499,3.969,-15.765,-16.000,0.002,17.556,-12.010
3.483,-10.682,-19.801,-25.757,-16.000,-0.314,-44.081,-18.476,3.985,-15.613,-16.000,0.001,17.608,-12.061
3.364,-10.706,-19.781,-25.756,-16.000,-0.314,-44.204,-18.481,4.087,-15.649,-16.000,0.001,17.605,-12.045
3.344,-10.718,-19.849,-25.724,-16.000,-0.314,-44.172,-18.499,3.979,-15.698,-16.000,0.010,17.576,-12.013
3.318,-10.724,-19.637,-25.631,-16.000,-0.318,-44.245,-18.497,4.184,-15.761,-16.000,0.003,17.627,-12.070
3.429,-10.712,-19.693,-25.606,-16.000,-0.313,-44.318,-18.416,3.956,-15.691,-16.000,0.003,17.622,-12.060
3.165,-10.678,-19.810,-25.623,-16.000,-0.315,-44.290,-18.482,3.942,-15.978,-16.000,0.005,17.597,-12.049
3.291,-10.689,-19.895,-25.758,-16.000,-0.306,-44.157,-18.490,4.067,-15.848,-16.000,0.002,17.563,-11.997
3.352,-10.755,-19.743,-25.702,-16.000,-0.309,-44.299,-18.468,4.292,-15.520,-16.000,-0.001,17.562,-11.999
3.253,-10.704,-19.720,-25.683,-16.000,-0.311,-44.087,-18.473,3.647,-15.728,-16.000,0.002,17.590,-12.060
3.215,-10.709,-19.500,-25.592,-16.000,-0.311,-44.124,-18.524,3.733,-15.688,-16.000,0.002,17.577,-12.032
3.294,-10.706,-19.784,-25.632,-16.000,-0.316,-44.150,-18.515,3.900,-15.679,-16.000,0.011,17.568,-12.004
3.263,-10.718,-20.016,-25.456,-16.000,-0.312,-44.044,-18.535,3.953,-15.632,-16.000,-0.004,17.558,-12.003
3.347,-10.730,-19.490,-25.627,-16.000,-0.310,-44.103,-18.459,4.006,-15.550,-16.000,0.000,17.567,-12.010
3.232,-10.673,-19.903,-25.450,-16.000,-0.305,-44.182,-18.511,4.161,-15.800,-16.000,-0.014,17.586,-12.040
3.432,-10.703,-19.709,-25.526,-16.000,-0.324,-44.139,-18.508,4.004,-15.663,-16.000,0.022,17.577,-12.012
3.368,-10.731,-19.112,-25.566,-16.000,-0.321,-44.003,-18.484,4.072,-15.624,-16.000,0.001,17.569,-12.001
3.323,-10.728,-19.214,-25.570,-16.000,-0.321,-44.023,-18.484,4.044,-15.634,-16.000,0.001,17.566,-12.008
3.301,-10.706,-20.007,-25.696,-16.000,-0.318,-44.100,-18.482,3.952,-15.819,-16.000,0.008,17.573,-12.032
3.422,-10.681,-19.615,-25.366,-16.000,-0.312,-44.087,-18.490,4.208,-15.653,-16.000,0.004,17.556,-11.992
3.264,-10.718,-19.687,-25.604,-16.000,-0.312,-44.015,-18.450,3.742,-15.688,-16.000,0.000,17.578,-12.030
3.215,-10.695,-19.678,-25.518,-16.000,-0.309,-44.059,-18.507,3.740,-15.673,-16.000,0.001,17.574,-12.030
3.303,-10.723,-19.563,-25.588,-16.000,-0.314,-44.004,-18.544,3.958,-15.668,-16.000,0.007,17.538,-11.981
3.199,-10.702,-19.924,-25.589,-16.000,-0.314,-44.009,-18.515,3.938,-15.733,-16.000,0.001,17.549,-11.991
3.291,-10.695,-19.795,-25.678,-16.000,-0.310,-44.083,-18.512,3.821,-15.686,-16.000,0.004,17.535,-11.980
3.428,-10.738,-19.765,-25.388,-16.000,-0.320,-43.966,-18.510,3.871,-15.669,-16.000,0.003,17.545,-11.982
3.232,-10.690,-19.836,-25.735,-16.000,-0.308,-43.934,-18.498,3.557,-15.780,-16.000,-0.001,17.559,-12.022
3.341,-10.723,-19.917,-25.609,-16.000,-0.327,-43.987,-18.551,3.792,-15.563,-16.000,0.017,17.517,-11.957
3.304,-10.722,-20.021,-25.689,-16.000,-0.327,-43.883,-18.547,3.703,-15.527,-16.000,0.017,17.519,-11.972
3.377,-10.734,-19.729,-25.734,-16.000,-0.309,-43.866,-18.507,3.741,-15.536,-16.000,-0.005,17.533,-11.972
3.211,-10.701,-19.792,-25.333,-16.000,-0.297,-43.909,-18.566,3.969,-15.470,-16.000,-0.018,17.502,-11.957
3.328,-10.701,-19.928,-25.711,-16.000,-0.297,-43.852,-18.539,3.858,-15.603,-16.000,-0.018,17.529,-11.990
3.379,-10.697,-19.852,-25.479,-16.000,-0.317,-43.811,-18.500,3.595,-15.494,-16.000,0.011,17.499,-11.959
3.235,-10.695,-20.013,-25.699,-16.000,-0.308,-43.836,-18.541,3.526,-15.464,-16.000,0.002,17.528,-12.006
3.421,-10.752,-19.676,-25.521,-16.000,-0.313,-43.977,-18.551,3.882,-15.279,-16.000,0.008,17.520,-11.961
3.342,-10.721,-19.940,-25.771,-16.000,-0.314,-43.803,-18.512,3.679,-15.558,-16.000,-0.001,17.557,-12.009
3.355,-10.724,-19.855,-25.675,-16.000,-0.316,-43.948,-18.494,3.912,-15.379,-16.000,0.014,17.523,-11.967
3.327,-10.723,-19.946,-25.725,-16.000,-0.316,-43.886,-18.491,3.875,-15.362,-16.000,0.014,17.524,-11.976
3.276,-10.727,-20.020,-25.685,-16.000,-0.312,-43.987,-18.504,3.596,-15.690,-16.000,0.003,17.567,-12.041
3.450,-10.748,-19.512,-25.651,-16.000,-0.312,-43.947,-18.529,3.955,-15.414,-16.000,0.008,17.535,-11.964
3.329,-10.708,-19.587,-25.607,-16.000,-0.315,-43.917,-18.503,3.875,-15.574,-16.000,0.000,17.553,-12.000
3.391,-10.699,-19.523,-25.544,-16.000,-0.315,-43.976,-18.492,3.869,-15.609,-16.000,0.000,17.557,-11.994
3.255,-10.661,-19.954,-25.599,-16.000,-0.313,-44.033,-18.534,3.765,-15.742,-16.000,0.003,17.560,-12.020
3.315,-10.660,-19.822,-25.597,-16.000,-0.313,-44.022,-18.545,3.790,-15.729,-16.000,0.003,17.563,-12.013
3.352,-10.709,-19.566,-25.549,-16.000,-0.304,-44.046,-18.488,4.110,-15.747,-16.000,-0.004,17.548,-11.976
3.226,-10.688,-19.974,-25.654,-16.000,-0.312,-44.037,-18.495,3.986,-15.643,-16.000,0.003,17.526,-11.984
3.278,-10.697,-19.928,-25.555,-16.000,-0.315,-44.148,-18.512,3.933,-15.463,-16.000,0.009,17.523,-11.977
3.458,-10.687,-19.614,-25.509,-16.000,-0.316,-44.037,-18.476,4.076,-15.437,-16.000,0.005,17.572,-12.022
3.268,-10.760,-20.007,-25.801,-16.000,-0.315,-44.060,-18.518,3.769,-15.662,-16.000,0.001,17.521,-11.963
3.386,-10.677,-19.847,-25.597,-16.000,-0.310,-44.160,-18.472,4.140,-15.751,-16.000,0.001,17.611,-12.065
3.380,-10.727,-19.847,-25.611,-16.000,-0.315,-44.204,-18.465,3.847,-15.757,-16.000,0.005,17.578,-12.018
3.383,-10.732,-19.625,-25.677,-16.000,-0.314,-44.059,-18.467,3.886,-15.645,-16.000,-0.002,17.570,-12.016
3.226,-10.719,-19.730,-25.611,-16.000,-0.311,-44.212,-18.477,4.182,-15.630,-16.000,0.005,17.560,-12.005
3.306,-10.712,-19.736,-25.629,-16.000,-0.311,-44.153,-18.465,4.137,-15.624,-16.000,0.005,17.563,-12.011
3.350,-10.678,-19.947,-25.611,-16.000,-0.314,-44.129,-18.465,3.913,-15.655,-16.000,0.001,17.573,-12.033
3.288,-10.690,-19.928,-25.571,-16.000,-0.314,-44.092,-18.499,3.779,-15.527,-16.000,-0.000,17.562,-12.009
3.279,-10.690,-19.889,-25.564,-16.000,-0.314,-44.039,-18.520,3.750,-15.484,-16.000,-0.000,17.555,-12.002
3.392,-10.753,-19.519,-25.732,-16.000,-0.316,-43.806,-18.503,3.760,-15.382,-16.000,0.003,17.517,-11.957
3.177,-10.751,-19.998,-25.767,-16.000,-0.317,-44.033,-18.544,4.101,-15.604,-16.000,0.004,17.519,-11.979
3.411,-10.729,-19.849,-25.743,-16.000,-0.317,-44.061,-18.505,4.158,-15.717,-16.000,0.004,17.566,-12.016
3.416,-10.751,-19.678,-25.670,-16.000,-0.305,-43.989,-18.480,4.004,-15.542,-16.000,-0.007,17.560,-12.002
3.387,-10.725,-19.817,-26.002,-16.000,-0.325,-44.079,-18.475,4.088,-15.585,-16.000,0.023,17.563,-12.018
3.271,-10.724,-19.635,-25.866,-16.000,-0.310,-43.953,-18.486,3.836,-15.657,-16.000,0.002,17.555,-12.001
3.226,-10.729,-20.008,-25.720,-16.000,-0.313,-44.059,-18.546,4.065,-15.501,-16.000,0.006,17.509,-11.962
3.377,-10.727,-19.645,-25.548,-16.000,-0.312,-43.977,-18.494,4.067,-15.496,-16.000,-0.002,17.537,-11.982
3.337,-10.688,-19.734,-25.326,-16.000,-0.305,-44.019,-18.531,4.056,-15.669,-16.000,-0.007,17.562,-12.013
3.414,-10.718,-19.753,-25.558,-16.000,-0.311,-44.000,-18.484,3.831,-15.457,-16.000,-0.002,17.558,-12.003
3.249,-10.713,-19.832,-25.598,-16.000,-0.312,-44.077,-18.481,3.746,-15.785,-16.000,0.008,17.553,-12.021
3.405,-10.685,-19.798,-25.680,-16.000,-0.321,-44.116,-18.477,3.918,-15.927,-16.000,0.012,17.597,-12.050
3.335,-10.728,-19.609,-25.715,-16.000,-0.313,-44.180,-18.488,3.949,-15.577,-16.000,0.009,17.559,-11.990
3.300,-10.720,-19.720,-25.761,-16.000,-0.313,-44.137,-18.482,3.913,-15.551,-16.000,0.009,17.558,-12.005
3.328,-10.676,-19.646,-25.617,-16.000,-0.313,-44.127,-18.478,3.863,-15.590,-16.000,-0.001,17.554,-12.000
3.383,-10.713,-19.765,-25.495,-16.000,-0.314,-44.124,-18.449,4.069,-15.829,-16.000,0.006,17.595,-12.038
3.290,-10.706,-19.791,-25.772,-16.000,-0.307,-44.203,-18.462,4.000,-15.565,-16.000,-0.003,17.594,-12.030
3.383,-10.688,-19.847,-25.838,-16.000,-0.323,-44.253,-18.461,3.988,-15.838,-16.000,0.012,17.593,-12.038
3.304,-10.731,-19.974,-25.659,-16.000,-0.321,-44.197,-18.489,4.427,-15.441,-16.000,0.007,17.519,-11.961
3.284,-10.667,-19.728,-25.777,-16.000,-0.316,-44.019,-18.475,3.927,-15.721,-16.000,0.001,17.573,-12.032
3.269,-10.711,-20.019,-25.688,-16.000,-0.311,-44.153,-18.488,3.888,-15.547,-16.000,0.002,17.583,-12.041
3.284,-10.706,-19.498,-25.430,-16.000,-0.308,-43.990,-18.494,3.616,-15.775,-16.000,-0.002,17.570,-12.021
3.276,-10.727,-19.856,-25.661,-16.000,-0.316,-44.188,-18.495,3.733,-15.742,-16.000,0.008,17.579,-12.019
3.204,-10.684,-19.841,-25.654,-16.000,-0.312,-43.949,-18.547,3.501,-15.643,-16.000,0.003,17.532,-11.995
3.370,-10.714,-19.626,-25.479,-16.000,-0.316,-43.955,-18.529,3.736,-15.801,-16.000,0.007,17.571,-12.008
3.309,-10.772,-19.486,-25.652,-16.000,-0.316,-43.897,-18.559,3.931,-15.410,-16.000,0.008,17.508,-11.945
3.314,-10.717,-19.618,-25.526,-16.000,-0.311,-43.855,-18.532,3.670,-15.412,-16.000,0.002,17.547,-12.012
3.298,-10.712,-19.869,-25.693,-16.000,-0.305,-44.094,-18.517,4.089,-15.631,-16.000,0.002,17.529,-11.984
3.450,-10.720,-19.693,-25.672,-16.000,-0.323,-43.891,-18.490,3.890,-15.601,-16.000,0.012,17.561,-12.009
3.340,-10.753,-19.372,-25.570,-16.000,-0.314,-44.069,-18.510,4.006,-15.595,-16.000,-0.003,17.565,-12.004
3.177,-10.664,-20.070,-25.626,-16.000,-0.300,-44.010,-18.539,4.016,-15.816,-16.000,-0.008,17.567,-12.033
3.476,-10.715,-19.571,-25.578,-16.000,-0.322,-44.067,-18.492,4.010,-15.530,-16.000,0.012,17.568,-11.999
3.262,-10.735,-19.822,-25.583,-16.000,-0.309,-44.053,-18.544,3.998,-15.382,-16.000,0.004,17.527,-11.978
3.355,-10.696,-19.832,-25.404,-16.000,-0.313,-43.935,-18.587,4.057,-15.578,-16.000,-0.004,17.555,-12.026
3.282,-10.685,-19.988,-25.660,-16.000,-0.316,-43.944,-18.535,3.726,-15.519,-16.000,0.009,17.531,-11.988
3.317,-10.695,-19.726,-25.412,-16.000,-0.311,-43.897,-18.585,3.708,-15.639,-16.000,0.003,17.536,-11.981
3.317,-10.717,-19.658,-25.607,-16.000,-0.311,-43.889,-18.542,3.663,-15.490,-16.000,0.006,17.539,-11.980
3.251,-10.692,-19.917,-25.536,-16.000,-0.316,-43.979,-18.535,3.697,-15.767,-16.000,0.001,17.563,-12.025
3.319,-10.698,-19.626,-25.425,-16.000,-0.315,-44.130,-18.547,4.070,-15.802,-16.000,0.000,17.584,-12.019
3.296,-10.717,-19.718,-25.527,-16.000,-0.312,-43.933,-18.514,3.864,-15.488,-16.000,0.003,17.540,-11.976
3.143,-10.717,-19.932,-25.675,-16.000,-0.313,-43.928,-18.550,3.813,-15.510,-16.000,0.007,17.535,-11.995
3.214,-10.712,-19.821,-25.656,-16.000,-0.313,-43.876,-18.562,3.769,-15.482,-16.000,0.007,17.534,-11.986
3.437,-10.768,-19.549,-25.656,-16.000,-0.319,-43.992,-18.544,3.924,-15.323,-16.000,0.013,17.522,-11.964
3.220,-10.683,-19.813,-25.406,-16.000,-0.315,-44.018,-18.537,3.897,-15.639,-16.000,0.003,17.549,-12.012
3.392,-10.665,-19.655,-25.264,-16.000,-0.315,-44.024,-18.529,3.892,-15.654,-16.000,0.003,17.548,-11.996
3.274,-10.677,-19.871,-25.488,-16.000,-0.312,-43.954,-18.533,3.485,-15.494,-16.000,-0.002,17.535,-11.983
3.482,-10.669,-19.527,-25.430,-16.000,-0.310,-44.011,-18.513,3.975,-15.539,-16.000,0.005,17.559,-12.001
3.269,-10.717,-19.931,-25.670,-16.000,-0.324,-43.961,-18.527,3.705,-15.489,-16.000,0.004,17.531,-11.980
3.403,-10.738,-19.436,-25.685,-16.000,-0.315,-43.860,-18.524,3.765,-15.300,-16.000,0.003,17.540,-11.977
3.321,-10.741,-19.552,-25.686,-16.000,-0.315,-43.906,-18.527,3.721,-15.331,-16.000,0.003,17.541,-11.983
3.238,-10.676,-19.694,-25.713,-16.000,-0.309,-43.961,-18.544,3.741,-15.597,-16.000,0.006,17.531,-11.981
3.484,-10.738,-19.592,-25.529,-16.000,-0.315,-43.946,-18.511,3.877,-15.430,-16.000,0.001,17.552,-11.989
3.258,-10.747,-19.693,-25.619,-16.000,-0.315,-43.775,-18.521,3.434,-15.536,-16.000,0.004,17.515,-11.963
3.201,-10.682,-19.832,-25.578,-16.000,-0.312,-43.947,-18.572,3.863,-15.490,-16.000,-0.003,17.539,-11.997
3.347,-10.716,-19.715,-25.448,-16.000,-0.313,-43.894,-18.543,3.781,-15.597,-16.000,0.006,17.531,-11.980
3.294,-10.714,-19.916,-25.774,-16.000,-0.314,-43.898,-18.567,3.924,-15.545,-16.000,0.001,17.516,-11.970
3.290,-10.719,-19.821,-25.502,-16.000,-0.314,-43.936,-18.578,3.936,-15.557,-16.000,0.012,17.526,-11.982
3.363,-10.711,-19.750,-25.746,-16.000,-0.311,-43.900,-18.526,3.823,-15.244,-16.000,0.003,17.516,-11.948
3.438,-10.722,-19.619,-25.839,-16.000,-0.317,-43.871,-18.497,3.726,-15.717,-16.000,-0.001,17.552,-12.004
3.296,-10.753,-19.596,-25.585,-16.000,-0.315,-44.020,-18.518,3.916,-15.576,-16.000,0.006,17.517,-11.956
3.291,-10.681,-19.574,-25.575,-16.000,-0.313,-43.847,-18.525,3.687,-15.859,-16.000,-0.001,17.552,-12.016
3.328,-10.696,-19.719,-25.679,-16.000,-0.315,-44.004,-18.519,3.947,-15.671,-16.000,0.003,17.535,-11.975
3.336,-10.676,-19.979,-25.653,-16.000,-0.311,-43.921,-18.506,3.433,-15.712,-16.000,0.003,17.562,-12.036
3.429,-10.731,-19.565,-25.440,-16.000,-0.310,-43.974,-18.520,3.814,-15.585,-16.000,0.001,17.544,-11.990
3.355,-10.740,-19.706,-25.650,-16.000,-0.319,-44.062,-18.506,3.949,-15.616,-16.000,0.002,17.567,-12.001
3.347,-10.700,-19.976,-25.590,-16.000,-0.313,-44.091,-18.516,4.043,-15.726,-16.000,0.004,17.560,-12.007
3.253,-10.696,-19.789,-25.669,-16.000,-0.315,-43.918,-18.545,3.869,-15.577,-16.000,-0.002,17.533,-11.990
3.353,-10.705,-19.837,-25.582,-16.000,-0.312,-44.131,-18.492,4.204,-15.575,-16.000,-0.001,17.597,-12.037
3.399,-10.724,-19.514,-25.570,-16.000,-0.314,-44.180,-18.515,4.082,-15.723,-16.000,0.007,17.594,-12.032
3.387,-10.703,-19.694,-25.494,-16.000,-0.314,-44.085,-18.488,3.926,-15.775,-16.000,0.002,17.569,-12.011
3.344,-10.668,-19.454,-25.479,-16.000,-0.313,-44.035,-18.500,3.693,-15.823,-16.000,0.001,17.590,-12.041
3.284,-10.678,-19.691,-25.346,-16.000,-0.313,-44.051,-18.513,3.935,-15.584,-16.000,0.007,17.520,-11.966
3.352,-10.657,-19.768,-25.356,-16.000,-0.313,-43.891,-18.502,3.798,-15.518,-16.000,0.007,17.516,-11.977
3.284,-10.723,-19.888,-25.504,-16.000,-0.314,-43.967,-18.553,3.817,-15.427,-16.000,0.008,17.473,-11.919
3.290,-10.695,-19.904,-25.558,-16.000,-0.313,-43.826,-18.524,3.750,-15.575,-16.000,-0.001,17.522,-11.997
3.188,-10.715,-19.834,-25.452,-16.000,-0.315,-44.066,-18.555,4.124,-15.548,-16.000,0.001,17.497,-11.948
3.439,-10.727,-19.647,-25.518,-16.000,-0.312,-43.933,-18.516,3.747,-15.462,-16.000,0.012,17.547,-11.993
3.317,-10.699,-19.658,-25.668,-16.000,-0.316,-43.963,-18.484,3.852,-15.514,-16.000,0.007,17.537,-11.988
3.368,-10.717,-19.736,-25.471,-16.000,-0.318,-44.022,-18.504,3.655,-15.513,-16.000,0.003,17.559,-12.007
3.234,-10.682,-19.934,-25.539,-16.000,-0.316,-43.967,-18.546,3.599,-15.488,-16.000,0.006,17.534,-11.988
3.286,-10.670,-19.893,-25.516,-16.000,-0.316,-43.899,-18.552,3.548,-15.450,-16.000,0.006,17.531,-11.986
3.255,-10.688,-19.831,-25.443,-16.000,-0.314,-43.998,-18.550,3.452,-15.730,-16.000,0.005,17.536,-11.983
3.282,-10.720,-19.774,-25.503,-16.000,-0.316,-44.015,-18.572,3.617,-15.617,-16.000,-0.001,17.556,-12.010
3.363,-10.700,-19.581,-25.449,-16.000,-0.319,-44.133,-18.565,3.924,-15.645,-16.000,0.001,17.586,-12.023
3.341,-10.690,-19.798,-25.643,-16.000,-0.318,-44.130,-18.534,3.864,-15.737,-16.000,0.006,17.603,-12.041
3.232,-10.732,-19.675,-25.407,-16.000,-0.310,-44.104,-18.526,3.866,-15.572,-16.000,-0.001,17.554,-11.993
3.404,-10.662,-19.724,-25.450,-16.000,-0.319,-44.023,-18.514,3.894,-15.799,-16.000,-0.004,17.552,-11.990
3.249,-10.663,-19.913,-25.826,-16.000,-0.310,-44.061,-18.511,3.610,-15.852,-16.000,0.003,17.593,-12.058
3.314,-10.665,-19.733,-25.400,-16.000,-0.314,-44.183,-18.558,3.970,-15.685,-16.000,0.003,17.609,-12.060
3.345,-10.726,-19.771,-25.599,-16.000,-0.317,-44.083,-18.520,3.855,-15.743,-16.000,-0.003,17.583,-12.015
3.297,-10.722,-19.732,-25.532,-16.000,-0.317,-44.212,-18.521,3.940,-15.834,-16.000,0.011,17.608,-12.065
3.377,-10.723,-19.619,-25.510,-16.000,-0.317,-44.243,-18.519,3.981,-15.870,-16.000,0.011,17.615,-12.057
3.391,-10.734,-19.663,-25.901,-16.000,-0.314,-44.089,-18.494,3.702,-15.548,-16.000,0.005,17.566,-11.984
3.362,-10.727,-19.559,-25.639,-16.000,-0.317,-44.147,-18.462,3.881,-15.691,-16.000,0.011,17.582,-12.032
3.302,-10.724,-19.706,-25.710,-16.000,-0.316,-44.283,-18.526,4.285,-15.749,-16.000,0.006,17.583,-12.011
3.358,-10.732,-19.882,-25.741,-16.000,-0.311,-44.250,-18.458,4.271,-15.673,-16.000,0.006,17.580,-12.023
3.349,-10.726,-19.953,-25.656,-16.000,-0.314,-44.277,-18.508,4.235,-15.771,-16.000,0.010,17.570,-12.016
3.308,-10.732,-20.008,-25.773,-16.000,-0.313,-44.108,-18.448,3.910,-15.816,-16.000,0.002,17.581,-12.045
3.392,-10.734,-19.826,-25.630,-16.000,-0.313,-44.144,-18.502,4.087,-15.611,-16.000,0.006,17.568,-12.008
3.288,-10.729,-19.763,-25.801,-16.000,-0.314,-43.972,-18.496,3.637,-15.630,-16.000,0.004,17.563,-12.014
3.288,-10.700,-19.844,-25.658,-16.000,-0.315,-44.070,-18.521,3.936,-15.648,-16.000,0.012,17.574,-12.034
3.323,-10.712,-20.020,-25.640,-16.000,-0.315,-44.022,-18.523,3.880,-15.763,-16.000,0.006,17.552,-12.007
3.210,-10.678,-19.926,-25.712,-16.000,-0.313,-43.930,-18.529,3.677,-15.855,-16.000,0.005,17.547,-12.009
3.379,-10.677,-19.720,-25.515,-16.000,-0.310,-43.862,-18.543,3.864,-15.410,-16.000,0.001,17.529,-11.969
3.303,-10.675,-19.868,-25.538,-16.000,-0.310,-43.840,-18.539,3.776,-15.414,-16.000,0.001,17.527,-11.978
3.375,-10.727,-19.739,-25.590,-16.000,-0.321,-43.985,-18.558,4.050,-15.233,-16.000,0.017,17.504,-11.958
3.359,-10.720,-19.596,-25.425,-16.000,-0.307,-43.813,-18.529,3.583,-15.440,-16.000,-0.009,17.545,-11.987
3.203,-10.719,-19.972,-25.506,-16.000,-0.316,-43.938,-18.553,3.703,-15.617,-16.000,-0.004,17.493,-11.951
3.302,-10.706,-19.943,-25.515,-16.000,-0.316,-43.791,-18.551,3.653,-15.554,-16.000,-0.004,17.491,-11.955
3.351,-10.720,-19.892,-25.680,-16.000,-0.312,-43.894,-18.551,3.880,-15.324,-16.000,0.012,17.490,-11.947
3.295,-10.698,-19.958,-25.509,-16.000,-0.312,-43.842,-18.574,3.943,-15.299,-16.000,0.010,17.507,-11.972
3.374,-10.722,-19.903,-25.463,-16.000,-0.317,-43.908,-18.526,3.965,-15.385,-16.000,0.010,17.516,-11.978
3.393,-10.738,-19.687,-25.664,-16.000,-0.312,-43.837,-18.512,4.009,-15.339,-16.000,0.010,17.505,-11.950
3.331,-10.680,-19.869,-25.529,-16.000,-0.320,-43.795,-18.547,3.434,-15.520,-16.000,0.000,17.524,-11.997
3.345,-10.716,-19.555,-25.610,-16.000,-0.310,-43.952,-18.507,4.008,-15.449,-16.000,0.007,17.547,-11.988
3.311,-10.707,-19.580,-25.857,-16.000,-0.315,-43.984,-18.465,3.544,-15.763,-16.000,0.004,17.590,-12.044
3.275,-10.718,-19.900,-25.588,-16.000,-0.319,-44.002,-18.559,3.915,-15.503,-16.000,0.017,17.521,-11.961
3.435,-10.667,-19.711,-25.631,-16.000,-0.318,-43.901,-18.528,3.691,-15.585,-16.000,-0.000,17.574,-12.029
3.209,-10.731,-19.793,-25.354,-16.000,-0.315,-44.034,-18.590,3.969,-15.698,-16.000,0.006,17.483,-11.932
3.456,-10.707,-19.818,-25.550,-16.000,-0.313,-43.772,-18.517,3.639,-15.252,-16.000,-0.002,17.524,-11.979
3.248,-10.727,-19.905,-25.512,-16.000,-0.313,-44.018,-18.507,3.715,-15.469,-16.000,0.006,17.516,-11.971
3.399,-10.720,-19.661,-25.472,-16.000,-0.318,-44.027,-18.526,4.244,-15.526,-16.000,0.004,17.532,-11.991
3.416,-10.732,-19.658,-25.844,-16.000,-0.312,-43.925,-18.510,3.973,-15.543,-16.000,0.002,17.540,-11.991
3.404,-10.690,-19.706,-25.610,-16.000,-0.317,-44.115,-18.504,3.861,-15.941,-16.000,0.006,17.607,-12.070
3.318,-10.729,-19.606,-25.681,-16.000,-0.316,-44.048,-18.509,3.564,-15.846,-16.000,-0.001,17.593,-12.023
3.384,-10.720,-19.333,-25.882,-16.000,-0.313,-44.164,-18.467,4.089,-15.743,-16.000,0.001,17.610,-12.041
3.179,-10.739,-19.934,-25.733,-16.000,-0.310,-44.104,-18.525,3.747,-15.768,-16.000,0.007,17.541,-11.991
3.392,-10.751,-19.738,-25.813,-16.000,-0.317,-43.994,-18.535,4.021,-15.442,-16.000,0.002,17.528,-11.966
3.269,-10.762,-19.890,-25.891,-16.000,-0.317,-44.011,-18.530,4.036,-15.446,-16.000,0.002,17.525,-11.978
3.454,-10.741,-19.725,-25.684,-16.000,-0.320,-44.106,-18.506,4.089,-15.480,-16.000,0.003,17.582,-12.034
3.333,-10.746,-19.759,-25.747,-16.000,-0.317,-44.109,-18.478,3.922,-15.736,-16.000,0.009,17.543,-11.979
3.423,-10.705,-19.939,-25.718,-16.000,-0.320,-43.981,-18.462,3.728,-15.539,-16.000,0.008,17.540,-11.997
3.430,-10.708,-19.610,-25.735,-16.000,-0.317,-44.033,-18.454,3.718,-15.894,-16.000,0.008,17.605,-12.064
3.378,-10.703,-19.663,-25.774,-16.000,-0.314,-44.086,-18.479,4.016,-15.577,-16.000,0.007,17.550,-11.989
3.386,-10.693,-19.786,-25.835,-16.000,-0.314,-43.983,-18.467,3.941,-15.534,-16.000,0.007,17.550,-12.007
3.272,-10.753,-19.786,-25.689,-16.000,-0.316,-44.056,-18.511,3.966,-15.469,-16.000,0.009,17.509,-11.954
3.492,-10.749,-19.633,-25.715,-16.000,-0.323,-43.923,-18.465,3.939,-15.633,-16.000,0.016,17.526,-11.982
3.213,-10.765,-20.084,-25.424,-16.000,-0.317,-44.119,-18.520,4.223,-15.541,-16.000,0.010,17.528,-12.007
3.583,-10.725,-19.463,-25.741,-16.000,-0.313,-44.033,-18.434,4.044,-15.657,-16.000,0.003,17.601,-12.048
3.337,-10.753,-19.621,-25.750,-16.000,-0.308,-44.215,-18.472,4.335,-15.763,-16.000,-0.012,17.585,-12.015
3.359,-10.765,-20.046,-25.739,-16.000,-0.299,-44.054,-18.467,4.210,-15.526,-16.000,-0.017,17.535,-11.980
3.354,-10.707,-20.173,-25.788,-16.000,-0.328,-44.228,-18.478,4.046,-15.669,-16.000,0.019,17.525,-12.001
3.459,-10.712,-19.755,-25.541,-16.000,-0.317,-44.206,-18.481,4.167,-15.779,-16.000,0.005,17.591,-12.042
3.415,-10.720,-19.726,-25.846,-16.000,-0.311,-44.159,-18.451,3.905,-15.663,-16.000,0.005,17.597,-12.031
3.349,-10.741,-19.838,-25.705,-16.000,-0.320,-44.342,-18.477,4.321,-15.893,-16.000,0.014,17.588,-12.039
3.359,-10.761,-19.784,-25.769,-16.000,-0.312,-44.079,-18.448,3.817,-15.696,-16.000,0.014,17.571,-12.008
3.295,-10.739,-19.630,-25.896,-16.000,-0.313,-44.137,-18.515,4.217,-15.712,-16.000,0.001,17.572,-12.017
3.411,-10.740,-19.705,-25.576,-16.000,-0.317,-44.142,-18.467,3.917,-15.623,-16.000,0.012,17.601,-12.049
3.387,-10.742,-19.742,-25.724,-16.000,-0.314,-44.287,-18.491,4.228,-15.716,-16.000,0.006,17.587,-12.024
3.447,-10.744,-19.809,-25.625,-16.000,-0.308,-44.197,-18.465,4.089,-15.709,-16.000,-0.000,17.589,-12.035
3.367,-10.747,-19.755,-25.762,-16.000,-0.320,-44.177,-18.468,3.945,-15.548,-16.000,0.015,17.531,-11.970
3.463,-10.759,-19.719,-25.692,-16.000,-0.327,-43.949,-18.516,4.103,-15.406,-16.000,0.008,17.524,-11.983
3.428,-10.770,-19.379,-25.807,-16.000,-0.323,-43.935,-18.459,3.942,-15.345,-16.000,0.010,17.538,-11.991
3.311,-10.756,-19.958,-25.674,-16.000,-0.316,-44.039,-18.518,3.829,-15.529,-16.000,-0.001,17.546,-11.998
3.428,-10.747,-19.850,-25.633,-16.000,-0.316,-43.983,-18.525,3.807,-15.513,-16.000,-0.001,17.549,-11.994
3.348,-10.763,-19.573,-25.658,-16.000,-0.310,-43.931,-18.527,3.764,-15.387,-16.000,0.003,17.535,-11.977
3.401,-10.721,-20.095,-25.735,-16.000,-0.314,-44.115,-18.489,4.118,-15.715,-16.000,0.004,17.565,-12.028
3.429,-10.712,-19.747,-25.465,-16.000,-0.316,-44.082,-18.483,4.094,-15.702,-16.000,0.008,17.576,-12.014
3.360,-10.738,-19.760,-25.537,-16.000,-0.316,-44.009,-18.480,3.868,-15.559,-16.000,0.008,17.542,-11.979
3.304,-10.756,-19.856,-25.611,-16.000,-0.310,-44.101,-18.463,4.106,-15.577,-16.000,0.005,17.549,-12.000
3.403,-10.746,-19.853,-25.580,-16.000,-0.310,-44.107,-18.440,4.048,-15.616,-16.000,0.005,17.557,-12.002
3.430,-10.752,-19.786,-25.483,-16.000,-0.319,-44.142,-18.452,4.143,-15.602,-16.000,0.013,17.534,-11.972
3.440,-10.762,-19.799,-25.895,-16.000,-0.317,-44.122,-18.431,4.158,-15.474,-16.000,0.006,17.550,-11.994
3.368,-10.718,-19.955,-25.827,-16.000,-0.319,-44.251,-18.432,4.123,-15.873,-16.000,0.006,17.597,-12.058
3.525,-10.734,-19.636,-25.679,-16.000,-0.314,-44.342,-18.412,4.312,-15.968,-16.000,0.006,17.601,-12.022
3.422,-10.761,-19.925,-25.615,-16.000,-0.315,-44.258,-18.436,4.191,-15.639,-16.000,0.000,17.563,-12.008
3.462,-10.767,-19.694,-25.705,-16.000,-0.314,-44.248,-18.417,4.511,-15.650,-16.000,0.005,17.559,-12.009
3.415,-10.741,-20.114,-25.853,-16.000,-0.320,-44.203,-18.397,4.042,-15.634,-16.000,0.006,17.581,-12.041
3.366,-10.764,-20.013,-25.874,-16.000,-0.324,-44.321,-18.495,4.521,-15.406,-16.000,0.009,17.572,-12.032
3.468,-10.755,-19.963,-25.885,-16.000,-0.324,-44.213,-18.502,4.413,-15.386,-16.000,0.009,17.577,-12.031
3.408,-10.748,-19.881,-25.786,-16.000,-0.315,-44.198,-18.464,4.218,-15.715,-16.000,0.007,17.558,-12.005
3.523,-10.736,-19.707,-25.978,-16.000,-0.314,-44.233,-18.366,3.908,-15.762,-16.000,0.006,17.641,-12.081
3.430,-10.798,-19.495,-26.014,-16.000,-0.322,-44.469,-18.397,4.203,-16.018,-16.000,-0.001,17.644,-12.079
3.422,-10.742,-20.013,-25.803,-16.000,-0.325,-44.485,-18.430,4.247,-15.828,-16.000,0.009,17.601,-12.038
3.546,-10.770,-19.580,-25.820,-16.000,-0.323,-44.329,-18.410,4.485,-15.533,-16.000,0.003,17.548,-11.978
3.371,-10.776,-20.331,-25.694,-16.000,-0.328,-44.413,-18.398,4.616,-15.785,-16.000,0.010,17.560,-12.033
3.497,-10.739,-19.944,-25.622,-16.000,-0.320,-44.409,-18.355,4.683,-15.674,-16.000,0.010,17.613,-12.067
3.386,-10.785,-20.156,-25.909,-16.000,-0.321,-44.241,-18.390,3.909,-15.648,-16.000,0.008,17.546,-11.998
3.407,-10.780,-19.952,-25.983,-16.000,-0.321,-44.397,-18.446,4.606,-15.809,-16.000,0.011,17.560,-12.019
3.530,-10.748,-19.949,-26.011,-16.000,-0.321,-44.413,-18.389,4.712,-15.623,-16.000,-0.002,17.605,-12.054
3.331,-10.783,-20.038,-25.828,-16.000,-0.316,-44.331,-18.448,4.220,-15.915,-16.000,0.005,17.560,-12.020
3.493,-10.834,-19.533,-26.096,-16.000,-0.332,-44.212,-18.456,4.261,-15.312,-16.000,0.015,17.521,-11.961
3.197,-10.772,-20.114,-26.013,-16.000,-0.309,-44.358,-18.436,4.576,-15.414,-16.000,-0.002,17.584,-12.049
3.507,-10.711,-19.901,-25.851,-16.000,-0.326,-44.395,-18.401,4.296,-15.942,-16.000,0.010,17.643,-12.093
3.430,-10.760,-19.901,-25.892,-16.000,-0.318,-44.421,-18.416,4.151,-15.738,-16.000,0.008,17.618,-12.053
3.410,-10.754,-19.961,-25.919,-16.000,-0.318,-44.391,-18.415,4.133,-15.717,-16.000,0.008,17.617,-12.061
3.271,-10.699,-20.058,-25.726,-16.000,-0.315,-44.214,-18.485,3.803,-15.761,-16.000,0.009,17.558,-12.010
3.364,-10.738,-19.651,-25.683,-16.000,-0.316,-44.121,-18.464,3.948,-15.689,-16.000,0.007,17.569,-12.014
3.322,-10.706,-19.919,-25.897,-16.000,-0.320,-44.183,-18.441,3.670,-15.790,-16.000,0.010,17.590,-12.061
3.354,-10.733,-19.834,-25.815,-16.000,-0.318,-44.221,-18.523,4.162,-15.711,-16.000,0.009,17.530,-11.971
3.346,-10.769,-19.797,-25.833,-16.000,-0.319,-44.054,-18.480,3.935,-15.420,-16.000,0.011,17.545,-11.992
3.288,-10.750,-19.799,-25.912,-16.000,-0.318,-44.281,-18.465,4.487,-15.580,-16.000,0.008,17.564,-12.010
3.330,-10.735,-20.218,-25.914,-16.000,-0.315,-44.177,-18.465,3.837,-15.758,-16.000,0.014,17.559,-12.017
3.468,-10.763,-19.900,-25.813,-16.000,-0.314,-44.168,-18.458,4.167,-15.709,-16.000,0.000,17.566,-12.011
3.250,-10.718,-19.916,-25.675,-16.000,-0.307,-44.137,-18.508,4.272,-15.732,-16.000,-0.007,17.504,-11.962
3.481,-10.691,-19.893,-25.653,-16.000,-0.311,-44.072,-18.436,4.220,-15.509,-16.000,0.018,17.539,-12.006
3.342,-10.744,-20.191,-25.772,-16.000,-0.328,-44.217,-18.426,4.059,-15.726,-16.000,0.015,17.575,-12.032
3.410,-10.754,-20.044,-25.795,-16.000,-0.328,-44.253,-18.441,4.149,-15.771,-16.000,0.015,17.590,-12.030
3.355,-10.735,-19.820,-25.787,-16.000,-0.328,-44.274,-18.438,3.897,-15.865,-16.000,0.010,17.590,-12.038
3.344,-10.743,-19.838,-25.903,-16.000,-0.319,-44.237,-18.441,4.365,-15.531,-16.000,-0.003,17.565,-11.997
3.351,-10.748,-20.073,-25.923,-16.000,-0.317,-44.231,-18.441,4.055,-15.790,-16.000,-0.002,17.566,-12.019
3.368,-10.755,-19.922,-25.702,-16.000,-0.313,-44.263,-18.451,4.315,-15.630,-16.000,0.007,17.566,-12.020
3.361,-10.722,-20.048,-25.794,-16.000,-0.321,-44.228,-18.482,3.952,-15.719,-16.000,0.012,17.556,-12.020
3.454,-10.778,-20.160,-25.852,-16.000,-0.318,-44.275,-18.483,4.224,-15.449,-16.000,0.003,17.519,-11.962
3.389,-10.743,-20.178,-26.232,-16.000,-0.318,-44.162,-18.404,3.989,-15.651,-16.000,0.004,17.566,-12.038
3.303,-10.751,-20.025,-25.869,-16.000,-0.316,-44.318,-18.475,4.411,-15.599,-16.000,0.007,17.534,-11.986
3.377,-10.733,-20.130,-25.875,-16.000,-0.316,-44.216,-18.459,4.258,-15.601,-16.000,0.007,17.543,-12.003
3.460,-10.694,-19.851,-25.844,-16.000,-0.314,-44.178,-18.413,3.818,-15.704,-16.000,0.004,17.598,-12.061
3.356,-10.763,-19.982,-25.950,-16.000,-0.324,-44.173,-18.501,3.972,-15.588,-16.000,0.003,17.525,-11.959
3.353,-10.754,-20.051,-26.010,-16.000,-0.324,-44.020,-18.509,3.902,-15.511,-16.000,0.003,17.521,-11.972
3.338,-10.724,-19.780,-25.714,-16.000,-0.318,-44.071,-18.499,4.267,-15.474,-16.000,0.003,17.534,-11.996
3.426,-10.724,-20.053,-25.863,-16.000,-0.322,-44.139,-18.483,3.930,-15.521,-16.000,0.008,17.554,-12.022
3.388,-10.709,-19.955,-25.555,-16.000,-0.317,-44.152,-18.482,4.296,-15.745,-16.000,0.012,17.565,-12.007
3.246,-10.725,-20.144,-26.011,-16.000,-0.315,-44.317,-18.451,3.984,-15.918,-16.000,0.004,17.563,-12.029
3.311,-10.717,-20.032,-25.973,-16.000,-0.315,-44.320,-18.455,3.994,-15.913,-16.000,0.004,17.567,-12.024
3.356,-10.702,-19.757,-25.722,-16.000,-0.309,-44.318,-18.442,4.271,-16.055,-16.000,-0.003,17.610,-12.049
3.448,-10.798,-19.916,-25.922,-16.000,-0.319,-44.363,-18.437,4.157,-15.692,-16.000,0.005,17.584,-12.015
3.215,-10.724,-20.211,-25.751,-16.000,-0.316,-44.418,-18.432,4.432,-15.761,-16.000,0.005,17.599,-12.063
3.574,-10.743,-19.799,-25.947,-16.000,-0.314,-44.470,-18.381,4.486,-15.893,-16.000,0.001,17.624,-12.066
3.329,-10.771,-20.058,-25.993,-16.000,-0.314,-44.445,-18.372,4.075,-15.733,-16.000,0.007,17.579,-12.020
3.309,-10.774,-19.968,-26.050,-16.000,-0.314,-44.385,-18.397,4.207,-15.643,-16.000,0.007,17.567,-12.020
3.367,-10.759,-20.000,-25.993,-16.000,-0.319,-44.445,-18.403,4.721,-15.411,-16.000,0.005,17.565,-12.013
3.355,-10.721,-20.234,-25.865,-16.000,-0.315,-44.408,-18.396,4.372,-15.729,-16.000,0.001,17.589,-12.064
3.486,-10.759,-19.558,-25.631,-16.000,-0.310,-44.283,-18.371,4.181,-15.526,-16.000,0.002,17.570,-12.015
3.163,-10.717,-20.060,-25.900,-16.000,-0.325,-44.305,-18.390,3.904,-15.806,-16.000,0.007,17.598,-12.084
3.509,-10.747,-19.536,-25.808,-16.000,-0.316,-44.383,-18.439,4.314,-15.716,-16.000,0.009,17.594,-12.021
3.407,-10.759,-19.861,-26.008,-16.000,-0.317,-44.410,-18.401,4.384,-15.519,-16.000,-0.005,17.589,-12.024
3.315,-10.764,-20.059,-25.880,-16.000,-0.322,-44.368,-18.435,4.303,-15.840,-16.000,0.009,17.558,-12.022
3.521,-10.752,-19.565,-25.820,-16.000,-0.317,-44.171,-18.389,4.076,-15.638,-16.000,0.006,17.591,-12.037
3.391,-10.761,-19.665,-25.791,-16.000,-0.317,-44.257,-18.395,4.092,-15.665,-16.000,0.006,17.583,-12.031
3.089,-10.747,-20.296,-25.671,-16.000,-0.298,-44.186,-18.477,4.221,-15.675,-16.000,-0.014,17.518,-11.979
3.438,-10.674,-19.740,-25.596,-16.000,-0.300,-44.002,-18.454,4.090,-15.506,-16.000,-0.015,17.578,-12.046
3.304,-10.737,-20.058,-26.017,-16.000,-0.323,-44.279,-18.440,3.809,-15.907,-16.000,0.014,17.612,-12.068
3.400,-10.803,-19.985,-25.867,-16.000,-0.325,-44.439,-18.492,4.561,-15.544,-16.000,0.017,17.570,-11.996
3.467,-10.785,-20.189,-25.915,-16.000,-0.325,-44.362,-18.441,4.396,-15.568,-16.000,0.017,17.583,-12.026
3.381,-10.711,-19.964,-25.758,-16.000,-0.316,-44.448,-18.385,4.454,-15.976,-16.000,0.007,17.624,-12.081
3.585,-10.740,-19.765,-26.039,-16.000,-0.307,-44.285,-18.380,4.439,-15.852,-16.000,-0.013,17.637,-12.068
3.317,-10.789,-20.112,-25.714,-16.000,-0.327,-44.553,-18.430,4.654,-15.744,-16.000,0.020,17.565,-12.002
3.394,-10.721,-20.099,-26.013,-16.000,-0.326,-44.323,-18.375,4.399,-15.727,-16.000,0.010,17.597,-12.061
3.359,-10.762,-19.855,-25.695,-16.000,-0.322,-44.336,-18.420,4.330,-15.567,-16.000,0.005,17.548,-11.992
3.467,-10.754,-19.922,-25.705,-16.000,-0.314,-44.263,-18.432,4.330,-15.615,-16.000,0.006,17.579,-12.041
3.430,-10.767,-19.908,-25.716,-16.000,-0.314,-44.341,-18.428,4.394,-15.644,-16.000,0.006,17.578,-12.035
3.423,-10.719,-19.960,-25.910,-16.000,-0.310,-44.307,-18.392,4.298,-15.828,-16.000,-0.005,17.603,-12.066
3.341,-10.719,-20.244,-25.730,-16.000,-0.310,-44.189,-18.444,3.877,-15.709,-16.000,-0.012,17.571,-12.024
3.310,-10.710,-20.229,-25.702,-16.000,-0.310,-44.130,-18.464,3.819,-15.651,-16.000,-0.012,17.563,-12.020
3.302,-10.734,-20.156,-25.473,-16.000,-0.320,-44.235,-18.476,4.441,-15.856,-16.000,0.007,17.527,-11.992
3.523,-10.712,-19.695,-25.658,-16.000,-0.325,-44.108,-18.413,3.642,-15.665,-16.000,0.005,17.605,-12.060
3.345,-10.773,-19.667,-25.762,-16.000,-0.309,-44.322,-18.454,4.139,-15.642,-16.000,0.004,17.558,-11.989
3.349,-10.782,-19.908,-25.946,-16.000,-0.318,-44.155,-18.460,4.048,-15.565,-16.000,0.008,17.534,-11.982
3.570,-10.783,-19.640,-25.988,-16.000,-0.316,-44.151,-18.430,4.345,-15.481,-16.000,0.008,17.575,-12.017
3.466,-10.730,-20.015,-25.895,-16.000,-0.321,-44.333,-18.399,4.257,-15.798,-16.000,0.006,17.610,-12.072
3.477,-10.753,-19.830,-25.714,-16.000,-0.319,-44.375,-18.394,4.435,-15.882,-16.000,0.003,17.618,-12.063
3.488,-10.763,-19.886,-25.817,-16.000,-0.318,-44.351,-18.351,4.374,-15.664,-16.000,0.003,17.608,-12.049
3.398,-10.758,-19.862,-25.832,-16.000,-0.313,-44.356,-18.402,4.166,-15.823,-16.000,0.005,17.576,-12.025
3.334,-10.762,-20.223,-25.801,-16.000,-0.316,-44.333,-18.385,4.132,-15.863,-16.000,0.013,17.569,-12.041
3.337,-10.746,-19.622,-25.746,-16.000,-0.320,-44.114,-18.431,3.892,-15.517,-16.000,0.008,17.533,-11.976
3.387,-10.741,-20.220,-25.970,-16.000,-0.321,-44.363,-18.411,4.416,-15.656,-16.000,0.002,17.588,-12.051
3.469,-10.781,-19.836,-25.899,-16.000,-0.315,-44.264,-18.442,4.151,-15.514,-16.000,0.008,17.538,-11.976
3.284,-10.785,-20.107,-26.050,-16.000,-0.314,-44.121,-18.486,4.084,-15.506,-16.000,0.008,17.520,-11.987
3.462,-10.741,-19.922,-25.915,-16.000,-0.322,-44.230,-18.429,4.351,-15.636,-16.000,0.008,17.582,-12.045
3.394,-10.766,-19.889,-25.874,-16.000,-0.320,-44.214,-18.424,3.965,-15.880,-16.000,0.009,17.561,-12.001
3.424,-10.732,-20.182,-25.962,-16.000,-0.315,-44.282,-18.417,4.163,-15.743,-16.000,-0.000,17.607,-12.068
3.465,-10.786,-19.625,-25.980,-16.000,-0.317,-44.283,-18.430,4.163,-15.797,-16.000,-0.003,17.578,-12.014
3.373,-10.742,-20.076,-25.931,-16.000,-0.329,-44.298,-18.407,4.186,-15.874,-16.000,0.016,17.581,-12.039
3.448,-10.752,-19.896,-25.907,-16.000,-0.316,-44.451,-18.413,4.271,-15.737,-16.000,0.013,17.589,-12.028
3.363,-10.734,-19.778,-25.812,-16.000,-0.316,-44.432,-18.408,4.248,-15.654,-16.000,0.013,17.590,-12.039
3.440,-10.764,-19.910,-25.967,-16.000,-0.323,-44.350,-18.375,4.347,-15.800,-16.000,0.001,17.604,-12.050
3.408,-10.773,-19.931,-25.992,-16.000,-0.323,-44.381,-18.373,4.398,-15.814,-16.000,0.001,17.605,-12.052
3.382,-10.723,-20.065,-25.640,-16.000,-0.319,-44.533,-18.422,4.708,-15.743,-16.000,0.005,17.577,-12.029
3.490,-10.717,-20.223,-26.107,-16.000,-0.321,-44.337,-18.372,3.844,-15.889,-16.000,0.005,17.601,-12.057
3.465,-10.775,-19.608,-25.937,-16.000,-0.316,-44.322,-18.377,4.472,-15.333,-16.000,0.005,17.560,-11.999
3.400,-10.785,-20.208,-25.908,-16.000,-0.327,-44.484,-18.365,4.551,-15.654,-16.000,0.013,17.574,-12.034
3.421,-10.769,-19.860,-26.039,-16.000,-0.318,-44.472,-18.414,4.609,-15.653,-16.000,-0.002,17.582,-12.040
3.374,-10.783,-20.256,-26.150,-16.000,-0.323,-44.412,-18.384,4.529,-15.630,-16.000,0.006,17.538,-11.980
3.522,-10.768,-19.950,-26.192,-16.000,-0.322,-44.235,-18.363,4.145,-15.634,-16.000,0.012,17.572,-12.034
3.218,-10.801,-20.296,-25.941,-16.000,-0.316,-44.419,-18.422,4.486,-15.710,-16.000,0.006,17.572,-12.035
3.610,-10.784,-19.993,-26.036,-16.000,-0.320,-44.484,-18.382,4.586,-15.733,-16.000,0.005,17.625,-12.073
3.472,-10.768,-19.951,-25.966,-16.000,-0.316,-44.586,-18.355,4.737,-15.933,-16.000,0.001,17.639,-12.092
3.480,-10.774,-20.100,-26.051,-16.000,-0.318,-44.463,-18.336,4.269,-15.699,-16.000,0.006,17.590,-12.030
3.333,-10.775,-20.216,-26.174,-16.000,-0.326,-44.484,-18.356,4.246,-15.767,-16.000,0.012,17.599,-12.074
3.527,-10.770,-19.784,-25.834,-16.000,-0.320,-44.530,-18.384,4.855,-15.645,-16.000,0.001,17.608,-12.041
3.439,-10.772,-20.182,-26.156,-16.000,-0.324,-44.514,-18.360,4.336,-16.052,-16.000,0.013,17.610,-12.070
3.276,-10.773,-20.014,-25.823,-16.000,-0.315,-44.438,-18.408,4.489,-15.928,-16.000,0.007,17.568,-12.020
3.560,-10.768,-19.920,-26.151,-16.000,-0.325,-44.475,-18.361,4.482,-15.736,-16.000,0.012,17.638,-12.096
3.422,-10.813,-20.012,-25.940,-16.000,-0.318,-44.622,-18.383,4.589,-15.840,-16.000,0.004,17.600,-12.039
3.547,-10.764,-19.933,-26.131,-16.000,-0.320,-44.466,-18.385,4.585,-15.840,-16.000,0.003,17.617,-12.069
3.353,-10.721,-20.221,-25.961,-16.000,-0.321,-44.623,-18.368,4.698,-16.052,-16.000,0.009,17.628,-12.093
3.538,-10.734,-19.769,-25.740,-16.000,-0.320,-44.550,-18.313,4.419,-16.101,-16.000,0.012,17.656,-12.093
3.408,-10.771,-19.979,-25.972,-16.000,-0.317,-44.594,-18.369,4.650,-15.903,-16.000,0.009,17.611,-12.056
3.502,-10.771,-20.053,-25.995,-16.000,-0.326,-44.551,-18.323,4.531,-15.891,-16.000,0.008,17.630,-12.072
3.414,-10.787,-20.012,-26.028,-16.000,-0.326,-44.626,-18.335,4.629,-15.908,-16.000,0.008,17.631,-12.070
3.488,-10.833,-19.981,-26.272,-16.000,-0.321,-44.603,-18.341,4.625,-15.867,-16.000,0.013,17.583,-12.007
3.267,-10.800,-20.111,-26.076,-16.000,-0.307,-44.349,-18.359,4.313,-15.761,-16.000,-0.004,17.550,-12.013
3.311,-10.789,-20.014,-26.005,-16.000,-0.307,-44.275,-18.381,4.299,-15.664,-16.000,-0.004,17.529,-11.996
3.288,-10.808,-20.431,-26.165,-16.000,-0.327,-44.217,-18.404,4.177,-15.545,-16.000,0.016,17.495,-11.976
3.502,-10.789,-19.796,-25.877,-16.000,-0.321,-44.252,-18.379,4.436,-15.505,-16.000,0.003,17.574,-12.055
3.466,-10.795,-20.096,-26.109,-16.000,-0.322,-44.361,-18.381,4.221,-15.602,-16.000,0.010,17.585,-12.040
3.482,-10.800,-20.071,-26.127,-16.000,-0.322,-44.343,-18.384,4.267,-15.596,-16.000,0.010,17.588,-12.041
3.494,-10.795,-19.785,-26.183,-16.000,-0.322,-44.229,-18.388,4.208,-15.563,-16.000,0.005,17.580,-12.020
3.467,-10.781,-20.036,-25.995,-16.000,-0.322,-44.377,-18.382,4.371,-15.754,-16.000,0.009,17.584,-12.033
3.484,-10.762,-19.916,-26.079,-16.000,-0.321,-44.322,-18.338,4.291,-15.830,-16.000,0.008,17.621,-12.078
3.493,-10.799,-19.837,-26.052,-16.000,-0.325,-44.458,-18.369,4.453,-15.986,-16.000,0.014,17.606,-12.053
3.452,-10.762,-20.011,-25.906,-16.000,-0.321,-44.560,-18.408,4.731,-15.872,-16.000,0.004,17.613,-12.070
3.535,-10.750,-19.978,-25.861,-16.000,-0.321,-44.569,-18.387,4.686,-15.891,-16.000,0.004,17.617,-12.069
3.444,-10.785,-20.195,-26.045,-16.000,-0.320,-44.498,-18.352,4.460,-15.854,-16.000,0.006,17.622,-12.064
3.328,-10.747,-20.195,-26.040,-16.000,-0.317,-44.522,-18.391,4.400,-15.886,-16.000,0.006,17.619,-12.090
3.391,-10.787,-19.925,-25.826,-16.000,-0.323,-44.576,-18.403,4.637,-15.850,-16.000,0.006,17.579,-12.015
3.537,-10.743,-20.091,-26.030,-16.000,-0.324,-44.386,-18.364,4.266,-15.937,-16.000,0.013,17.625,-12.079
3.422,-10.814,-19.886,-26.091,-16.000,-0.319,-44.546,-18.325,4.445,-15.833,-16.000,0.010,17.590,-12.032
3.482,-10.794,-20.069,-26.161,-16.000,-0.329,-44.490,-18.356,4.622,-15.599,-16.000,0.010,17.630,-12.084
3.496,-10.795,-19.866,-25.939,-16.000,-0.330,-44.512,-18.412,4.764,-15.619,-16.000,0.007,17.580,-12.008
3.518,-10.779,-20.005,-25.940,-16.000,-0.330,-44.416,-18.392,4.655,-15.576,-16.000,0.007,17.575,-12.021
3.525,-10.788,-19.928,-26.076,-16.000,-0.318,-44.460,-18.333,4.514,-15.628,-16.000,0.001,17.580,-12.035
3.454,-10.796,-19.945,-25.917,-16.000,-0.323,-44.469,-18.354,4.391,-15.544,-16.000,0.011,17.575,-12.037
3.387,-10.787,-20.154,-26.089,-16.000,-0.322,-44.444,-18.381,4.547,-15.829,-16.000,0.009,17.573,-12.028
3.567,-10.779,-19.964,-25.988,-16.000,-0.323,-44.469,-18.334,4.599,-15.510,-16.000,0.007,17.599,-12.049
3.442,-10.789,-20.091,-25.994,-16.000,-0.321,-44.431,-18.327,4.549,-15.797,-16.000,0.010,17.572,-12.032
3.508,-10.779,-20.050,-25.972,-16.000,-0.321,-44.367,-18.327,4.542,-15.754,-16.000,0.010,17.567,-12.031
3.349,-10.781,-20.225,-26.023,-16.000,-0.322,-44.452,-18.379,4.519,-15.827,-16.000,0.008,17.552,-12.021
3.489,-10.754,-20.126,-26.014,-16.000,-0.326,-44.299,-18.397,4.204,-15.757,-16.000,0.005,17.563,-12.025
3.408,-10.729,-20.158,-25.648,-16.000,-0.324,-44.462,-18.407,4.430,-15.811,-16.000,0.012,17.604,-12.072
3.501,-10.711,-19.765,-25.615,-16.000,-0.323,-44.349,-18.428,4.157,-15.743,-16.000,0.008,17.612,-12.052
3.356,-10.756,-20.301,-25.888,-16.000,-0.323,-44.461,-18.391,4.325,-15.820,-16.000,0.005,17.572,-12.018
3.478,-10.787,-19.974,-25.982,-16.000,-0.320,-44.334,-18.412,4.374,-15.487,-16.000,0.004,17.554,-11.992
3.364,-10.809,-20.088,-26.042,-16.000,-0.324,-44.337,-18.445,4.548,-15.629,-16.000,0.009,17.523,-11.990
3.546,-10.739,-19.849,-25.710,-16.000,-0.321,-44.261,-18.416,4.375,-15.530,-16.000,0.004,17.579,-12.043
3.355,-10.748,-20.032,-25.945,-16.000,-0.312,-44.353,-18.416,4.069,-15.552,-16.000,-0.006,17.575,-12.034
3.400,-10.749,-19.984,-25.929,-16.000,-0.322,-44.253,-18.397,4.125,-15.645,-16.000,0.011,17.567,-12.030
3.277,-10.774,-20.208,-25.755,-16.000,-0.328,-44.379,-18.458,4.187,-15.721,-16.000,0.014,17.571,-12.026
3.408,-10.762,-20.127,-25.724,-16.000,-0.328,-44.313,-18.454,4.102,-15.726,-16.000,0.014,17.580,-12.026
3.471,-10.763,-19.860,-25.980,-16.000,-0.324,-44.303,-18.422,4.189,-15.744,-16.000,0.010,17.602,-12.050
3.425,-10.760,-19.818,-25.801,-16.000,-0.322,-44.264,-18.448,4.101,-15.687,-16.000,0.010,17.575,-12.027
3.499,-10.791,-19.851,-25.980,-16.000,-0.324,-44.459,-18.429,4.566,-15.662,-16.000,0.001,17.589,-12.022
3.510,-10.814,-19.833,-26.005,-16.000,-0.325,-44.337,-18.400,4.391,-15.448,-16.000,0.008,17.567,-12.001
3.349,-10.773,-19.973,-26.095,-16.000,-0.325,-44.302,-18.395,4.064,-15.634,-16.000,0.007,17.603,-12.066
3.454,-10.744,-19.870,-26.030,-16.000,-0.319,-44.355,-18.430,4.256,-15.755,-16.000,0.004,17.610,-12.061
3.450,-10.730,-20.030,-25.909,-16.000,-0.321,-44.366,-18.419,4.013,-15.923,-16.000,0.010,17.606,-12.062
3.352,-10.754,-19.731,-25.671,-16.000,-0.315,-44.303,-18.444,4.278,-15.656,-16.000,-0.002,17.575,-12.007
3.630,-10.762,-19.903,-26.018,-16.000,-0.334,-44.441,-18.379,4.452,-15.904,-16.000,0.009,17.634,-12.076
3.280,-10.796,-20.269,-25.745,-16.000,-0.323,-44.526,-18.439,4.668,-15.837,-16.000,0.014,17.545,-11.984
3.611,-10.808,-19.726,-25.814,-16.000,-0.318,-44.142,-18.401,4.392,-15.360,-16.000,0.006,17.559,-11.996
3.290,-10.787,-20.129,-26.024,-16.000,-0.326,-44.450,-18.445,4.665,-15.774,-16.000,0.013,17.521,-11.993
3.604,-10.745,-20.220,-25.995,-16.000,-0.324,-44.205,-18.397,4.463,-15.456,-16.000,0.006,17.537,-12.000
3.366,-10.812,-19.926,-26.237,-16.000,-0.317,-44.271,-18.396,4.582,-15.534,-16.000,-0.000,17.545,-11.999
3.511,-10.796,-19.919,-26.122,-16.000,-0.319,-44.272,-18.403,4.500,-15.608,-16.000,0.007,17.562,-12.011
3.372,-10.795,-20.087,-26.097,-16.000,-0.319,-44.304,-18.429,4.473,-15.668,-16.000,0.007,17.547,-12.000
3.443,-10.773,-20.347,-26.076,-16.000,-0.326,-44.325,-18.421,4.206,-15.892,-16.000,0.008,17.571,-12.041
3.522,-10.750,-19.897,-25.686,-16.000,-0.321,-44.259,-18.444,4.350,-15.751,-16.000,0.006,17.581,-12.033
3.450,-10.749,-20.301,-25.785,-16.000,-0.325,-44.311,-18.430,4.393,-15.833,-16.000,0.000,17.573,-12.023
3.521,-10.759,-19.927,-25.708,-16.000,-0.323,-44.348,-18.421,4.317,-15.620,-16.000,0.014,17.579,-12.036
3.381,-10.775,-19.966,-25.767,-16.000,-0.323,-44.413,-18.434,4.387,-15.624,-16.000,0.014,17.576,-12.036
3.486,-10.816,-19.710,-25.831,-16.000,-0.314,-44.183,-18.450,4.317,-15.567,-16.000,-0.008,17.534,-11.971
3.372,-10.745,-19.887,-25.679,-16.000,-0.308,-44.120,-18.396,4.007,-15.629,-16.000,-0.007,17.569,-12.048
3.384,-10.758,-19.788,-25.677,-16.000,-0.300,-44.297,-18.456,4.330,-15.776,-16.000,-0.020,17.607,-12.053
3.389,-10.770,-20.044,-26.067,-16.000,-0.321,-44.168,-18.459,4.058,-15.686,-16.000,0.008,17.543,-11.982
3.505,-10.794,-19.588,-25.891,-16.000,-0.326,-44.108,-18.409,4.312,-15.408,-16.000,0.007,17.549,-11.991
3.428,-10.802,-19.707,-25.942,-16.000,-0.326,-44.167,-18.400,4.315,-15.450,-16.000,0.007,17.552,-12.002
3.383,-10.759,-19.905,-25.840,-16.000,-0.307,-44.250,-18.403,4.214,-15.690,-16.000,0.001,17.604,-12.073
3.504,-10.778,-19.725,-25.767,-16.000,-0.318,-44.356,-18.406,4.585,-15.590,-16.000,0.017,17.584,-12.021
3.523,-10.821,-19.863,-26.295,-16.000,-0.326,-44.228,-18.403,4.015,-15.599,-16.000,0.014,17.587,-12.035
3.433,-10.810,-19.945,-26.097,-16.000,-0.319,-44.422,-18.413,4.649,-15.787,-16.000,0.003,17.593,-12.044
3.494,-10.793,-20.136,-25.885,-16.000,-0.325,-44.428,-18.385,4.533,-15.771,-16.000,0.006,17.606,-12.050
3.547,-10.787,-20.109,-25.793,-16.000,-0.319,-44.442,-18.389,4.570,-16.045,-16.000,0.006,17.582,-12.030
3.570,-10.769,-20.026,-26.003,-16.000,-0.321,-44.328,-18.358,4.255,-15.777,-16.000,0.003,17.575,-12.040
3.433,-10.828,-20.027,-26.098,-16.000,-0.331,-44.507,-18.397,4.707,-15.813,-16.000,0.010,17.574,-12.033
3.527,-10.793,-19.998,-26.020,-16.000,-0.322,-44.362,-18.375,4.422,-15.835,-16.000,0.008,17.619,-12.082
3.479,-10.842,-19.963,-25.819,-16.000,-0.323,-44.500,-18.364,4.581,-15.500,-16.000,0.004,17.553,-11.995
3.513,-10.754,-20.208,-26.191,-16.000,-0.321,-44.316,-18.328,4.305,-15.788,-16.000,0.008,17.629,-12.098
3.517,-10.788,-19.925,-26.229,-16.000,-0.319,-44.471,-18.374,4.440,-15.861,-16.000,0.011,17.615,-12.065
3.386,-10.771,-19.956,-25.762,-16.000,-0.320,-44.541,-18.409,5.010,-15.936,-16.000,0.008,17.584,-12.030
3.538,-10.794,-20.029,-26.011,-16.000,-0.323,-44.342,-18.363,4.629,-15.584,-16.000,-0.000,17.558,-12.010
3.455,-10.770,-20.181,-26.140,-16.000,-0.319,-44.401,-18.331,4.375,-15.946,-16.000,0.005,17.600,-12.071
3.577,-10.791,-19.695,-25.790,-16.000,-0.319,-44.314,-18.320,4.394,-15.651,-16.000,-0.003,17.600,-12.047
3.415,-10.797,-19.989,-26.032,-16.000,-0.313,-44.190,-18.382,4.209,-15.482,-16.000,0.006,17.559,-12.016
3.436,-10.821,-19.833,-26.012,-16.000,-0.328,-44.484,-18.372,4.548,-15.745,-16.000,0.016,17.602,-12.071
3.442,-10.790,-20.001,-25.970,-16.000,-0.324,-44.448,-18.379,4.490,-15.849,-16.000,0.003,17.594,-12.041
3.537,-10.770,-20.011,-25.859,-16.000,-0.324,-44.359,-18.368,4.379,-15.802,-16.000,0.003,17.585,-12.033
3.400,-10.750,-20.300,-25.918,-16.000,-0.328,-44.363,-18.400,4.235,-15.747,-16.000,0.009,17.573,-12.033
3.451,-10.794,-19.972,-26.129,-16.000,-0.324,-44.358,-18.447,4.410,-15.705,-16.000,0.011,17.533,-11.985
3.423,-10.761,-20.222,-26.064,-16.000,-0.319,-44.181,-18.416,4.055,-15.686,-16.000,0.009,17.562,-12.032
3.432,-10.783,-19.778,-25.784,-16.000,-0.326,-44.196,-18.445,4.111,-15.874,-16.000,0.001,17.576,-12.033
3.397,-10.786,-20.002,-25.965,-16.000,-0.321,-44.214,-18.487,4.146,-15.513,-16.000,0.003,17.540,-11.977
3.372,-10.756,-19.979,-25.888,-16.000,-0.316,-44.194,-18.445,4.232,-15.662,-16.000,0.005,17.555,-12.011
3.512,-10.812,-19.713,-26.087,-16.000,-0.308,-44.112,-18.409,4.091,-15.557,-16.000,-0.003,17.564,-12.015
3.449,-10.770,-19.933,-26.035,-16.000,-0.325,-44.237,-18.438,4.117,-15.436,-16.000,0.020,17.561,-12.021
3.515,-10.770,-19.852,-26.059,-16.000,-0.325,-44.211,-18.436,4.139,-15.440,-16.000,0.020,17.568,-12.021
3.380,-10.794,-19.969,-26.049,-16.000,-0.316,-44.210,-18.459,4.335,-15.704,-16.000,0.004,17.567,-12.019
3.451,-10.790,-19.909,-25.873,-16.000,-0.317,-44.329,-18.437,4.530,-15.740,-16.000,0.010,17.576,-12.041
3.542,-10.803,-19.889,-25.903,-16.000,-0.321,-44.331,-18.419,4.572,-15.676,-16.000,0.001,17.573,-12.013
3.439,-10.799,-20.025,-25.956,-16.000,-0.323,-44.320,-18.444,4.320,-15.730,-16.000,0.001,17.549,-12.002
3.421,-10.812,-19.945,-25.980,-16.000,-0.318,-44.213,-18.425,4.292,-15.586,-16.000,-0.000,17.553,-11.999
3.464,-10.778,-19.901,-26.074,-16.000,-0.323,-44.308,-18.428,4.577,-15.530,-16.000,0.002,17.567,-12.019
3.470,-10.782,-19.954,-26.039,-16.000,-0.316,-44.356,-18.399,4.510,-15.693,-16.000,0.001,17.595,-12.062
3.418,-10.775,-19.845,-25.936,-16.000,-0.314,-44.348,-18.408,4.521,-15.627,-16.000,-0.003,17.564,-12.016
3.522,-10.772,-19.910,-25.894,-16.000,-0.329,-44.281,-18.375,4.273,-15.699,-16.000,0.015,17.588,-12.055
3.462,-10.816,-19.795,-26.014,-16.000,-0.324,-44.295,-18.425,4.363,-15.613,-16.000,0.002,17.557,-11.996
3.458,-10.814,-19.940,-25.973,-16.000,-0.321,-44.457,-18.398,4.344,-15.749,-16.000,0.007,17.614,-12.074
